"","Gene.symbol","ID.PS","adj.P.Val.PS","P.Value.PS","t.PS","B.PS","logFC.PS","Gene.title.PS","ID.AD","adj.P.Val.AD","P.Value.AD","t.AD","B.AD","logFC.AD","Gene.title.AD"
"1","AACS","218434_s_at",5.54e-20,2.71e-21,-10.9,37.5616901,-0.688,"acetoacetyl-CoA synthetase","218434_s_at",0.229,0.00284086,-3.33,-3.20556,-0.672,"acetoacetyl-CoA synthetase"
"2","ABAT","209459_s_at",1.16e-07,2.27e-08,-5.87,8.1756988,-0.88,"4-aminobutyrate aminotransferase","209460_at",0.284,0.00849243,-2.87,-4.25724,-0.676,"4-aminobutyrate aminotransferase"
"3","ABCA11P","220159_at",4.98e-12,5.88e-13,-7.81,18.5501133,-1,"ATP binding cassette subfamily A member 11, pseudogene","220159_at",0.386,0.02199154,-2.45,-5.14985,-0.618,"ATP binding cassette subfamily A member 11, pseudogene"
"4","ABCA8","204719_at",1.59e-09,2.51e-10,-6.73,12.5885796,-0.678,"ATP binding cassette subfamily A member 8","204719_at",0.263,0.00615085,-3.01,-3.94971,-0.885,"ATP binding cassette subfamily A member 8"
"5","ABCA9","242541_at",2.84e-11,3.66e-12,-7.49,16.7474945,-1.26,"ATP binding cassette subfamily A member 9","242541_at",0.486,0.04400347,-2.13,-5.78228,-0.868,"ATP binding cassette subfamily A member 9"
"6","ABCC3","209641_s_at",9.14e-06,2.24e-06,-4.9,3.7164705,-0.63,"ATP binding cassette subfamily C member 3","209641_s_at",0.347,0.01592465,-2.6,-4.84979,-0.611,"ATP binding cassette subfamily C member 3"
"7","ABCF2","209246_at",1.27e-21,5.14e-23,11.5,41.5001614,1.06,"ATP binding cassette subfamily F member 2","207623_at",0.296,0.01004706,-2.8,-4.41662,-0.644,"ATP binding cassette subfamily F member 2"
"8","ABHD5","218739_at",2.14e-09,3.42e-10,6.67,12.2835016,1.07,"abhydrolase domain containing 5","213805_at",0.492,0.04561476,-2.11,-5.81453,-0.73,"abhydrolase domain containing 5"
"9","ABLIM3","205730_s_at",1.81e-15,1.46e-16,-9.19,26.7584507,-1.31,"actin binding LIM protein family member 3","205730_s_at",0.288,0.00893597,-2.85,-4.30557,-1.14,"actin binding LIM protein family member 3"
"10","ACAA2","241114_s_at",5.98e-10,9e-11,-6.92,13.5950045,-1.15,"acetyl-CoA acyltransferase 2","202003_s_at",0.204,0.00171347,-3.54,-2.7136,-1.31,"acetyl-CoA acyltransferase 2"
"11","ACACB","49452_at",6.17e-21,2.7e-22,-11.3,39.8533166,-1.17,"acetyl-CoA carboxylase beta","221928_at",0.213,0.00220449,-3.44,-2.95921,-1.27,"acetyl-CoA carboxylase beta"
"12","ACADL","206069_s_at",6.72e-13,7.19e-14,-8.17,20.6245446,-1.42,"acyl-CoA dehydrogenase, long chain","206069_s_at",0.395,0.02344462,-2.42,-5.20893,-0.626,"acyl-CoA dehydrogenase, long chain"
"13","ACAP1","205213_at",2.65e-10,3.83e-11,7.07,14.4337994,0.788,"ArfGAP with coiled-coil, ankyrin repeat and PH domains 1","205213_at",0.213,0.00215534,3.45,-2.93727,1.12,"ArfGAP with coiled-coil, ankyrin repeat and PH domains 1"
"14","ACAT1","205412_at",5.67e-29,9.98e-31,-14.2,59.1600076,-0.948,"acetyl-CoA acetyltransferase 1","205412_at",0.115,2.919e-05,-5.17,1.33598,-0.598,"acetyl-CoA acetyltransferase 1"
"15","ACER3","222689_at",5.34e-17,3.63e-18,9.78,30.4167449,1.21,"alkaline ceramidase 3","222689_at",0.293,0.00947538,2.83,-4.36115,0.75,"alkaline ceramidase 3"
"16","ACO1","207071_s_at",9.62e-10,1.48e-10,-6.83,13.105413,-0.88,"aconitase 1","207071_s_at",0.135,0.00017108,-4.46,-0.43703,-1.19,"aconitase 1"
"17","ACOT1","202982_s_at",1.53e-21,6.27e-23,-11.5,41.3028761,-2.75,"acyl-CoA thioesterase 1///acyl-CoA thioesterase 2","202982_s_at",0.135,0.00022717,-4.35,-0.71963,-1.89,"acyl-CoA thioesterase 1///acyl-CoA thioesterase 2"
"18","ACOT4","229534_at",1.15e-05,2.86e-06,-4.84,3.4815652,-0.859,"acyl-CoA thioesterase 4","229534_at",0.263,0.00612357,-3.01,-3.94546,-0.868,"acyl-CoA thioesterase 4"
"19","ACOT7","208002_s_at",1.88e-26,4.51e-28,13.3,53.0787742,1.23,"acyl-CoA thioesterase 7","208002_s_at",0.371,0.01960454,2.51,-5.04341,0.59,"acyl-CoA thioesterase 7"
"20","ACOX2","205364_at",4.25e-12,4.97e-13,-7.84,18.7156697,-1.97,"acyl-CoA oxidase 2","205364_at",0.261,0.00602422,-3.02,-3.92981,-1.62,"acyl-CoA oxidase 2"
"21","ACSBG1","206465_at",3e-10,4.36e-11,-7.05,14.3065584,-1.84,"acyl-CoA synthetase bubblegum family member 1","206466_at",0.272,0.00731961,-2.94,-4.11582,-1.45,"acyl-CoA synthetase bubblegum family member 1"
"22","ACSL3","201661_s_at",2.24e-17,1.46e-18,-9.92,31.3174566,-0.824,"acyl-CoA synthetase long-chain family member 3","201660_at",0.303,0.01061037,-2.78,-4.4682,-0.636,"acyl-CoA synthetase long-chain family member 3"
"23","ACSM3","210377_at",1.15e-05,2.87e-06,-4.84,3.4774026,-1.22,"acyl-CoA synthetase medium-chain family member 3","210377_at",0.317,0.01222568,-2.72,-4.60185,-2.31,"acyl-CoA synthetase medium-chain family member 3"
"24","ACSS3","229222_at",5.79e-25,1.63e-26,-12.8,49.5099911,-1.8,"acyl-CoA synthetase short-chain family member 3","229222_at",0.242,0.00380079,-3.21,-3.48714,-1.43,"acyl-CoA synthetase short-chain family member 3"
"25","ACTG1P4","208498_s_at",6e-09,1.01e-09,-6.47,11.2250611,-0.788,"actin gamma 1 pseudogene 4///amylase, alpha 2B (pancreatic)///amylase, alpha 2A (pancreatic)///amylase, alpha 1C (salivary)///amylase, alpha 1B (salivary)///amylase, alpha 1A (salivary)","208498_s_at",0.454,0.03640776,-2.22,-5.61142,-0.853,"actin gamma 1 pseudogene 4///amylase, alpha 2B (pancreatic)///amylase, alpha 2A (pancreatic)///amylase, alpha 1C (salivary)///amylase, alpha 1B (salivary)///amylase, alpha 1A (salivary)"
"26","ACVR1C","1563182_at",3.01e-06,6.96e-07,-5.16,4.8463795,-0.723,"activin A receptor type 1C","1552519_at",0.356,0.01716133,-2.57,-4.91959,-1.72,"activin A receptor type 1C"
"27","ADAM10","202604_x_at",8.3e-32,1.03e-33,15.3,66.0064065,2.13,"ADAM metallopeptidase domain 10","202604_x_at",0.465,0.0389487,2.19,-5.67243,0.726,"ADAM metallopeptidase domain 10"
"28","ADAM19","209765_at",7.82e-12,9.41e-13,7.73,18.0858942,1.06,"ADAM metallopeptidase domain 19","209765_at",0.115,2.363e-05,5.25,1.54868,1.53,"ADAM metallopeptidase domain 19"
"29","ADAM8","205180_s_at",4.77e-14,4.48e-15,8.63,23.3684551,1.62,"ADAM metallopeptidase domain 8","205180_s_at",0.115,3.696e-05,5.08,1.09834,1.36,"ADAM metallopeptidase domain 8"
"30","ADAMTS12","226997_at",0.00672,0.00249,3.07,-2.9380926,0.75,"ADAM metallopeptidase with thrombospondin type 1 motif 12","226997_at",0.499,0.04758858,2.09,-5.85243,0.628,"ADAM metallopeptidase with thrombospondin type 1 motif 12"
"31","ADAMTS9-AS2","1556364_at",3.43e-16,2.56e-17,-9.47,28.4807278,-1.93,"ADAMTS9 antisense RNA 2","1559296_at",0.266,0.00661528,-2.98,-4.01929,-0.591,"ADAMTS9 antisense RNA 2"
"32","ADAMTSL3","213974_at",4.25e-13,4.46e-14,-8.25,21.0966349,-1.11,"ADAMTS like 3","213974_at",0.266,0.00672072,-2.97,-4.03439,-0.831,"ADAMTS like 3"
"33","ADAP2","219358_s_at",1.64e-40,7.61e-43,18.7,86.9223794,3.41,"ArfGAP with dual PH domains 2","222876_s_at",0.292,0.00921241,2.84,-4.33447,1.26,"ArfGAP with dual PH domains 2"
"34","ADAT3","230634_x_at",1.13e-13,1.11e-14,8.48,22.4694278,1.83,"adenosine deaminase, tRNA specific 3///secretory carrier membrane protein 4","230634_x_at",0.336,0.01463402,2.64,-4.77071,0.669,"adenosine deaminase, tRNA specific 3///secretory carrier membrane protein 4"
"35","ADGRL3","236264_at",1.03e-17,6.42e-19,-10.1,32.1353987,-1.72,"adhesion G protein-coupled receptor L3","242186_x_at",0.235,0.00307763,-3.3,-3.28312,-1.08,"adhesion G protein-coupled receptor L3"
"36","ADH1B","209614_at",2.87e-08,5.23e-09,-6.16,9.6106608,-0.788,"alcohol dehydrogenase 1B (class I), beta polypeptide","209613_s_at",0.416,0.02783288,-2.35,-5.36669,-1.48,"alcohol dehydrogenase 1B (class I), beta polypeptide"
"37","ADHFE1","227113_at",3.9e-09,6.41e-10,-6.56,11.6673666,-1.38,"alcohol dehydrogenase, iron containing 1","227113_at",0.404,0.02527139,-2.39,-5.27805,-0.76,"alcohol dehydrogenase, iron containing 1"
"38","ADIRF","203571_s_at",1.01e-21,4.03e-23,-11.6,41.7418654,-0.983,"adipogenesis regulatory factor","203571_s_at",0.313,0.01173442,-2.73,-4.56322,-0.864,"adipogenesis regulatory factor"
"39","ADRB1","229309_at",2.07e-21,8.64e-23,-11.4,40.984604,-2.05,"adrenoceptor beta 1","229309_at",0.139,0.00028661,-4.26,-0.95082,-2.32,"adrenoceptor beta 1"
"40","ADSSL1","226325_at",9.89e-08,1.91e-08,-5.9,8.3442829,-0.829,"adenylosuccinate synthase like 1","226325_at",0.265,0.00657074,-2.98,-4.01284,-0.749,"adenylosuccinate synthase like 1"
"41","AFAP1L2","226829_at",8.03e-41,3.55e-43,18.8,87.6798333,1.23,"actin filament associated protein 1 like 2","226829_at",0.226,0.00260085,3.37,-3.11992,0.821,"actin filament associated protein 1 like 2"
"42","AFF3","227198_at",7.17e-14,6.9e-15,-8.56,22.9405858,-1.68,"AF4/FMR2 family member 3","227198_at",0.331,0.01397573,-2.66,-4.72757,-1.15,"AF4/FMR2 family member 3"
"43","AGFG2","222126_at",2.7e-18,1.58e-19,-10.3,33.5234829,-1.34,"ArfGAP with FG repeats 2","222362_at",0.377,0.02037859,-2.49,-5.07933,-0.836,"ArfGAP with FG repeats 2"
"44","AGPAT1","215535_s_at",2.63e-14,2.4e-15,-8.73,23.9842439,-1.13,"1-acylglycerol-3-phosphate O-acyltransferase 1","32836_at",0.296,0.0099613,-2.8,-4.40851,-0.695,"1-acylglycerol-3-phosphate O-acyltransferase 1"
"45","AGPAT3","223182_s_at",3.36e-06,7.81e-07,-5.13,4.7355858,-0.587,"1-acylglycerol-3-phosphate O-acyltransferase 3","225440_at",0.356,0.01714167,-2.57,-4.91852,-0.748,"1-acylglycerol-3-phosphate O-acyltransferase 3"
"46","AIF1","209901_x_at",0.000294,8.82e-05,4.02,0.1945984,0.677,"allograft inflammatory factor 1","209901_x_at",0.457,0.03703209,2.21,-5.62682,1.01,"allograft inflammatory factor 1"
"47","AIFM2","228445_at",3.83e-12,4.45e-13,-7.86,18.8235532,-1.27,"apoptosis inducing factor, mitochondria associated 2","228445_at",0.25,0.00454487,-3.14,-3.65942,-0.866,"apoptosis inducing factor, mitochondria associated 2"
"48","AKAP12","227530_at",1.35e-10,1.89e-11,-7.2,15.1306188,-1.07,"A-kinase anchoring protein 12","210517_s_at",0.421,0.02829902,-2.34,-5.38191,-0.703,"A-kinase anchoring protein 12"
"49","AKR1B10","206561_s_at",2.53e-50,3.33e-53,22.7,110.6252226,6.77,"aldo-keto reductase family 1 member B10","206561_s_at",0.31,0.01145253,2.74,-4.5403,2.98,"aldo-keto reductase family 1 member B10"
"50","AKR1C1","217626_at",9.44e-09,1.62e-09,-6.38,10.7572879,-1.4,"aldo-keto reductase family 1 member C1","204151_x_at",0.435,0.03116227,-2.29,-5.47,-0.607,"aldo-keto reductase family 1 member C1"
"51","AKR1C3","209160_at",2.01e-09,3.2e-10,-6.69,12.3475583,-0.696,"aldo-keto reductase family 1, member C3","209160_at",0.26,0.00586159,-3.03,-3.90361,-1.09,"aldo-keto reductase family 1, member C3"
"52","ALCAM","201952_at",1.17e-21,4.71e-23,-11.5,41.5869386,-0.757,"activated leukocyte cell adhesion molecule","201952_at",0.268,0.00691676,-2.96,-4.06184,-0.758,"activated leukocyte cell adhesion molecule"
"53","ALDH1A1","212224_at",3.13e-09,5.09e-10,-6.6,11.8926831,-0.849,"aldehyde dehydrogenase 1 family member A1","212224_at",0.213,0.00222474,-3.43,-2.96811,-1.22,"aldehyde dehydrogenase 1 family member A1"
"54","ALDH4A1","203722_at",6.71e-20,3.31e-21,10.9,37.3626688,1.01,"aldehyde dehydrogenase 4 family member A1","203722_at",0.293,0.00955036,2.82,-4.36862,0.759,"aldehyde dehydrogenase 4 family member A1"
"55","ALDH5A1","203608_at",6.4e-17,4.4e-18,9.75,30.2259544,0.825,"aldehyde dehydrogenase 5 family member A1","203608_at",0.229,0.00266647,-3.36,-3.14411,-0.981,"aldehyde dehydrogenase 5 family member A1"
"56","ALDH6A1","221588_x_at",0.000496,0.000154,-3.87,-0.3312922,-0.621,"aldehyde dehydrogenase 6 family member A1","221588_x_at",0.161,0.0005962,-3.97,-1.67656,-0.765,"aldehyde dehydrogenase 6 family member A1"
"57","ALDOC","202022_at",6.32e-12,7.53e-13,-7.77,18.3053228,-0.86,"aldolase, fructose-bisphosphate C","202022_at",0.195,0.00123463,-3.67,-2.39295,-1.04,"aldolase, fructose-bisphosphate C"
"58","ALOX15B","206714_at",0.0232,0.00954,-2.62,-4.158548,-0.614,"arachidonate 15-lipoxygenase, type B","206714_at",0.406,0.025818,-2.38,-5.29773,-1.75,"arachidonate 15-lipoxygenase, type B"
"59","ALOX5AP","204174_at",2.95e-06,6.82e-07,5.16,4.8674225,0.938,"arachidonate 5-lipoxygenase activating protein","204174_at",0.444,0.03356635,2.26,-5.53768,1.34,"arachidonate 5-lipoxygenase activating protein"
"60","AMMECR1","236760_at",2.97e-21,1.26e-22,11.4,40.6132204,1.75,"Alport syndrome, mental retardation, midface hypoplasia and elliptocytosis chromosomal region gene 1","226421_at",0.457,0.03724877,2.21,-5.6321,0.954,"Alport syndrome, mental retardation, midface hypoplasia and elliptocytosis chromosomal region gene 1"
"61","AMPD3","207992_s_at",3.58e-35,3.11e-37,16.6,74.0687209,1.52,"adenosine monophosphate deaminase 3","207992_s_at",0.28,0.00801404,2.9,-4.20212,0.645,"adenosine monophosphate deaminase 3"
"62","ANG","205141_at",2.48e-25,6.62e-27,-12.9,50.4057976,-2.02,"angiogenin","205141_at",0.221,0.00249283,-3.39,-3.07873,-0.701,"angiogenin"
"63","ANGPT1","205609_at",1.3e-07,2.55e-08,-5.85,8.0623883,-0.905,"angiopoietin 1","205609_at",0.357,0.01731838,-2.56,-4.92808,-0.915,"angiopoietin 1"
"64","ANKDD1A","229497_at",1.69e-09,2.67e-10,-6.72,12.5249858,-1.2,"ankyrin repeat and death domain containing 1A","229497_at",0.159,0.00054034,-4.01,-1.57935,-0.999,"ankyrin repeat and death domain containing 1A"
"65","ANKRD6","204671_s_at",1.58e-05,3.99e-06,-4.77,3.1590724,-0.915,"ankyrin repeat domain 6","204672_s_at",0.422,0.02887007,-2.33,-5.4002,-0.646,"ankyrin repeat domain 6"
"66","ANLN","1552619_a_at",8.14e-16,6.33e-17,9.32,27.5838447,1.36,"anillin actin binding protein","222608_s_at",0.482,0.04300771,2.14,-5.76173,0.756,"anillin actin binding protein"
"67","ANP32E","208103_s_at",2.04e-17,1.32e-18,9.94,31.4191054,1.21,"acidic nuclear phosphoprotein 32 family member E","208103_s_at",0.247,0.00430432,3.16,-3.60708,0.838,"acidic nuclear phosphoprotein 32 family member E"
"68","AOC3","204894_s_at",7.88e-14,7.63e-15,-8.54,22.8405522,-1.22,"amine oxidase, copper containing 3","204894_s_at",0.322,0.0128922,-2.69,-4.65179,-0.945,"amine oxidase, copper containing 3"
"69","APBA1","228101_at",4.41e-14,4.13e-15,-8.64,23.4478073,-1.29,"amyloid beta precursor protein binding family A member 1","228101_at",0.483,0.04338224,-2.14,-5.76952,-0.84,"amyloid beta precursor protein binding family A member 1"
"70","APELA","1559280_a_at",6.32e-14,6.03e-15,8.58,23.0736433,2.51,"apelin receptor early endogenous ligand","1559280_a_at",0.233,0.00298868,3.31,-3.25472,2.29,"apelin receptor early endogenous ligand"
"71","APEX2","204408_at",4.49e-39,2.53e-41,18.1,83.4369483,2.11,"apurinic/apyrimidinic endodeoxyribonuclease 2","204408_at",0.282,0.00831414,2.88,-4.23708,0.629,"apurinic/apyrimidinic endodeoxyribonuclease 2"
"72","APMAP","228309_at",1.74e-14,1.55e-15,-8.8,24.4167271,-0.778,"adipocyte plasma membrane associated protein","206656_s_at",0.245,0.004052,-3.19,-3.54888,-1.09,"adipocyte plasma membrane associated protein"
"73","APOBEC3A_B","210873_x_at",1.21e-15,9.62e-17,9.25,27.1690234,2.61,"APOBEC3A and APOBEC3B deletion hybrid///apolipoprotein B mRNA editing enzyme catalytic subunit 3A","210873_x_at",0.36,0.01780749,2.55,-4.95402,2.07,"APOBEC3A and APOBEC3B deletion hybrid///apolipoprotein B mRNA editing enzyme catalytic subunit 3A"
"74","APOBEC3B","206632_s_at",1.1e-23,3.55e-25,12.3,46.4465341,2.42,"apolipoprotein B mRNA editing enzyme catalytic subunit 3B","206632_s_at",0.385,0.02184999,2.46,-5.14388,1.45,"apolipoprotein B mRNA editing enzyme catalytic subunit 3B"
"75","APOC1","213553_x_at",1.07e-13,1.05e-14,-8.49,22.5276256,-1.86,"apolipoprotein C1","213553_x_at",0.213,0.00224271,-3.43,-2.97594,-1.6,"apolipoprotein C1"
"76","APOD","201525_at",6.99e-21,3.09e-22,-11.2,39.7184492,-0.881,"apolipoprotein D","201525_at",0.213,0.00218688,-3.44,-2.95141,-1.06,"apolipoprotein D"
"77","APOE","212884_x_at",3.24e-16,2.41e-17,-9.48,28.5397996,-0.674,"apolipoprotein E","212884_x_at",0.255,0.00487523,-3.11,-3.72688,-0.647,"apolipoprotein E"
"78","APOL6","219716_at",3.02e-49,4.63e-52,22.3,108.0123168,4.39,"apolipoprotein L6","241869_at",0.414,0.02726098,2.36,-5.34766,1.51,"apolipoprotein L6"
"79","AQP3","39249_at",3.91e-05,1.04e-05,4.55,2.2383224,0.704,"aquaporin 3 (Gill blood group)","39249_at",0.444,0.03360528,2.26,-5.53873,1.25,"aquaporin 3 (Gill blood group)"
"80","AR","211621_at",3.66e-14,3.4e-15,-8.67,23.6402874,-0.629,"androgen receptor","211621_at",0.366,0.01861555,-2.53,-4.99532,-0.614,"androgen receptor"
"81","ARF3","211622_s_at",3.82e-28,7.42e-30,13.9,57.1635838,2.27,"ADP ribosylation factor 3","211622_s_at",0.488,0.04463179,2.12,-5.795,0.82,"ADP ribosylation factor 3"
"82","ARFGEF3","228051_at",3.83e-27,8.46e-29,-13.6,54.7422543,-2.5,"ARFGEF family member 3","231856_at",0.297,0.01015636,-2.8,-4.42685,-1.11,"ARFGEF family member 3"
"83","ARHGAP20","228368_at",7.78e-22,3.07e-23,-11.6,42.0124904,-2.4,"Rho GTPase activating protein 20","228368_at",0.26,0.00582446,-3.03,-3.89753,-1.49,"Rho GTPase activating protein 20"
"84","ARHGAP45","212873_at",9.49e-08,1.83e-08,5.91,8.3871278,0.694,"Rho GTPase activating protein 45","212873_at",0.188,0.00102659,3.75,-2.21187,0.858,"Rho GTPase activating protein 45"
"85","ARHGAP9","224451_x_at",1.4e-12,1.55e-13,8.03,19.8646722,1.19,"Rho GTPase activating protein 9","224451_x_at",0.229,0.00278964,3.34,-3.18791,1.24,"Rho GTPase activating protein 9"
"86","ARHGEF40","58780_s_at",6.74e-08,1.28e-08,-5.98,8.7362658,-0.771,"Rho guanine nucleotide exchange factor 40","58780_s_at",0.32,0.01260728,-2.7,-4.63078,-0.587,"Rho guanine nucleotide exchange factor 40"
"87","ARMCX4","1552327_at",0.000973,0.000315,-3.68,-1.0084959,-0.72,"armadillo repeat containing, X-linked 4","1552327_at",0.416,0.02769991,-2.35,-5.3623,-0.667,"armadillo repeat containing, X-linked 4"
"88","ARMCX5-GPRASP2","228027_at",9.99e-20,5.03e-21,-10.8,36.9484891,-0.668,"ARMCX5-GPRASP2 readthrough///G protein-coupled receptor associated sorting protein 2","228027_at",0.206,0.00179384,-3.52,-2.75834,-0.672,"ARMCX5-GPRASP2 readthrough///G protein-coupled receptor associated sorting protein 2"
"89","ARNTL2","224204_x_at",2.9e-55,1.8e-58,24.9,122.6582782,5.43,"aryl hydrocarbon receptor nuclear translocator like 2","220658_s_at",0.257,0.00537417,3.07,-3.82042,2.37,"aryl hydrocarbon receptor nuclear translocator like 2"
"90","ASF1B","218115_at",1.12e-30,1.57e-32,14.9,63.2901966,2.28,"anti-silencing function 1B histone chaperone","218115_at",0.25,0.00461616,3.13,-3.67439,0.853,"anti-silencing function 1B histone chaperone"
"91","ASPH","225008_at",6.11e-12,7.26e-13,-7.77,18.3408949,-0.729,"aspartate beta-hydroxylase","209135_at",0.139,0.00026274,-4.29,-0.86438,-0.673,"aspartate beta-hydroxylase"
"92","ASPM","219918_s_at",2.09e-29,3.45e-31,14.4,60.217376,2.63,"abnormal spindle microtubule assembly","219918_s_at",0.154,0.00046434,4.07,-1.4294,1.25,"abnormal spindle microtubule assembly"
"93","ATM","210858_x_at",3.59e-10,5.27e-11,-7.02,14.1216103,-0.697,"ATM serine/threonine kinase","208442_s_at",0.457,0.03716892,2.21,-5.63015,0.848,"ATM serine/threonine kinase"
"94","ATP1A2","203296_s_at",3.41e-24,1.04e-25,-12.5,47.6628791,-2.44,"ATPase Na+/K+ transporting subunit alpha 2","203295_s_at",0.371,0.01961341,-2.51,-5.04383,-1.14,"ATPase Na+/K+ transporting subunit alpha 2"
"95","ATP1B1","201242_s_at",2.29e-08,4.12e-09,6.2,9.8451495,0.638,"ATPase Na+/K+ transporting subunit beta 1","201243_s_at",0.499,0.04776966,-2.09,-5.85582,-0.719,"ATPase Na+/K+ transporting subunit beta 1"
"96","ATP8A1","213106_at",5.55e-13,5.9e-14,-8.2,20.8199273,-1.12,"ATPase phospholipid transporting 8A1","213106_at",0.306,0.01083201,-2.77,-4.48773,-0.615,"ATPase phospholipid transporting 8A1"
"97","ATP8B4","220416_at",1.49e-06,3.32e-07,-5.32,5.5649518,-0.676,"ATPase phospholipid transporting 8B4 (putative)","220416_at",0.366,0.01852588,-2.53,-4.99083,-0.803,"ATPase phospholipid transporting 8B4 (putative)"
"98","AURKA","204092_s_at",8e-29,1.43e-30,14.2,58.8038835,3.02,"aurora kinase A","208079_s_at",0.348,0.01624959,2.59,-4.86865,1.07,"aurora kinase A"
"99","AURKB","209464_at",2.86e-21,1.21e-22,11.4,40.6500918,1.47,"aurora kinase B","209464_at",0.264,0.00640979,2.99,-3.98914,0.88,"aurora kinase B"
"100","AVIL","205539_at",5.2e-08,9.75e-09,6.04,9.0015588,0.825,"advillin","205539_at",0.441,0.03283101,2.27,-5.51753,0.597,"advillin"
"101","AVL9","212475_at",2.76e-09,4.47e-10,6.63,12.0211432,0.983,"AVL9 cell migration associated","1563452_at",0.484,0.04349219,2.13,-5.77179,0.932,"AVL9 cell migration associated"
"102","AXDND1","1552870_s_at",0.000469,0.000144,-3.89,-0.2733832,-0.659,"axonemal dynein light chain domain containing 1","1552870_s_at",0.23,0.00290627,-3.32,-3.22762,-1.92,"axonemal dynein light chain domain containing 1"
"103","AZGP1P1","217013_at",1.4e-10,1.96e-11,7.19,15.0936081,0.993,"alpha-2-glycoprotein 1, zinc-binding pseudogene 1","217014_s_at",0.298,0.01028714,-2.79,-4.43896,-0.938,"alpha-2-glycoprotein 1, zinc-binding pseudogene 1///alpha-2-glycoprotein 1, zinc-binding"
"104","BAMBI","203304_at",5.09e-05,1.37e-05,-4.48,1.9716401,-0.961,"BMP and activin membrane bound inhibitor","203304_at",0.437,0.03154521,-2.29,-5.48114,-0.873,"BMP and activin membrane bound inhibitor"
"105","BATF3","220358_at",5.29e-15,4.49e-16,9,25.6443283,1.39,"basic leucine zipper ATF-like transcription factor 3","220358_at",0.363,0.01826636,2.54,-4.9777,1.02,"basic leucine zipper ATF-like transcription factor 3"
"106","BCAR3","204032_at",8.98e-50,1.26e-52,-22.5,109.3041685,-2.89,"breast cancer anti-estrogen resistance 3","204032_at",0.184,0.00094069,-3.78,-2.12599,-0.841,"breast cancer anti-estrogen resistance 3"
"107","BCAT2","203576_at",4.25e-08,7.88e-09,-6.08,9.2102723,-0.961,"branched chain amino acid transaminase 2","203576_at",0.264,0.00647978,-2.99,-3.99952,-0.66,"branched chain amino acid transaminase 2"
"108","BCKDHB","213321_at",2.75e-10,3.97e-11,-7.07,14.3984427,-0.892,"branched chain keto acid dehydrogenase E1 subunit beta","210653_s_at",0.266,0.00659985,-2.98,-4.01706,-1.03,"branched chain keto acid dehydrogenase E1 subunit beta"
"109","BCL2","203685_at",1.14e-28,2.08e-30,-14.1,58.4281364,-1.17,"BCL2, apoptosis regulator","203685_at",0.243,0.00390861,-3.2,-3.51413,-0.641,"BCL2, apoptosis regulator"
"110","BCL2A1","205681_at",1.21e-44,3.5e-47,20.3,96.8519049,3.78,"BCL2 related protein A1","205681_at",0.389,0.02245902,2.44,-5.16929,1.16,"BCL2 related protein A1"
"111","BDKRB2","205870_at",1.3e-16,9.28e-18,9.63,29.4870109,1.19,"bradykinin receptor B2","205870_at",0.258,0.00566086,3.05,-3.87024,0.631,"bradykinin receptor B2"
"112","BEND7","227341_at",1.29e-05,3.22e-06,-4.82,3.3646749,-0.831,"BEN domain containing 7","227341_at",0.347,0.0159642,-2.6,-4.8521,-0.804,"BEN domain containing 7"
"113","BEX4","215440_s_at",1.7e-20,7.84e-22,-11.1,38.7940549,-0.979,"brain expressed X-linked 4","215440_s_at",0.242,0.00372094,-3.22,-3.46665,-0.742,"brain expressed X-linked 4"
"114","BHLHE41","223185_s_at",4.5e-27,1e-28,-13.5,54.5722121,-1.66,"basic helix-loop-helix family member e41","221530_s_at",0.211,0.00193977,-3.49,-2.83462,-1.04,"basic helix-loop-helix family member e41"
"115","BIRC3","210538_s_at",4.72e-14,4.43e-15,8.63,23.3785002,1.72,"baculoviral IAP repeat containing 3","230499_at",0.477,0.04168655,2.16,-5.73367,0.612,"baculoviral IAP repeat containing 3"
"116","BIRC5","202094_at",3.91e-32,4.64e-34,15.4,66.7959995,3.47,"baculoviral IAP repeat containing 5","202094_at",0.298,0.01026826,2.79,-4.43722,1.24,"baculoviral IAP repeat containing 5"
"117","BLM","205733_at",9.35e-38,6.19e-40,17.6,80.2554568,2.92,"Bloom syndrome RecQ like helicase","205733_at",0.307,0.01117243,2.76,-4.51694,0.742,"Bloom syndrome RecQ like helicase"
"118","BORA","219544_at",8.19e-21,3.65e-22,11.2,39.5524448,1.58,"bora, aurora kinase A activator","219544_at",0.343,0.01532212,2.62,-4.81373,0.785,"bora, aurora kinase A activator"
"119","BPNT1","232103_at",2.32e-06,5.28e-07,5.22,5.1139086,0.591,"3'(2'), 5'-bisphosphate nucleotidase 1","1554575_a_at",0.236,0.00331497,3.27,-3.35501,0.726,"3'(2'), 5'-bisphosphate nucleotidase 1"
"120","BPY2","208331_at",4.25e-08,7.89e-09,-6.08,9.2092828,-3.07,"basic charge, Y-linked, 2","208331_at",0.32,0.012627,-2.7,-4.63225,-1.87,"basic charge, Y-linked, 2"
"121","BTBD19","1557049_at",1.4e-23,4.57e-25,12.2,46.1958098,2.54,"BTB domain containing 19","1557049_at",0.242,0.00382631,3.21,-3.4936,0.868,"BTB domain containing 19"
"122","BTC","207326_at",8.42e-24,2.68e-25,-12.3,46.7246696,-3.13,"betacellulin","241412_at",0.135,0.00023853,-4.33,-0.76822,-2.61,"betacellulin"
"123","BTNL9","228434_at",6.43e-17,4.43e-18,-9.75,30.2204887,-1.23,"butyrophilin like 9","230992_at",0.232,0.00296269,-3.32,-3.24625,-1.12,"butyrophilin like 9"
"124","BUB1","209642_at",1.24e-32,1.39e-34,15.6,67.9944837,2.66,"BUB1 mitotic checkpoint serine/threonine kinase","209642_at",0.212,0.00206235,3.47,-2.89433,1.52,"BUB1 mitotic checkpoint serine/threonine kinase"
"125","BUB1B","203755_at",4.15e-30,6.29e-32,14.7,61.9107831,2.49,"BUB1 mitotic checkpoint serine/threonine kinase B","203755_at",0.288,0.00892592,2.85,-4.30451,0.751,"BUB1 mitotic checkpoint serine/threonine kinase B"
"126","C10orf99","227735_s_at",7.18e-35,6.4e-37,16.5,73.348925,5.25,"chromosome 10 open reading frame 99","227735_s_at",0.432,0.03070913,2.3,-5.45663,2.24,"chromosome 10 open reading frame 99"
"127","C12orf56","236840_at",9.42e-52,1e-54,23.4,114.1066198,4,"chromosome 12 open reading frame 56","236840_at",0.368,0.01895347,2.52,-5.01204,0.87,"chromosome 12 open reading frame 56"
"128","C12orf75","225105_at",1.46e-22,5.29e-24,11.9,43.7600168,2.04,"chromosome 12 open reading frame 75","225105_at",0.415,0.02737449,2.35,-5.35147,0.715,"chromosome 12 open reading frame 75"
"129","C17orf96","228066_at",1.76e-38,1.06e-40,17.8,82.0105667,3.59,"chromosome 17 open reading frame 96","228066_at",0.495,0.04656811,2.1,-5.83305,0.65,"chromosome 17 open reading frame 96"
"130","C19orf66","1555491_a_at",7.02e-34,6.9e-36,16.1,70.9841333,2.12,"chromosome 19 open reading frame 66","218429_s_at",0.271,0.00718098,2.95,-4.0976,0.599,"chromosome 19 open reading frame 66"
"131","C1orf115","218546_at",4.51e-23,1.54e-24,-12.1,44.9850626,-1.43,"chromosome 1 open reading frame 115","218546_at",0.204,0.00160806,-3.57,-2.65158,-1.16,"chromosome 1 open reading frame 115"
"132","C1orf43","1555225_at",1.14e-13,1.12e-14,8.48,22.4609789,1.35,"chromosome 1 open reading frame 43","1555225_at",0.211,0.00203837,3.47,-2.88293,0.898,"chromosome 1 open reading frame 43"
"133","C1QC","225353_s_at",0.00315,0.00111,3.32,-2.1886397,0.757,"complement C1q C chain","225353_s_at",0.503,0.04893938,2.08,-5.87743,0.823,"complement C1q C chain"
"134","C1QTNF7","223877_at",8.87e-11,1.21e-11,-7.28,15.5663194,-1.1,"C1q and tumor necrosis factor related protein 7","239349_at",0.377,0.02057095,-2.48,-5.08803,-1.43,"C1q and tumor necrosis factor related protein 7"
"135","C21orf2","203996_s_at",8.1e-11,1.1e-11,-7.3,15.6610136,-1.23,"chromosome 21 open reading frame 2","203996_s_at",0.394,0.02330696,-2.43,-5.2035,-0.824,"chromosome 21 open reading frame 2"
"136","C21orf91","220941_s_at",4.58e-33,4.95e-35,15.8,69.0232021,2.32,"chromosome 21 open reading frame 91","220941_s_at",0.263,0.00620832,3.01,-3.95861,1.3,"chromosome 21 open reading frame 91"
"137","C2CD2","212875_s_at",3.04e-10,4.42e-11,-7.05,14.2942873,-0.589,"C2 calcium dependent domain containing 2","212875_s_at",0.255,0.00519123,-3.08,-3.78719,-0.661,"C2 calcium dependent domain containing 2"
"138","C2orf40","223623_at",1.96e-18,1.14e-19,-10.3,33.8544354,-1.88,"chromosome 2 open reading frame 40","223623_at",0.473,0.04087647,-2.16,-5.716,-1.36,"chromosome 2 open reading frame 40"
"139","C2orf88","228195_at",9.16e-14,8.93e-15,-8.51,22.6854483,-0.938,"chromosome 2 open reading frame 88","228195_at",0.5,0.04796139,-2.09,-5.8594,-0.939,"chromosome 2 open reading frame 88"
"140","C7","202992_at",9.24e-18,5.75e-19,-10.1,32.244271,-2.22,"complement component 7","202992_at",0.507,0.04986361,-2.07,-5.89411,-1.11,"complement component 7"
"141","C9orf152","229964_at",5.45e-19,2.98e-20,-10.5,35.1802564,-2.1,"chromosome 9 open reading frame 152","229964_at",0.423,0.02900524,-2.33,-5.40447,-1.47,"chromosome 9 open reading frame 152"
"142","C9orf16","204480_s_at",8.66e-13,9.37e-14,8.12,20.3620652,1.21,"chromosome 9 open reading frame 16","204480_s_at",0.298,0.01023968,-2.79,-4.43458,-0.649,"chromosome 9 open reading frame 16"
"143","C9orf84","233504_at",7.66e-48,1.42e-50,21.7,104.6152549,5.33,"chromosome 9 open reading frame 84","233504_at",0.427,0.02968132,2.32,-5.42554,1.13,"chromosome 9 open reading frame 84"
"144","CA3","204865_at",2.84e-20,1.35e-21,-11,38.2556405,-1.54,"carbonic anhydrase 3","204865_at",0.257,0.00539113,-3.07,-3.82344,-0.908,"carbonic anhydrase 3"
"145","CACNA2D1","227623_at",9.58e-24,3.07e-25,-12.3,46.5901475,-1.41,"calcium voltage-gated channel auxiliary subunit alpha2delta 1","227623_at",0.283,0.00837884,-2.88,-4.24445,-0.64,"calcium voltage-gated channel auxiliary subunit alpha2delta 1"
"146","CALB2","205428_s_at",2.07e-05,5.29e-06,-4.7,2.8876951,-0.881,"calbindin 2","205428_s_at",0.371,0.01953681,-2.51,-5.04019,-1.31,"calbindin 2"
"147","CAMK2N1","218309_at",1.4e-40,6.38e-43,-18.7,87.0976372,-1.34,"calcium/calmodulin dependent protein kinase II inhibitor 1","218309_at",0.433,0.03096836,-2.3,-5.4643,-0.822,"calcium/calmodulin dependent protein kinase II inhibitor 1"
"148","CARD14","220599_s_at",8.23e-43,2.89e-45,19.6,92.4640701,2.61,"caspase recruitment domain family member 14","220599_s_at",0.255,0.00489115,3.11,-3.73002,0.6,"caspase recruitment domain family member 14"
"149","CARHSP1","218384_at",3.15e-40,1.51e-42,18.5,86.2407973,2.97,"calcium regulated heat stable protein 1","218384_at",0.213,0.00227154,3.43,-2.98836,0.925,"calcium regulated heat stable protein 1"
"150","CASP10","205467_at",1.19e-16,8.48e-18,9.64,29.5763473,0.846,"caspase 10","205467_at",0.201,0.00142652,3.62,-2.53444,0.667,"caspase 10"
"151","CAT","201432_at",1.34e-23,4.36e-25,-12.3,46.2421806,-0.814,"catalase","211922_s_at",0.32,0.01253229,-2.7,-4.62517,-0.709,"catalase"
"152","CBLC","220638_s_at",3.68e-19,1.97e-20,10.6,35.5949624,1.62,"Cbl proto-oncogene C","220638_s_at",0.494,0.04626526,2.1,-5.82721,0.782,"Cbl proto-oncogene C"
"153","CCDC85A","235228_at",1.3e-12,1.43e-13,-8.05,19.9421449,-0.97,"coiled-coil domain containing 85A","235228_at",0.257,0.00535978,-3.07,-3.81785,-0.778,"coiled-coil domain containing 85A"
"154","CCL15-CCL14","205392_s_at",2.37e-19,1.24e-20,-10.7,36.0504767,-1.11,"CCL15-CCL14 readthrough (NMD candidate)///C-C motif chemokine ligand 14","205392_s_at",0.357,0.01731614,-2.56,-4.92796,-1.06,"CCL15-CCL14 readthrough (NMD candidate)///C-C motif chemokine ligand 14"
"155","CCL18","32128_at",2.41e-07,4.89e-08,5.71,7.429098,2.36,"C-C motif chemokine ligand 18","32128_at",0.218,0.00244592,3.4,-3.06027,2.86,"C-C motif chemokine ligand 18"
"156","CCL19","210072_at",0.00204,0.000696,3.46,-1.7533869,0.69,"C-C motif chemokine ligand 19","210072_at",0.338,0.0148703,2.63,-4.78571,1.21,"C-C motif chemokine ligand 19"
"157","CCL2","216598_s_at",1.81e-19,9.38e-21,10.7,36.3288424,1.31,"C-C motif chemokine ligand 2","216598_s_at",0.347,0.01591667,2.6,-4.84932,1.6,"C-C motif chemokine ligand 2"
"158","CCL22","207861_at",3.24e-19,1.72e-20,10.6,35.7276485,2.06,"C-C motif chemokine ligand 22","207861_at",0.438,0.03194721,2.28,-5.49268,1.32,"C-C motif chemokine ligand 22"
"159","CCL28","238750_at",8.48e-14,8.24e-15,-8.53,22.7652535,-1.05,"C-C motif chemokine ligand 28","238750_at",0.422,0.02858587,-2.33,-5.39114,-0.849,"C-C motif chemokine ligand 28"
"160","CCL5","204655_at",1.03e-08,1.79e-09,6.36,10.6621789,1.27,"C-C motif chemokine ligand 5","204655_at",0.347,0.01598283,2.6,-4.85319,1.1,"C-C motif chemokine ligand 5"
"161","CCNA2","203418_at",2.82e-47,5.82e-50,21.4,103.2117697,3.86,"cyclin A2","203418_at",0.402,0.02478431,2.4,-5.26014,0.99,"cyclin A2"
"162","CCNB1","228729_at",1.85e-38,1.12e-40,17.8,81.9580554,3.17,"cyclin B1","214710_s_at",0.264,0.00632632,3,-3.97661,1.3,"cyclin B1"
"163","CCNB2","202705_at",2.89e-36,2.21e-38,17,76.7003221,2.48,"cyclin B2","202705_at",0.255,0.0050033,3.1,-3.75179,1.05,"cyclin B2"
"164","CCNE1","213523_at",1.03e-43,3.4e-46,19.9,94.5930196,2.54,"cyclin E1","213523_at",0.255,0.00511641,3.09,-3.77326,0.798,"cyclin E1"
"165","CCNE2","205034_at",3.32e-18,1.96e-19,10.2,33.310412,1.45,"cyclin E2","205034_at",0.245,0.00407846,3.18,-3.55515,1.15,"cyclin E2"
"166","CCR5","206991_s_at",1.87e-14,1.68e-15,8.79,24.3375044,0.77,"C-C motif chemokine receptor 5 (gene/pseudogene)","206991_s_at",0.135,0.00018691,4.43,-0.52532,1.09,"C-C motif chemokine receptor 5 (gene/pseudogene)"
"167","CD1B","206749_at",3.83e-06,8.97e-07,5.1,4.601537,1.38,"CD1b molecule","206749_at",0.402,0.02494984,2.4,-5.26627,1.28,"CD1b molecule"
"168","CD2","205831_at",1.34e-19,6.83e-21,10.8,36.6440156,2.23,"CD2 molecule","205831_at",0.222,0.00252007,3.38,-3.08928,1.48,"CD2 molecule"
"169","CD209","207277_at",0.0284,0.0119,2.54,-4.3583503,0.685,"CD209 molecule","207277_at",0.497,0.0469033,2.1,-5.83946,1.14,"CD209 molecule"
"170","CD274","227458_at",3.45e-59,1.39e-62,26.8,132.041535,5.48,"CD274 molecule","227458_at",0.28,0.00806663,2.9,-4.20835,1.5,"CD274 molecule"
"171","CD28","206545_at",1.9e-14,1.7e-15,8.79,24.3234676,1.62,"CD28 molecule","206545_at",0.307,0.01116015,2.76,-4.5159,0.995,"CD28 molecule"
"172","CD300LG","1552509_a_at",2.52e-09,4.06e-10,-6.64,12.1163447,-1.06,"CD300 molecule like family member g","1552509_a_at",0.391,0.02287569,-2.44,-5.18626,-1.4,"CD300 molecule like family member g"
"173","CD34","209543_s_at",1.66e-16,1.2e-17,-9.59,29.2319654,-1.44,"CD34 molecule","209543_s_at",0.479,0.04206678,-2.15,-5.74184,-0.614,"CD34 molecule"
"174","CD36","206488_s_at",2.53e-16,1.86e-17,9.52,28.7981144,1.22,"CD36 molecule","228766_at",0.483,0.04319291,-2.14,-5.76559,-0.966,"CD36 molecule"
"175","CD3D","213539_at",7.45e-22,2.94e-23,11.6,42.0577166,2.71,"CD3d molecule","213539_at",0.298,0.01021257,2.79,-4.43208,0.915,"CD3d molecule"
"176","CD47","211075_s_at",6.41e-46,1.58e-48,20.8,99.9304614,1.57,"CD47 molecule","211075_s_at",0.349,0.01635437,2.59,-4.87465,1.05,"CD47 molecule"
"177","CD48","204118_at",4.2e-09,6.94e-10,6.54,11.5888189,1.61,"CD48 molecule","204118_at",0.391,0.02283456,2.44,-5.1846,0.85,"CD48 molecule"
"178","CD53","203416_at",8.25e-13,8.91e-14,8.13,20.4115407,1.07,"CD53 molecule","203416_at",0.283,0.00836362,2.88,-4.24272,1.15,"CD53 molecule"
"179","CD69","209795_at",1.91e-06,4.32e-07,5.26,5.3103596,0.799,"CD69 molecule","209795_at",0.343,0.01529521,2.62,-4.81208,1.04,"CD69 molecule"
"180","CD84","230391_at",0.00064,0.000201,3.8,-0.5881288,0.792,"CD84 molecule","244352_at",0.33,0.01374821,2.66,-4.71217,0.717,"CD84 molecule"
"181","CD96","206761_at",3.48e-13,3.62e-14,8.28,21.3013469,1.17,"CD96 molecule","206761_at",0.314,0.01191048,2.73,-4.57726,0.643,"CD96 molecule"
"182","CDC20","202870_s_at",1.43e-26,3.37e-28,13.3,53.3669684,1.41,"cell division cycle 20","202870_s_at",0.252,0.00469163,3.13,-3.68999,1.2,"cell division cycle 20"
"183","CDC25A","204695_at",1.29e-26,3.02e-28,13.4,53.4754963,1.77,"cell division cycle 25A","204695_at",0.248,0.00434516,3.16,-3.61617,0.642,"cell division cycle 25A"
"184","CDC25B","201853_s_at",5.78e-26,1.44e-27,13.1,51.922429,0.985,"cell division cycle 25B","201853_s_at",0.121,5.437e-05,4.92,0.71032,0.898,"cell division cycle 25B"
"185","CDC45","204126_s_at",3e-27,6.5e-29,13.6,55.0047017,1.5,"cell division cycle 45","204126_s_at",0.236,0.003299,3.27,-3.35035,0.87,"cell division cycle 45"
"186","CDC6","203967_at",1.78e-20,8.24e-22,11.1,38.7442956,1.22,"cell division cycle 6","203968_s_at",0.264,0.00632183,3,-3.97593,1.18,"cell division cycle 6"
"187","CDCA2","226661_at",1.78e-33,1.86e-35,15.9,69.9975067,2.85,"cell division cycle associated 2","226661_at",0.196,0.00128654,3.66,-2.4333,1.28,"cell division cycle associated 2"
"188","CDCA3","223307_at",7.1e-28,1.42e-29,13.8,56.5155001,2.37,"cell division cycle associated 3","221436_s_at",0.353,0.01672272,2.58,-4.89544,0.968,"cell division cycle associated 3"
"189","CDCA5","224753_at",1.32e-34,1.21e-36,16.4,72.7188473,3.22,"cell division cycle associated 5","224753_at",0.213,0.0022143,3.44,-2.96353,0.956,"cell division cycle associated 5"
"190","CDCA8","221520_s_at",4.82e-29,8.41e-31,14.3,59.330467,2.22,"cell division cycle associated 8","221520_s_at",0.293,0.00948742,2.83,-4.36235,0.788,"cell division cycle associated 8"
"191","CDCP1","218451_at",1.2e-14,1.05e-15,8.87,24.8032187,0.815,"CUB domain containing protein 1","218451_at",0.372,0.01963887,2.51,-5.04503,0.711,"CUB domain containing protein 1"
"192","CDH11","236179_at",1.52e-07,3e-08,-5.81,7.9032189,-1.52,"cadherin 11","236179_at",0.429,0.03014762,-2.31,-5.43978,-0.99,"cadherin 11"
"193","CDH19","206898_at",2.8e-26,6.81e-28,-13.2,52.667926,-2.61,"cadherin 19","206898_at",0.408,0.02628558,-2.37,-5.31422,-1.08,"cadherin 19"
"194","CDH3","203256_at",4.31e-24,1.33e-25,12.4,47.4204116,1.48,"cadherin 3","203256_at",0.189,0.00107012,3.73,-2.25265,1.25,"cadherin 3"
"195","CDK1","210559_s_at",1.67e-41,6.67e-44,19.1,89.3433774,3.55,"cyclin dependent kinase 1","203214_x_at",0.348,0.01617145,2.59,-4.86415,1.42,"cyclin dependent kinase 1"
"196","CDK5R1","204995_at",1.43e-43,4.77e-46,19.9,94.2562936,2.2,"cyclin dependent kinase 5 regulatory subunit 1","204995_at",0.229,0.00285587,3.33,-3.21066,1.14,"cyclin dependent kinase 5 regulatory subunit 1"
"197","CDKN1C","213348_at",1.61e-14,1.42e-15,-8.82,24.5011212,-0.956,"cyclin dependent kinase inhibitor 1C","216894_x_at",0.242,0.0037293,-3.22,-3.46882,-0.79,"cyclin dependent kinase inhibitor 1C"
"198","CDKN3","1555758_a_at",3.21e-33,3.42e-35,15.8,69.3911317,3.34,"cyclin dependent kinase inhibitor 3","1555758_a_at",0.318,0.01235728,2.71,-4.61193,1.62,"cyclin dependent kinase inhibitor 3"
"199","CDO1","204154_at",2.68e-15,2.2e-16,-9.12,26.3523049,-1.76,"cysteine dioxygenase type 1","204154_at",0.488,0.04455806,-2.12,-5.79352,-1.19,"cysteine dioxygenase type 1"
"200","CDT1","228868_x_at",5.15e-22,1.98e-23,11.7,42.4468608,2.28,"chromatin licensing and DNA replication factor 1","228868_x_at",0.275,0.00756075,2.92,-4.14671,0.677,"chromatin licensing and DNA replication factor 1"
"201","CEMIP","212942_s_at",1.74e-30,2.52e-32,14.8,62.8211213,2.19,"cell migration inducing hyaluronan binding protein","212942_s_at",0.351,0.01650912,2.58,-4.88345,1.46,"cell migration inducing hyaluronan binding protein"
"202","CENPE","205046_at",7.11e-40,3.53e-42,18.4,85.397299,3.77,"centromere protein E","205046_at",0.204,0.00167431,3.55,-2.69102,1.62,"centromere protein E"
"203","CENPF","207828_s_at",4.76e-30,7.25e-32,14.6,61.7693775,2.19,"centromere protein F","207828_s_at",0.199,0.00140433,3.62,-2.5191,1.21,"centromere protein F"
"204","CENPI","214804_at",8.04e-10,1.23e-10,6.86,13.2901437,1.04,"centromere protein I","214804_at",0.416,0.02767588,2.35,-5.36151,0.788,"centromere protein I"
"205","CENPN","228559_at",1.74e-22,6.36e-24,11.8,43.5782638,2.57,"centromere protein N","222118_at",0.385,0.02185279,2.46,-5.14399,0.917,"centromere protein N"
"206","CENPW","226936_at",4.6e-30,6.99e-32,14.7,61.8047967,1.55,"centromere protein W","226936_at",0.421,0.02856736,2.33,-5.39055,0.69,"centromere protein W"
"207","CEP126","236325_at",2.44e-09,3.93e-10,-6.65,12.1480539,-0.906,"centrosomal protein 126","235956_at",0.473,0.04096329,-2.16,-5.71792,-0.626,"centrosomal protein 126"
"208","CEP135","207286_at",3.73e-14,3.46e-15,-8.67,23.6232089,-1.23,"centrosomal protein 135","207286_at",0.304,0.01073835,2.77,-4.47953,0.946,"centrosomal protein 135"
"209","CEP55","218542_at",4.49e-31,6.08e-33,15,64.2352355,1.97,"centrosomal protein 55","218542_at",0.201,0.00145517,3.61,-2.55389,1.41,"centrosomal protein 55"
"210","CFB","202357_s_at",1.46e-31,1.86e-33,15.2,65.4163795,1.88,"complement factor B","202357_s_at",0.449,0.03518966,2.24,-5.58057,0.806,"complement factor B"
"211","CH25H","206932_at",3.8e-22,1.45e-23,11.7,42.7616598,2.17,"cholesterol 25-hydroxylase","206932_at",0.279,0.00792109,2.9,-4.19103,1.64,"cholesterol 25-hydroxylase"
"212","CHEK1","205393_s_at",3.12e-41,1.3e-43,18.9,88.6822826,2.78,"checkpoint kinase 1","205394_at",0.292,0.00931041,2.83,-4.3445,1.39,"checkpoint kinase 1"
"213","CHN1","212624_s_at",2.24e-05,5.76e-06,4.68,2.806444,0.714,"chimerin 1","212624_s_at",0.347,0.01586616,2.6,-4.84635,0.606,"chimerin 1"
"214","CHPT1","221675_s_at",6.13e-34,5.98e-36,-16.1,71.1261803,-1.22,"choline phosphotransferase 1","230364_at",0.248,0.00443069,-3.15,-3.63494,-0.588,"choline phosphotransferase 1"
"215","CIDEA","221295_at",7.32e-06,1.77e-06,-4.95,3.9415905,-1.37,"cell death-inducing DFFA-like effector a","221295_at",0.211,0.00200813,-3.48,-2.86837,-2.75,"cell death-inducing DFFA-like effector a"
"216","CIDEC","219398_at",1.33e-08,2.33e-09,-6.31,10.403819,-1.92,"cell death inducing DFFA like effector c","219398_at",0.388,0.02239349,-2.45,-5.16659,-2.07,"cell death inducing DFFA like effector c"
"217","CKMT2","205295_at",8.38e-12,1.01e-12,-7.71,18.0138106,-1.15,"creatine kinase, mitochondrial 2","205295_at",0.325,0.01321037,-2.68,-4.6747,-0.87,"creatine kinase, mitochondrial 2"
"218","CKS2","204170_s_at",4.49e-28,8.74e-30,13.9,57.0005716,1.54,"CDC28 protein kinase regulatory subunit 2","204170_s_at",0.367,0.01886695,2.52,-5.00779,0.818,"CDC28 protein kinase regulatory subunit 2"
"219","CLDN23","228707_at",8.34e-26,2.11e-27,-13.1,51.5422282,-1.71,"claudin 23","228707_at",0.422,0.02872416,-2.33,-5.39556,-0.862,"claudin 23"
"220","CLDN8","214598_at",4.53e-36,3.55e-38,-16.9,76.2275526,-2.91,"claudin 8","214598_at",0.316,0.01211175,-2.72,-4.59304,-1.77,"claudin 8"
"221","CLEC7A","1555756_a_at",1.47e-51,1.64e-54,23.3,113.6134111,4.87,"C-type lectin domain family 7 member A","1555756_a_at",0.236,0.00324531,3.28,-3.33447,2.79,"C-type lectin domain family 7 member A"
"222","CLIC5","213317_at",7.85e-17,5.47e-18,-9.71,30.0107535,-1.75,"chloride intracellular channel 5","213317_at",0.154,0.0004706,-4.06,-1.44265,-1.36,"chloride intracellular channel 5"
"223","CLMN","213839_at",6.14e-13,6.54e-14,-8.18,20.7175774,-1.05,"calmin","213839_at",0.503,0.04909211,-2.08,-5.88021,-0.615,"calmin"
"224","CLMP","228082_at",2.93e-14,2.69e-15,-8.71,23.8711704,-1.41,"CXADR like membrane protein","228082_at",0.165,0.00063415,-3.94,-1.73749,-1.67,"CXADR like membrane protein"
"225","CLSTN2","219414_at",1.88e-11,2.36e-12,-7.57,17.1772574,-0.993,"calsyntenin 2","229580_at",0.292,0.00922322,-2.84,-4.33558,-1.66,"calsyntenin 2"
"226","CMBL","227522_at",1.66e-16,1.19e-17,-9.59,29.2366995,-1.57,"carboxymethylenebutenolidase homolog","227522_at",0.31,0.01145673,-2.74,-4.54064,-0.801,"carboxymethylenebutenolidase homolog"
"227","CMPK2","226702_at",4.11e-33,4.41e-35,15.8,69.1385806,2.81,"cytidine/uridine monophosphate kinase 2","226702_at",0.46,0.03789033,2.2,-5.64754,1.06,"cytidine/uridine monophosphate kinase 2"
"228","CMYA5","237981_at",1.32e-13,1.31e-14,-8.45,22.3055165,-1.27,"cardiomyopathy associated 5","233520_s_at",0.394,0.02324154,-2.43,-5.20091,-0.924,"cardiomyopathy associated 5"
"229","CNGA1","206417_at",9.42e-16,7.37e-17,-9.3,27.4328726,-1.04,"cyclic nucleotide gated channel alpha 1","206417_at",0.266,0.0067664,-2.97,-4.04086,-0.849,"cyclic nucleotide gated channel alpha 1"
"230","CNKSR2","229116_at",9.35e-22,3.73e-23,-11.6,41.8189549,-2.15,"connector enhancer of kinase suppressor of Ras 2","229116_at",0.296,0.0100204,-2.8,-4.4141,-1.39,"connector enhancer of kinase suppressor of Ras 2"
"231","CNTN4","229084_at",8.29e-10,1.27e-10,-6.86,13.258212,-1.4,"contactin 4","229084_at",0.213,0.00223907,-3.43,-2.97436,-1.16,"contactin 4"
"232","COBL","1552496_a_at",2.05e-10,2.92e-11,-7.12,14.7026581,-1.12,"cordon-bleu WH2 repeat protein","213050_at",0.401,0.02447342,-2.4,-5.24852,-0.702,"cordon-bleu WH2 repeat protein"
"233","COBLL1","203641_s_at",3.59e-10,5.27e-11,7.02,14.1199927,1.14,"cordon-bleu WH2 repeat protein like 1","229598_at",0.216,0.00233094,-3.42,-3.01346,-0.921,"cordon-bleu WH2 repeat protein like 1"
"234","COL4A4","229779_at",5.5e-07,1.16e-07,5.54,6.5848378,1.76,"collagen type IV alpha 4 chain","229779_at",0.347,0.01603527,2.6,-4.85625,1.95,"collagen type IV alpha 4 chain"
"235","COL6A6","230867_at",0.0107,0.00412,2.91,-3.3981402,1.04,"collagen type VI alpha 6 chain","230867_at",0.347,0.01606499,2.6,-4.85798,2.31,"collagen type VI alpha 6 chain"
"236","COPG2IT1","213486_at",6.34e-13,6.77e-14,-8.18,20.6831959,-1.97,"COPG2 imprinted transcript 1 (non-protein coding)","213486_at",0.406,0.02577776,-2.38,-5.29629,-1.17,"COPG2 imprinted transcript 1 (non-protein coding)"
"237","COQ8A","218168_s_at",1.27e-29,2.03e-31,-14.5,60.7422322,-1.01,"coenzyme Q8A","218168_s_at",0.235,0.00306347,-3.3,-3.27865,-0.597,"coenzyme Q8A"
"238","CORO1A","209083_at",1.86e-08,3.31e-09,6.25,10.0576338,0.992,"coronin 1A","209083_at",0.211,0.00193039,3.49,-2.82989,1.28,"coronin 1A"
"239","CORO2B","209789_at",5.31e-27,1.19e-28,-13.5,54.4015992,-1.73,"coronin 2B","209789_at",0.281,0.00813736,-2.89,-4.21665,-0.642,"coronin 2B"
"240","COTL1","1556346_at",8.77e-11,1.2e-11,7.28,15.5793187,0.924,"coactosin like F-actin binding protein 1","224583_at",0.293,0.00952915,2.82,-4.36651,1.17,"coactosin like F-actin binding protein 1"
"241","COX7A1","204570_at",7.1e-21,3.14e-22,-11.2,39.7021367,-1.42,"cytochrome c oxidase subunit 7A1","204570_at",0.377,0.02047086,-2.49,-5.08351,-0.744,"cytochrome c oxidase subunit 7A1"
"242","CPE","201117_s_at",1.28e-19,6.54e-21,-10.8,36.6872408,-0.804,"carboxypeptidase E","201116_s_at",0.386,0.02213497,-2.45,-5.15586,-0.761,"carboxypeptidase E"
"243","CPEB3","239765_at",1.71e-17,1.1e-18,-9.97,31.5992996,-2.12,"cytoplasmic polyadenylation element binding protein 3","239765_at",0.503,0.04863415,-2.08,-5.87184,-1.44,"cytoplasmic polyadenylation element binding protein 3"
"244","CPED1","228728_at",2.04e-17,1.32e-18,-9.94,31.4177329,-1.06,"cadherin like and PC-esterase domain containing 1","228728_at",0.497,0.04706461,-2.1,-5.84253,-0.609,"cadherin like and PC-esterase domain containing 1"
"245","CRAT","209522_s_at",1.05e-13,1.03e-14,-8.49,22.54032,-2.26,"carnitine O-acetyltransferase","205843_x_at",0.257,0.00533541,-3.07,-3.81348,-1.38,"carnitine O-acetyltransferase"
"246","CRTAP","201380_at",2.41e-17,1.58e-18,-9.91,31.2438371,-0.767,"cartilage associated protein","226656_at",0.433,0.03096843,-2.3,-5.46431,-0.608,"cartilage associated protein"
"247","CRYAB","209283_at",6.1e-28,1.21e-29,-13.9,56.673892,-1.33,"crystallin alpha B","209283_at",0.167,0.00068459,-3.91,-1.81302,-1.15,"crystallin alpha B"
"248","CSF2RB","205159_at",2.06e-15,1.67e-16,9.16,26.625645,1.06,"colony stimulating factor 2 receptor beta common subunit","205159_at",0.186,0.00100851,3.76,-2.19441,1.21,"colony stimulating factor 2 receptor beta common subunit"
"249","CSNK1A1","243338_at",2.79e-30,4.14e-32,14.7,62.3256991,1.38,"casein kinase 1 alpha 1","1556007_s_at",0.204,0.00175953,3.53,-2.73949,0.679,"casein kinase 1 alpha 1"
"250","CST7","210140_at",4.66e-25,1.3e-26,12.8,49.7376973,2.74,"cystatin F","210140_at",0.416,0.02778728,2.35,-5.36519,0.753,"cystatin F"
"251","CTIF","204303_s_at",1.47e-12,1.63e-13,-8.03,19.8173857,-0.902,"cap binding complex dependent translation initiation factor","204303_s_at",0.308,0.01122504,-2.75,-4.52137,-0.778,"cap binding complex dependent translation initiation factor"
"252","CTLA4","236341_at",1.83e-39,9.63e-42,18.2,84.3981742,4.09,"cytotoxic T-lymphocyte associated protein 4","236341_at",0.413,0.02707539,2.36,-5.34139,0.87,"cytotoxic T-lymphocyte associated protein 4"
"253","CTPS1","202613_at",7.84e-34,7.74e-36,16.1,70.8690172,1.65,"CTP synthase 1","202613_at",0.212,0.00205645,3.47,-2.89154,0.676,"CTP synthase 1"
"254","CTSC","225647_s_at",2.12e-16,1.54e-17,9.55,28.9840675,1.27,"cathepsin C","225646_at",0.236,0.0033087,3.27,-3.35318,1.07,"cathepsin C"
"255","CTSF","203657_s_at",1.81e-21,7.49e-23,-11.5,41.1268409,-1.07,"cathepsin F","203657_s_at",0.406,0.0258751,-2.38,-5.29976,-0.613,"cathepsin F"
"256","CUX2","213920_at",1.86e-15,1.5e-16,-9.18,26.7265682,-3.15,"cut like homeobox 2","213920_at",0.268,0.00696954,-2.96,-4.06909,-2.27,"cut like homeobox 2"
"257","CXCL1","204470_at",3.16e-41,1.32e-43,18.9,88.6649726,6.18,"C-X-C motif chemokine ligand 1","204470_at",0.481,0.04249884,2.15,-5.75103,1.66,"C-X-C motif chemokine ligand 1"
"258","CXCL2","209774_x_at",1.62e-32,1.83e-34,15.6,67.7201555,3.96,"C-X-C motif chemokine ligand 2","209774_x_at",0.394,0.02328669,2.43,-5.2027,0.904,"C-X-C motif chemokine ligand 2"
"259","CXCL8","202859_x_at",2.79e-44,8.56e-47,20.2,95.9634152,6.75,"C-X-C motif chemokine ligand 8","202859_x_at",0.247,0.00431494,3.16,-3.60945,3.3,"C-X-C motif chemokine ligand 8"
"260","CYB561D2","209665_at",1.39e-20,6.33e-22,11.1,39.0071011,0.938,"cytochrome b561 family member D2","229636_at",0.406,0.02571901,-2.38,-5.2942,-0.867,"cytochrome b561 family member D2"
"261","CYLD","221903_s_at",5.33e-33,5.79e-35,15.8,68.8666269,1.89,"CYLD lysine 63 deubiquitinase","221903_s_at",0.301,0.01041066,2.79,-4.45024,0.92,"CYLD lysine 63 deubiquitinase"
"262","CYP2J2","205073_at",5.38e-17,3.67e-18,-9.78,30.4062656,-1.81,"cytochrome P450 family 2 subfamily J member 2","205073_at",0.421,0.02839643,-2.34,-5.38505,-0.961,"cytochrome P450 family 2 subfamily J member 2"
"263","CYP4F8","210576_at",5.47e-08,1.03e-08,-6.03,8.950564,-2.34,"cytochrome P450 family 4 subfamily F member 8","210576_at",0.371,0.01943881,-2.51,-5.03552,-3.25,"cytochrome P450 family 4 subfamily F member 8"
"264","CYP7B1","207386_at",5.95e-42,2.28e-44,19.2,90.4128098,2.38,"cytochrome P450 family 7 subfamily B member 1","207386_at",0.184,0.00093862,3.78,-2.12383,1.46,"cytochrome P450 family 7 subfamily B member 1"
"265","CYSTM1","224707_at",2e-31,2.6e-33,-15.2,65.0817064,-1.05,"cysteine rich transmembrane module containing 1","224707_at",0.28,0.00808718,-2.89,-4.21077,-0.727,"cysteine rich transmembrane module containing 1"
"266","CYTIP","209606_at",3.99e-14,3.72e-15,8.66,23.5511653,1.33,"cytohesin 1 interacting protein","209606_at",0.242,0.0037055,3.22,-3.46264,1.56,"cytohesin 1 interacting protein"
"267","DACH1","228915_at",1.08e-13,1.06e-14,-8.48,22.5147881,-1.07,"dachshund family transcription factor 1","228915_at",0.218,0.0024495,-3.39,-3.06169,-0.993,"dachshund family transcription factor 1"
"268","DAPP1","222859_s_at",2.03e-23,6.72e-25,12.2,45.8116057,1.98,"dual adaptor of phosphotyrosine and 3-phosphoinositides 1","222859_s_at",0.468,0.03976049,2.18,-5.69105,1.03,"dual adaptor of phosphotyrosine and 3-phosphoinositides 1"
"269","DCD","1553946_at",1.21e-07,2.36e-08,-5.86,8.1400513,-1.17,"dermcidin","1553946_at",0.395,0.02334215,-2.43,-5.20489,-0.646,"dermcidin"
"270","DCTN5","209231_s_at",3.12e-52,3.14e-55,23.6,115.2571306,3.77,"dynactin subunit 5","209231_s_at",0.46,0.03785831,2.2,-5.64678,0.598,"dynactin subunit 5"
"271","DDIAS","228281_at",1.11e-22,3.95e-24,11.9,44.050082,2.25,"DNA damage induced apoptosis suppressor","228281_at",0.325,0.01319482,2.68,-4.6736,0.702,"DNA damage induced apoptosis suppressor"
"272","DDIT4L","228057_at",2.16e-19,1.12e-20,-10.7,36.1510155,-2.13,"DNA damage inducible transcript 4 like","228057_at",0.211,0.00203859,-3.47,-2.88304,-0.934,"DNA damage inducible transcript 4 like"
"273","DDX58","222793_at",1.12e-19,5.68e-21,10.8,36.8270877,1.89,"DEXD/H-box helicase 58","218943_s_at",0.445,0.03413191,2.25,-5.55286,1.11,"DEXD/H-box helicase 58"
"274","DDX60L","228152_s_at",1.65e-30,2.37e-32,14.8,62.8809366,1.85,"DEAD-box helicase 60-like","228152_s_at",0.372,0.01964101,2.51,-5.04513,0.718,"DEAD-box helicase 60-like"
"275","DEFB4B","207356_at",2.79e-29,4.71e-31,14.4,59.9069173,3.95,"defensin beta 4B///defensin beta 4A","207356_at",0.416,0.02761314,2.35,-5.35943,2.54,"defensin beta 4B///defensin beta 4A"
"276","DENND1A","219763_at",5.27e-31,7.2e-33,15,64.0674579,2,"DENN domain containing 1A","219763_at",0.435,0.03127768,2.29,-5.47337,0.668,"DENN domain containing 1A"
"277","DENND4A","1554352_s_at",2.68e-09,4.33e-10,6.63,12.0520644,0.839,"DENN domain containing 4A","214787_at",0.395,0.02347427,2.42,-5.2101,0.687,"DENN domain containing 4A"
"278","DEPDC1","222958_s_at",4.41e-27,9.83e-29,13.5,54.5936196,2.52,"DEP domain containing 1","222958_s_at",0.345,0.01560301,2.61,-4.83071,1.18,"DEP domain containing 1"
"279","DEPDC1B","226980_at",1.55e-41,6.16e-44,19.1,89.4231872,3.35,"DEP domain containing 1B","226980_at",0.41,0.02656591,2.37,-5.32396,1.25,"DEP domain containing 1B"
"280","DGAT2","224327_s_at",3.59e-08,6.6e-09,-6.11,9.3835404,-0.707,"diacylglycerol O-acyltransferase 2","224327_s_at",0.135,0.00011063,-4.64,-0.00161,-1.84,"diacylglycerol O-acyltransferase 2"
"281","DHRS12","231345_s_at",2.82e-16,2.08e-17,-9.5,28.6875051,-1.22,"dehydrogenase/reductase 12","204800_s_at",0.135,0.00018102,-4.44,-0.49339,-0.784,"dehydrogenase/reductase 12"
"282","DIAPH3","229097_at",3.44e-30,5.13e-32,14.7,62.1132878,2.42,"diaphanous related formin 3","229097_at",0.28,0.00807942,2.9,-4.20985,0.852,"diaphanous related formin 3"
"283","DIO2","203699_s_at",1.34e-35,1.09e-37,16.7,75.1094116,3.93,"deiodinase, iodothyronine, type II","231240_at",0.444,0.03403826,2.25,-5.55037,1.19,"deiodinase, iodothyronine, type II"
"284","DIRAS3","215506_s_at",7.2e-05,1.98e-05,-4.39,1.6180152,-0.841,"DIRAS family GTPase 3","215506_s_at",0.385,0.02170742,-2.46,-5.13782,-0.834,"DIRAS family GTPase 3"
"285","DLGAP5","203764_at",5.61e-45,1.53e-47,20.5,97.6758847,3.52,"DLG associated protein 5","203764_at",0.293,0.0096567,2.82,-4.3791,1.8,"DLG associated protein 5"
"286","DNAH8","233052_at",4.34e-05,1.16e-05,-4.52,2.1332122,-0.918,"dynein axonemal heavy chain 8","233052_at",0.499,0.04760425,-2.09,-5.85273,-1.13,"dynein axonemal heavy chain 8"
"287","DNASE1L3","205554_s_at",1.13e-24,3.29e-26,12.6,48.8097685,1.56,"deoxyribonuclease 1 like 3","205554_s_at",0.135,0.00022313,4.36,-0.70175,1.44,"deoxyribonuclease 1 like 3"
"288","DOCK2","213160_at",3.58e-08,6.58e-09,6.11,9.3870316,0.799,"dedicator of cytokinesis 2","213160_at",0.33,0.01381985,2.66,-4.71705,1.05,"dedicator of cytokinesis 2"
"289","DSC2","231033_at",2.41e-48,4.27e-51,21.9,105.8059502,6.19,"desmocollin 2","231033_at",0.236,0.0033284,3.27,-3.35893,2.4,"desmocollin 2"
"290","DSEL","232235_at",1.21e-09,1.88e-10,-6.79,12.8729957,-0.886,"dermatan sulfate epimerase-like","232235_at",0.408,0.02625493,-2.37,-5.31315,-0.931,"dermatan sulfate epimerase-like"
"291","DSERG1","217671_at",2.34e-10,3.36e-11,-7.1,14.5631536,-0.981,"Down syndrome encephalopathy related protein 1","217671_at",0.431,0.03056356,2.3,-5.4523,0.814,"Down syndrome encephalopathy related protein 1"
"292","DSG2","217901_at",1.09e-28,1.98e-30,-14.1,58.4803096,-1.15,"desmoglein 2","217901_at",0.352,0.01667938,-2.58,-4.89302,-0.882,"desmoglein 2"
"293","DSG3","205595_at",5.02e-38,3.2e-40,17.7,80.9118849,3.6,"desmoglein 3","205595_at",0.267,0.0068485,2.97,-4.05237,1.03,"desmoglein 3"
"294","DTL","218585_s_at",1.61e-23,5.29e-25,12.2,46.050368,2.1,"denticleless E3 ubiquitin protein ligase homolog","222680_s_at",0.26,0.00582758,3.03,-3.89804,1.17,"denticleless E3 ubiquitin protein ligase homolog"
"295","DTWD1","229984_at",1.42e-11,1.76e-12,-7.62,17.4686907,-1.11,"DTW domain containing 1","232429_at",0.403,0.02510645,-2.39,-5.27203,-0.729,"DTW domain containing 1"
"296","DTX3L","225415_at",2.27e-31,2.96e-33,15.1,64.9516522,0.95,"deltex E3 ubiquitin ligase 3L","225415_at",0.336,0.0146844,2.64,-4.77393,0.663,"deltex E3 ubiquitin ligase 3L"
"297","DTX4","212611_at",1.43e-11,1.77e-12,-7.62,17.4625713,-1.25,"deltex E3 ubiquitin ligase 4","212611_at",0.36,0.01783928,-2.55,-4.95568,-0.65,"deltex E3 ubiquitin ligase 4"
"298","DUOX1","215800_at",4.97e-14,4.68e-15,8.62,23.3246777,1.14,"dual oxidase 1","215800_at",0.386,0.02219908,2.45,-5.15853,1.05,"dual oxidase 1"
"299","DUOXA1","1555404_a_at",3.14e-39,1.72e-41,18.1,83.8209847,1.85,"dual oxidase maturation factor 1","1555404_a_at",0.236,0.00321535,3.28,-3.3255,0.755,"dual oxidase maturation factor 1"
"300","DUSP16","224336_s_at",5.41e-20,2.64e-21,10.9,37.5871193,1.22,"dual specificity phosphatase 16","224832_at",0.362,0.0181017,-2.54,-4.96928,-0.666,"dual specificity phosphatase 16"
"301","DUSP4","204014_at",1.03e-06,2.24e-07,-5.4,5.9463904,-0.94,"dual specificity phosphatase 4","204015_s_at",0.236,0.003247,-3.28,-3.33497,-0.603,"dual specificity phosphatase 4"
"302","DZIP1","204557_s_at",3.57e-07,7.39e-08,-5.63,7.0256424,-0.896,"DAZ interacting zinc finger protein 1","204557_s_at",0.36,0.01781313,-2.55,-4.95432,-1.05,"DAZ interacting zinc finger protein 1"
"303","E2F2","228361_at",6.48e-22,2.53e-23,11.6,42.2034499,1.14,"E2F transcription factor 2","228361_at",0.24,0.00351335,3.25,-3.4112,0.779,"E2F transcription factor 2"
"304","E2F7","228033_at",2.62e-23,8.74e-25,12.1,45.550009,2.28,"E2F transcription factor 7","228033_at",0.204,0.00170419,3.54,-2.7083,1.2,"E2F transcription factor 7"
"305","E2F8","219990_at",1.11e-19,5.61e-21,10.8,36.8402166,1.68,"E2F transcription factor 8","219990_at",0.49,0.04499603,2.12,-5.80229,0.693,"E2F transcription factor 8"
"306","EBF1","227646_at",1.08e-13,1.06e-14,-8.48,22.5154225,-0.83,"early B-cell factor 1","227646_at",0.44,0.03258827,-2.27,-5.51077,-0.628,"early B-cell factor 1"
"307","EBF3","227243_s_at",2.3e-07,4.64e-08,-5.72,7.4794062,-0.776,"early B-cell factor 3","227242_s_at",0.401,0.02442059,-2.41,-5.24653,-0.709,"early B-cell factor 3"
"308","ECI2","218025_s_at",1.95e-20,9.05e-22,-11.1,38.6514935,-0.939,"enoyl-CoA delta isomerase 2","218025_s_at",0.144,0.00036799,-4.16,-1.19897,-0.856,"enoyl-CoA delta isomerase 2"
"309","ECT2","219787_s_at",3.19e-22,1.2e-23,11.7,42.9466745,1.84,"epithelial cell transforming 2","219787_s_at",0.236,0.00327975,3.27,-3.34468,0.921,"epithelial cell transforming 2"
"310","EDIL3","225275_at",2.26e-29,3.75e-31,-14.4,60.1339813,-1.43,"EGF like repeats and discoidin domains 3","225275_at",0.139,0.00031279,-4.22,-1.03764,-0.859,"EGF like repeats and discoidin domains 3"
"311","EFHD1","209343_at",8.67e-08,1.66e-08,-5.93,8.4793731,-1,"EF-hand domain family member D1","209343_at",0.296,0.0100594,-2.8,-4.41778,-1.01,"EF-hand domain family member D1"
"312","EHF","222932_at",1.49e-22,5.42e-24,11.9,43.7371087,3.09,"ETS homologous factor","232361_s_at",0.377,0.0204321,2.49,-5.08176,0.837,"ETS homologous factor"
"313","EIF3H","230570_at",4.01e-08,7.41e-09,-6.09,9.2703119,-0.614,"eukaryotic translation initiation factor 3 subunit H","230570_at",0.4,0.02419979,-2.41,-5.23816,-0.745,"eukaryotic translation initiation factor 3 subunit H"
"314","EIF4EBP1","221539_at",1.14e-33,1.15e-35,16,70.4709883,1.88,"eukaryotic translation initiation factor 4E binding protein 1","221539_at",0.247,0.00423246,3.17,-3.59086,0.715,"eukaryotic translation initiation factor 4E binding protein 1"
"315","ELOVL3","234513_at",5.76e-11,7.67e-12,-7.36,16.0168722,-3.2,"ELOVL fatty acid elongase 3","234513_at",0.235,0.00309687,-3.3,-3.28915,-3.22,"ELOVL fatty acid elongase 3"
"316","ELOVL5","215082_at",3.27e-05,8.6e-06,-4.59,2.4200059,-1.31,"ELOVL fatty acid elongase 5","215082_at",0.277,0.00764421,-2.92,-4.15716,-1.16,"ELOVL fatty acid elongase 5"
"317","EMC3","215250_at",3.68e-28,7.1e-30,-13.9,57.2077874,-2.26,"ER membrane protein complex subunit 3","215250_at",0.483,0.04337727,-2.14,-5.76942,-0.656,"ER membrane protein complex subunit 3"
"318","EMX2","221950_at",6.57e-17,4.53e-18,-9.74,30.1974991,-1.49,"empty spiracles homeobox 2","221950_at",0.347,0.01587104,-2.6,-4.84663,-0.706,"empty spiracles homeobox 2"
"319","ENPP4","204161_s_at",5.14e-24,1.6e-25,-12.4,47.2367863,-1.58,"ectonucleotide pyrophosphatase/phosphodiesterase 4 (putative)","204161_s_at",0.273,0.0073431,-2.94,-4.11888,-0.902,"ectonucleotide pyrophosphatase/phosphodiesterase 4 (putative)"
"320","ENPP5","227803_at",9.31e-31,1.3e-32,-14.9,63.4760393,-3.09,"ectonucleotide pyrophosphatase/phosphodiesterase 5 (putative)","237054_at",0.39,0.02267263,-2.44,-5.17803,-1.04,"ectonucleotide pyrophosphatase/phosphodiesterase 5 (putative)"
"321","EPB41L4B","220161_s_at",3.03e-20,1.44e-21,-11,38.1890851,-0.759,"erythrocyte membrane protein band 4.1 like 4B","223427_s_at",0.28,0.00801789,-2.9,-4.20258,-0.676,"erythrocyte membrane protein band 4.1 like 4B"
"322","EPCAM","201839_s_at",1.58e-16,1.14e-17,-9.6,29.28645,-1.93,"epithelial cell adhesion molecule","201839_s_at",0.44,0.03259989,-2.27,-5.5111,-0.899,"epithelial cell adhesion molecule"
"323","EPHA2","203499_at",1.87e-32,2.13e-34,15.6,67.5694975,1.64,"EPH receptor A2","203499_at",0.485,0.04385407,2.13,-5.77923,0.593,"EPH receptor A2"
"324","EPHB1","230425_at",5.79e-09,9.69e-10,-6.48,11.2618187,-1.15,"EPH receptor B1","230425_at",0.31,0.011434,-2.75,-4.53877,-0.94,"EPH receptor B1"
"325","EPHX1","202017_at",7.1e-19,3.94e-20,-10.5,34.9044025,-1.09,"epoxide hydrolase 1","202017_at",0.296,0.01007453,-2.8,-4.4192,-0.925,"epoxide hydrolase 1"
"326","EPHX2","209368_at",3.63e-11,4.72e-12,-7.45,16.4956959,-0.809,"epoxide hydrolase 2","209368_at",0.139,0.00028226,-4.27,-0.93562,-0.702,"epoxide hydrolase 2"
"327","EPSTI1","227609_at",5.03e-49,8.19e-52,22.2,107.4463649,5.13,"epithelial stromal interaction 1 (breast)","227609_at",0.491,0.04524214,2.12,-5.80718,1.55,"epithelial stromal interaction 1 (breast)"
"328","ESPL1","38158_at",4.23e-20,2.05e-21,10.9,37.841439,1.85,"extra spindle pole bodies like 1, separase","204817_at",0.24,0.00356141,3.24,-3.42433,0.745,"extra spindle pole bodies like 1, separase"
"329","ESRRG","209966_x_at",3.03e-07,6.21e-08,-5.67,7.1957152,-0.881,"estrogen related receptor gamma","207981_s_at",0.35,0.01641131,-2.59,-4.8779,-1.65,"estrogen related receptor gamma"
"330","EVI2A","204774_at",1.53e-07,3.03e-08,5.81,7.8936049,0.779,"ecotropic viral integration site 2A","204774_at",0.325,0.01329085,2.68,-4.68041,1.43,"ecotropic viral integration site 2A"
"331","F12","205774_at",1.81e-32,2.06e-34,15.6,67.6040439,1.9,"coagulation factor XII","205774_at",0.229,0.00269369,3.36,-3.15396,1.32,"coagulation factor XII"
"332","F3","204363_at",7.54e-31,1.05e-32,-14.9,63.6941594,-1.12,"coagulation factor III, tissue factor","204363_at",0.294,0.00976664,-2.81,-4.38982,-0.773,"coagulation factor III, tissue factor"
"333","FA2H","219429_at",4.87e-18,2.93e-19,-10.2,32.9149984,-2.2,"fatty acid 2-hydroxylase","219429_at",0.402,0.02461187,-2.4,-5.25371,-1.54,"fatty acid 2-hydroxylase"
"334","FABP4","203980_at",3.2e-11,4.14e-12,-7.47,16.6259348,-1.46,"fatty acid binding protein 4","235978_at",0.487,0.04432634,-2.13,-5.78884,-2.13,"fatty acid binding protein 4"
"335","FABP7","205030_at",2.27e-11,2.89e-12,-7.53,16.9800015,-3.2,"fatty acid binding protein 7","205030_at",0.292,0.00924614,-2.84,-4.33794,-2.61,"fatty acid binding protein 7"
"336","FADS2","202218_s_at",3.81e-12,4.43e-13,-7.86,18.8276777,-2.65,"fatty acid desaturase 2","202218_s_at",0.264,0.00651222,-2.99,-4.00429,-2.81,"fatty acid desaturase 2"
"337","FADS3","204257_at",3.16e-07,6.48e-08,-5.66,7.1531527,-0.887,"fatty acid desaturase 3","204257_at",0.302,0.01053534,-2.78,-4.46149,-0.652,"fatty acid desaturase 3"
"338","FAH","202862_at",1.6e-11,2e-12,-7.6,17.3410427,-0.741,"fumarylacetoacetate hydrolase","202862_at",0.212,0.00211206,-3.46,-2.91752,-0.941,"fumarylacetoacetate hydrolase"
"339","FAHD2CP","222055_at",1.26e-09,1.96e-10,-6.78,12.8310234,-0.743,"fumarylacetoacetate hydrolase domain containing 2C, pseudogene///fumarylacetoacetate hydrolase domain containing 2B///fumarylacetoacetate hydrolase domain containing 2A","228198_s_at",0.485,0.04384624,-2.13,-5.77907,-0.683,"fumarylacetoacetate hydrolase domain containing 2C, pseudogene"
"340","FAM110C","226863_at",7.63e-51,9.49e-54,22.9,111.8726675,1.75,"family with sequence similarity 110 member C","226863_at",0.346,0.01573004,2.6,-4.83829,0.94,"family with sequence similarity 110 member C"
"341","FAM13A","202973_x_at",7.52e-31,1.04e-32,-14.9,63.6981508,-1.3,"family with sequence similarity 13 member A","217047_s_at",0.261,0.00592353,-3.03,-3.91368,-0.686,"family with sequence similarity 13 member A"
"342","FAM149A","222291_at",2e-08,3.57e-09,-6.23,9.9840296,-0.627,"family with sequence similarity 149 member A","222291_at",0.347,0.01590708,-2.6,-4.84875,-0.685,"family with sequence similarity 149 member A"
"343","FAM162A","224345_x_at",2.86e-17,1.89e-18,9.88,31.0664513,0.667,"family with sequence similarity 162 member A","235850_at",0.115,1.172e-05,-5.54,2.25705,-0.68,"family with sequence similarity 162 member A"
"344","FAM200B","236321_at",6.65e-10,1.01e-10,-6.9,13.4850125,-1.16,"family with sequence similarity 200 member B","236321_at",0.389,0.02242974,-2.44,-5.16808,-0.719,"family with sequence similarity 200 member B"
"345","FAM20A","241981_at",9.84e-10,1.52e-10,6.82,13.0827979,1.38,"family with sequence similarity 20 member A","242945_at",0.296,0.00997956,2.8,-4.41024,0.906,"family with sequence similarity 20 member A"
"346","FAM228B","230435_at",1.27e-09,1.98e-10,-6.78,12.8202706,-1.01,"family with sequence similarity 228 member B","230435_at",0.279,0.00795166,-2.9,-4.19469,-0.729,"family with sequence similarity 228 member B"
"347","FAM234B","213234_at",3.67e-17,2.45e-18,-9.84,30.8069265,-1.35,"family with sequence similarity 234 member B","213234_at",0.184,0.00096453,-3.77,-2.15059,-0.906,"family with sequence similarity 234 member B"
"348","FAM46C","226811_at",1.06e-07,2.05e-08,-5.89,8.2758477,-0.81,"family with sequence similarity 46 member C","226811_at",0.366,0.01859043,-2.53,-4.99406,-0.745,"family with sequence similarity 46 member C"
"349","FAM47E-STBD1","203986_at",2.97e-06,6.85e-07,-5.16,4.862207,-0.68,"FAM47E-STBD1 readthrough///family with sequence similarity 47 member E///starch binding domain 1","203986_at",0.402,0.02487987,-2.4,-5.26368,-0.926,"FAM47E-STBD1 readthrough///family with sequence similarity 47 member E///starch binding domain 1"
"350","FAM65C","227654_at",8.89e-32,1.11e-33,15.3,65.9299258,2.93,"family with sequence similarity 65 member C","227654_at",0.204,0.00163021,3.56,-2.66495,0.645,"family with sequence similarity 65 member C"
"351","FAM72A","225834_at",8.2e-09,1.4e-09,6.41,10.9006073,0.86,"family with sequence similarity 72 member A///family with sequence similarity 72 member D///family with sequence similarity 72 member B///family with sequence similarity 72 member C","225834_at",0.296,0.01000215,2.8,-4.41238,0.684,"family with sequence similarity 72 member A///family with sequence similarity 72 member D///family with sequence similarity 72 member B///family with sequence similarity 72 member C"
"352","FAM83A","239586_at",1.79e-45,4.61e-48,20.7,98.8673687,4.97,"family with sequence similarity 83 member A","239586_at",0.402,0.02468018,2.4,-5.25627,0.89,"family with sequence similarity 83 member A"
"353","FAM83D","225687_at",8.46e-38,5.56e-40,17.6,80.363256,2.84,"family with sequence similarity 83 member D","225687_at",0.258,0.0055732,3.05,-3.85528,1.53,"family with sequence similarity 83 member D"
"354","FANCI","213007_at",1.49e-22,5.42e-24,11.9,43.7372862,1.04,"Fanconi anemia complementation group I","213007_at",0.196,0.00130513,3.65,-2.44736,0.733,"Fanconi anemia complementation group I"
"355","FAR2","220615_s_at",2.38e-10,3.42e-11,-7.1,14.5473082,-2.5,"fatty acyl-CoA reductase 2","220615_s_at",0.285,0.00861613,-2.87,-4.27097,-2.76,"fatty acyl-CoA reductase 2"
"356","FASN","212218_s_at",0.0118,0.00459,-2.87,-3.4978154,-0.602,"fatty acid synthase","212218_s_at",0.139,0.00030111,-4.24,-0.99986,-1.77,"fatty acid synthase"
"357","FAT3","236029_at",4.02e-11,5.26e-12,-7.43,16.3887307,-1.51,"FAT atypical cadherin 3","236029_at",0.213,0.0022223,-3.43,-2.96704,-1.32,"FAT atypical cadherin 3"
"358","FAXDC2","48031_r_at",9.93e-11,1.36e-11,-7.26,15.4505722,-0.658,"fatty acid hydroxylase domain containing 2","48031_r_at",0.159,0.00054304,-4,-1.58427,-0.76,"fatty acid hydroxylase domain containing 2"
"359","FBP1","209696_at",2.05e-09,3.27e-10,-6.68,12.3261119,-1.51,"fructose-bisphosphatase 1","209696_at",0.246,0.00413937,-3.18,-3.56944,-2.09,"fructose-bisphosphatase 1"
"360","FBXL19","228277_at",5.39e-17,3.67e-18,9.78,30.4057388,0.941,"F-box and leucine rich repeat protein 19","228277_at",0.27,0.00710681,2.95,-4.0877,0.668,"F-box and leucine rich repeat protein 19"
"361","FBXO32","241763_s_at",2.36e-06,5.39e-07,-5.21,5.0955566,-0.83,"F-box protein 32","225803_at",0.452,0.0358444,-2.23,-5.59729,-0.659,"F-box protein 32"
"362","FBXO45","225100_at",1.05e-38,6.15e-41,17.9,82.5537366,4.24,"F-box protein 45","225100_at",0.497,0.04690158,2.1,-5.83943,0.875,"F-box protein 45"
"363","FBXO5","218875_s_at",7.47e-19,4.15e-20,10.5,34.851863,1.6,"F-box protein 5","234863_x_at",0.394,0.02331066,2.43,-5.20365,0.661,"F-box protein 5"
"364","FCER1G","1554899_s_at",0.000294,8.82e-05,4.02,0.1944203,0.888,"Fc fragment of IgE receptor Ig","204232_at",0.346,0.01570632,2.61,-4.83688,1.11,"Fc fragment of IgE receptor Ig"
"365","FCHSD1","226698_at",8.65e-54,6.64e-57,24.3,119.0807072,5.36,"FCH and double SH3 domains 1","226698_at",0.245,0.00409041,3.18,-3.55797,1.25,"FCH and double SH3 domains 1"
"366","FGD6","219901_at",1.89e-06,4.27e-07,5.26,5.3207657,0.631,"FYVE, RhoGEF and PH domain containing 6","1555137_a_at",0.461,0.03822772,2.2,-5.65556,0.957,"FYVE, RhoGEF and PH domain containing 6"
"367","FGF14-AS2","230351_at",2.88e-16,2.13e-17,-9.5,28.6639707,-1.42,"FGF14 antisense RNA 2","243225_at",0.212,0.0020805,-3.46,-2.90286,-0.614,"FGF14 antisense RNA 2"
"368","FGF2","204422_s_at",5.6e-24,1.75e-25,-12.4,47.1481676,-1.24,"fibroblast growth factor 2","204422_s_at",0.277,0.0077044,-2.92,-4.16463,-1.13,"fibroblast growth factor 2"
"369","FGFBP2","223836_at",1.87e-25,4.92e-27,-12.9,50.7005547,-3.09,"fibroblast growth factor binding protein 2","223836_at",0.491,0.04544136,-2.11,-5.81112,-1.22,"fibroblast growth factor binding protein 2"
"370","FHL1","201540_at",2.11e-17,1.38e-18,-9.93,31.3782255,-0.823,"four and a half LIM domains 1","210299_s_at",0.496,0.04664418,-2.1,-5.83451,-0.864,"four and a half LIM domains 1"
"371","FIBIN","226769_at",3.47e-17,2.31e-18,-9.85,30.8641563,-1.75,"fin bud initiation factor homolog (zebrafish)","231001_at",0.477,0.04173666,-2.15,-5.73475,-0.705,"fin bud initiation factor homolog (zebrafish)"
"372","FIGN","239710_at",2.23e-11,2.83e-12,-7.54,17.000009,-0.901,"fidgetin, microtubule severing factor","239710_at",0.25,0.00459437,-3.13,-3.66984,-1.05,"fidgetin, microtubule severing factor"
"373","FILIP1","1570515_a_at",3.38e-08,6.21e-09,-6.12,9.4434102,-0.62,"filamin A interacting protein 1","1556325_at",0.471,0.04053447,-2.17,-5.70843,-0.716,"filamin A interacting protein 1"
"374","FMO2","228268_at",0.0529,0.0237,2.28,-4.9640467,0.692,"flavin containing monooxygenase 2","228268_at",0.485,0.04390782,-2.13,-5.78033,-1.17,"flavin containing monooxygenase 2"
"375","FMO5","215300_s_at",5.29e-11,7.02e-12,-7.38,16.1050468,-1.14,"flavin containing monooxygenase 5","215300_s_at",0.376,0.02026543,-2.49,-5.07416,-1.12,"flavin containing monooxygenase 5"
"376","FNBP1L","215017_s_at",4.66e-24,1.45e-25,-12.4,47.3392658,-0.933,"formin binding protein 1 like","215017_s_at",0.266,0.00678977,-2.97,-4.04415,-0.772,"formin binding protein 1 like"
"377","FOLR1","204437_s_at",1.41e-11,1.75e-12,-7.62,17.4747626,-1.58,"folate receptor 1","204437_s_at",0.5,0.04816631,-2.09,-5.86321,-0.899,"folate receptor 1"
"378","FOS","209189_at",0.0793,0.0372,-2.1,-5.3539384,-0.649,"Fos proto-oncogene, AP-1 transcription factor subunit","209189_at",0.413,0.02707565,2.36,-5.3414,1.79,"Fos proto-oncogene, AP-1 transcription factor subunit"
"379","FOSB","202768_at",0.0171,0.00686,2.74,-3.8617884,0.838,"FosB proto-oncogene, AP-1 transcription factor subunit","202768_at",0.314,0.01196412,2.73,-4.58149,1.95,"FosB proto-oncogene, AP-1 transcription factor subunit"
"380","FOSL1","204420_at",3.78e-38,2.37e-40,17.7,81.2095924,4.1,"FOS like 1, AP-1 transcription factor subunit","204420_at",0.353,0.01671522,2.58,-4.89502,1.61,"FOS like 1, AP-1 transcription factor subunit"
"381","FOSL2","218880_at",6.54e-32,7.92e-34,15.3,66.2632972,2.45,"FOS like 2, AP-1 transcription factor subunit","218880_at",0.438,0.03177893,2.28,-5.48786,0.824,"FOS like 2, AP-1 transcription factor subunit"
"382","FOXC1","1553613_s_at",1.01e-18,5.72e-20,-10.4,34.5346794,-1.43,"forkhead box C1","213260_at",0.313,0.01182669,-2.73,-4.5706,-1.03,"forkhead box C1"
"383","FOXD1","206307_s_at",4.11e-09,6.78e-10,-6.55,11.6122878,-0.897,"forkhead box D1","206307_s_at",0.293,0.00946457,-2.83,-4.36007,-0.733,"forkhead box D1"
"384","FOXM1","202580_x_at",3.82e-27,8.44e-29,13.6,54.7451677,2.3,"forkhead box M1","202580_x_at",0.167,0.00069205,3.91,-1.8237,1.33,"forkhead box M1"
"385","FPR1","205119_s_at",2.78e-05,7.23e-06,4.63,2.5870448,0.758,"formyl peptide receptor 1","205119_s_at",0.465,0.03892425,2.19,-5.67187,0.938,"formyl peptide receptor 1"
"386","FPR3","230422_at",1.37e-11,1.7e-12,7.62,17.5045316,1.52,"formyl peptide receptor 3","230422_at",0.414,0.02711743,2.36,-5.34282,1.45,"formyl peptide receptor 3"
"387","FRMD3","229893_at",4.8e-11,6.34e-12,-7.39,16.2056941,-1.37,"FERM domain containing 3","229893_at",0.374,0.02006812,-2.5,-5.06509,-0.638,"FERM domain containing 3"
"388","FSCN1","201564_s_at",2.03e-21,8.45e-23,11.4,41.0067964,0.813,"fascin actin-bundling protein 1","201564_s_at",0.258,0.00569152,3.04,-3.87541,0.647,"fascin actin-bundling protein 1"
"389","FST","207345_at",1.3e-14,1.15e-15,-8.85,24.71553,-0.833,"follistatin","204948_s_at",0.23,0.00289603,-3.33,-3.2242,-1.22,"follistatin"
"390","FUT2","210608_s_at",2.61e-46,6.21e-49,21,100.8591961,2.88,"fucosyltransferase 2","210608_s_at",0.377,0.02044581,2.49,-5.08238,0.798,"fucosyltransferase 2"
"391","FXYD1","205384_at",6.84e-15,5.86e-16,-8.96,25.3803219,-1.47,"FXYD domain containing ion transport regulator 1","205384_at",0.249,0.00446716,-3.15,-3.64283,-1.16,"FXYD domain containing ion transport regulator 1"
"392","FXYD6","217897_at",2.8e-20,1.33e-21,-11,38.2700265,-1.75,"FXYD domain containing ion transport regulator 6","217897_at",0.27,0.00707242,-2.95,-4.08307,-0.862,"FXYD domain containing ion transport regulator 6"
"393","FYB","227266_s_at",3.27e-10,4.77e-11,7.03,14.2192477,1.42,"FYN binding protein","211795_s_at",0.367,0.01875233,2.53,-5.00212,1.06,"FYN binding protein"
"394","FZD4","224337_s_at",0.000325,9.8e-05,-3.99,0.0940581,-0.688,"frizzled class receptor 4","218665_at",0.201,0.00149135,-3.6,-2.57792,-1.13,"frizzled class receptor 4"
"395","FZD7","203706_s_at",2.05e-30,2.98e-32,-14.8,62.6520813,-1.07,"frizzled class receptor 7","203706_s_at",0.325,0.01325862,-2.68,-4.67813,-0.596,"frizzled class receptor 7"
"396","G0S2","213524_s_at",0.00019,5.55e-05,-4.14,0.6354106,-0.867,"G0/G1 switch 2","213524_s_at",0.371,0.01936369,-2.51,-5.03193,-1.71,"G0/G1 switch 2"
"397","GABARAPL1","208869_s_at",6.65e-29,1.17e-30,-14.2,58.9976854,-0.713,"GABA type A receptor associated protein like 1","208869_s_at",0.242,0.00383472,-3.21,-3.49572,-0.756,"GABA type A receptor associated protein like 1"
"398","GABARAPL3","211458_s_at",3.54e-30,5.3e-32,-14.7,62.0811141,-0.756,"GABA type A receptor associated protein like 3 pseudogene///GABA type A receptor associated protein like 1","211458_s_at",0.255,0.00493067,-3.1,-3.73775,-0.71,"GABA type A receptor associated protein like 3 pseudogene///GABA type A receptor associated protein like 1"
"399","GAL","207466_at",3.81e-10,5.61e-11,-7.01,14.0595277,-1.9,"galanin and GMAP prepropeptide","207466_at",0.423,0.02895684,-2.33,-5.40294,-1.27,"galanin and GMAP prepropeptide"
"400","GALNT15","239461_at",7.25e-10,1.1e-10,-6.88,13.3955776,-1.38,"polypeptide N-acetylgalactosaminyltransferase 15","239461_at",0.5,0.04807037,-2.09,-5.86143,-0.844,"polypeptide N-acetylgalactosaminyltransferase 15"
"401","GALNT6","219956_at",5.38e-42,2.04e-44,19.2,90.5220842,3.64,"polypeptide N-acetylgalactosaminyltransferase 6","219956_at",0.322,0.01286733,2.69,-4.64998,1.76,"polypeptide N-acetylgalactosaminyltransferase 6"
"402","GAPVD1","214869_x_at",1.37e-25,3.56e-27,13,51.0241057,1.11,"GTPase activating protein and VPS9 domains 1","214869_x_at",0.278,0.00785993,2.91,-4.18365,0.725,"GTPase activating protein and VPS9 domains 1"
"403","GAS2","205848_at",7.6e-13,8.18e-14,-8.14,20.4966386,-0.949,"growth arrest specific 2","205848_at",0.416,0.02761067,-2.35,-5.35935,-0.97,"growth arrest specific 2"
"404","GATA6","210002_at",6.81e-19,3.77e-20,-10.5,34.9472028,-1.78,"GATA binding protein 6","210002_at",0.196,0.0013468,-3.64,-2.47815,-1.49,"GATA binding protein 6"
"405","GATB","233593_at",4.07e-35,3.55e-37,16.6,73.9367415,3.07,"glutamyl-tRNA amidotransferase subunit B","204300_at",0.416,0.02762414,2.35,-5.35979,0.918,"glutamyl-tRNA amidotransferase subunit B"
"406","GBP1","202269_x_at",4.65e-36,3.66e-38,16.9,76.1970613,3.23,"guanylate binding protein 1","231577_s_at",0.294,0.0098067,2.81,-4.3937,0.707,"guanylate binding protein 1"
"407","GCLM","203925_at",8.31e-07,1.79e-07,5.45,6.1624367,0.963,"glutamate-cysteine ligase modifier subunit","236140_at",0.363,0.0182246,-2.54,-4.97557,-0.62,"glutamate-cysteine ligase modifier subunit"
"408","GDPD3","219722_s_at",3.84e-42,1.41e-44,19.3,90.8917737,2.31,"glycerophosphodiester phosphodiesterase domain containing 3","219722_s_at",0.42,0.02820054,2.34,-5.37872,0.866,"glycerophosphodiester phosphodiesterase domain containing 3"
"409","GFRA1","230163_at",3.63e-08,6.67e-09,-6.11,9.3724415,-0.838,"GDNF family receptor alpha 1","227550_at",0.245,0.00408752,-3.18,-3.55729,-0.841,"GDNF family receptor alpha 1"
"410","GFRA3","229936_at",1.44e-09,2.25e-10,-6.75,12.6934633,-0.703,"GDNF family receptor alpha 3","229936_at",0.384,0.02140918,-2.47,-5.12502,-0.995,"GDNF family receptor alpha 3"
"411","GHR","205498_at",7.42e-09,1.26e-09,-6.43,11.0056691,-0.669,"growth hormone receptor","205498_at",0.264,0.0065015,-2.99,-4.00272,-1.03,"growth hormone receptor"
"412","GIMAP1","1552318_at",3.06e-06,7.08e-07,-5.15,4.8300484,-0.603,"GTPase, IMAP family member 1","236583_at",0.177,0.00086039,-3.82,-2.03822,-0.899,"GTPase, IMAP family member 1"
"413","GJB2","223278_at",1.31e-52,1.15e-55,23.7,116.2494531,1.86,"gap junction protein beta 2","223278_at",0.293,0.00950769,2.83,-4.36437,1.14,"gap junction protein beta 2"
"414","GKAP1","234192_s_at",4.66e-10,6.93e-11,-6.97,13.8518053,-1.26,"G kinase anchoring protein 1","234192_s_at",0.255,0.00489538,-3.11,-3.73085,-0.845,"G kinase anchoring protein 1"
"415","GLDC","204836_at",2.17e-10,3.1e-11,-7.11,14.6413499,-2.71,"glycine decarboxylase","204836_at",0.49,0.04499497,-2.12,-5.80227,-1.74,"glycine decarboxylase"
"416","GLRB","205280_at",2.44e-13,2.5e-14,-8.34,21.6671245,-1.44,"glycine receptor beta","205280_at",0.264,0.00652312,-2.99,-4.00589,-1.16,"glycine receptor beta"
"417","GMFB","202543_s_at",1.45e-29,2.34e-31,14.5,60.6044862,2.44,"glia maturation factor beta","202543_s_at",0.444,0.03360122,2.26,-5.53862,0.728,"glia maturation factor beta"
"418","GNA15","205349_at",2.18e-33,2.29e-35,15.9,69.790652,2.22,"G protein subunit alpha 15","205349_at",0.293,0.00952826,2.82,-4.36642,1.05,"G protein subunit alpha 15"
"419","GOLGA2P10","223326_s_at",4.09e-08,7.57e-09,6.09,9.2492005,0.712,"golgin A2 pseudogene 10","223326_s_at",0.423,0.02893654,2.33,-5.4023,0.656,"golgin A2 pseudogene 10"
"420","GOSR2","210009_s_at",8.36e-18,5.16e-19,10.1,32.3512425,1.99,"golgi SNAP receptor complex member 2","243880_at",0.243,0.00388927,-3.2,-3.50935,-1.36,"golgi SNAP receptor complex member 2"
"421","GPAM","225424_at",7.02e-05,1.93e-05,-4.4,1.6447378,-1.09,"glycerol-3-phosphate acyltransferase, mitochondrial","225424_at",0.285,0.00866382,-2.87,-4.27622,-1.85,"glycerol-3-phosphate acyltransferase, mitochondrial"
"422","GPAT3","224480_s_at",2.07e-21,8.61e-23,11.4,40.9888227,1.83,"glycerol-3-phosphate acyltransferase 3","224480_s_at",0.384,0.02154296,2.46,-5.13079,0.981,"glycerol-3-phosphate acyltransferase 3"
"423","GPC4","204984_at",8.6e-30,1.36e-31,-14.5,61.1447752,-2.13,"glypican 4","204984_at",0.281,0.00820418,-2.89,-4.22442,-1.07,"glypican 4"
"424","GPC6","227059_at",9.69e-20,4.86e-21,-10.8,36.9819465,-2,"glypican 6","223730_at",0.329,0.01364108,-2.67,-4.70483,-0.858,"glypican 6"
"425","GPD1","204997_at",2.56e-09,4.13e-10,-6.64,12.0974068,-1.16,"glycerol-3-phosphate dehydrogenase 1","204997_at",0.201,0.00144869,-3.61,-2.54953,-2.33,"glycerol-3-phosphate dehydrogenase 1"
"426","GPD1L","212510_at",9.42e-32,1.18e-33,-15.3,65.8682068,-0.864,"glycerol-3-phosphate dehydrogenase 1-like","212510_at",0.195,0.00123381,-3.67,-2.39229,-0.719,"glycerol-3-phosphate dehydrogenase 1-like"
"427","GPIHBP1","238062_at",3.86e-12,4.5e-13,-7.85,18.8132173,-1.54,"glycosylphosphatidylinositol anchored high density lipoprotein binding protein 1","238062_at",0.195,0.00121024,-3.68,-2.37338,-2.21,"glycosylphosphatidylinositol anchored high density lipoprotein binding protein 1"
"428","GPLD1","206265_s_at",1.78e-24,5.32e-26,12.6,48.332984,2.76,"glycosylphosphatidylinositol specific phospholipase D1","215554_at",0.422,0.02872204,-2.33,-5.39549,-1.14,"glycosylphosphatidylinositol specific phospholipase D1"
"429","GPR146","228770_at",3.3e-20,1.57e-21,-11,38.1012826,-1.26,"G protein-coupled receptor 146","228770_at",0.28,0.0081169,-2.89,-4.21425,-0.803,"G protein-coupled receptor 146"
"430","GPR171","207651_at",2.75e-09,4.46e-10,6.63,12.0236506,1.55,"G protein-coupled receptor 171","207651_at",0.139,0.0003135,4.22,-1.0399,1.32,"G protein-coupled receptor 171"
"431","GPR183","205419_at",2.32e-20,1.09e-21,11,38.4680056,1.88,"G protein-coupled receptor 183","205419_at",0.207,0.00182063,3.52,-2.7728,1.68,"G protein-coupled receptor 183"
"432","GPR68","229055_at",2.96e-44,9.19e-47,20.2,95.8929903,2.4,"G protein-coupled receptor 68","229055_at",0.139,0.00030339,4.24,-1.00735,1.26,"G protein-coupled receptor 68"
"433","GPRASP1","204793_at",1.81e-13,1.83e-14,-8.39,21.9764005,-1.51,"G protein-coupled receptor associated sorting protein 1","204793_at",0.25,0.00452319,-3.14,-3.65482,-1.27,"G protein-coupled receptor associated sorting protein 1"
"434","GPRC5B","225511_at",6.66e-13,7.12e-14,-8.17,20.633782,-0.871,"G protein-coupled receptor class C group 5 member B","203632_s_at",0.325,0.01320132,-2.68,-4.67406,-0.745,"G protein-coupled receptor class C group 5 member B"
"435","GPSM2","233058_at",3.75e-05,9.94e-06,4.56,2.2805617,0.809,"G-protein signaling modulator 2","205240_at",0.264,0.00654352,2.99,-4.00887,0.72,"G-protein signaling modulator 2"
"436","GPSM3","204265_s_at",1.43e-07,2.82e-08,5.83,7.9644015,0.734,"G-protein signaling modulator 3","204265_s_at",0.335,0.01457259,2.64,-4.76677,1.13,"G-protein signaling modulator 3"
"437","GPX4","201106_at",1.54e-11,1.93e-12,-7.6,17.3793021,-0.672,"glutathione peroxidase 4","201106_at",0.247,0.00420252,-3.17,-3.58403,-0.6,"glutathione peroxidase 4"
"438","GRHL3","232116_at",1.69e-36,1.26e-38,17.1,77.2594812,2.56,"grainyhead like transcription factor 3","232116_at",0.39,0.02256863,2.44,-5.17378,1.18,"grainyhead like transcription factor 3"
"439","GRIA2","236538_at",1.47e-05,3.7e-06,-4.79,3.2325582,-0.643,"glutamate ionotropic receptor AMPA type subunit 2","236538_at",0.5,0.04797249,-2.09,-5.85961,-1.41,"glutamate ionotropic receptor AMPA type subunit 2"
"440","GSDMC","234305_s_at",4.71e-17,3.19e-18,9.8,30.5463366,1.02,"gasdermin C","234305_s_at",0.264,0.00646699,2.99,-3.99763,1.05,"gasdermin C"
"441","GSPT2","205541_s_at",1.63e-06,3.64e-07,-5.3,5.4758886,-0.961,"G1 to S phase transition 2","205541_s_at",0.232,0.00295633,-3.32,-3.24417,-0.638,"G1 to S phase transition 2"
"442","GSTO2","229155_at",1.11e-12,1.22e-13,-8.08,20.1030069,-0.908,"glutathione S-transferase omega 2","229155_at",0.32,0.01263222,-2.7,-4.63264,-0.648,"glutathione S-transferase omega 2"
"443","GUSBP1","226947_at",5.23e-11,6.93e-12,7.38,16.1169702,0.825,"glucuronidase, beta pseudogene 1///glucuronidase, beta pseudogene 4","235888_at",0.441,0.03287388,-2.27,-5.51871,-0.897,"glucuronidase, beta pseudogene 1///glucuronidase, beta pseudogene 4"
"444","GXYLT2","235733_at",3.25e-07,6.69e-08,-5.65,7.1222272,-1.43,"glucoside xylosyltransferase 2","235733_at",0.331,0.01409742,-2.65,-4.7357,-0.722,"glucoside xylosyltransferase 2"
"445","GYG2","210964_s_at",1.59e-05,4.02e-06,-4.77,3.1522605,-1.02,"glycogenin 2","210964_s_at",0.41,0.02660331,-2.37,-5.32525,-1.48,"glycogenin 2"
"446","GZMA","205488_at",7.07e-19,3.92e-20,10.5,34.908654,2.68,"granzyme A","205488_at",0.475,0.04127027,2.16,-5.72464,1.34,"granzyme A"
"447","GZMB","210164_at",5.48e-58,2.61e-61,26.2,129.1372838,5.92,"granzyme B","210164_at",0.264,0.00647747,2.99,-3.99918,2.25,"granzyme B"
"448","H2AFJ","228213_at",2.76e-17,1.82e-18,-9.89,31.102,-0.785,"H2A histone family member J","228213_at",0.135,0.00022958,-4.35,-0.73015,-0.662,"H2A histone family member J"
"449","H2AFX","213344_s_at",3.71e-32,4.39e-34,15.4,66.8509721,1.58,"H2A histone family member X","205436_s_at",0.184,0.00092855,3.79,-2.11322,0.705,"H2A histone family member X"
"450","HACL1","223211_at",2.79e-13,2.88e-14,-8.32,21.528007,-0.738,"2-hydroxyacyl-CoA lyase 1","223211_at",0.161,0.00057699,-3.98,-1.64421,-1.05,"2-hydroxyacyl-CoA lyase 1"
"451","HAL","217521_at",2.28e-23,7.57e-25,12.2,45.6926871,2.11,"histidine ammonia-lyase","206643_at",0.388,0.02231655,2.45,-5.16341,1.39,"histidine ammonia-lyase"
"452","HAO2","231156_at",6.62e-09,1.12e-09,-6.45,11.1236182,-2,"hydroxyacid oxidase 2","231156_at",0.283,0.00842057,-2.88,-4.24917,-2.09,"hydroxyacid oxidase 2"
"453","HAS3","223541_at",1.09e-32,1.2e-34,15.6,68.1378763,4.11,"hyaluronan synthase 3","223541_at",0.357,0.01731757,2.56,-4.92804,1.64,"hyaluronan synthase 3"
"454","HCK","208018_s_at",5.37e-10,8.05e-11,6.94,13.704585,0.791,"HCK proto-oncogene, Src family tyrosine kinase","208018_s_at",0.191,0.00112043,3.71,-2.29775,1.14,"HCK proto-oncogene, Src family tyrosine kinase"
"455","HCLS1","202957_at",3.61e-10,5.3e-11,7.02,14.1147464,0.815,"hematopoietic cell-specific Lyn substrate 1","202957_at",0.389,0.02242498,2.44,-5.16789,0.793,"hematopoietic cell-specific Lyn substrate 1"
"456","HEATR3","1554478_a_at",2.76e-19,1.46e-20,10.6,35.8923803,1.58,"HEAT repeat containing 3","1554478_a_at",0.473,0.04101593,2.16,-5.71907,0.886,"HEAT repeat containing 3"
"457","HELLS","223556_at",2.83e-28,5.41e-30,14,57.4788526,2.45,"helicase, lymphoid-specific","220085_at",0.488,0.04459538,2.12,-5.79427,1.07,"helicase, lymphoid-specific"
"458","HERC6","219352_at",6.97e-47,1.54e-49,21.2,102.2433456,4.04,"HECT and RLD domain containing E3 ubiquitin protein ligase family member 6","219352_at",0.407,0.02591189,2.38,-5.30106,1.37,"HECT and RLD domain containing E3 ubiquitin protein ligase family member 6"
"459","HES2","231928_at",2.82e-12,3.24e-13,7.91,19.1382575,1.22,"hes family bHLH transcription factor 2","231928_at",0.479,0.04201496,2.15,-5.74073,0.592,"hes family bHLH transcription factor 2"
"460","HEY2","219743_at",6.55e-06,1.58e-06,-4.98,4.0551083,-0.938,"hes related family bHLH transcription factor with YRPW motif 2","219743_at",0.503,0.04870147,-2.08,-5.87308,-0.709,"hes related family bHLH transcription factor with YRPW motif 2"
"461","HGD","205221_at",2.81e-07,5.73e-08,-5.68,7.2737645,-1.38,"homogentisate 1,2-dioxygenase","205221_at",0.45,0.03550164,-2.23,-5.58858,-1.5,"homogentisate 1,2-dioxygenase"
"462","HIBADH","224812_at",1.11e-34,1.01e-36,-16.4,72.8937768,-0.807,"3-hydroxyisobutyrate dehydrogenase","224812_at",0.211,0.00195658,-3.49,-2.84303,-0.805,"3-hydroxyisobutyrate dehydrogenase"
"463","HIF3A","222123_s_at",4.55e-10,6.75e-11,-6.97,13.8773401,-1.1,"hypoxia inducible factor 3 alpha subunit","219319_at",0.475,0.04144295,-2.16,-5.7284,-0.631,"hypoxia inducible factor 3 alpha subunit"
"464","HJURP","218726_at",3.79e-20,1.82e-21,11,37.9559651,1.5,"Holliday junction recognition protein","218726_at",0.28,0.00801335,2.9,-4.20204,0.692,"Holliday junction recognition protein"
"465","HLA-DOB","205671_s_at",2.7e-08,4.9e-09,6.17,9.674474,1.03,"major histocompatibility complex, class II, DO beta","205671_s_at",0.27,0.00707241,2.95,-4.08307,0.886,"major histocompatibility complex, class II, DO beta"
"466","HLA-DPA1","213537_at",0.00412,0.00147,3.23,-2.4528491,0.882,"major histocompatibility complex, class II, DP alpha 1","213537_at",0.379,0.02079865,2.48,-5.09823,0.915,"major histocompatibility complex, class II, DP alpha 1"
"467","HLF","204754_at",1.75e-14,1.57e-15,-8.8,24.4078461,-1.02,"HLF, PAR bZIP transcription factor","204754_at",0.326,0.01338124,-2.68,-4.68677,-0.636,"HLF, PAR bZIP transcription factor"
"468","HMGCS1","205822_s_at",1.13e-09,1.75e-10,6.8,12.9401706,2.06,"3-hydroxy-3-methylglutaryl-CoA synthase 1","221750_at",0.429,0.03015403,-2.31,-5.43998,-0.855,"3-hydroxy-3-methylglutaryl-CoA synthase 1"
"469","HMGCS2","204607_at",8.87e-31,1.24e-32,-14.9,63.5276445,-3.84,"3-hydroxy-3-methylglutaryl-CoA synthase 2","204607_at",0.418,0.02795591,-2.34,-5.37073,-1.42,"3-hydroxy-3-methylglutaryl-CoA synthase 2"
"470","HMMR","209709_s_at",7.75e-30,1.21e-31,14.6,61.2552977,2.47,"hyaluronan mediated motility receptor","207165_at",0.36,0.01785762,2.55,-4.95664,1,"hyaluronan mediated motility receptor"
"471","HOMER2","217080_s_at",3.18e-07,6.54e-08,5.65,7.1451734,0.694,"homer scaffolding protein 2","1556097_at",0.44,0.03254555,-2.27,-5.50958,-0.613,"homer scaffolding protein 2"
"472","HOXA10","213150_at",4.66e-08,8.68e-09,-6.06,9.115434,-0.612,"homeobox A10","213150_at",0.449,0.03533363,-2.23,-5.58427,-0.766,"homeobox A10"
"473","HRASLS5","231050_at",6.62e-14,6.34e-15,-8.57,23.0246632,-1.63,"HRAS like suppressor family member 5","231050_at",0.304,0.01072991,-2.77,-4.47878,-1.06,"HRAS like suppressor family member 5"
"474","HRH1","205579_at",2.69e-05,6.98e-06,4.64,2.6210774,1.01,"histamine receptor H1","205579_at",0.347,0.01586523,2.6,-4.84629,1.11,"histamine receptor H1"
"475","HS3ST3A1","219985_at",5.38e-34,5.22e-36,16.1,71.2612788,2.7,"heparan sulfate-glucosamine 3-sulfotransferase 3A1","219985_at",0.27,0.00705567,2.95,-4.08081,0.915,"heparan sulfate-glucosamine 3-sulfotransferase 3A1"
"476","HS3ST3B1","227361_at",3.46e-18,2.05e-19,10.2,33.2668571,1.42,"heparan sulfate-glucosamine 3-sulfotransferase 3B1","227361_at",0.345,0.01564218,2.61,-4.83306,0.663,"heparan sulfate-glucosamine 3-sulfotransferase 3B1"
"477","HSD11B1","205404_at",7.29e-25,2.08e-26,-12.7,49.2682106,-4.64,"hydroxysteroid 11-beta dehydrogenase 1","205404_at",0.135,0.00018272,-4.44,-0.50268,-3.29,"hydroxysteroid 11-beta dehydrogenase 1"
"478","HSPB2-C11orf52","238805_at",9.03e-32,1.13e-33,-15.3,65.9122263,-2.47,"HSPB2-C11orf52 readthrough (NMD candidate)///chromosome 11 open reading frame 52///heat shock protein family B (small) member 2","238805_at",0.267,0.00682913,-2.97,-4.04967,-0.919,"HSPB2-C11orf52 readthrough (NMD candidate)///chromosome 11 open reading frame 52///heat shock protein family B (small) member 2"
"479","HSPB6","226304_at",1.37e-08,2.4e-09,-6.31,10.3736479,-1.28,"heat shock protein family B (small) member 6","214767_s_at",0.485,0.04392218,-2.13,-5.78062,-0.715,"heat shock protein family B (small) member 6"
"480","HSPB7","218934_s_at",3.44e-10,5.04e-11,-7.03,14.1652944,-1.3,"heat shock protein family B (small) member 7","218934_s_at",0.234,0.00302004,-3.31,-3.26483,-1.72,"heat shock protein family B (small) member 7"
"481","ICAM1","202638_s_at",3.08e-06,7.14e-07,5.15,4.8222868,0.885,"intercellular adhesion molecule 1","202637_s_at",0.394,0.02322273,2.43,-5.20016,0.774,"intercellular adhesion molecule 1"
"482","ID4","209291_at",1.75e-41,7.03e-44,-19,89.2914907,-0.854,"inhibitor of DNA binding 4, HLH protein","209291_at",0.263,0.00616932,-3.01,-3.95258,-0.762,"inhibitor of DNA binding 4, HLH protein"
"483","IDH1","242956_at",3.72e-11,4.85e-12,-7.44,16.4692419,-0.64,"isocitrate dehydrogenase (NADP(+)) 1, cytosolic","201193_at",0.242,0.00372331,-3.22,-3.46726,-0.717,"isocitrate dehydrogenase (NADP(+)) 1, cytosolic"
"484","IFI27","202411_at",1.93e-35,1.62e-37,16.7,74.719216,2.21,"interferon alpha inducible protein 27","202411_at",0.416,0.02777552,2.35,-5.3648,1.2,"interferon alpha inducible protein 27"
"485","IFI30","201422_at",7.98e-17,5.57e-18,9.71,29.9933642,0.862,"IFI30, lysosomal thiol reductase///phosphoinositide-3-kinase regulatory subunit 2","201422_at",0.395,0.02332089,2.43,-5.20405,0.912,"IFI30, lysosomal thiol reductase///phosphoinositide-3-kinase regulatory subunit 2"
"486","IFI35","209417_s_at",5.09e-08,9.53e-09,6.04,9.0241318,1.22,"interferon induced protein 35","209417_s_at",0.456,0.03684273,2.21,-5.62218,0.926,"interferon induced protein 35"
"487","IFI44","214059_at",6.89e-25,1.95e-26,12.7,49.3292942,2.38,"interferon induced protein 44","214059_at",0.333,0.01440134,2.64,-4.7557,1.54,"interferon induced protein 44"
"488","IFI6","204415_at",1.38e-35,1.13e-37,16.7,75.0758015,3.56,"interferon alpha inducible protein 6","204415_at",0.357,0.01731599,2.56,-4.92795,1.17,"interferon alpha inducible protein 6"
"489","IGFBP5","203425_s_at",1.84e-09,2.92e-10,-6.7,12.4389489,-1.28,"insulin like growth factor binding protein 5","211958_at",0.392,0.02298488,-2.43,-5.19066,-0.739,"insulin like growth factor binding protein 5"
"490","IGFL1","239430_at",1.91e-44,5.71e-47,20.2,96.3666637,5.54,"IGF like family member 1","239430_at",0.25,0.00460081,3.13,-3.67119,2.85,"IGF like family member 1"
"491","IKZF1","227346_at",3.28e-08,6e-09,6.13,9.4768725,1.08,"IKAROS family zinc finger 1","220704_at",0.303,0.01062909,2.78,-4.46986,1.22,"IKAROS family zinc finger 1"
"492","IL10RA","204912_at",6.06e-08,1.14e-08,6,8.8458177,0.886,"interleukin 10 receptor subunit alpha","204912_at",0.184,0.00094548,3.78,-2.13098,1.08,"interleukin 10 receptor subunit alpha"
"493","IL15","205992_s_at",1.93e-07,3.86e-08,5.76,7.6594788,0.894,"interleukin 15","205992_s_at",0.384,0.02145552,2.47,-5.12702,0.809,"interleukin 15"
"494","IL15RA","207375_s_at",1.24e-09,1.94e-10,6.78,12.8417273,0.856,"interleukin 15 receptor subunit alpha","207375_s_at",0.367,0.0187913,2.52,-5.00405,0.817,"interleukin 15 receptor subunit alpha"
"495","IL26","221111_at",7.54e-22,2.97e-23,11.6,42.0451753,1.86,"interleukin 26","221111_at",0.41,0.02649767,2.37,-5.3216,1.64,"interleukin 26"
"496","IL2RG","204116_at",1.54e-14,1.36e-15,8.82,24.5440794,1.77,"interleukin 2 receptor subunit gamma","204116_at",0.33,0.01386463,2.66,-4.72008,0.986,"interleukin 2 receptor subunit gamma"
"497","IL4R","203233_at",2.96e-32,3.46e-34,15.5,67.0872949,2.41,"interleukin 4 receptor","203233_at",0.14,0.00033355,4.2,-1.10145,1.03,"interleukin 4 receptor"
"498","IL7R","226218_at",4.23e-28,8.22e-30,13.9,57.0620116,2.34,"interleukin 7 receptor","226218_at",0.235,0.00310804,3.3,-3.29264,1.69,"interleukin 7 receptor"
"499","INHBB","205258_at",5.86e-22,2.28e-23,-11.6,42.3080683,-1.76,"inhibin beta B subunit","205258_at",0.336,0.01460124,-2.64,-4.76861,-0.954,"inhibin beta B subunit"
"500","INMT","224061_at",5.18e-17,3.52e-18,-9.78,30.447243,-1.56,"indolethylamine N-methyltransferase","224061_at",0.41,0.02668654,-2.37,-5.32812,-0.845,"indolethylamine N-methyltransferase"
"501","INS-IGF2","202409_at",6.42e-09,1.08e-09,-6.46,11.1540077,-1.29,"INS-IGF2 readthrough///insulin like growth factor 2","202409_at",0.479,0.0420936,-2.15,-5.74242,-1.08,"INS-IGF2 readthrough///insulin like growth factor 2"
"502","INSIG1","201626_at",1.22e-13,1.21e-14,-8.46,22.3871629,-0.783,"insulin induced gene 1","201626_at",0.204,0.0016815,-3.55,-2.6952,-1.41,"insulin induced gene 1"
"503","INSR","226450_at",6.56e-21,2.88e-22,-11.3,39.7871393,-0.678,"insulin receptor","226216_at",0.374,0.0200917,-2.49,-5.06618,-0.607,"insulin receptor"
"504","IPO5P1","227234_at",1.23e-08,2.13e-09,-6.33,10.488905,-0.699,"importin 5 pseudogene 1","227234_at",0.406,0.02586948,-2.38,-5.29956,-0.822,"importin 5 pseudogene 1"
"505","IQGAP3","229538_s_at",7.28e-14,7.01e-15,8.55,22.9248449,1.85,"IQ motif containing GTPase activating protein 3","229538_s_at",0.149,0.000426,4.1,-1.34406,0.924,"IQ motif containing GTPase activating protein 3"
"506","IRAK2","231779_at",1.07e-39,5.4e-42,18.3,84.9738358,2.12,"interleukin 1 receptor associated kinase 2","231779_at",0.447,0.03457396,2.24,-5.56455,0.82,"interleukin 1 receptor associated kinase 2"
"507","IRF1","238725_at",2.64e-28,5.02e-30,14,57.5523121,2.51,"interferon regulatory factor 1","238725_at",0.423,0.02905246,2.33,-5.40596,1.08,"interferon regulatory factor 1"
"508","IRF7","208436_s_at",5.02e-41,2.14e-43,18.9,88.184805,2.82,"interferon regulatory factor 7","208436_s_at",0.213,0.00225697,3.43,-2.9821,1.33,"interferon regulatory factor 7"
"509","IRF8","204057_at",2.26e-14,2.04e-15,8.76,24.1460128,1.08,"interferon regulatory factor 8","204057_at",0.201,0.00148381,3.6,-2.57296,1.13,"interferon regulatory factor 8"
"510","IRF9","203882_at",1.02e-33,1.03e-35,16,70.5893772,1.11,"interferon regulatory factor 9","203882_at",0.211,0.00197151,3.48,-2.85044,0.681,"interferon regulatory factor 9"
"511","IRS2","209184_s_at",1.15e-23,3.71e-25,-12.3,46.4027152,-1.03,"insulin receptor substrate 2","209185_s_at",0.255,0.0050734,-3.09,-3.76515,-0.653,"insulin receptor substrate 2"
"512","IRX1","230472_at",2.66e-11,3.41e-12,-7.5,16.8163309,-0.761,"iroquois homeobox 1","230472_at",0.287,0.00882062,-2.86,-4.29324,-0.75,"iroquois homeobox 1"
"513","ISG15","205483_s_at",7.68e-38,5.02e-40,17.6,80.4653435,4.01,"ISG15 ubiquitin-like modifier","205483_s_at",0.401,0.0243589,2.41,-5.2442,1.1,"ISG15 ubiquitin-like modifier"
"514","ISG20","204698_at",7.54e-39,4.33e-41,18,82.9021062,3.24,"interferon stimulated exonuclease gene 20","204698_at",0.293,0.00959584,2.82,-4.37312,0.878,"interferon stimulated exonuclease gene 20"
"515","ISM1","235182_at",1.96e-17,1.27e-18,-9.94,31.4613337,-0.946,"isthmin 1, angiogenesis inhibitor","235182_at",0.437,0.03172511,-2.28,-5.48632,-0.622,"isthmin 1, angiogenesis inhibitor"
"516","ITFG1","227191_at",1.62e-13,1.63e-14,-8.41,22.0901257,-0.79,"integrin alpha FG-GAP repeat containing 1","227191_at",0.135,0.00014995,-4.52,-0.30552,-0.697,"integrin alpha FG-GAP repeat containing 1"
"517","ITGA4","213416_at",4.19e-15,3.51e-16,9.04,25.886595,1.45,"integrin subunit alpha 4","213416_at",0.333,0.01440331,2.64,-4.75582,0.8,"integrin subunit alpha 4"
"518","ITGA7","209663_s_at",3.91e-10,5.77e-11,-7,14.0319919,-0.762,"integrin subunit alpha 7","216331_at",0.259,0.0057249,-3.04,-3.88102,-0.794,"integrin subunit alpha 7"
"519","ITGAL","213475_s_at",2.34e-15,1.91e-16,9.14,26.4922271,1.78,"integrin subunit alpha L","213475_s_at",0.273,0.00737369,2.93,-4.12284,0.718,"integrin subunit alpha L"
"520","ITGAM","205786_s_at",0.00372,0.00132,3.27,-2.3512353,0.738,"integrin subunit alpha M","205786_s_at",0.338,0.01487386,2.63,-4.78594,0.873,"integrin subunit alpha M"
"521","ITGAX","210184_at",7.96e-08,1.52e-08,5.95,8.5662596,0.745,"integrin subunit alpha X","210184_at",0.196,0.00129985,3.65,-2.44339,0.661,"integrin subunit alpha X"
"522","ITGB2-AS1","229041_s_at",2.62e-07,5.32e-08,5.7,7.3451986,1.15,"ITGB2 antisense RNA 1","229041_s_at",0.341,0.0150847,2.62,-4.79911,0.63,"ITGB2 antisense RNA 1"
"523","ITK","211339_s_at",2.09e-15,1.69e-16,9.16,26.6089172,1.64,"IL2 inducible T-cell kinase","211339_s_at",0.211,0.00200618,3.48,-2.86743,1.57,"IL2 inducible T-cell kinase"
"524","ITM2A","202746_at",1.46e-31,1.86e-33,-15.2,65.414959,-1.31,"integral membrane protein 2A","202746_at",0.264,0.00627151,-3,-3.96829,-0.789,"integral membrane protein 2A"
"525","ITPR1","211323_s_at",3.86e-09,6.35e-10,-6.56,11.6757346,-0.969,"inositol 1,4,5-trisphosphate receptor type 1","203710_at",0.412,0.02687105,-2.36,-5.33444,-0.664,"inositol 1,4,5-trisphosphate receptor type 1"
"526","JADE1","225816_at",4.79e-37,3.41e-39,-17.3,78.556969,-1.48,"jade family PHD finger 1","218517_at",0.211,0.00197027,-3.48,-2.84983,-0.884,"jade family PHD finger 1"
"527","JAK3","227677_at",2.54e-15,2.08e-16,9.13,26.4068267,1.34,"Janus kinase 3","227677_at",0.174,0.00081184,3.84,-1.98104,1.23,"Janus kinase 3"
"528","JAML","228094_at",2.86e-07,5.83e-08,5.68,7.2563888,0.938,"junction adhesion molecule like","228094_at",0.288,0.00888513,2.85,-4.30016,0.844,"junction adhesion molecule like"
"529","KANK2","218418_s_at",1.38e-17,8.8e-19,-10,31.8230767,-0.95,"KN motif and ankyrin repeat domains 2","218418_s_at",0.376,0.02032977,-2.49,-5.0771,-0.616,"KN motif and ankyrin repeat domains 2"
"530","KCNAB1","210471_s_at",9.63e-14,9.42e-15,-8.5,22.6327466,-1.26,"potassium voltage-gated channel subfamily A member regulatory beta subunit 1","210078_s_at",0.381,0.02115723,-2.47,-5.11406,-0.779,"potassium voltage-gated channel subfamily A member regulatory beta subunit 1"
"531","KCNIP2","223727_at",5.78e-09,9.68e-10,-6.48,11.263422,-1.19,"potassium voltage-gated channel interacting protein 2","223727_at",0.4,0.02424187,-2.41,-5.23976,-0.81,"potassium voltage-gated channel interacting protein 2"
"532","KCNJ2","206765_at",4.74e-19,2.57e-20,10.6,35.3284291,0.849,"potassium voltage-gated channel subfamily J member 2","206765_at",0.32,0.01266799,2.7,-4.6353,0.748,"potassium voltage-gated channel subfamily J member 2"
"533","KCNK6","223658_at",1.08e-36,7.87e-39,17.2,77.7265035,1.48,"potassium two pore domain channel subfamily K member 6","223658_at",0.243,0.00388329,3.2,-3.50786,0.939,"potassium two pore domain channel subfamily K member 6"
"534","KCTD11","235857_at",8.44e-19,4.73e-20,10.5,34.7229032,1.1,"potassium channel tetramerization domain containing 11","235857_at",0.42,0.0282223,2.34,-5.37942,0.951,"potassium channel tetramerization domain containing 11"
"535","KDM7A","225142_at",2.45e-30,3.61e-32,14.8,62.4638435,2.59,"lysine demethylase 7A","225142_at",0.324,0.01312184,2.68,-4.66839,1.2,"lysine demethylase 7A"
"536","KIAA0101","202503_s_at",1.17e-35,9.46e-38,16.8,75.2519191,2.47,"KIAA0101","202503_s_at",0.392,0.02302241,2.43,-5.19217,1.02,"KIAA0101"
"537","KIAA0226L","219471_at",2.84e-08,5.17e-09,6.16,9.6231209,0.986,"KIAA0226 like","219471_at",0.211,0.00195307,3.49,-2.84128,0.79,"KIAA0226 like"
"538","KIAA0368","236368_at",3.74e-07,7.76e-08,-5.62,6.9787961,-0.977,"KIAA0368","212427_at",0.277,0.00770314,-2.92,-4.16447,-0.758,"KIAA0368"
"539","KIAA1217","1554438_at",2.2e-25,5.83e-27,12.9,50.5322269,0.865,"KIAA1217","1554438_at",0.331,0.014005,2.66,-4.72953,0.626,"KIAA1217"
"540","KIAA1324","226248_s_at",6.78e-16,5.22e-17,-9.35,27.7759259,-2.11,"KIAA1324","221874_at",0.455,0.03651439,-2.22,-5.61407,-1.05,"KIAA1324"
"541","KIAA1462","213316_at",3.32e-10,4.85e-11,-7.03,14.2032178,-0.645,"KIAA1462","231841_s_at",0.465,0.03903055,-2.19,-5.67433,-0.697,"KIAA1462"
"542","KIAA2022","244370_at",5.48e-10,8.22e-11,-6.94,13.6842513,-1.23,"KIAA2022","244370_at",0.213,0.00220112,-3.44,-2.95772,-1.03,"KIAA2022"
"543","KIF11","204444_at",1.03e-28,1.87e-30,14.1,58.534973,1.39,"kinesin family member 11","204444_at",0.398,0.02388524,2.42,-5.2261,0.813,"kinesin family member 11"
"544","KIF14","236641_at",4.26e-32,5.05e-34,15.4,66.7105503,2.49,"kinesin family member 14","236641_at",0.229,0.00283745,3.33,-3.20439,1.15,"kinesin family member 14"
"545","KIF15","219306_at",3.14e-17,2.08e-18,9.86,30.967197,1.36,"kinesin family member 15","219306_at",0.323,0.01294144,2.69,-4.65538,0.811,"kinesin family member 15"
"546","KIF18B","222039_at",5.38e-30,8.3e-32,14.6,61.6341949,1.89,"kinesin family member 18B","222039_at",0.236,0.00331957,3.27,-3.35636,0.767,"kinesin family member 18B"
"547","KIF20A","218755_at",2.72e-39,1.48e-41,18.2,83.9735906,3.28,"kinesin family member 20A","218755_at",0.229,0.00277125,3.34,-3.1815,1.41,"kinesin family member 20A"
"548","KIF23","204709_s_at",7.82e-28,1.58e-29,13.8,56.4127999,2.19,"kinesin family member 23","204709_s_at",0.195,0.00120869,3.68,-2.37213,1.22,"kinesin family member 23"
"549","KIF2C","209408_at",7.26e-28,1.46e-29,13.8,56.4913697,1.66,"kinesin family member 2C","209408_at",0.316,0.01214809,2.72,-4.59586,0.979,"kinesin family member 2C"
"550","KIF4A","218355_at",1.07e-26,2.49e-28,13.4,53.6690348,2.86,"kinesin family member 4A","218355_at",0.209,0.00185702,3.51,-2.79211,1.59,"kinesin family member 4A"
"551","KLB","235708_at",2.73e-07,5.55e-08,-5.69,7.3040942,-1.12,"klotho beta","244276_at",0.212,0.0020757,-3.46,-2.90061,-1.63,"klotho beta"
"552","KLHL31","239398_at",3.31e-09,5.4e-10,-6.59,11.8350022,-1,"kelch like family member 31","239398_at",0.292,0.00940777,-2.83,-4.35436,-0.91,"kelch like family member 31"
"553","KLHL5","220682_s_at",4.38e-19,2.36e-20,10.6,35.4122054,1.17,"kelch like family member 5","233866_at",0.373,0.01976267,2.5,-5.05086,0.914,"kelch like family member 5"
"554","KLK10","215808_at",9.53e-40,4.79e-42,18.4,85.0916369,4.41,"kallikrein related peptidase 10","215808_at",0.489,0.0446987,2.12,-5.79635,1.16,"kallikrein related peptidase 10"
"555","KLRC4-KLRK1","205821_at",0.00318,0.00112,3.32,-2.1975856,0.758,"KLRC4-KLRK1 readthrough///killer cell lectin like receptor K1","205821_at",0.305,0.01075629,2.77,-4.4811,0.631,"KLRC4-KLRK1 readthrough///killer cell lectin like receptor K1"
"556","KNL1","228323_at",3.3e-23,1.11e-24,12.1,45.3095104,2.28,"kinetochore scaffold 1","228323_at",0.212,0.00207102,3.46,-2.89841,1.55,"kinetochore scaffold 1"
"557","KPNA2","211762_s_at",5.58e-43,1.95e-45,19.6,92.8560403,1.39,"karyopherin subunit alpha 2","211762_s_at",0.26,0.00582088,3.03,-3.89694,0.69,"karyopherin subunit alpha 2"
"558","KPNA3","221503_s_at",2.93e-17,1.94e-18,9.88,31.0389421,1.56,"karyopherin subunit alpha 3","221503_s_at",0.33,0.0139303,2.66,-4.72452,0.797,"karyopherin subunit alpha 3"
"559","KRT15","204734_at",3.78e-16,2.84e-17,-9.45,28.3797712,-1.14,"keratin 15","204734_at",0.348,0.01624881,-2.59,-4.86861,-0.686,"keratin 15"
"560","KRT16","209800_at",8.98e-50,1.27e-52,22.5,109.301356,3.2,"keratin 16","209800_at",0.236,0.00336206,3.26,-3.36866,2,"keratin 16"
"561","KRT19","228491_at",8.35e-11,1.14e-11,-7.29,15.6296953,-1.63,"keratin 19","201650_at",0.484,0.04363221,-2.13,-5.77468,-1.46,"keratin 19"
"562","KRT4","213240_s_at",1.74e-09,2.76e-10,-6.71,12.4946731,-2.03,"keratin 4","213240_s_at",0.294,0.00977919,-2.81,-4.39104,-2.06,"keratin 4"
"563","KRT6A","209125_at",2.74e-35,2.32e-37,16.6,74.3578048,1.73,"keratin 6A","209125_at",0.322,0.01288975,2.69,-4.65161,1.03,"keratin 6A"
"564","KRT6B","209126_x_at",3.48e-38,2.17e-40,17.7,81.2989788,1.75,"keratin 6B","209126_x_at",0.288,0.00896922,2.85,-4.3091,1.08,"keratin 6B"
"565","KRT6C","214580_x_at",5.24e-38,3.36e-40,17.7,80.8626277,1.6,"keratin 6C///keratin 6B///keratin 6A","214580_x_at",0.258,0.00564376,3.05,-3.86734,1.21,"keratin 6C///keratin 6B///keratin 6A"
"566","KRT77","237120_at",4.46e-44,1.42e-46,-20.1,95.4625091,-2.21,"keratin 77","237120_at",0.471,0.04062661,-2.17,-5.71048,-0.986,"keratin 77"
"567","KRT79","1569909_at",1.38e-06,3.06e-07,-5.33,5.6441381,-2.34,"keratin 79","1569909_at",0.271,0.00726373,-2.94,-4.10852,-3.07,"keratin 79"
"568","KYNU","210663_s_at",4.44e-78,3.25e-82,36.6,176.6052097,7.31,"kynureninase","217388_s_at",0.184,0.00097724,3.77,-2.16346,1.67,"kynureninase"
"569","LAMC3","219407_s_at",2.14e-10,3.05e-11,-7.12,14.658737,-1.42,"laminin subunit gamma 3","219407_s_at",0.47,0.04018973,-2.17,-5.70074,-0.878,"laminin subunit gamma 3"
"570","LAMP3","205569_at",5.89e-31,8.07e-33,15,63.9532503,1.69,"lysosomal associated membrane protein 3","205569_at",0.395,0.02339569,2.43,-5.20701,1.3,"lysosomal associated membrane protein 3"
"571","LARP1B","1554038_at",1.05e-09,1.61e-10,6.81,13.0212628,0.772,"La ribonucleoprotein domain family member 1B","242153_at",0.308,0.01121252,-2.75,-4.52032,-0.597,"La ribonucleoprotein domain family member 1B"
"572","LARP4B","208952_s_at",1.74e-33,1.81e-35,15.9,70.025919,1.57,"La ribonucleoprotein domain family member 4B","208952_s_at",0.295,0.00992079,2.81,-4.40465,0.753,"La ribonucleoprotein domain family member 4B"
"573","LARP6","236565_s_at",0.000968,0.000313,-3.68,-1.0031977,-0.604,"La ribonucleoprotein domain family member 6","218651_s_at",0.381,0.02105764,-2.47,-5.10969,-0.871,"La ribonucleoprotein domain family member 6"
"574","LAT2","221581_s_at",4.63e-15,3.9e-16,9.03,25.7833755,0.638,"linker for activation of T-cells family member 2","221581_s_at",0.261,0.00594877,3.03,-3.91775,0.798,"linker for activation of T-cells family member 2"
"575","LCK","204891_s_at",2.15e-17,1.4e-18,9.93,31.3612845,1.74,"LCK proto-oncogene, Src family tyrosine kinase","204891_s_at",0.159,0.00056617,3.99,-1.6255,1.82,"LCK proto-oncogene, Src family tyrosine kinase"
"576","LCP1","208885_at",1.45e-05,3.64e-06,4.79,3.248243,0.625,"lymphocyte cytosolic protein 1","208885_at",0.465,0.03918042,2.18,-5.67779,1.05,"lymphocyte cytosolic protein 1"
"577","LCP2","205269_at",2.62e-12,3e-13,7.92,19.2134707,1.27,"lymphocyte cytosolic protein 2","205269_at",0.277,0.00770866,2.92,-4.16515,1.13,"lymphocyte cytosolic protein 2"
"578","LDHD","229241_at",5.98e-05,1.63e-05,-4.44,1.8079067,-0.785,"lactate dehydrogenase D","229241_at",0.216,0.00239304,-3.4,-3.03903,-1.01,"lactate dehydrogenase D"
"579","LEP","207092_at",2.8e-09,4.53e-10,-6.62,12.0080249,-2.54,"leptin","207092_at",0.41,0.02650597,-2.37,-5.32189,-2.71,"leptin"
"580","LETM1","218939_at",4.8e-20,2.34e-21,10.9,37.7095841,0.973,"leucine zipper and EF-hand containing transmembrane protein 1","233439_at",0.33,0.01379644,2.66,-4.71546,0.799,"leucine zipper and EF-hand containing transmembrane protein 1"
"581","LGALS2","208450_at",1.22e-08,2.11e-09,6.33,10.4971343,1.52,"galectin 2","208450_at",0.435,0.03124586,2.29,-5.47244,1.12,"galectin 2"
"582","LIFR","205876_at",1.22e-27,2.53e-29,-13.7,55.9447959,-1.03,"leukemia inhibitory factor receptor alpha","225575_at",0.32,0.01254082,-2.7,-4.6258,-0.709,"leukemia inhibitory factor receptor alpha"
"583","LINC00518","244829_at",2.58e-20,1.21e-21,11,38.3596918,1.96,"long intergenic non-protein coding RNA 518","244829_at",0.302,0.01048845,2.78,-4.45728,1.34,"long intergenic non-protein coding RNA 518"
"584","LINC00663","1555363_s_at",4.92e-11,6.5e-12,-7.39,16.1802867,-1.74,"long intergenic non-protein coding RNA 663","1555363_s_at",0.271,0.00721359,-2.94,-4.10192,-0.72,"long intergenic non-protein coding RNA 663"
"585","LINC00667","228160_at",9.63e-05,2.7e-05,-4.32,1.3247349,-0.766,"long intergenic non-protein coding RNA 667","228160_at",0.333,0.01435866,-2.64,-4.75292,-0.595,"long intergenic non-protein coding RNA 667"
"586","LINC00673","227452_at",2.73e-16,2.01e-17,9.5,28.7208331,1.3,"long intergenic non-protein coding RNA 673///long intergenic non-protein coding RNA 511","227452_at",0.255,0.00500836,3.1,-3.75276,1.03,"long intergenic non-protein coding RNA 673///long intergenic non-protein coding RNA 511"
"587","LINC00899","232088_x_at",8.05e-06,1.96e-06,-4.93,3.8438399,-0.809,"long intergenic non-protein coding RNA 899","232088_x_at",0.267,0.00680146,-2.97,-4.04579,-0.818,"long intergenic non-protein coding RNA 899"
"588","LINC00938","242523_at",6.67e-12,7.96e-13,-7.76,18.2502264,-0.827,"long intergenic non-protein coding RNA 938","242523_at",0.241,0.00357102,-3.24,-3.42694,-0.959,"long intergenic non-protein coding RNA 938"
"589","LMNB1","203276_at",1.09e-17,6.82e-19,10,32.0752163,1.01,"lamin B1","203276_at",0.292,0.00940163,2.83,-4.35374,0.907,"lamin B1"
"590","LMNB2","216952_s_at",2.03e-32,2.32e-34,15.5,67.4873728,2.25,"lamin B2","216952_s_at",0.193,0.001174,3.69,-2.34357,0.982,"lamin B2"
"591","LMO4","241922_at",7.13e-17,4.94e-18,-9.73,30.1122002,-1.23,"LIM domain only 4","241922_at",0.135,0.00013417,-4.56,-0.19447,-0.865,"LIM domain only 4"
"592","LMOD1","211562_s_at",6.32e-12,7.53e-13,-7.77,18.3054476,-1.51,"leiomodin 1","203766_s_at",0.486,0.04415598,-2.13,-5.78539,-0.909,"leiomodin 1"
"593","LOC100288911","236656_s_at",2.16e-06,4.92e-07,-5.23,5.1835818,-0.972,"uncharacterized LOC100288911","236657_at",0.245,0.00407894,-3.18,-3.55526,-0.756,"uncharacterized LOC100288911"
"594","LOC100507258","231270_at",2.01e-20,9.33e-22,-11.1,38.6213291,-1.27,"uncharacterized LOC100507258///carbonic anhydrase 13","231270_at",0.277,0.00771222,-2.92,-4.16559,-0.596,"uncharacterized LOC100507258///carbonic anhydrase 13"
"595","LOC100507557","241745_at",7.45e-19,4.15e-20,-10.5,34.8536135,-1.61,"uncharacterized LOC100507557","241745_at",0.216,0.00235333,-3.41,-3.02276,-1.33,"uncharacterized LOC100507557"
"596","LOC100507577","223098_s_at",6.47e-17,4.46e-18,9.74,30.2139658,1.05,"uncharacterized LOC100507577///lon peptidase 2, peroxisomal","221834_at",0.392,0.0230158,-2.43,-5.1919,-0.678,"uncharacterized LOC100507577///lon peptidase 2, peroxisomal"
"597","LOC101926951","232054_at",3.61e-11,4.69e-12,-7.45,16.5017796,-1.17,"uncharacterized LOC101926951///protocadherin 20","232054_at",0.482,0.04286742,-2.14,-5.75879,-1.19,"uncharacterized LOC101926951///protocadherin 20"
"598","LOC101927382","244524_at",0.000213,6.24e-05,-4.11,0.5235724,-1.23,"uncharacterized LOC101927382///PAX8 antisense RNA 1","244524_at",0.463,0.03864292,-2.19,-5.66532,-0.855,"uncharacterized LOC101927382///PAX8 antisense RNA 1"
"599","LOC101927391","244116_at",9.5e-08,1.83e-08,-5.91,8.385922,-1.02,"uncharacterized LOC101927391","244116_at",0.48,0.04239825,-2.15,-5.7489,-0.793,"uncharacterized LOC101927391"
"600","LOC101927402","238559_at",3.57e-30,5.36e-32,14.7,62.0701718,1.4,"uncharacterized LOC101927402","238559_at",0.193,0.00113271,3.71,-2.30844,1.17,"uncharacterized LOC101927402"
"601","LOC101927673","38710_at",1.59e-12,1.77e-13,8.01,19.7351666,0.813,"uncharacterized LOC101927673///OTU deubiquitinase, ubiquitin aldehyde binding 1","38710_at",0.435,0.03119068,2.29,-5.47083,0.634,"uncharacterized LOC101927673///OTU deubiquitinase, ubiquitin aldehyde binding 1"
"602","LOC101928195","225520_at",1e-11,1.22e-12,7.68,17.8275424,1.18,"methylenetetrahydrofolate dehydrogenase (NADP+ dependent) 1-like pseudogene///monofunctional C1-tetrahydrofolate synthase, mitochondrial-like///methylenetetrahydrofolate dehydrogenase (NADP+ dependent) 1-like","225520_at",0.461,0.03811367,2.2,-5.65286,0.595,"methylenetetrahydrofolate dehydrogenase (NADP+ dependent) 1-like pseudogene///monofunctional C1-tetrahydrofolate synthase, mitochondrial-like///methylenetetrahydrofolate dehydrogenase (NADP+ dependent) 1-like"
"603","LOC101928589","223201_s_at",1.04e-09,1.61e-10,-6.81,13.0247804,-0.59,"uncharacterized LOC101928589///transmembrane protein 164","223202_s_at",0.255,0.00511154,-3.09,-3.77234,-0.788,"uncharacterized LOC101928589///transmembrane protein 164"
"604","LOC101930114","237154_at",1.32e-06,2.93e-07,-5.34,5.6871613,-1.01,"uncharacterized LOC101930114","237154_at",0.242,0.00378749,-3.21,-3.48376,-1.96,"uncharacterized LOC101930114"
"605","LOC101930168","206955_at",1.6e-05,4.06e-06,-4.76,3.1433092,-1.19,"putative aquaporin-7-like protein 3///putative aquaporin-7-like protein 3///aquaporin 7","206955_at",0.271,0.0072589,-2.94,-4.10789,-0.991,"putative aquaporin-7-like protein 3///putative aquaporin-7-like protein 3///aquaporin 7"
"606","LOC101930349","225817_at",6.59e-23,2.29e-24,-12,44.5921368,-1.67,"uncharacterized LOC101930349///uncharacterized LOC101930344///cingulin like 1","225817_at",0.373,0.0199675,-2.5,-5.06043,-0.96,"uncharacterized LOC101930349///uncharacterized LOC101930344///cingulin like 1"
"607","LOC101930400","211653_x_at",4.11e-10,6.06e-11,-6.99,13.9826992,-0.595,"aldo-keto reductase family 1 member C2-like///aldo-keto reductase family 1, member C2","209699_x_at",0.377,0.02050527,-2.49,-5.08507,-0.72,"aldo-keto reductase family 1 member C2-like///aldo-keto reductase family 1, member C2"
"608","LOC101930404","213447_at",1.47e-07,2.91e-08,-5.82,7.935757,-0.599,"uncharacterized LOC101930404///small nucleolar RNA, C/D box 116-28///small nucleolar RNA, C/D box 115-26///small nucleolar RNA, C/D box 115-13///small nucleolar RNA, C/D box 115-7///small nucleolar RNA, C/D box 116-22///small nucleolar RNA, C/D box 116-4///Prader Willi/Angelman region RNA, SNRPN neighbor///small nucleolar RNA, C/D box 107///small nuclear ribonucleoprotein polypeptide N///imprinted in Prader-Willi syndrome (non-protein coding)","221974_at",0.437,0.03166243,-2.29,-5.48452,-0.651,"uncharacterized LOC101930404///small nucleolar RNA, C/D box 116-28///small nucleolar RNA, C/D box 115-26///small nucleolar RNA, C/D box 115-13///small nucleolar RNA, C/D box 115-7///small nucleolar RNA, C/D box 116-22///small nucleolar RNA, C/D box 116-4///Prader Willi/Angelman region RNA, SNRPN neighbor///small nucleolar RNA, C/D box 107///small nuclear ribonucleoprotein polypeptide N///imprinted in Prader-Willi syndrome (non-protein coding)"
"609","LOC101930416","212390_at",4.85e-12,5.71e-13,-7.81,18.5784663,-0.874,"myomegalin-like///uncharacterized LOC101929792///phosphodiesterase 4D interacting protein-like///phosphodiesterase 4D interacting protein","213388_at",0.26,0.0058771,-3.03,-3.90615,-0.696,"myomegalin-like///uncharacterized LOC101929792///phosphodiesterase 4D interacting protein-like///phosphodiesterase 4D interacting protein"
"610","LOC102725383","232047_at",6.63e-07,1.41e-07,-5.5,6.3937192,-0.869,"uncharacterized LOC102725383","232047_at",0.483,0.04314733,-2.14,-5.76464,-0.804,"uncharacterized LOC102725383"
"611","LOC145783","229013_at",0.000561,0.000175,-3.84,-0.4548309,-0.729,"uncharacterized LOC145783///zinc finger protein 280D","229013_at",0.398,0.0238924,-2.42,-5.22638,-0.645,"uncharacterized LOC145783///zinc finger protein 280D"
"612","LOC154761","227868_at",4.56e-07,9.56e-08,5.58,6.774823,1.04,"family with sequence similarity 115, member C pseudogene","227868_at",0.289,0.00903429,2.85,-4.31596,0.7,"family with sequence similarity 115, member C pseudogene"
"613","LOC286272","232182_at",1.5e-12,1.67e-13,-8.02,19.7935584,-1.01,"uncharacterized LOC286272","232182_at",0.5,0.04809115,-2.09,-5.86182,-0.783,"uncharacterized LOC286272"
"614","LOC401052","232812_at",0.000244,7.24e-05,-4.07,0.3826617,-0.664,"uncharacterized LOC401052","232812_at",0.303,0.01063924,-2.78,-4.47077,-0.952,"uncharacterized LOC401052"
"615","LOC730102","241607_at",3.75e-19,2e-20,-10.6,35.5770172,-1.39,"quinone oxidoreductase-like protein 2 pseudogene","241607_at",0.356,0.01701935,-2.57,-4.91184,-0.754,"quinone oxidoreductase-like protein 2 pseudogene"
"616","LONRF2","225996_at",4.95e-19,2.69e-20,-10.5,35.2816753,-1.61,"LON peptidase N-terminal domain and ring finger 2","225996_at",0.481,0.04270983,-2.14,-5.75548,-1.22,"LON peptidase N-terminal domain and ring finger 2"
"617","LPIN1","212274_at",4.58e-17,3.09e-18,-9.8,30.5764415,-0.989,"lipin 1","212274_at",0.284,0.00853605,-2.87,-4.26211,-0.884,"lipin 1"
"618","LPL","203549_s_at",4.58e-12,5.38e-13,-7.82,18.6373394,-1.78,"lipoprotein lipase","203549_s_at",0.425,0.02940925,-2.32,-5.41712,-1.73,"lipoprotein lipase"
"619","LRP8","205282_at",2.01e-47,4.12e-50,21.5,103.5542913,3.58,"LDL receptor related protein 8","205282_at",0.429,0.03002957,2.31,-5.4362,0.823,"LDL receptor related protein 8"
"620","LRRC37A3","229962_at",6.03e-09,1.01e-09,-6.47,11.2186236,-0.905,"leucine rich repeat containing 37 member A3","206088_at",0.406,0.02565752,2.38,-5.292,1.43,"leucine rich repeat containing 37 member A3"
"621","LRRFIP1","215375_x_at",1.24e-08,2.15e-09,-6.33,10.4790211,-0.744,"LRR binding FLII interacting protein 1","215375_x_at",0.402,0.02483214,2.4,-5.26192,0.611,"LRR binding FLII interacting protein 1"
"622","LSS","211018_at",1.94e-12,2.18e-13,-7.98,19.5288337,-1.36,"lanosterol synthase (2,3-oxidosqualene-lanosterol cyclase)","211018_at",0.384,0.02147047,-2.46,-5.12767,-0.669,"lanosterol synthase (2,3-oxidosqualene-lanosterol cyclase)"
"623","LTB4R","216388_s_at",6.01e-21,2.62e-22,11.3,39.8815485,1.56,"leukotriene B4 receptor","236172_at",0.202,0.00151427,3.59,-2.59284,0.787,"leukotriene B4 receptor"
"624","LY6D","206276_at",6.65e-17,4.59e-18,9.74,30.1850387,0.731,"lymphocyte antigen 6 complex, locus D","206276_at",0.448,0.03512676,2.24,-5.57895,1.03,"lymphocyte antigen 6 complex, locus D"
"625","LYN","202626_s_at",6.03e-38,3.9e-40,17.6,80.715084,2.51,"LYN proto-oncogene, Src family tyrosine kinase","202626_s_at",0.195,0.00122424,3.68,-2.38466,1.11,"LYN proto-oncogene, Src family tyrosine kinase"
"626","LYRM9","213195_at",1.79e-27,3.75e-29,-13.7,55.5512302,-1.12,"LYR motif containing 9","213195_at",0.385,0.02184433,-2.46,-5.14364,-0.619,"LYR motif containing 9"
"627","LYZ","1555745_a_at",7.15e-08,1.36e-08,5.97,8.6754705,2.07,"lysozyme","213975_s_at",0.367,0.01879162,2.52,-5.00407,1.29,"lysozyme"
"628","MACF1","232168_x_at",9.97e-14,9.76e-15,-8.5,22.5971421,-1.24,"microtubule-actin crosslinking factor 1","1553407_at",0.25,0.00458216,3.14,-3.66728,0.702,"microtubule-actin crosslinking factor 1"
"629","MACROD2","1563209_a_at",1.83e-06,4.12e-07,-5.27,5.3553141,-0.6,"MACRO domain containing 2","235278_at",0.294,0.00976789,-2.81,-4.38995,-1.02,"MACRO domain containing 2"
"630","MAF","1566323_at",0.000379,0.000115,-3.95,-0.0594033,-0.677,"MAF bZIP transcription factor","206363_at",0.395,0.02355949,2.42,-5.21344,0.762,"MAF bZIP transcription factor"
"631","MAGI2","209737_at",5.82e-11,7.76e-12,-7.36,16.0065998,-1.26,"membrane associated guanylate kinase, WW and PDZ domain containing 2","209737_at",0.229,0.00276721,-3.34,-3.18008,-1.01,"membrane associated guanylate kinase, WW and PDZ domain containing 2"
"632","MALL","209373_at",6.51e-21,2.86e-22,11.3,39.796135,1.19,"mal, T-cell differentiation protein like","209373_at",0.437,0.03166226,2.29,-5.48451,0.808,"mal, T-cell differentiation protein like"
"633","MALT1","208309_s_at",4.91e-28,9.65e-30,13.9,56.9021821,2.03,"MALT1 paracaspase","208309_s_at",0.36,0.01789896,2.55,-4.95879,0.596,"MALT1 paracaspase"
"634","MAOA","204388_s_at",3.8e-08,7e-09,6.1,9.3264798,0.989,"monoamine oxidase A","204389_at",0.27,0.00704504,-2.95,-4.07937,-0.827,"monoamine oxidase A"
"635","MAP3K8","205027_s_at",8.85e-19,4.97e-20,10.5,34.6735742,1.03,"mitogen-activated protein kinase kinase kinase 8","235421_at",0.25,0.00461906,3.13,-3.675,1.01,"mitogen-activated protein kinase kinase kinase 8"
"636","MAP4K1","214219_x_at",1.02e-10,1.4e-11,7.25,15.4249222,1.18,"mitogen-activated protein kinase kinase kinase kinase 1","214339_s_at",0.27,0.00704641,2.95,-4.07956,0.898,"mitogen-activated protein kinase kinase kinase kinase 1"
"637","MAPK1","1552264_a_at",2.85e-16,2.11e-17,9.5,28.6747812,1.19,"mitogen-activated protein kinase 1","1552263_at",0.393,0.02313737,2.43,-5.19676,0.818,"mitogen-activated protein kinase 1"
"638","MAPK6","207121_s_at",1.1e-33,1.11e-35,16,70.5096628,0.776,"mitogen-activated protein kinase 6","207121_s_at",0.367,0.01876329,2.53,-5.00267,0.649,"mitogen-activated protein kinase 6"
"639","MAPKAPK3","202787_s_at",1.58e-22,5.73e-24,11.9,43.6809722,2.2,"mitogen-activated protein kinase-activated protein kinase 3","202788_at",0.452,0.03578573,2.23,-5.5958,0.607,"mitogen-activated protein kinase-activated protein kinase 3"
"640","MAPT","203929_s_at",1.19e-21,4.8e-23,-11.5,41.5692847,-1.73,"microtubule associated protein tau","203929_s_at",0.427,0.02955182,-2.32,-5.42154,-0.619,"microtubule associated protein tau"
"641","MARC1","218865_at",1.15e-14,1e-15,-8.87,24.8483094,-1.58,"mitochondrial amidoxime reducing component 1","218865_at",0.204,0.00173708,-3.54,-2.72696,-1.04,"mitochondrial amidoxime reducing component 1"
"642","MARC2","221636_s_at",6.28e-17,4.31e-18,-9.75,30.2466224,-0.964,"mitochondrial amidoxime reducing component 2","221636_s_at",0.28,0.00805104,-2.9,-4.20651,-0.657,"mitochondrial amidoxime reducing component 2"
"643","MCM10","223570_at",1.84e-28,3.43e-30,14.1,57.9322677,1.8,"minichromosome maintenance 10 replication initiation factor","220651_s_at",0.242,0.00382204,3.21,-3.49252,1.51,"minichromosome maintenance 10 replication initiation factor"
"644","MCM4","212141_at",1.77e-19,9.12e-21,10.7,36.356738,0.975,"minichromosome maintenance complex component 4","212141_at",0.135,0.00020862,4.39,-0.63478,1.18,"minichromosome maintenance complex component 4"
"645","MCM5","216237_s_at",4.77e-18,2.86e-19,10.2,32.9373504,2.05,"minichromosome maintenance complex component 5","201755_at",0.321,0.01276456,2.7,-4.64244,0.631,"minichromosome maintenance complex component 5"
"646","MCOLN2","230110_at",1.69e-09,2.67e-10,6.72,12.5253287,1.57,"mucolipin 2","230110_at",0.445,0.03411044,2.25,-5.55229,0.663,"mucolipin 2"
"647","ME1","204059_s_at",3.67e-16,2.75e-17,9.45,28.4104721,1.47,"malic enzyme 1","204058_at",0.448,0.03499981,-2.24,-5.57566,-1.11,"malic enzyme 1"
"648","MEGF10","232523_at",1.34e-10,1.87e-11,-7.2,15.1389823,-1.06,"multiple EGF like domains 10","232523_at",0.444,0.03356266,-2.26,-5.53758,-1.55,"multiple EGF like domains 10"
"649","MELK","204825_at",4.1e-38,2.58e-40,17.7,81.1272691,3,"maternal embryonic leucine zipper kinase","204825_at",0.196,0.00130903,3.65,-2.45028,1.17,"maternal embryonic leucine zipper kinase"
"650","MERTK","206028_s_at",2.34e-16,1.71e-17,-9.53,28.8808632,-1.23,"MER proto-oncogene, tyrosine kinase","206028_s_at",0.255,0.00521291,-3.08,-3.79119,-1.41,"MER proto-oncogene, tyrosine kinase"
"651","MEST","202016_at",3.37e-07,6.94e-08,-5.64,7.0866128,-1.16,"mesoderm specific transcript","202016_at",0.496,0.04667662,-2.1,-5.83513,-0.952,"mesoderm specific transcript"
"652","METTL10","226634_at",2.79e-05,7.28e-06,-4.63,2.5806993,-0.604,"methyltransferase like 10","226634_at",0.277,0.00781823,-2.91,-4.17859,-0.656,"methyltransferase like 10"
"653","MFAP3L","210843_s_at",9.7e-06,2.39e-06,4.89,3.6556185,1.07,"microfibrillar associated protein 3 like","205442_at",0.343,0.01543903,-2.61,-4.82084,-0.591,"microfibrillar associated protein 3 like"
"654","MFHAS1","213457_at",2.08e-20,9.67e-22,11.1,38.5851273,1.85,"malignant fibrous histiocytoma amplified sequence 1","213457_at",0.135,0.00016461,4.48,-0.39858,1.07,"malignant fibrous histiocytoma amplified sequence 1"
"655","MFSD4A","229254_at",6.09e-27,1.38e-28,-13.5,54.2541682,-2.11,"major facilitator superfamily domain containing 4A","229254_at",0.504,0.0492756,-2.07,-5.88353,-1.03,"major facilitator superfamily domain containing 4A"
"656","MGC57346","1568987_at",2.79e-08,5.07e-09,6.16,9.6404832,0.936,"ADP-ribosylation factor pseudogene///CRHR1 intronic transcript 1","1559171_at",0.333,0.01429798,2.65,-4.74895,1.18,"ADP-ribosylation factor pseudogene"
"657","MGP","202291_s_at",5.49e-13,5.82e-14,-8.2,20.832526,-0.616,"matrix Gla protein","202291_s_at",0.393,0.02308555,-2.43,-5.19469,-0.724,"matrix Gla protein"
"658","MGST1","224918_x_at",1.46e-14,1.29e-15,-8.83,24.6020792,-1.46,"microsomal glutathione S-transferase 1","239001_at",0.174,0.00080975,-3.84,-1.9785,-1.8,"microsomal glutathione S-transferase 1"
"659","MIAT","227168_at",2.58e-19,1.35e-20,10.7,35.9653001,2.06,"myocardial infarction associated transcript (non-protein coding)","228658_at",0.242,0.0038521,3.21,-3.50008,1.36,"myocardial infarction associated transcript (non-protein coding)"
"660","MICALL1","221779_at",1.44e-43,4.81e-46,19.9,94.2474414,1.88,"MICAL like 1","221779_at",0.288,0.0089127,2.85,-4.3031,0.901,"MICAL like 1"
"661","MICB","206247_at",8.36e-07,1.81e-07,5.44,6.1562985,1.07,"MHC class I polypeptide-related sequence B","206247_at",0.318,0.0123165,2.71,-4.60882,0.908,"MHC class I polypeptide-related sequence B"
"662","MICU3","238458_at",2.89e-08,5.26e-09,-6.16,9.6061931,-0.938,"mitochondrial calcium uptake family member 3","238458_at",0.281,0.00824012,-2.89,-4.22858,-0.799,"mitochondrial calcium uptake family member 3"
"663","MINCR","235428_at",2.88e-08,5.24e-09,-6.16,9.6090811,-1.28,"MYC-induced long noncoding RNA","235428_at",0.41,0.02660724,-2.37,-5.32539,-0.71,"MYC-induced long noncoding RNA"
"664","MIR155","229437_at",1.13e-30,1.59e-32,14.9,63.2807855,3.1,"microRNA 155///MIR155 host gene","229437_at",0.446,0.03453801,2.24,-5.5636,1.19,"microRNA 155///MIR155 host gene"
"665","MIR17HG","232291_at",1.45e-20,6.63e-22,11.1,38.96053,2.31,"miR-17-92a-1 cluster host gene///microRNA 92a-1///microRNA 20a///microRNA 19b-1///microRNA 19a///microRNA 18a///microRNA 17","232291_at",0.356,0.01704821,2.57,-4.91342,0.599,"miR-17-92a-1 cluster host gene///microRNA 92a-1///microRNA 20a///microRNA 19b-1///microRNA 19a///microRNA 18a///microRNA 17"
"666","MIR1908","208964_s_at",1.42e-10,1.98e-11,-7.19,15.0825215,-2.32,"microRNA 1908///fatty acid desaturase 1","208962_s_at",0.377,0.0205719,-2.48,-5.08808,-2.26,"microRNA 1908///fatty acid desaturase 1"
"667","MIR21","224917_at",1.38e-39,7.09e-42,18.3,84.7025546,2.17,"microRNA 21///vacuole membrane protein 1","224917_at",0.196,0.00133588,3.64,-2.47017,1.54,"microRNA 21///vacuole membrane protein 1"
"668","MIR3671","239130_at",7.57e-07,1.63e-07,-5.47,6.2580815,-0.647,"microRNA 3671///microRNA 101-1","239130_at",0.316,0.01217605,-2.72,-4.59802,-0.743,"microRNA 3671///microRNA 101-1"
"669","MIR4454","237974_at",6.47e-06,1.56e-06,-4.98,4.0677206,-1.42,"microRNA 4454///abhydrolase domain containing 12B","237974_at",0.302,0.01053981,-2.78,-4.46189,-1.44,"microRNA 4454///abhydrolase domain containing 12B"
"670","MIR4680","212594_at",8.18e-20,4.07e-21,-10.8,37.1581523,-0.626,"microRNA 4680///programmed cell death 4 (neoplastic transformation inhibitor)","212594_at",0.37,0.01926666,-2.51,-5.02726,-0.592,"microRNA 4680///programmed cell death 4 (neoplastic transformation inhibitor)"
"671","MIR4683","227405_s_at",2.65e-15,2.18e-16,-9.12,26.3609117,-0.777,"microRNA 4683///frizzled class receptor 8","224325_at",0.327,0.01342192,-2.67,-4.68962,-1.07,"microRNA 4683///frizzled class receptor 8"
"672","MIR6732","218810_at",6.03e-55,4.08e-58,24.8,121.8481876,4.29,"microRNA 6732///zinc finger CCCH-type containing 12A","218810_at",0.421,0.02834332,2.34,-5.38334,0.968,"microRNA 6732///zinc finger CCCH-type containing 12A"
"673","MIR6758","201475_x_at",1.36e-30,1.93e-32,14.9,63.0846505,0.815,"microRNA 6758///methionyl-tRNA synthetase","213672_at",0.38,0.02091035,2.48,-5.10319,0.609,"microRNA 6758///methionyl-tRNA synthetase"
"674","MIR6872","203071_at",3.68e-08,6.77e-09,-6.11,9.3582841,-0.67,"microRNA 6872///semaphorin 3B","203071_at",0.263,0.0062201,-3.01,-3.96042,-0.916,"microRNA 6872///semaphorin 3B"
"675","MIR7112","212563_at",7.72e-21,3.43e-22,11.2,39.6156871,1.37,"microRNA 7112///block of proliferation 1","212563_at",0.39,0.02256634,2.44,-5.17369,0.615,"microRNA 7112///block of proliferation 1"
"676","MIR8085","204908_s_at",3.72e-22,1.41e-23,11.7,42.7843847,1.31,"microRNA 8085///B-cell CLL/lymphoma 3","204908_s_at",0.236,0.00321076,3.28,-3.32412,0.696,"microRNA 8085///B-cell CLL/lymphoma 3"
"677","MKI67","212022_s_at",2.54e-36,1.93e-38,17,76.8319748,3.34,"marker of proliferation Ki-67","212021_s_at",0.232,0.00297507,3.31,-3.25029,1.59,"marker of proliferation Ki-67"
"678","MMP1","204475_at",1.51e-13,1.51e-14,8.43,22.1634587,2.95,"matrix metallopeptidase 1","204475_at",0.207,0.00181924,3.52,-2.77206,3.39,"matrix metallopeptidase 1"
"679","MMP12","204580_at",7.83e-22,3.1e-23,11.6,42.0049312,3.96,"matrix metallopeptidase 12","204580_at",0.337,0.01474409,2.63,-4.77773,3.29,"matrix metallopeptidase 12"
"680","MMP19","204574_s_at",6.29e-26,1.57e-27,-13.1,51.836051,-0.631,"matrix metallopeptidase 19","204575_s_at",0.201,0.00146221,3.61,-2.55862,0.723,"matrix metallopeptidase 19"
"681","MMP9","203936_s_at",1.53e-11,1.91e-12,7.6,17.3879645,1.45,"matrix metallopeptidase 9","203936_s_at",0.345,0.01561078,2.61,-4.83118,1.5,"matrix metallopeptidase 9"
"682","MNDA","204959_at",0.00097,0.000314,3.68,-1.0057586,0.676,"myeloid cell nuclear differentiation antigen","204959_at",0.422,0.02876999,2.33,-5.39702,1.03,"myeloid cell nuclear differentiation antigen"
"683","MOCS1","1555127_at",1.62e-14,1.44e-15,-8.81,24.4916383,-0.594,"molybdenum cofactor synthesis 1","211673_s_at",0.32,0.01270171,-2.7,-4.6378,-0.652,"molybdenum cofactor synthesis 1"
"684","MOGAT1","1553062_at",9.92e-06,2.44e-06,-4.88,3.6335695,-0.844,"monoacylglycerol O-acyltransferase 1","1553062_at",0.348,0.01615382,-2.59,-4.86313,-2.36,"monoacylglycerol O-acyltransferase 1"
"685","MOGAT2","232428_at",3.34e-08,6.12e-09,-6.13,9.4579799,-1.41,"monoacylglycerol O-acyltransferase 2","232428_at",0.383,0.02136793,-2.47,-5.12324,-1.1,"monoacylglycerol O-acyltransferase 2"
"686","MPHOSPH9","206205_at",7.17e-09,1.21e-09,6.44,11.0409533,0.853,"M-phase phosphoprotein 9","206205_at",0.392,0.02291663,2.44,-5.18791,0.642,"M-phase phosphoprotein 9"
"687","MPV17L","1558686_at",6.75e-16,5.2e-17,-9.35,27.779777,-1.06,"MPV17 mitochondrial inner membrane protein like","1558686_at",0.32,0.01265822,-2.7,-4.63457,-0.976,"MPV17 mitochondrial inner membrane protein like"
"688","MPZL2","203779_s_at",3.48e-47,7.25e-50,21.4,102.9938995,3.96,"myelin protein zero like 2","203780_at",0.277,0.00766762,2.92,-4.16007,0.795,"myelin protein zero like 2"
"689","MRAP","1555740_a_at",1.41e-05,3.52e-06,-4.8,3.2791,-0.805,"melanocortin 2 receptor accessory protein","1555740_a_at",0.448,0.03479835,-2.24,-5.57042,-0.942,"melanocortin 2 receptor accessory protein"
"690","MRAS","225185_at",2.77e-06,6.39e-07,-5.18,4.9304379,-0.861,"muscle RAS oncogene homolog","206538_at",0.441,0.03284031,-2.27,-5.51778,-0.637,"muscle RAS oncogene homolog"
"691","MREG","219648_at",2e-26,4.8e-28,13.3,53.0155423,0.84,"melanoregulin","232682_at",0.414,0.02726342,2.36,-5.34774,1.43,"melanoregulin"
"692","MRTO4","220688_s_at",5.59e-23,1.94e-24,12,44.76016,1.01,"MRT4 homolog, ribosome maturation factor","235783_at",0.139,0.00031015,4.23,-1.02923,1.23,"MRT4 homolog, ribosome maturation factor"
"693","MS4A6A","230550_at",0.000921,0.000297,3.69,-0.9541657,0.888,"membrane spanning 4-domains A6A","219666_at",0.476,0.04159024,2.16,-5.73159,0.946,"membrane spanning 4-domains A6A"
"694","MSMB","210297_s_at",1.37e-17,8.67e-19,-10,31.8370984,-2.96,"microseminoprotein beta","210297_s_at",0.431,0.03058175,-2.3,-5.45284,-1.13,"microseminoprotein beta"
"695","MSRB3","1554127_s_at",6.42e-10,9.69e-11,-6.91,13.5220446,-0.718,"methionine sulfoxide reductase B3","225790_at",0.367,0.0188372,-2.52,-5.00632,-0.981,"methionine sulfoxide reductase B3"
"696","MTCL1","213358_at",4.81e-19,2.61e-20,10.6,35.3138552,1.94,"microtubule crosslinking factor 1","213358_at",0.416,0.02780997,2.35,-5.36594,0.692,"microtubule crosslinking factor 1"
"697","MTERF2","225346_at",4.58e-15,3.86e-16,-9.03,25.7933061,-0.68,"mitochondrial transcription termination factor 2","225341_at",0.36,0.01777632,-2.55,-4.95239,-0.728,"mitochondrial transcription termination factor 2"
"698","MTFR2","228069_at",4.42e-25,1.22e-26,12.8,49.7963252,1.82,"mitochondrial fission regulator 2","228069_at",0.264,0.00642841,2.99,-3.99191,0.907,"mitochondrial fission regulator 2"
"699","MTSS1","203036_s_at",1.18e-17,7.43e-19,10,31.9900345,1.07,"metastasis suppressor 1","203036_s_at",0.348,0.0161554,2.59,-4.86322,0.651,"metastasis suppressor 1"
"700","MTURN","226018_at",6.19e-42,2.38e-44,-19.2,90.3685181,-1.06,"maturin, neural progenitor differentiation regulator homolog (Xenopus)","226018_at",0.341,0.0151035,-2.62,-4.80028,-0.842,"maturin, neural progenitor differentiation regulator homolog (Xenopus)"
"701","MUC1","211695_x_at",3.35e-06,7.78e-07,-5.13,4.7388773,-1.22,"mucin 1, cell surface associated","207847_s_at",0.343,0.01527315,-2.62,-4.81073,-1.16,"mucin 1, cell surface associated"
"702","MUC20","226622_at",4.19e-05,1.12e-05,-4.53,2.1667832,-1.25,"mucin 20, cell surface associated","231941_s_at",0.44,0.03277243,-2.27,-5.5159,-1.36,"mucin 20, cell surface associated"
"703","MVK","36907_at",1.9e-06,4.28e-07,5.26,5.3177768,0.627,"mevalonate kinase","204056_s_at",0.369,0.01918277,-2.52,-5.02321,-0.733,"mevalonate kinase"
"704","MX1","202086_at",7.17e-52,7.35e-55,23.4,114.4121353,3.12,"MX dynamin like GTPase 1","202086_at",0.395,0.02339599,2.43,-5.20702,1.26,"MX dynamin like GTPase 1"
"705","MX2","204994_at",1.21e-24,3.54e-26,12.6,48.7377873,2.39,"MX dynamin like GTPase 2","204994_at",0.32,0.01261407,2.7,-4.63128,0.883,"MX dynamin like GTPase 2"
"706","MXD1","228846_at",1.06e-38,6.22e-41,17.9,82.5416091,3.07,"MAX dimerization protein 1","228846_at",0.493,0.04600085,2.11,-5.82208,1.41,"MAX dimerization protein 1"
"707","MYD88","209124_at",1.2e-32,1.34e-34,15.6,68.0346873,1.16,"myeloid differentiation primary response 88","209124_at",0.135,0.0001966,4.41,-0.57565,0.61,"myeloid differentiation primary response 88"
"708","MYEOV","227342_s_at",3.22e-25,8.74e-27,-12.8,50.130004,-2.62,"myeloma overexpressed","227342_s_at",0.366,0.01858578,-2.53,-4.99383,-0.897,"myeloma overexpressed"
"709","MYH10","213067_at",1.43e-13,1.43e-14,-8.44,22.2193794,-0.847,"myosin, heavy chain 10, non-muscle","212372_at",0.294,0.00985372,-2.81,-4.39823,-0.624,"myosin, heavy chain 10, non-muscle"
"710","MYO5A","204527_at",1.69e-50,2.2e-53,22.8,111.0396896,1.96,"myosin VA","204527_at",0.255,0.00493036,3.1,-3.73769,0.889,"myosin VA"
"711","MYO5C","218966_at",4.31e-15,3.62e-16,-9.04,25.8560588,-0.909,"myosin VC","218966_at",0.503,0.04886318,-2.08,-5.87604,-0.921,"myosin VC"
"712","MYOC","210155_at",6.33e-13,6.76e-14,-8.18,20.6848711,-2.09,"myocilin","210155_at",0.216,0.00232782,-3.42,-3.01216,-0.982,"myocilin"
"713","MYRIP","214156_at",5.14e-07,1.08e-07,-5.55,6.6539341,-1.03,"myosin VIIA and Rab interacting protein","214156_at",0.213,0.00226016,-3.43,-2.98348,-1.5,"myosin VIIA and Rab interacting protein"
"714","MYZAP","228568_at",3.87e-05,1.03e-05,4.55,2.2482729,0.71,"myocardial zonula adherens protein","228568_at",0.447,0.03460675,-2.24,-5.56541,-0.843,"myocardial zonula adherens protein"
"715","N4BP1","204601_at",5.2e-47,1.13e-49,21.3,102.5508987,2.55,"NEDD4 binding protein 1","32069_at",0.262,0.00608925,3.02,-3.94008,0.763,"NEDD4 binding protein 1"
"716","NAALAD2","222161_at",3.76e-05,9.96e-06,-4.56,2.2789527,-0.906,"N-acetylated alpha-linked acidic dipeptidase 2","222161_at",0.32,0.01259446,-2.7,-4.62982,-0.941,"N-acetylated alpha-linked acidic dipeptidase 2"
"717","NABP1","222872_x_at",5.16e-24,1.61e-25,12.4,47.2324668,1.69,"nucleic acid binding protein 1","233085_s_at",0.275,0.00756336,2.92,-4.14703,0.68,"nucleic acid binding protein 1"
"718","NAMPT","1555167_s_at",7.57e-47,1.69e-49,21.2,102.1530416,4.4,"nicotinamide phosphoribosyltransferase","243296_at",0.416,0.02747322,2.35,-5.35477,0.624,"nicotinamide phosphoribosyltransferase"
"719","NAP1L2","219368_at",8.68e-23,3.06e-24,-12,44.3039406,-1.13,"nucleosome assembly protein 1 like 2","219368_at",0.335,0.01456138,-2.64,-4.76605,-0.608,"nucleosome assembly protein 1 like 2"
"720","NAPG","210048_at",5.7e-38,3.67e-40,17.6,80.7764801,2.59,"NSF attachment protein gamma","210048_at",0.24,0.00353861,3.24,-3.41813,0.926,"NSF attachment protein gamma"
"721","NAPSB","228055_at",4.8e-13,5.07e-14,8.22,20.9694448,1.15,"napsin B aspartic peptidase, pseudogene","228055_at",0.163,0.00061039,3.96,-1.69979,1.33,"napsin B aspartic peptidase, pseudogene"
"722","NBEA","226439_s_at",3.48e-16,2.6e-17,-9.46,28.4674784,-1.43,"neurobeachin","221207_s_at",0.369,0.01916015,-2.52,-5.02211,-0.919,"neurobeachin"
"723","NCAPG","218663_at",7.4e-34,7.29e-36,16.1,70.9293827,2.24,"non-SMC condensin I complex subunit G","218663_at",0.204,0.00172319,3.54,-2.71912,1.13,"non-SMC condensin I complex subunit G"
"724","NCAPG2","219588_s_at",2.56e-18,1.5e-19,10.3,33.5769737,0.782,"non-SMC condensin II complex subunit G2","219588_s_at",0.204,0.00154774,3.58,-2.61421,0.662,"non-SMC condensin II complex subunit G2"
"725","NCAPH","212949_at",7.72e-11,1.05e-11,7.31,15.7115707,0.987,"non-SMC condensin I complex subunit H","212949_at",0.416,0.02748781,2.35,-5.35526,0.642,"non-SMC condensin I complex subunit H"
"726","NCF2","209949_at",1.12e-12,1.23e-13,8.07,20.0968207,1.36,"neutrophil cytosolic factor 2","209949_at",0.416,0.02770452,2.35,-5.36246,0.886,"neutrophil cytosolic factor 2"
"727","NCF4","207677_s_at",0.00028,8.36e-05,4.03,0.2450903,0.714,"neutrophil cytosolic factor 4","205147_x_at",0.301,0.01040473,2.79,-4.4497,0.752,"neutrophil cytosolic factor 4"
"728","NCKAP1L","209734_at",0.000143,4.08e-05,4.21,0.9277289,0.666,"NCK associated protein 1 like","238668_at",0.402,0.02494772,2.4,-5.26619,0.602,"NCK associated protein 1 like"
"729","NDC1","218073_s_at",2.26e-27,4.84e-29,13.6,55.2988318,1.83,"NDC1 transmembrane nucleoporin","218073_s_at",0.264,0.00654175,2.99,-4.00861,0.896,"NDC1 transmembrane nucleoporin"
"730","NDC80","204162_at",3.76e-35,3.28e-37,16.6,74.015691,3.05,"NDC80, kinetochore complex component","204162_at",0.25,0.00464239,3.13,-3.67984,0.952,"NDC80, kinetochore complex component"
"731","NDFIP1","222423_at",6.52e-29,1.15e-30,-14.2,59.0174343,-0.875,"Nedd4 family interacting protein 1","222423_at",0.204,0.00176113,-3.53,-2.74038,-0.585,"Nedd4 family interacting protein 1"
"732","NDUFAF4","219006_at",3.46e-16,2.58e-17,9.46,28.4735691,0.938,"NADH:ubiquinone oxidoreductase complex assembly factor 4","227559_at",0.428,0.0299977,-2.31,-5.43523,-0.609,"NADH:ubiquinone oxidoreductase complex assembly factor 4"
"733","NEB","205054_at",3.01e-14,2.76e-15,8.71,23.8450535,1.91,"nebulin","205054_at",0.483,0.0432277,2.14,-5.76631,1.14,"nebulin"
"734","NEDD4L","212445_s_at",1.21e-08,2.1e-09,-6.33,10.5040783,-1.03,"neural precursor cell expressed, developmentally down-regulated 4-like, E3 ubiquitin protein ligase","212445_s_at",0.444,0.0334363,-2.26,-5.53415,-0.709,"neural precursor cell expressed, developmentally down-regulated 4-like, E3 ubiquitin protein ligase"
"735","NEDD9","202149_at",5.59e-11,7.44e-12,-7.37,16.0481028,-0.834,"neural precursor cell expressed, developmentally down-regulated 9","202149_at",0.465,0.03911951,-2.19,-5.67639,-0.669,"neural precursor cell expressed, developmentally down-regulated 9"
"736","NEK2","204641_at",6.69e-28,1.34e-29,13.8,56.5780257,1.98,"NIMA related kinase 2","204641_at",0.4,0.02419972,2.41,-5.23816,0.951,"NIMA related kinase 2"
"737","NFAT5","208003_s_at",0.000889,0.000286,-3.71,-0.9181029,-0.961,"nuclear factor of activated T-cells 5","215092_s_at",0.216,0.00237011,3.41,-3.02967,0.717,"nuclear factor of activated T-cells 5"
"738","NIN","224304_x_at",1e-12,1.09e-13,8.09,20.2117275,0.745,"ninein","224304_x_at",0.323,0.01294575,2.69,-4.65569,0.749,"ninein"
"739","NLRC3","236295_s_at",3.6e-07,7.45e-08,5.63,7.0179107,0.99,"NLR family CARD domain containing 3","236295_s_at",0.25,0.00459963,3.13,-3.67094,1.41,"NLR family CARD domain containing 3"
"740","NMI","203964_at",1.9e-38,1.15e-40,17.8,81.9306479,1.14,"N-myc and STAT interactor","203964_at",0.454,0.03631653,2.22,-5.60915,0.74,"N-myc and STAT interactor"
"741","NOD2","220066_at",2.59e-40,1.23e-42,18.6,86.4421754,2.24,"nucleotide binding oligomerization domain containing 2","220066_at",0.243,0.00390065,3.2,-3.51217,0.922,"nucleotide binding oligomerization domain containing 2"
"742","NOSTRIN","226992_at",9.34e-06,2.29e-06,-4.89,3.6939977,-0.837,"nitric oxide synthase trafficking","226992_at",0.465,0.03909212,-2.19,-5.67575,-0.884,"nitric oxide synthase trafficking"
"743","NPY1R","205440_s_at",1.19e-26,2.76e-28,-13.4,53.5654546,-1.04,"neuropeptide Y receptor Y1","205440_s_at",0.277,0.0077047,-2.92,-4.16467,-0.948,"neuropeptide Y receptor Y1"
"744","NR1H3","203920_at",1.78e-19,9.18e-21,-10.7,36.3502166,-1.43,"nuclear receptor subfamily 1 group H member 3","203920_at",0.166,0.00066593,-3.92,-1.78575,-1.24,"nuclear receptor subfamily 1 group H member 3"
"745","NR2F1","209505_at",3.17e-10,4.62e-11,-7.04,14.2504371,-1.05,"nuclear receptor subfamily 2 group F member 1","209505_at",0.348,0.01621742,-2.59,-4.8668,-0.629,"nuclear receptor subfamily 2 group F member 1"
"746","NR2F2","209120_at",5.82e-22,2.27e-23,-11.6,42.315202,-0.68,"nuclear receptor subfamily 2 group F member 2","215073_s_at",0.406,0.02577725,-2.38,-5.29627,-0.597,"nuclear receptor subfamily 2 group F member 2"
"747","NR3C2","205259_at",1.02e-34,9.25e-37,-16.4,72.9832762,-2.73,"nuclear receptor subfamily 3 group C member 2","205259_at",0.261,0.00599554,-3.02,-3.92524,-1.27,"nuclear receptor subfamily 3 group C member 2"
"748","NR4A3","209959_at",4.48e-25,1.24e-26,12.8,49.7794578,2.82,"nuclear receptor subfamily 4 group A member 3","209959_at",0.444,0.03397977,2.25,-5.5488,1.02,"nuclear receptor subfamily 4 group A member 3"
"749","NRXN1","228547_at",7.83e-22,3.09e-23,-11.6,42.0051461,-2.07,"neurexin 1","228547_at",0.285,0.00866121,-2.87,-4.27593,-1.68,"neurexin 1"
"750","NUF2","223381_at",1.7e-28,3.16e-30,14.1,58.0128076,1.95,"NUF2, NDC80 kinetochore complex component","223381_at",0.229,0.00284063,3.33,-3.20548,0.894,"NUF2, NDC80 kinetochore complex component"
"751","NUSAP1","219978_s_at",1.24e-13,1.23e-14,8.46,22.369208,1.54,"nucleolar and spindle associated protein 1","218039_at",0.193,0.0011775,3.69,-2.34649,0.844,"nucleolar and spindle associated protein 1"
"752","OAS1","205552_s_at",2.11e-44,6.38e-47,20.2,96.2555378,4.8,"2'-5'-oligoadenylate synthetase 1","202869_at",0.459,0.03771724,2.2,-5.6434,1.5,"2'-5'-oligoadenylate synthetase 1"
"753","OAS2","204972_at",6.42e-46,1.6e-48,20.8,99.9208459,4.46,"2'-5'-oligoadenylate synthetase 2","204972_at",0.473,0.04099621,2.16,-5.71864,1.76,"2'-5'-oligoadenylate synthetase 2"
"754","OAS3","218400_at",2.5e-45,6.59e-48,20.6,98.5114678,3.64,"2'-5'-oligoadenylate synthetase 3","218400_at",0.357,0.01744243,2.56,-4.93473,1.51,"2'-5'-oligoadenylate synthetase 3"
"755","OASL","205660_at",3.54e-74,3.89e-78,34.4,167.3841197,7.95,"2'-5'-oligoadenylate synthetase like","205660_at",0.259,0.00570689,3.04,-3.878,2.12,"2'-5'-oligoadenylate synthetase like"
"756","ODF3B","238327_at",1.08e-11,1.33e-12,7.67,17.7467541,1.39,"outer dense fiber of sperm tails 3B","243934_at",0.304,0.0106669,2.78,-4.47322,0.847,"outer dense fiber of sperm tails 3B"
"757","OGN","218730_s_at",4.09e-06,9.61e-07,-5.09,4.5346555,-1.63,"osteoglycin","218730_s_at",0.26,0.00577204,-3.04,-3.88887,-1.2,"osteoglycin"
"758","OIP5","213599_at",4.3e-25,1.19e-26,12.8,49.8256037,1.59,"Opa interacting protein 5","213599_at",0.421,0.02841763,2.34,-5.38574,1.39,"Opa interacting protein 5"
"759","ORC6","219105_x_at",1.04e-09,1.6e-10,6.81,13.029464,0.769,"origin recognition complex subunit 6","219105_x_at",0.244,0.00399684,3.19,-3.53566,0.632,"origin recognition complex subunit 6"
"760","OSBPL1A","208158_s_at",1.44e-17,9.17e-19,-9.99,31.7813326,-0.645,"oxysterol binding protein like 1A","209485_s_at",0.497,0.04724246,-2.09,-5.84591,-0.698,"oxysterol binding protein like 1A"
"761","OSBPL3","209626_s_at",3.37e-28,6.48e-30,14,57.2987918,1.87,"oxysterol binding protein like 3","209626_s_at",0.14,0.00033301,4.2,-1.09986,0.657,"oxysterol binding protein like 3"
"762","OSBPL6","238575_at",7.61e-12,9.14e-13,7.73,18.1140044,1.68,"oxysterol binding protein like 6","238575_at",0.277,0.00770527,2.92,-4.16474,0.678,"oxysterol binding protein like 6"
"763","OSGIN2","204024_at",1.5e-11,1.87e-12,-7.61,17.4096153,-0.74,"oxidative stress induced growth inhibitor family member 2","204024_at",0.216,0.00236811,-3.41,-3.02885,-0.587,"oxidative stress induced growth inhibitor family member 2"
"764","OSMR","1554008_at",1.56e-14,1.38e-15,8.82,24.5332862,1.63,"oncostatin M receptor","226621_at",0.196,0.00127216,3.66,-2.42229,0.824,"oncostatin M receptor"
"765","P2RY1","207455_at",1.36e-18,7.76e-20,10.4,34.2319071,2.01,"purinergic receptor P2Y1","231925_at",0.255,0.0052095,3.08,-3.79056,0.859,"purinergic receptor P2Y1"
"766","P2RY10","236280_at",2.09e-13,2.12e-14,8.37,21.8285053,1.43,"purinergic receptor P2Y10","236280_at",0.301,0.0104613,2.78,-4.45483,0.857,"purinergic receptor P2Y10"
"767","P2RY13","220005_at",2.9e-06,6.7e-07,5.17,4.8845202,1.14,"purinergic receptor P2Y13","220005_at",0.469,0.03992695,2.18,-5.69482,0.686,"purinergic receptor P2Y13"
"768","P2RY2","206277_at",5.14e-20,2.51e-21,10.9,37.6377495,1.33,"purinergic receptor P2Y2","206277_at",0.487,0.04425363,2.13,-5.78737,0.827,"purinergic receptor P2Y2"
"769","PAK2","208875_s_at",7.64e-08,1.46e-08,5.96,8.609025,1.21,"p21 (RAC1) activated kinase 2","208876_s_at",0.457,0.03720074,2.21,-5.63093,0.637,"p21 (RAC1) activated kinase 2"
"770","PAK3","236277_at",3.3e-09,5.4e-10,-6.59,11.8360064,-0.738,"p21 (RAC1) activated kinase 3","229201_at",0.144,0.00035937,-4.17,-1.17546,-1.48,"p21 (RAC1) activated kinase 3"
"771","PALMD","222725_s_at",1.51e-07,3e-08,-5.81,7.9057559,-0.753,"palmdelphin","232187_at",0.453,0.03604899,-2.22,-5.60245,-0.709,"palmdelphin"
"772","PANX1","204715_at",1.52e-35,1.25e-37,16.7,74.9735865,1.86,"pannexin 1","204715_at",0.296,0.0100686,2.8,-4.41864,0.841,"pannexin 1"
"773","PARP12","218543_s_at",1.62e-12,1.8e-13,8.01,19.7161061,0.773,"poly(ADP-ribose) polymerase family member 12","218543_s_at",0.213,0.00219963,3.44,-2.95707,0.737,"poly(ADP-ribose) polymerase family member 12"
"774","PARP14","224701_at",1.4e-28,2.57e-30,14.1,58.2190309,0.929,"poly(ADP-ribose) polymerase family member 14","224701_at",0.217,0.00242764,3.4,-3.05298,0.911,"poly(ADP-ribose) polymerase family member 14"
"775","PARP8","219033_at",2.25e-20,1.05e-21,11.1,38.5027716,1.19,"poly(ADP-ribose) polymerase family member 8","219033_at",0.189,0.001067,3.73,-2.24978,0.672,"poly(ADP-ribose) polymerase family member 8"
"776","PARP9","227807_at",1.34e-32,1.51e-34,15.6,67.9125818,2.55,"poly(ADP-ribose) polymerase family member 9","223220_s_at",0.255,0.0052148,3.08,-3.79154,1.23,"poly(ADP-ribose) polymerase family member 9"
"777","PARVG","223562_at",2.08e-09,3.31e-10,6.68,12.3148538,1.03,"parvin gamma","223562_at",0.212,0.00205696,3.47,-2.89178,1.03,"parvin gamma"
"778","PBK","219148_at",3.15e-35,2.71e-37,16.6,74.205548,2.71,"PDZ binding kinase","219148_at",0.402,0.02491237,2.4,-5.26489,1.11,"PDZ binding kinase"
"779","PCBD2","1554894_a_at",2.39e-17,1.56e-18,9.91,31.2534545,1.24,"pterin-4 alpha-carbinolamine dehydratase 2","240846_at",0.21,0.0018981,3.5,-2.81344,0.744,"pterin-4 alpha-carbinolamine dehydratase 2"
"780","PCDH7","205534_at",5.06e-26,1.25e-27,13.1,52.0611423,1.95,"protocadherin 7","205534_at",0.449,0.03520155,2.24,-5.58088,1.03,"protocadherin 7"
"781","PCDH9","219738_s_at",7.75e-06,1.88e-06,-4.94,3.8833046,-0.633,"protocadherin 9","219738_s_at",0.501,0.04830886,-2.08,-5.86585,-0.719,"protocadherin 9"
"782","PCDHB9","223854_at",1.7e-05,4.31e-06,-4.75,3.0843454,-0.712,"protocadherin beta 9///protocadherin beta 10","223854_at",0.385,0.02172299,-2.46,-5.13848,-0.691,"protocadherin beta 9///protocadherin beta 10"
"783","PCDHGA4","1552735_at",4.39e-13,4.61e-14,-8.24,21.0622922,-0.765,"protocadherin gamma subfamily A, 4","1552735_at",0.507,0.04996366,-2.07,-5.8959,-0.669,"protocadherin gamma subfamily A, 4"
"784","PCGF3","204564_at",2.72e-09,4.4e-10,6.63,12.036814,0.97,"polycomb group ring finger 3","238084_at",0.349,0.01634516,2.59,-4.87413,0.607,"polycomb group ring finger 3"
"785","PCM1","228905_at",4.66e-22,1.79e-23,-11.7,42.5489924,-0.744,"pericentriolar material 1","228905_at",0.357,0.01729009,-2.56,-4.92655,-0.634,"pericentriolar material 1"
"786","PDCD6IP","222394_at",1.32e-18,7.56e-20,-10.4,34.2581252,-0.836,"programmed cell death 6 interacting protein","222394_at",0.135,0.00022248,-4.36,-0.69885,-0.603,"programmed cell death 6 interacting protein"
"787","PDGFD","219304_s_at",5.61e-11,7.46e-12,-7.37,16.0443585,-1.54,"platelet derived growth factor D","219304_s_at",0.428,0.02991906,-2.31,-5.43283,-0.724,"platelet derived growth factor D"
"788","PDLIM5","203242_s_at",5.3e-13,5.61e-14,8.21,20.8692659,1.05,"PDZ and LIM domain 5","216803_at",0.343,0.01547639,2.61,-4.8231,0.606,"PDZ and LIM domain 5"
"789","PDPN","204879_at",6.62e-08,1.25e-08,5.99,8.7553446,0.95,"podoplanin","204879_at",0.469,0.03999474,2.17,-5.69635,0.714,"podoplanin"
"790","PDS5B","215888_at",2.1e-06,4.77e-07,-5.24,5.2128214,-0.841,"PDS5 cohesin associated factor B","204742_s_at",0.209,0.00187057,-3.51,-2.7992,-0.616,"PDS5 cohesin associated factor B"
"791","PDZK1","205380_at",1e-06,2.19e-07,-5.4,5.968112,-1.75,"PDZ domain containing 1","205380_at",0.257,0.00543992,-3.06,-3.83208,-2.93,"PDZ domain containing 1"
"792","PECR","223619_x_at",5.84e-18,3.54e-19,-10.1,32.7265064,-0.876,"peroxisomal trans-2-enoyl-CoA reductase","221142_s_at",0.135,0.00015324,-4.51,-0.32713,-2.62,"peroxisomal trans-2-enoyl-CoA reductase"
"793","PEG10","212094_at",2.48e-16,1.82e-17,-9.52,28.8204991,-1.16,"paternally expressed 10","212094_at",0.289,0.00901307,-2.85,-4.31372,-1.25,"paternally expressed 10"
"794","PELI2","219132_at",2.32e-23,7.7e-25,-12.2,45.6763713,-1.34,"pellino E3 ubiquitin protein ligase family member 2","219132_at",0.281,0.00821505,-2.89,-4.22568,-0.837,"pellino E3 ubiquitin protein ligase family member 2"
"795","PEX11A","205161_s_at",9.41e-07,2.04e-07,-5.42,6.0358388,-1.13,"peroxisomal biogenesis factor 11 alpha","205160_at",0.144,0.00036705,-4.16,-1.19641,-1.06,"peroxisomal biogenesis factor 11 alpha"
"796","PFN2","204992_s_at",5.53e-32,6.63e-34,-15.4,66.4405347,-0.813,"profilin 2","204992_s_at",0.331,0.01408369,-2.65,-4.73479,-0.708,"profilin 2"
"797","PGF","209652_s_at",6.39e-05,1.75e-05,4.42,1.7405931,0.736,"placental growth factor","209652_s_at",0.276,0.00761623,2.92,-4.15367,0.791,"placental growth factor"
"798","PGLYRP4","220944_at",2.35e-46,5.49e-49,21,100.9816249,3.81,"peptidoglycan recognition protein 4","220944_at",0.449,0.03535945,2.23,-5.58494,0.664,"peptidoglycan recognition protein 4"
"799","PGM2","223738_s_at",4.09e-33,4.38e-35,15.8,69.1453573,1.96,"phosphoglucomutase 2","225367_at",0.377,0.02041489,2.49,-5.08098,0.771,"phosphoglucomutase 2"
"800","PGM5-AS1","230595_at",1.05e-19,5.32e-21,-10.8,36.8918687,-1.55,"PGM5 antisense RNA 1","230595_at",0.248,0.00441624,-3.15,-3.63179,-0.909,"PGM5 antisense RNA 1"
"801","PGR","228554_at",9.3e-12,1.13e-12,-7.7,17.9052946,-1.05,"progesterone receptor","228554_at",0.196,0.0013053,-3.65,-2.44749,-1.25,"progesterone receptor"
"802","PHF19","227211_at",3.45e-19,1.84e-20,10.6,35.6609847,1.81,"PHD finger protein 19","227212_s_at",0.329,0.01362467,2.67,-4.7037,1.03,"PHD finger protein 19"
"803","PHYHIP","205325_at",7.87e-25,2.25e-26,-12.7,49.1876722,-3.34,"phytanoyl-CoA 2-hydroxylase interacting protein","205325_at",0.289,0.00902247,-2.85,-4.31471,-1.22,"phytanoyl-CoA 2-hydroxylase interacting protein"
"804","PI15","229947_at",2.37e-16,1.74e-17,9.53,28.8665243,2.17,"peptidase inhibitor 15","229947_at",0.384,0.02159592,2.46,-5.13306,0.915,"peptidase inhibitor 15"
"805","PI3","41469_at",9.64e-51,1.22e-53,22.9,111.6259172,3.35,"peptidase inhibitor 3","41469_at",0.503,0.04910419,2.08,-5.88043,2.55,"peptidase inhibitor 3"
"806","PIGC","215242_at",1.14e-06,2.51e-07,-5.38,5.8377314,-0.655,"phosphatidylinositol glycan anchor biosynthesis class C","215242_at",0.245,0.00409857,-3.18,-3.55989,-0.816,"phosphatidylinositol glycan anchor biosynthesis class C"
"807","PIK3CD","203879_at",1.06e-10,1.46e-11,7.25,15.3826144,0.936,"phosphatidylinositol-4,5-bisphosphate 3-kinase catalytic subunit delta","203879_at",0.159,0.00052626,4.02,-1.55324,0.699,"phosphatidylinositol-4,5-bisphosphate 3-kinase catalytic subunit delta"
"808","PIK3CG","239294_at",0.00348,0.00123,3.29,-2.2860877,0.614,"phosphatidylinositol-4,5-bisphosphate 3-kinase catalytic subunit gamma","239294_at",0.304,0.01073676,2.77,-4.47939,1.13,"phosphatidylinositol-4,5-bisphosphate 3-kinase catalytic subunit gamma"
"809","PIK3R1","212239_at",2.17e-32,2.5e-34,-15.5,67.4128138,-1.07,"phosphoinositide-3-kinase regulatory subunit 1","212239_at",0.234,0.0030313,-3.31,-3.26843,-0.592,"phosphoinositide-3-kinase regulatory subunit 1"
"810","PIK3R5","227553_at",7.55e-12,9.05e-13,7.73,18.1239061,1.65,"phosphoinositide-3-kinase regulatory subunit 5","227645_at",0.325,0.01316039,2.68,-4.67114,0.667,"phosphoinositide-3-kinase regulatory subunit 5"
"811","PIM1","209193_at",8.69e-12,1.05e-12,7.71,17.9760074,0.797,"Pim-1 proto-oncogene, serine/threonine kinase","209193_at",0.372,0.01968614,2.5,-5.04726,0.768,"Pim-1 proto-oncogene, serine/threonine kinase"
"812","PIP5K1B","205632_s_at",7.6e-12,9.13e-13,-7.73,18.1152924,-0.783,"phosphatidylinositol-4-phosphate 5-kinase type 1 beta","205632_s_at",0.442,0.033077,-2.27,-5.52432,-0.993,"phosphatidylinositol-4-phosphate 5-kinase type 1 beta"
"813","PKIA","204612_at",5.86e-12,6.96e-13,7.78,18.3835883,0.882,"protein kinase (cAMP-dependent, catalytic) inhibitor alpha","204612_at",0.347,0.01607597,2.59,-4.85862,1.14,"protein kinase (cAMP-dependent, catalytic) inhibitor alpha"
"814","PKIB","223551_at",6.79e-05,1.86e-05,-4.41,1.6779884,-0.852,"protein kinase (cAMP-dependent, catalytic) inhibitor beta","223551_at",0.36,0.01793268,-2.55,-4.96055,-0.919,"protein kinase (cAMP-dependent, catalytic) inhibitor beta"
"815","PKP2","207717_s_at",3.14e-14,2.89e-15,-8.7,23.8028378,-1.54,"plakophilin 2","207717_s_at",0.374,0.02000845,-2.5,-5.06233,-1.03,"plakophilin 2"
"816","PLA2G16","235110_at",1.6e-20,7.32e-22,-11.1,38.8619253,-1.98,"phospholipase A2 group XVI","209581_at",0.222,0.00253868,-3.38,-3.09643,-1.62,"phospholipase A2 group XVI"
"817","PLA2G3","220780_at",1.7e-23,5.59e-25,12.2,45.9949257,2.11,"phospholipase A2 group III","220780_at",0.292,0.0093158,2.83,-4.34505,1.17,"phospholipase A2 group III"
"818","PLA2R1","235746_s_at",3.9e-07,8.1e-08,-5.61,6.9362521,-0.649,"phospholipase A2 receptor 1","210194_at",0.481,0.04260546,-2.14,-5.75328,-0.662,"phospholipase A2 receptor 1"
"819","PLAU","205479_s_at",2.56e-11,3.28e-12,7.51,16.8542146,1.16,"plasminogen activator, urokinase","205479_s_at",0.264,0.00650707,2.99,-4.00354,1.02,"plasminogen activator, urokinase"
"820","PLAUR","210845_s_at",3.01e-14,2.77e-15,8.71,23.8438303,1.6,"plasminogen activator, urokinase receptor","210845_s_at",0.201,0.00143134,3.61,-2.53774,0.873,"plasminogen activator, urokinase receptor"
"821","PLBD1","218454_at",7.82e-44,2.55e-46,20,94.8797024,1.8,"phospholipase B domain containing 1","218454_at",0.285,0.00864572,2.87,-4.27423,1.04,"phospholipase B domain containing 1"
"822","PLCB4","203896_s_at",8.16e-15,7.05e-16,-8.93,25.19781,-1.55,"phospholipase C beta 4","203895_at",0.422,0.02886608,-2.33,-5.40007,-1.05,"phospholipase C beta 4"
"823","PLD6","227037_at",1.85e-21,7.67e-23,-11.5,41.1032761,-1.15,"phospholipase D family member 6///folliculin","227037_at",0.144,0.00037581,-4.15,-1.21982,-0.916,"phospholipase D family member 6///folliculin"
"824","PLEK","203471_s_at",5.47e-20,2.68e-21,10.9,37.5740947,1.72,"pleckstrin","203471_s_at",0.319,0.01249943,2.71,-4.62269,0.639,"pleckstrin"
"825","PLEKHA6","229245_at",3.11e-19,1.65e-20,-10.6,35.7713921,-1.53,"pleckstrin homology domain containing A6","229245_at",0.245,0.00407347,-3.18,-3.55397,-1.53,"pleckstrin homology domain containing A6"
"826","PLEKHH1","225727_at",2.26e-24,6.76e-26,-12.5,48.0947299,-1.29,"pleckstrin homology, MyTH4 and FERM domain containing H1","225726_s_at",0.427,0.0295332,-2.32,-5.42097,-0.94,"pleckstrin homology, MyTH4 and FERM domain containing H1"
"827","PLIN1","205913_at",9.75e-09,1.68e-09,-6.38,10.7229973,-2.54,"perilipin 1","205913_at",0.431,0.03046784,-2.3,-5.44943,-2.16,"perilipin 1"
"828","PLIN4","228409_at",1e-10,1.38e-11,-7.26,15.4383324,-2.61,"perilipin 4","228409_at",0.255,0.00505927,-3.09,-3.76247,-2.57,"perilipin 4"
"829","PLIN5","241368_at",6.27e-10,9.45e-11,6.91,13.5468758,1.66,"perilipin 5","241368_at",0.297,0.01014779,-2.8,-4.42606,-1.1,"perilipin 5"
"830","PLK3","204958_at",4.93e-24,1.53e-25,12.4,47.2819723,1.03,"polo like kinase 3","215462_at",0.284,0.00856747,2.87,-4.2656,0.585,"polo like kinase 3"
"831","PLK4","204886_at",8.01e-15,6.91e-16,8.93,25.2167932,0.844,"polo like kinase 4","204886_at",0.209,0.00186631,3.51,-2.79697,0.624,"polo like kinase 4"
"832","PLSCR1","202446_s_at",1.64e-30,2.35e-32,14.8,62.890768,1.33,"phospholipid scramblase 1","202446_s_at",0.279,0.00795946,2.9,-4.19562,0.752,"phospholipid scramblase 1"
"833","PLXDC1","214081_at",0.00737,0.00275,3.04,-3.0289874,0.849,"plexin domain containing 1","214081_at",0.236,0.0032258,3.28,-3.32864,1.28,"plexin domain containing 1"
"834","PM20D1","239929_at",1.28e-08,2.23e-09,-6.32,10.4433874,-3.85,"peptidase M20 domain containing 1","239929_at",0.331,0.0141684,-2.65,-4.74041,-3.72,"peptidase M20 domain containing 1"
"835","PMAIP1","204285_s_at",4.12e-10,6.09e-11,6.99,13.9784438,1.66,"phorbol-12-myristate-13-acetate-induced protein 1","204285_s_at",0.347,0.0160287,2.6,-4.85587,0.656,"phorbol-12-myristate-13-acetate-induced protein 1"
"836","PMEPA1","222450_at",7.71e-15,6.64e-16,-8.94,25.2566407,-0.603,"prostate transmembrane protein, androgen induced 1","222449_at",0.433,0.03096026,-2.3,-5.46407,-0.607,"prostate transmembrane protein, androgen induced 1"
"837","PNLDC1","1564414_a_at",8.54e-07,1.85e-07,-5.44,6.13446,-1.47,"PARN like, ribonuclease domain containing 1","1564414_a_at",0.449,0.0352663,-2.23,-5.58254,-1.62,"PARN like, ribonuclease domain containing 1"
"838","PNPLA3","220675_s_at",2.24e-06,5.11e-07,-5.22,5.1464549,-0.998,"patatin like phospholipase domain containing 3","233030_at",0.294,0.00980926,-2.81,-4.39395,-1.62,"patatin like phospholipase domain containing 3"
"839","POLE2","205909_at",1.33e-28,2.43e-30,14.1,58.2739251,1.99,"DNA polymerase epsilon 2, accessory subunit","205909_at",0.248,0.00433936,3.16,-3.61489,1.1,"DNA polymerase epsilon 2, accessory subunit"
"840","POLI","238992_at",8.12e-21,3.62e-22,-11.2,39.5621765,-0.814,"DNA polymerase iota","238992_at",0.257,0.00548787,-3.06,-3.8405,-0.616,"DNA polymerase iota"
"841","POLQ","219510_at",1.02e-26,2.36e-28,13.4,53.7227315,1.79,"DNA polymerase theta","207746_at",0.224,0.00256703,3.38,-3.10721,1.07,"DNA polymerase theta"
"842","POLR3G","206653_at",1.54e-45,3.92e-48,20.7,99.0273772,1.93,"RNA polymerase III subunit G","206653_at",0.184,0.00092058,3.79,-2.10474,0.943,"RNA polymerase III subunit G"
"843","PON3","213695_at",2.11e-06,4.78e-07,5.24,5.2113809,0.818,"paraoxonase 3","213695_at",0.314,0.01196164,-2.73,-4.58129,-1.78,"paraoxonase 3"
"844","POU6F1","205878_at",3.35e-08,6.14e-09,-6.13,9.4544055,-0.92,"POU class 6 homeobox 1","229809_at",0.268,0.00696846,-2.96,-4.06894,-1.27,"POU class 6 homeobox 1"
"845","PPARA","226978_at",1.91e-16,1.38e-17,-9.56,29.0914978,-0.787,"peroxisome proliferator activated receptor alpha","226978_at",0.255,0.00513619,-3.09,-3.77696,-0.661,"peroxisome proliferator activated receptor alpha"
"846","PPARG","208510_s_at",1.57e-13,1.57e-14,-8.42,22.1277899,-1.68,"peroxisome proliferator activated receptor gamma","208510_s_at",0.135,0.00018939,-4.42,-0.53841,-1.84,"peroxisome proliferator activated receptor gamma"
"847","PPARGC1A","219195_at",2.22e-32,2.56e-34,-15.5,67.3881406,-2,"PPARG coactivator 1 alpha","219195_at",0.444,0.03404555,-2.25,-5.55056,-1.2,"PPARG coactivator 1 alpha"
"848","PPM1A","227728_at",5.05e-38,3.24e-40,-17.7,80.9015916,-0.927,"protein phosphatase, Mg2+/Mn2+ dependent 1A","235344_at",0.235,0.00310013,-3.3,-3.29017,-0.621,"protein phosphatase, Mg2+/Mn2+ dependent 1A"
"849","PPM1K","226773_at",1.95e-09,3.1e-10,-6.69,12.3802353,-0.645,"protein phosphatase, Mg2+/Mn2+ dependent 1K","226773_at",0.499,0.04793512,-2.09,-5.85891,-0.587,"protein phosphatase, Mg2+/Mn2+ dependent 1K"
"850","PPP1R14A","227006_at",2.02e-09,3.22e-10,-6.69,12.3423603,-1.5,"protein phosphatase 1 regulatory inhibitor subunit 14A","227006_at",0.357,0.01738204,-2.56,-4.9315,-1.03,"protein phosphatase 1 regulatory inhibitor subunit 14A"
"851","PPP1R1A","235129_at",2.59e-08,4.68e-09,-6.18,9.7189246,-1.31,"protein phosphatase 1 regulatory inhibitor subunit 1A","235129_at",0.479,0.04217624,-2.15,-5.74418,-0.853,"protein phosphatase 1 regulatory inhibitor subunit 1A"
"852","PPP1R1B","225165_at",2.25e-22,8.32e-24,-11.8,43.3101777,-2.45,"protein phosphatase 1 regulatory inhibitor subunit 1B","225165_at",0.47,0.04043521,-2.17,-5.70622,-1.23,"protein phosphatase 1 regulatory inhibitor subunit 1B"
"853","PPP1R3B","222662_at",1.56e-19,8.01e-21,-10.7,36.486307,-0.741,"protein phosphatase 1 regulatory subunit 3B","1552670_a_at",0.342,0.01520056,-2.62,-4.80627,-0.8,"protein phosphatase 1 regulatory subunit 3B"
"854","PPP1R9A","228494_at",1.09e-13,1.07e-14,-8.48,22.5087199,-1.49,"protein phosphatase 1 regulatory subunit 9A","228494_at",0.303,0.01063341,-2.78,-4.47025,-1.91,"protein phosphatase 1 regulatory subunit 9A"
"855","PPP2R2C","223574_x_at",1.31e-38,7.83e-41,17.9,82.3127358,2.28,"protein phosphatase 2 regulatory subunit Bgamma","223574_x_at",0.428,0.02992967,2.31,-5.43316,1.17,"protein phosphatase 2 regulatory subunit Bgamma"
"856","PPP4R1","201594_s_at",1.32e-32,1.49e-34,15.6,67.926634,0.899,"protein phosphatase 4 regulatory subunit 1","201594_s_at",0.135,9.522e-05,4.7,0.14849,0.734,"protein phosphatase 4 regulatory subunit 1"
"857","PRC1","218009_s_at",1.85e-27,3.9e-29,13.7,55.5122706,1.95,"protein regulator of cytokinesis 1","218009_s_at",0.229,0.00283979,3.33,-3.20519,0.881,"protein regulator of cytokinesis 1"
"858","PRDM16","232424_at",4.93e-16,3.73e-17,-9.41,28.1074164,-1.39,"PR/SET domain 16","232424_at",0.249,0.00446234,-3.15,-3.64179,-0.645,"PR/SET domain 16"
"859","PREP","229644_at",2.36e-20,1.11e-21,11,38.4519796,1.7,"prolyl endopeptidase","229644_at",0.384,0.02161151,2.46,-5.13372,0.632,"prolyl endopeptidase"
"860","PRF1","214617_at",8e-12,9.64e-13,7.72,18.0614999,2.01,"perforin 1","214617_at",0.376,0.02027386,2.49,-5.07455,0.63,"perforin 1"
"861","PRIMA1","230087_at",7.41e-15,6.38e-16,-8.95,25.2966073,-1.4,"proline rich membrane anchor 1","230087_at",0.408,0.02619559,-2.37,-5.31107,-0.729,"proline rich membrane anchor 1"
"862","PRKAA2","227892_at",6.94e-14,6.67e-15,-8.56,22.9743864,-1.02,"protein kinase AMP-activated catalytic subunit alpha 2","238441_at",0.312,0.01167881,-2.74,-4.55875,-1.41,"protein kinase AMP-activated catalytic subunit alpha 2"
"863","PRKAG2","233748_x_at",1.23e-08,2.14e-09,-6.33,10.4846122,-0.667,"protein kinase AMP-activated non-catalytic subunit gamma 2","215231_at",0.461,0.03832195,-2.2,-5.65778,-0.748,"protein kinase AMP-activated non-catalytic subunit gamma 2"
"864","PRKAG2-AS1","229157_at",3.4e-19,1.81e-20,-10.6,35.678014,-0.844,"PRKAG2 antisense RNA 1","229156_s_at",0.263,0.00616102,-3.01,-3.95129,-0.68,"PRKAG2 antisense RNA 1"
"865","PRLR","227629_at",5.05e-37,3.61e-39,-17.3,78.5021334,-2.7,"prolactin receptor","227629_at",0.221,0.00250956,-3.38,-3.08522,-1.1,"prolactin receptor"
"866","PRR11","228273_at",1.26e-25,3.26e-27,13,51.1105337,2.64,"proline rich 11","228273_at",0.181,0.0008953,3.8,-2.07735,1.01,"proline rich 11"
"867","PRR5-ARHGAP8","37117_at",1.83e-05,4.65e-06,-4.73,3.0118139,-1.08,"PRR5-ARHGAP8 readthrough///Rho GTPase activating protein 8","37117_at",0.492,0.04549757,-2.11,-5.81222,-0.979,"PRR5-ARHGAP8 readthrough///Rho GTPase activating protein 8"
"868","PRRG4","238513_at",9.79e-16,7.67e-17,9.29,27.393442,0.863,"proline rich and Gla domain 4","207291_at",0.255,0.00507311,3.09,-3.7651,0.941,"proline rich and Gla domain 4"
"869","PRSS2","216470_x_at",2.63e-35,2.23e-37,16.6,74.4009336,1.93,"protease, serine 2","216470_x_at",0.503,0.04902204,2.08,-5.87893,1.21,"protease, serine 2"
"870","PRSS22","205847_at",5.43e-27,1.22e-28,13.5,54.3779852,1.62,"protease, serine 22","205847_at",0.273,0.0073863,2.93,-4.12447,0.639,"protease, serine 22"
"871","PRSS27","232074_at",6.76e-66,1.61e-69,30,147.8348598,5.86,"protease, serine 27","232074_at",0.488,0.04451864,2.12,-5.79273,1.35,"protease, serine 27"
"872","PRSS3","207463_x_at",2.98e-31,3.97e-33,15.1,64.6588169,2.37,"protease, serine 3","207463_x_at",0.464,0.03876485,2.19,-5.66816,1.81,"protease, serine 3"
"873","PRSS53","214226_at",3.04e-26,7.41e-28,13.2,52.5835651,1.96,"protease, serine 53","214226_at",0.266,0.00667065,2.98,-4.02725,1.94,"protease, serine 53"
"874","PSMB10","202659_at",2.08e-17,1.35e-18,9.93,31.395954,1.09,"proteasome subunit beta 10","202659_at",0.367,0.01887759,2.52,-5.00831,0.745,"proteasome subunit beta 10"
"875","PTAFR","227184_at",3.57e-39,1.98e-41,18.1,83.6819449,2.53,"platelet activating factor receptor","206278_at",0.195,0.00122525,3.68,-2.38547,1.14,"platelet activating factor receptor"
"876","PTBP3","214698_at",1.91e-09,3.03e-10,6.7,12.4023557,1.39,"polypyrimidine tract binding protein 3","214697_s_at",0.406,0.02575075,2.38,-5.29533,1.26,"polypyrimidine tract binding protein 3"
"877","PTCH1","209815_at",1.7e-16,1.23e-17,-9.58,29.2071081,-0.792,"patched 1","209815_at",0.255,0.00487078,-3.11,-3.72601,-0.69,"patched 1"
"878","PTGFRN","224950_at",3.15e-20,1.5e-21,11,38.1500179,1.2,"prostaglandin F2 receptor inhibitor","224950_at",0.396,0.02362059,2.42,-5.21583,0.775,"prostaglandin F2 receptor inhibitor"
"879","PTGS1","205127_at",0.00114,0.000374,-3.63,-1.1716018,-0.802,"prostaglandin-endoperoxide synthase 1","205128_x_at",0.497,0.04710007,2.1,-5.84321,0.809,"prostaglandin-endoperoxide synthase 1"
"880","PTGS2","204748_at",0.00127,0.00042,3.6,-1.2802307,0.854,"prostaglandin-endoperoxide synthase 2","204748_at",0.502,0.04847284,2.08,-5.86888,1.18,"prostaglandin-endoperoxide synthase 2"
"881","PTPN22","206060_s_at",5.23e-15,4.43e-16,9.01,25.6579484,1.72,"protein tyrosine phosphatase, non-receptor type 22","236539_at",0.323,0.01304947,2.69,-4.66319,0.717,"protein tyrosine phosphatase, non-receptor type 22"
"882","PTPRC","207238_s_at",1.1e-07,2.13e-08,5.88,8.2366382,1.06,"protein tyrosine phosphatase, receptor type C","212588_at",0.368,0.01900316,2.52,-5.01447,1.49,"protein tyrosine phosphatase, receptor type C"
"883","PTPRE","221840_at",4.18e-19,2.25e-20,10.6,35.4626379,0.771,"protein tyrosine phosphatase, receptor type E","1559018_at",0.242,0.00370572,3.22,-3.46269,0.601,"protein tyrosine phosphatase, receptor type E"
"884","PTTG1","203554_x_at",2.12e-40,9.89e-43,18.6,86.6613142,1.57,"pituitary tumor-transforming 1","203554_x_at",0.294,0.0097344,2.81,-4.38669,0.782,"pituitary tumor-transforming 1"
"885","PWAR6","226591_at",2.29e-10,3.28e-11,-7.1,14.5861635,-1.44,"Prader Willi/Angelman region RNA 6","226591_at",0.271,0.00723801,-2.94,-4.10514,-1.09,"Prader Willi/Angelman region RNA 6"
"886","PXMP4","219428_s_at",2.18e-22,8.05e-24,11.8,43.3433042,1.84,"peroxisomal membrane protein 4","238746_at",0.402,0.02494028,-2.4,-5.26592,-0.585,"peroxisomal membrane protein 4"
"887","PYCARD","221666_s_at",2.22e-27,4.74e-29,13.6,55.3197191,1.42,"PYD and CARD domain containing","221666_s_at",0.449,0.0353437,2.23,-5.58453,0.852,"PYD and CARD domain containing"
"888","RAB27A","209514_s_at",2.09e-49,3.14e-52,22.3,108.3997033,4.74,"RAB27A, member RAS oncogene family","210951_x_at",0.45,0.03542964,2.23,-5.58674,0.961,"RAB27A, member RAS oncogene family"
"889","RAB31","217763_s_at",3.21e-27,7.01e-29,13.6,54.9292375,2.63,"RAB31, member RAS oncogene family","217763_s_at",0.159,0.00051746,4.02,-1.53658,0.982,"RAB31, member RAS oncogene family"
"890","RAB35","225620_at",1.01e-32,1.11e-34,15.7,68.2155377,1.1,"RAB35, member RAS oncogene family","225620_at",0.204,0.00160596,3.57,-2.6503,0.756,"RAB35, member RAS oncogene family"
"891","RABIF","204478_s_at",1.62e-39,8.45e-42,18.3,84.527862,2.41,"RAB interacting factor","204478_s_at",0.266,0.00675249,2.97,-4.0389,0.745,"RAB interacting factor"
"892","RAC2","213603_s_at",1.19e-15,9.4e-17,9.26,27.1924782,1.21,"ras-related C3 botulinum toxin substrate 2 (rho family, small GTP binding protein Rac2)","213603_s_at",0.255,0.00516423,3.09,-3.78219,1.1,"ras-related C3 botulinum toxin substrate 2 (rho family, small GTP binding protein Rac2)"
"893","RAD51AP1","204146_at",2.91e-24,8.83e-26,12.5,47.8296225,2.09,"RAD51 associated protein 1","204146_at",0.5,0.04811406,2.09,-5.86224,0.594,"RAD51 associated protein 1"
"894","RAI2","219440_at",1.66e-27,3.48e-29,-13.7,55.6275059,-1.86,"retinoic acid induced 2","219440_at",0.436,0.03145624,-2.29,-5.47856,-0.612,"retinoic acid induced 2"
"895","RALA","214435_x_at",1.1e-37,7.32e-40,17.5,80.0895336,1.64,"RALA Ras like proto-oncogene A","214435_x_at",0.262,0.00604689,3.02,-3.9334,0.61,"RALA Ras like proto-oncogene A"
"896","RALGAPB","221738_at",2.17e-36,1.64e-38,17,76.9959907,1.46,"Ral GTPase activating protein non-catalytic beta subunit","221738_at",0.301,0.01045484,2.78,-4.45424,0.603,"Ral GTPase activating protein non-catalytic beta subunit"
"897","RALGPS2","242458_at",1.98e-49,2.89e-52,22.3,108.4795739,3.49,"Ral GEF with PH domain and SH3 binding motif 2","220338_at",0.373,0.01976357,2.5,-5.0509,1.21,"Ral GEF with PH domain and SH3 binding motif 2"
"898","RAPGEF3","210051_at",2.63e-14,2.4e-15,-8.73,23.9850045,-1.28,"Rap guanine nucleotide exchange factor 3","210051_at",0.367,0.0188955,-2.52,-5.00919,-1.1,"Rap guanine nucleotide exchange factor 3"
"899","RARRES2","209496_at",4.08e-07,8.51e-08,-5.6,6.8883651,-0.787,"retinoic acid receptor responder 2","209496_at",0.333,0.01431629,-2.65,-4.75015,-0.939,"retinoic acid receptor responder 2"
"900","RASGRP1","205590_at",3.93e-34,3.78e-36,16.2,71.5823465,1.7,"RAS guanyl releasing protein 1","205590_at",0.503,0.04903352,2.08,-5.87914,0.913,"RAS guanyl releasing protein 1"
"901","RBM26-AS1","1568807_a_at",3.24e-13,3.35e-14,-8.29,21.3776718,-1.36,"RBM26 antisense RNA 1","233021_at",0.446,0.03438737,-2.25,-5.55963,-0.624,"RBM26 antisense RNA 1"
"902","RBMS3","235570_at",2e-17,1.3e-18,-9.94,31.4375198,-0.952,"RNA binding motif single stranded interacting protein 3","235570_at",0.245,0.00403255,-3.19,-3.54424,-0.746,"RNA binding motif single stranded interacting protein 3"
"903","RBP4","222049_s_at",7.11e-08,1.35e-08,-5.97,8.6810369,-2.07,"retinol binding protein 4","219140_s_at",0.385,0.0218343,-2.46,-5.14321,-2.57,"retinol binding protein 4"
"904","RBP7","238066_at",4.13e-15,3.46e-16,-9.05,25.9022535,-0.828,"retinol binding protein 7","238066_at",0.312,0.01170552,-2.73,-4.5609,-0.959,"retinol binding protein 7"
"905","RBPMS","207837_at",3.37e-11,4.38e-12,-7.46,16.5699182,-1.21,"RNA binding protein with multiple splicing","209487_at",0.331,0.01401816,-2.66,-4.73041,-0.616,"RNA binding protein with multiple splicing"
"906","RBPMS2","228802_at",7.62e-12,9.15e-13,-7.73,18.1128012,-1.38,"RNA binding protein with multiple splicing 2","228802_at",0.438,0.03210612,-2.28,-5.4972,-0.989,"RNA binding protein with multiple splicing 2"
"907","RCAN2","203498_at",7.46e-30,1.16e-31,-14.6,61.2986225,-1.47,"regulator of calcineurin 2","203498_at",0.337,0.01472973,-2.63,-4.77682,-0.847,"regulator of calcineurin 2"
"908","RELN","205923_at",3.98e-19,2.13e-20,-10.6,35.5142449,-1.28,"reelin","205923_at",0.496,0.04674678,-2.1,-5.83647,-0.737,"reelin"
"909","RERG","244745_at",3.06e-09,4.98e-10,-6.6,11.91503,-0.703,"RAS like estrogen regulated growth inhibitor","227758_at",0.439,0.03245834,-2.27,-5.50713,-0.631,"RAS like estrogen regulated growth inhibitor"
"910","RERGL","220276_at",2.23e-19,1.16e-20,-10.7,36.1168638,-2.15,"RERG like","220276_at",0.344,0.01550718,-2.61,-4.82495,-1.38,"RERG like"
"911","RETSAT","218124_at",5.37e-16,4.08e-17,-9.39,28.0183572,-0.593,"retinol saturase","218124_at",0.236,0.00318414,-3.29,-3.31606,-0.607,"retinol saturase"
"912","RGS1","202988_s_at",6.59e-35,5.87e-37,16.5,73.4358763,4.01,"regulator of G-protein signaling 1","216834_at",0.288,0.00884493,2.86,-4.29586,1.88,"regulator of G-protein signaling 1"
"913","RGS14","38290_at",1.2e-07,2.35e-08,5.86,8.1408033,0.611,"regulator of G-protein signaling 14","204280_at",0.243,0.00393111,3.2,-3.51967,0.828,"regulator of G-protein signaling 14"
"914","RGS20","210138_at",3.38e-55,2.22e-58,24.9,122.4490092,4.76,"regulator of G-protein signaling 20","210138_at",0.494,0.04616846,2.11,-5.82533,1.65,"regulator of G-protein signaling 20"
"915","RHOBTB3","225202_at",1.08e-34,9.78e-37,-16.4,72.9276849,-1.43,"Rho related BTB domain containing 3","202976_s_at",0.229,0.00284802,-3.33,-3.208,-0.93,"Rho related BTB domain containing 3"
"916","RHOF","219045_at",8.51e-14,8.27e-15,8.53,22.7613276,1.33,"ras homolog family member F, filopodia associated","219045_at",0.196,0.00133803,3.64,-2.47175,0.6,"ras homolog family member F, filopodia associated"
"917","RHPN2","227196_at",1.11e-19,5.61e-21,-10.8,36.8390569,-1.84,"rhophilin Rho GTPase binding protein 2","227196_at",0.503,0.04885617,-2.08,-5.87591,-1.03,"rhophilin Rho GTPase binding protein 2"
"918","RIT1","209882_at",3.08e-41,1.27e-43,18.9,88.7021676,3.35,"Ras like without CAAX 1","209882_at",0.416,0.02767684,2.35,-5.36154,1.08,"Ras like without CAAX 1"
"919","RNASE4","213397_x_at",1.43e-39,7.37e-42,-18.3,84.6631709,-1.21,"ribonuclease A family member 4","213397_x_at",0.211,0.00198312,-3.48,-2.85616,-0.673,"ribonuclease A family member 4"
"920","RNF128","219263_at",2.64e-16,1.94e-17,-9.51,28.7549967,-1.28,"ring finger protein 128, E3 ubiquitin protein ligase","219263_at",0.229,0.00278265,-3.34,-3.18548,-1.07,"ring finger protein 128, E3 ubiquitin protein ligase"
"921","RNF144B","235549_at",6e-13,6.39e-14,8.18,20.7403605,1.35,"ring finger protein 144B","239704_at",0.307,0.01106927,2.76,-4.50819,0.763,"ring finger protein 144B"
"922","RNF150","229024_at",6.35e-14,6.06e-15,-8.58,23.0679539,-1.47,"ring finger protein 150","229024_at",0.236,0.00335569,-3.27,-3.36682,-1.12,"ring finger protein 150"
"923","RNF180","236644_at",2.24e-14,2.02e-15,-8.76,24.1535745,-0.724,"ring finger protein 180","242033_at",0.165,0.00064999,-3.93,-1.76184,-0.796,"ring finger protein 180"
"924","RNF19B","36564_at",6.49e-21,2.85e-22,11.3,39.7998315,1.13,"ring finger protein 19B","36564_at",0.323,0.01292823,2.69,-4.65442,0.89,"ring finger protein 19B"
"925","RNF213","233880_at",8.13e-06,1.98e-06,4.93,3.834299,0.618,"ring finger protein 213","230000_at",0.482,0.04293267,2.14,-5.76016,0.633,"ring finger protein 213"
"926","ROPN1","224191_x_at",1.42e-22,5.12e-24,-11.9,43.7931609,-2.6,"rhophilin associated tail protein 1","224191_x_at",0.329,0.01364738,-2.67,-4.70526,-1.34,"rhophilin associated tail protein 1"
"927","ROPN1B","220425_x_at",3.9e-25,1.07e-26,-12.8,49.9250424,-2.8,"rhophilin associated tail protein 1B","220425_x_at",0.477,0.04177482,-2.15,-5.73558,-1.32,"rhophilin associated tail protein 1B"
"928","RORC","228806_at",2.68e-49,4.06e-52,-22.3,108.1427674,-1.92,"RAR related orphan receptor C","228806_at",0.254,0.00483543,-3.11,-3.71901,-1.34,"RAR related orphan receptor C"
"929","RPL31","200962_at",3.74e-12,4.35e-13,-7.86,18.8462594,-1.56,"ribosomal protein L31","200962_at",0.294,0.009872,-2.81,-4.39998,-0.808,"ribosomal protein L31"
"930","RPS6KA4","204632_at",2.67e-25,7.14e-27,12.9,50.3304377,1.2,"ribosomal protein S6 kinase A4","204632_at",0.135,0.00021284,4.38,-0.65473,1.01,"ribosomal protein S6 kinase A4"
"931","RPS6KA6","228503_at",7.92e-06,1.93e-06,-4.93,3.8615868,-0.613,"ribosomal protein S6 kinase A6","228503_at",0.243,0.00390054,-3.2,-3.51214,-0.659,"ribosomal protein S6 kinase A6"
"932","RPS6KB2","203777_s_at",4.42e-20,2.14e-21,10.9,37.7944926,0.835,"ribosomal protein S6 kinase B2","203777_s_at",0.409,0.02641022,2.37,-5.31856,0.59,"ribosomal protein S6 kinase B2"
"933","RRAGD","221523_s_at",2.17e-11,2.76e-12,-7.54,17.0261858,-1.03,"Ras related GTP binding D","221523_s_at",0.231,0.00294113,-3.32,-3.23918,-0.683,"Ras related GTP binding D"
"934","RRM2","209773_s_at",5.31e-46,1.28e-48,20.9,100.1384917,4.99,"ribonucleotide reductase regulatory subunit M2","209773_s_at",0.311,0.01155497,2.74,-4.5487,2.3,"ribonucleotide reductase regulatory subunit M2"
"935","RSAD2","213797_at",1.82e-39,9.56e-42,18.2,84.405198,5.42,"radical S-adenosyl methionine domain containing 2","242625_at",0.503,0.0490393,2.08,-5.87925,1.13,"radical S-adenosyl methionine domain containing 2"
"936","RTP4","219684_at",2.26e-44,6.86e-47,20.2,96.1838264,4.1,"receptor transporter protein 4","219684_at",0.398,0.02392341,2.42,-5.22758,1.65,"receptor transporter protein 4"
"937","RUNX1T1","228827_at",1.01e-31,1.28e-33,-15.3,65.7897306,-1.01,"RUNX1 translocation partner 1","228827_at",0.357,0.01721484,-2.56,-4.92249,-0.625,"RUNX1 translocation partner 1"
"938","S100A12","205863_at",3.31e-84,6.06e-89,40.6,191.7651815,9.8,"S100 calcium binding protein A12","205863_at",0.448,0.03512121,2.24,-5.5788,2.26,"S100 calcium binding protein A12"
"939","S100A2","204268_at",4.45e-21,1.92e-22,11.3,40.1905398,0.802,"S100 calcium binding protein A2","204268_at",0.184,0.00091905,3.79,-2.1031,0.697,"S100 calcium binding protein A2"
"940","S100A7A","232220_at",1.13e-67,2.47e-71,30.9,151.9540474,8.22,"S100 calcium binding protein A7A","232170_at",0.355,0.01693282,2.57,-4.90709,3.17,"S100 calcium binding protein A7A"
"941","S100B","209686_at",3.09e-09,5.04e-10,-6.6,11.9028016,-0.849,"S100 calcium binding protein B","209686_at",0.392,0.02292858,-2.43,-5.1884,-0.872,"S100 calcium binding protein B"
"942","SAMD9","219691_at",3.11e-58,1.42e-61,26.3,129.7384554,5.1,"sterile alpha motif domain containing 9","228531_at",0.503,0.04910922,2.08,-5.88052,0.919,"sterile alpha motif domain containing 9"
"943","SAMD9L","226603_at",2.66e-23,8.87e-25,12.1,45.5351765,2.33,"sterile alpha motif domain containing 9 like","226603_at",0.381,0.02120857,2.47,-5.11631,0.788,"sterile alpha motif domain containing 9 like"
"944","SAMHD1","204502_at",6.92e-14,6.64e-15,8.56,22.9786776,1.63,"SAM and HD domain containing deoxynucleoside triphosphate triphosphohydrolase 1","1559882_at",0.14,0.00034101,4.19,-1.12342,1.46,"SAM and HD domain containing deoxynucleoside triphosphate triphosphohydrolase 1"
"945","SAMSN1","220330_s_at",4.84e-28,9.5e-30,13.9,56.917562,3.32,"SAM domain, SH3 domain and nuclear localization signals 1","220330_s_at",0.258,0.00564788,3.05,-3.86804,1.87,"SAM domain, SH3 domain and nuclear localization signals 1"
"946","SBNO2","204166_at",1.91e-25,5.05e-27,12.9,50.6749101,1.78,"strawberry notch homolog 2","204166_at",0.184,0.00095402,3.78,-2.13982,0.776,"strawberry notch homolog 2"
"947","SBSPON","214725_at",9.82e-15,8.53e-16,-8.9,25.008233,-0.803,"somatomedin B and thrombospondin type 1 domain containing","235210_s_at",0.373,0.01981714,-2.5,-5.05342,-0.591,"somatomedin B and thrombospondin type 1 domain containing"
"948","SCARB1","1552256_a_at",4.27e-06,1.01e-06,-5.08,4.4898596,-0.703,"scavenger receptor class B member 1","1552256_a_at",0.307,0.01100384,-2.76,-4.50259,-0.628,"scavenger receptor class B member 1"
"949","SCGB1D2","206799_at",1.73e-12,1.93e-13,-8,19.6466894,-1.99,"secretoglobin family 1D member 2","206799_at",0.38,0.02101349,-2.47,-5.10775,-1.3,"secretoglobin family 1D member 2"
"950","SCGB2A1","205979_at",6.77e-22,2.66e-23,-11.6,42.1567214,-4.5,"secretoglobin family 2A member 1","205979_at",0.448,0.03495056,-2.24,-5.57438,-1.53,"secretoglobin family 2A member 1"
"951","SCGB2A2","206378_at",4.61e-05,1.24e-05,-4.5,2.0716315,-1.1,"secretoglobin family 2A member 2","206378_at",0.428,0.02987707,-2.31,-5.43155,-0.893,"secretoglobin family 2A member 2"
"952","SCGB2B2","237748_at",7.75e-08,1.48e-08,-5.95,8.593723,-1.19,"secretoglobin family 2B member 2","237748_at",0.495,0.04650256,-2.1,-5.83179,-0.898,"secretoglobin family 2B member 2"
"953","SCIN","1552365_at",7.79e-26,1.97e-27,-13.1,51.6123981,-2.54,"scinderin","1552365_at",0.235,0.00308957,-3.3,-3.28687,-1.33,"scinderin"
"954","SCN7A","228504_at",1.43e-22,5.16e-24,-11.9,43.7853427,-2.08,"sodium voltage-gated channel alpha subunit 7","228504_at",0.349,0.01626784,-2.59,-4.8697,-1.69,"sodium voltage-gated channel alpha subunit 7"
"955","SCO2","205241_at",2.72e-37,1.9e-39,17.4,79.1403747,3.17,"SCO2 cytochrome c oxidase assembly protein","205241_at",0.229,0.00281019,3.34,-3.19503,1.19,"SCO2 cytochrome c oxidase assembly protein"
"956","SCUBE3","217600_at",1.58e-09,2.48e-10,-6.73,12.597659,-0.892,"signal peptide, CUB domain and EGF like domain containing 3","228407_at",0.379,0.02083565,-2.48,-5.09988,-1.45,"signal peptide, CUB domain and EGF like domain containing 3"
"957","SEC62","208942_s_at",2.21e-27,4.72e-29,-13.6,55.3231404,-0.73,"SEC62 homolog, preprotein translocation factor","1552790_a_at",0.144,0.00039238,-4.13,-1.2626,-0.643,"SEC62 homolog, preprotein translocation factor"
"958","SEL1L3","212314_at",1.28e-12,1.41e-13,8.05,19.9615201,1.09,"SEL1L family member 3","212314_at",0.428,0.02983481,2.31,-5.43025,0.728,"SEL1L family member 3"
"959","SELE","206211_at",1.18e-12,1.3e-13,8.07,20.0407661,2.37,"selectin E","206211_at",0.167,0.00069027,3.91,-1.82117,3.01,"selectin E"
"960","SELENBP1","214433_s_at",6.77e-21,2.99e-22,-11.2,39.7531019,-1.14,"selenium binding protein 1","214433_s_at",0.256,0.00529268,-3.07,-3.80576,-0.864,"selenium binding protein 1"
"961","SELL","204563_at",7.62e-17,5.31e-18,9.72,30.0406479,1.84,"selectin L","204563_at",0.328,0.01354335,2.67,-4.69808,1.18,"selectin L"
"962","SELP","206049_at",6.4e-06,1.54e-06,4.98,4.0797221,0.961,"selectin P","206049_at",0.318,0.01237849,2.71,-4.61355,0.742,"selectin P"
"963","SELPLG","209879_at",3.24e-08,5.93e-09,6.13,9.4876,0.974,"selectin P ligand","209879_at",0.236,0.00318134,3.29,-3.31521,1.28,"selectin P ligand"
"964","SEMA3G","219689_at",7.2e-18,4.42e-19,-10.1,32.5064281,-1.36,"semaphorin 3G","219689_at",0.26,0.00582742,-3.03,-3.89802,-1.16,"semaphorin 3G"
"965","SEMA4D","228891_at",0.00057,0.000178,3.83,-0.4709819,0.777,"semaphorin 4D","203528_at",0.281,0.00820529,2.89,-4.22455,0.63,"semaphorin 4D"
"966","SEPP1","229620_at",7.32e-10,1.11e-10,-6.88,13.3862617,-0.964,"selenoprotein P, plasma, 1","229620_at",0.244,0.00398599,-3.19,-3.53304,-0.658,"selenoprotein P, plasma, 1"
"967","SEPTIN11","201307_at",6.87e-21,3.04e-22,-11.2,39.7365628,-1,"septin 11","214293_at",0.267,0.00679654,-2.97,-4.0451,-0.654,"septin 11"
"968","SERPINA1","211429_s_at",2.14e-37,1.46e-39,17.4,79.4011566,4.23,"serpin family A member 1","211429_s_at",0.475,0.04148984,2.16,-5.72942,1.03,"serpin family A member 1"
"969","SERPINB1","212268_at",4.7e-41,2e-43,18.9,88.2532621,2.41,"serpin family B member 1","212268_at",0.459,0.03776849,2.2,-5.64463,0.776,"serpin family B member 1"
"970","SERPINB13","216258_s_at",2.13e-73,3.51e-77,33.9,165.2196168,5.97,"serpin family B member 13","216258_s_at",0.351,0.01648583,2.58,-4.88213,2.19,"serpin family B member 13"
"971","SERPINB9","242814_at",1.07e-17,6.7e-19,10,32.0929733,1.36,"serpin family B member 9","209723_at",0.494,0.04635881,2.1,-5.82902,0.682,"serpin family B member 9"
"972","SESTD1","226763_at",9.08e-08,1.75e-08,-5.92,8.4323026,-0.77,"SEC14 and spectrin domain containing 1","226763_at",0.433,0.03090099,-2.3,-5.46232,-0.653,"SEC14 and spectrin domain containing 1"
"973","SFN","209260_at",8.24e-25,2.37e-26,12.7,49.1387346,0.888,"stratifin","209260_at",0.438,0.03188622,2.28,-5.49094,0.904,"stratifin"
"974","SFT2D2","214838_at",2.11e-44,6.36e-47,20.2,96.2593059,3.17,"SFT2 domain containing 2","214838_at",0.4,0.02415792,2.41,-5.23657,0.95,"SFT2 domain containing 2"
"975","SFXN5","226373_at",5.55e-14,5.26e-15,8.6,23.207947,0.654,"sideroflexin 5","232691_at",0.216,0.00234969,3.41,-3.02126,0.897,"sideroflexin 5"
"976","SGK2","220357_s_at",0.000947,0.000306,-3.69,-0.9816432,-0.687,"SGK2, serine/threonine kinase 2","230573_at",0.294,0.0097474,-2.81,-4.38796,-1.98,"SGK2, serine/threonine kinase 2"
"977","SGO2","230165_at",3.48e-22,1.32e-23,11.7,42.8537408,1.2,"shugoshin 2","230165_at",0.331,0.01399147,2.66,-4.72863,0.858,"shugoshin 2"
"978","SH3BGRL2","225354_s_at",5.75e-17,3.93e-18,-9.76,30.3375302,-1.29,"SH3 domain binding glutamate rich protein like 2","225354_s_at",0.403,0.02507203,-2.39,-5.27076,-0.946,"SH3 domain binding glutamate rich protein like 2"
"979","SH3BP2","209371_s_at",0.000209,6.12e-05,-4.11,0.5419405,-0.908,"SH3 domain binding protein 2","211250_s_at",0.169,0.0007249,3.89,-1.86944,0.745,"SH3 domain binding protein 2"
"980","SHROOM3","228400_at",8.04e-08,1.54e-08,-5.95,8.5570774,-0.949,"shroom family member 3","228400_at",0.403,0.02510728,-2.39,-5.27206,-1.37,"shroom family member 3"
"981","SIK2","223430_at",1.14e-14,9.94e-16,-8.87,24.8571528,-0.813,"salt inducible kinase 2","223430_at",0.37,0.01925468,-2.51,-5.02669,-0.627,"salt inducible kinase 2"
"982","SIK3","204157_s_at",3.68e-17,2.46e-18,9.84,30.8038554,1.58,"SIK family kinase 3","204157_s_at",0.329,0.01361777,2.67,-4.70323,0.793,"SIK family kinase 3"
"983","SIPA1L1","237032_x_at",3.05e-25,8.23e-27,12.9,50.1895468,1.74,"signal induced proliferation associated 1 like 1","202254_at",0.236,0.00322851,-3.28,-3.32945,-0.621,"signal induced proliferation associated 1 like 1"
"984","SIX1","228347_at",0.000125,3.57e-05,-4.25,1.0573255,-1.37,"SIX homeobox 1","228347_at",0.268,0.00688775,-2.96,-4.05783,-2.41,"SIX homeobox 1"
"985","SKA2","225686_at",2.88e-44,8.92e-47,20.2,95.9230228,1.75,"spindle and kinetochore associated complex subunit 2","225686_at",0.334,0.01447935,2.64,-4.76076,0.733,"spindle and kinetochore associated complex subunit 2"
"986","SLA","203761_at",2.17e-08,3.91e-09,6.21,9.896636,0.982,"Src-like-adaptor","203761_at",0.258,0.00556707,3.05,-3.85423,0.633,"Src-like-adaptor"
"987","SLAIN1","225619_at",7.5e-23,2.63e-24,-12,44.4553639,-1.35,"SLAIN motif family member 1","225619_at",0.376,0.0201803,-2.49,-5.07026,-0.594,"SLAIN motif family member 1"
"988","SLAMF8","219386_s_at",2.36e-13,2.42e-14,8.35,21.7014875,1.48,"SLAM family member 8","219386_s_at",0.204,0.00172979,3.54,-2.72285,1.52,"SLAM family member 8"
"989","SLC14A1","205856_at",4.22e-19,2.27e-20,-10.6,35.4525117,-2.36,"solute carrier family 14 member 1 (Kidd blood group)","205856_at",0.444,0.03371321,-2.26,-5.54164,-1.74,"solute carrier family 14 member 1 (Kidd blood group)"
"990","SLC16A1","202235_at",1.78e-14,1.59e-15,8.8,24.3947018,1.54,"solute carrier family 16 member 1","202236_s_at",0.456,0.03685344,2.21,-5.62244,1.11,"solute carrier family 16 member 1"
"991","SLC16A14","238029_s_at",1.91e-11,2.4e-12,7.56,17.1606,0.585,"solute carrier family 16 member 14","238029_s_at",0.319,0.01241992,2.71,-4.61669,1.16,"solute carrier family 16 member 14"
"992","SLC16A6","207038_at",1.52e-30,2.17e-32,14.8,62.9676875,2.34,"solute carrier family 16 member 6","230748_at",0.41,0.02643125,2.37,-5.31929,0.791,"solute carrier family 16 member 6"
"993","SLC16A7","207057_at",0.000404,0.000123,-3.93,-0.1231069,-0.934,"solute carrier family 16 member 7","230003_at",0.196,0.00134008,-3.64,-2.47325,-0.825,"solute carrier family 16 member 7"
"994","SLC19A3","239345_at",0.000966,0.000312,3.68,-1.0013341,0.611,"solute carrier family 19 member 3","239345_at",0.444,0.03352333,-2.26,-5.53651,-1.25,"solute carrier family 19 member 3"
"995","SLC25A18","223605_at",2.82e-09,4.56e-10,-6.62,12.0004046,-1.71,"solute carrier family 25 member 18","223605_at",0.438,0.0318481,-2.28,-5.48985,-1.65,"solute carrier family 25 member 18"
"996","SLC25A21-AS1","230307_at",5.85e-17,4e-18,-9.76,30.3202436,-0.966,"SLC25A21 antisense RNA 1","230307_at",0.115,2.883e-05,-5.18,1.34854,-1.28,"SLC25A21 antisense RNA 1"
"997","SLC25A29","225306_s_at",1.1e-06,2.42e-07,-5.38,5.8728888,-0.595,"solute carrier family 25 member 29","225305_at",0.252,0.00474988,-3.12,-3.70185,-0.703,"solute carrier family 25 member 29"
"998","SLC25A35","228836_at",6.02e-05,1.64e-05,-4.44,1.8019612,-0.944,"solute carrier family 25 member 35","228836_at",0.283,0.0084243,-2.88,-4.24959,-0.844,"solute carrier family 25 member 35"
"999","SLC26A3","206143_at",1.4e-05,3.5e-06,-4.8,3.2854804,-1.17,"solute carrier family 26 member 3","206143_at",0.255,0.00516004,-3.09,-3.78141,-2.05,"solute carrier family 26 member 3"
"1000","SLC26A7","239006_at",1.01e-12,1.1e-13,-8.09,20.2030843,-1.49,"solute carrier family 26 member 7","239006_at",0.264,0.00629658,-3,-3.97211,-1.98,"solute carrier family 26 member 7"
"1001","SLC27A2","205769_at",2.94e-08,5.35e-09,-6.15,9.588301,-1.66,"solute carrier family 27 member 2","205769_at",0.41,0.02665978,-2.37,-5.3272,-1.21,"solute carrier family 27 member 2"
"1002","SLC2A1","201249_at",1.99e-33,2.08e-35,15.9,69.8836134,3.34,"solute carrier family 2 member 1","201249_at",0.438,0.03196695,2.28,-5.49324,0.639,"solute carrier family 2 member 1"
"1003","SLC35E4","1568623_a_at",2.45e-35,2.07e-37,16.6,74.4742403,2.28,"solute carrier family 35 member E4","1568623_a_at",0.323,0.0129477,2.69,-4.65583,0.876,"solute carrier family 35 member E4"
"1004","SLC35F6","204962_s_at",2.29e-24,6.86e-26,12.5,48.0812423,1.79,"solute carrier family 35 member F6///centromere protein A","204962_s_at",0.258,0.00565255,3.05,-3.86883,1.49,"solute carrier family 35 member F6///centromere protein A"
"1005","SLC38A10","230448_at",9.84e-16,7.72e-17,9.29,27.3877023,1.34,"solute carrier family 38 member 10","230448_at",0.351,0.01655333,2.58,-4.88594,0.607,"solute carrier family 38 member 10"
"1006","SLC44A3","228221_at",6.68e-13,7.15e-14,-8.17,20.6300193,-1.16,"solute carrier family 44 member 3","228221_at",0.492,0.04558448,-2.11,-5.81393,-0.954,"solute carrier family 44 member 3"
"1007","SLC7A2","225516_at",6.6e-14,6.32e-15,-8.57,23.0275337,-0.714,"solute carrier family 7 member 2","225516_at",0.371,0.01952328,-2.51,-5.03955,-0.596,"solute carrier family 7 member 2"
"1008","SLCO4C1","222071_s_at",1.8e-08,3.21e-09,-6.25,10.0900987,-1.96,"solute carrier organic anion transporter family member 4C1","222071_s_at",0.337,0.01471389,-2.63,-4.77581,-2.28,"solute carrier organic anion transporter family member 4C1"
"1009","SLITRK4","230680_at",5.01e-11,6.62e-12,-7.39,16.1629975,-0.908,"SLIT and NTRK like family member 4","230680_at",0.252,0.0047207,-3.12,-3.69593,-0.895,"SLIT and NTRK like family member 4"
"1010","SLITRK6","232176_at",2.84e-15,2.33e-16,-9.11,26.2918111,-1.1,"SLIT and NTRK like family member 6","232176_at",0.385,0.02173465,-2.46,-5.13898,-0.617,"SLIT and NTRK like family member 6"
"1011","SMAD9","227719_at",3.93e-05,1.04e-05,-4.54,2.233336,-0.658,"SMAD family member 9","227719_at",0.359,0.01766807,-2.55,-4.9467,-0.688,"SMAD family member 9"
"1012","SMC2","204240_s_at",1.9e-30,2.75e-32,14.8,62.7329737,2.16,"structural maintenance of chromosomes 2","204240_s_at",0.498,0.04751923,2.09,-5.85113,0.691,"structural maintenance of chromosomes 2"
"1013","SMC4","201663_s_at",2.8e-29,4.75e-31,14.4,59.8989641,2.25,"structural maintenance of chromosomes 4","201663_s_at",0.448,0.03503308,2.24,-5.57652,0.774,"structural maintenance of chromosomes 4"
"1014","SMOX","210357_s_at",9.64e-40,4.86e-42,18.3,85.0770106,2.56,"spermine oxidase","210357_s_at",0.443,0.03335077,2.26,-5.53182,0.808,"spermine oxidase"
"1015","SNCA","211546_x_at",1.64e-11,2.05e-12,-7.59,17.3192518,-0.627,"synuclein alpha","236081_at",0.394,0.0232959,-2.43,-5.20306,-0.993,"synuclein alpha"
"1016","SNTB1","214708_at",7.69e-06,1.87e-06,-4.94,3.8912536,-0.614,"syntrophin beta 1","226438_at",0.229,0.00268492,-3.36,-3.1508,-0.639,"syntrophin beta 1"
"1017","SNX20","228869_at",1.88e-17,1.21e-18,9.95,31.506437,1.59,"sorting nexin 20","228869_at",0.144,0.00039078,4.14,-1.25855,1.25,"sorting nexin 20"
"1018","SOAT1","228479_at",3.24e-08,5.93e-09,-6.13,9.4880119,-0.787,"sterol O-acyltransferase 1","228479_at",0.335,0.01454967,-2.64,-4.7653,-0.885,"sterol O-acyltransferase 1"
"1019","SOBP","218974_at",3.11e-18,1.83e-19,-10.2,33.3781326,-1.85,"sine oculis binding protein homolog","218974_at",0.377,0.02050339,-2.49,-5.08498,-0.996,"sine oculis binding protein homolog"
"1020","SOCS1","210001_s_at",2.69e-16,1.98e-17,9.51,28.7357493,1.35,"suppressor of cytokine signaling 1","210001_s_at",0.275,0.00757715,2.92,-4.14877,0.805,"suppressor of cytokine signaling 1"
"1021","SOCS3","227697_at",2.73e-19,1.44e-20,10.6,35.9058866,1.31,"suppressor of cytokine signaling 3","227697_at",0.169,0.00070902,3.9,-1.84759,1.95,"suppressor of cytokine signaling 3"
"1022","SORBS1","207436_x_at",1.19e-17,7.46e-19,-10,31.98586,-0.962,"sorbin and SH3 domain containing 1","218087_s_at",0.242,0.00384705,-3.21,-3.49882,-1.25,"sorbin and SH3 domain containing 1"
"1023","SORBS2","233720_at",9.09e-07,1.97e-07,-5.43,6.0714098,-0.7,"sorbin and SH3 domain containing 2","227826_s_at",0.499,0.04755745,-2.09,-5.85185,-0.859,"sorbin and SH3 domain containing 2"
"1024","SORD","230782_at",1.25e-10,1.73e-11,-7.22,15.2174155,-1.15,"sorbitol dehydrogenase","230782_at",0.406,0.02581697,-2.38,-5.29769,-1.12,"sorbitol dehydrogenase"
"1025","SOX7","224013_s_at",2.16e-39,1.14e-41,18.2,84.2278853,2.89,"SRY-box 7","224013_s_at",0.201,0.00148812,3.6,-2.5758,1.04,"SRY-box 7"
"1026","SOX9","202936_s_at",9.02e-14,8.78e-15,-8.52,22.7016422,-0.803,"SRY-box 9","202936_s_at",0.43,0.03031411,-2.31,-5.44481,-0.916,"SRY-box 9"
"1027","SOX9-AS1","230419_at",4.77e-11,6.3e-12,-7.4,16.2120586,-0.888,"SOX9 antisense RNA 1","230419_at",0.451,0.03564933,-2.23,-5.59234,-0.864,"SOX9 antisense RNA 1"
"1028","SP100","210985_s_at",4.45e-16,3.36e-17,9.42,28.2127311,1.43,"SP100 nuclear antigen","210218_s_at",0.385,0.02172734,2.46,-5.13867,0.729,"SP100 nuclear antigen"
"1029","SP110","209762_x_at",5.38e-30,8.29e-32,14.6,61.6361617,1.54,"SP110 nuclear body protein","209762_x_at",0.329,0.01372111,2.67,-4.71032,0.783,"SP110 nuclear body protein"
"1030","SPAG5","203145_at",2.98e-24,9.06e-26,12.5,47.8039988,1.68,"sperm associated antigen 5","203145_at",0.274,0.0074835,2.93,-4.13692,0.762,"sperm associated antigen 5"
"1031","SPATA5L1","222163_s_at",2.59e-22,9.63e-24,11.8,43.1652361,0.939,"spermatogenesis associated 5 like 1","215694_at",0.312,0.01168311,2.74,-4.55909,0.618,"spermatogenesis associated 5 like 1"
"1032","SPC25","209891_at",9.67e-34,9.7e-36,16,70.6450743,2.39,"SPC25, NDC80 kinetochore complex component","209891_at",0.292,0.00930832,2.83,-4.34429,1.42,"SPC25, NDC80 kinetochore complex component"
"1033","SPG20","236600_at",1.62e-17,1.04e-18,-9.98,31.6601939,-1.42,"spastic paraplegia 20 (Troyer syndrome)","236600_at",0.253,0.00480172,-3.12,-3.71228,-0.716,"spastic paraplegia 20 (Troyer syndrome)"
"1034","SPIN3","1554099_a_at",0.000141,4.05e-05,4.22,0.9364413,0.656,"spindlin family member 3","1555882_at",0.473,0.04096888,-2.16,-5.71804,-0.613,"spindlin family member 3"
"1035","SPIRE2","1569723_a_at",0.000383,0.000116,3.95,-0.0694103,0.793,"spire type actin nucleation factor 2","1569723_a_at",0.493,0.04604995,-2.11,-5.82303,-0.75,"spire type actin nucleation factor 2"
"1036","SPOCK2","202524_s_at",5.37e-15,4.55e-16,9,25.6304207,1.3,"sparc/osteonectin, cwcv and kazal-like domains proteoglycan (testican) 2","202524_s_at",0.243,0.00390317,3.2,-3.51279,0.748,"sparc/osteonectin, cwcv and kazal-like domains proteoglycan (testican) 2"
"1037","SPTBN1","242220_at",5.7e-11,7.58e-12,-7.36,16.0285095,-0.884,"spectrin beta, non-erythrocytic 1","226342_at",0.255,0.0051669,-3.08,-3.78268,-0.623,"spectrin beta, non-erythrocytic 1"
"1038","SPTLC2","203127_s_at",6.44e-61,2.35e-64,27.6,136.0767679,4.43,"serine palmitoyltransferase long chain base subunit 2","203127_s_at",0.323,0.01308384,2.69,-4.66566,1.09,"serine palmitoyltransferase long chain base subunit 2"
"1039","SQLE","213562_s_at",2.08e-26,5e-28,13.3,52.9757712,2.07,"squalene epoxidase","1557352_at",0.384,0.02162231,2.46,-5.13419,0.713,"squalene epoxidase"
"1040","SRGN","201858_s_at",6.39e-08,1.21e-08,5.99,8.7912836,1.22,"serglycin","201859_at",0.261,0.00591605,3.03,-3.91247,0.75,"serglycin"
"1041","SSBP2","238484_s_at",1.13e-14,9.87e-16,-8.88,24.8641625,-1.35,"single stranded DNA binding protein 2","238484_s_at",0.139,0.00031069,-4.23,-1.03097,-1.06,"single stranded DNA binding protein 2"
"1042","SSPN","204964_s_at",1.89e-13,1.91e-14,-8.39,21.9331095,-1.3,"sarcospan","204963_at",0.236,0.00336535,-3.26,-3.3696,-0.901,"sarcospan"
"1043","ST14","216905_s_at",8.55e-33,9.42e-35,15.7,68.3826589,1.3,"suppression of tumorigenicity 14","216905_s_at",0.347,0.01582695,2.6,-4.84403,0.754,"suppression of tumorigenicity 14"
"1044","ST8SIA4","230836_at",1.46e-13,1.46e-14,8.43,22.1975193,1.34,"ST8 alpha-N-acetyl-neuraminide alpha-2,8-sialyltransferase 4","230261_at",0.229,0.00283675,3.33,-3.20415,1.11,"ST8 alpha-N-acetyl-neuraminide alpha-2,8-sialyltransferase 4"
"1045","STARD5","213820_s_at",1.79e-17,1.15e-18,9.96,31.5554081,0.732,"StAR related lipid transfer domain containing 5","213820_s_at",0.464,0.03876243,2.19,-5.66811,0.633,"StAR related lipid transfer domain containing 5"
"1046","STAT1","AFFX-HUMISGF3A/M97935_MA_at",5.62e-35,4.95e-37,16.5,73.6052364,3.61,"signal transducer and activator of transcription 1","209969_s_at",0.247,0.00419882,3.17,-3.58318,1.37,"signal transducer and activator of transcription 1"
"1047","STIL","205339_at",3.98e-45,1.06e-47,20.5,98.0368113,1.5,"SCL/TAL1 interrupting locus","205339_at",0.242,0.00382664,3.21,-3.49369,0.839,"SCL/TAL1 interrupting locus"
"1048","STK17B","205214_at",1.22e-15,9.72e-17,9.25,27.1588163,1.31,"serine/threonine kinase 17b","205214_at",0.39,0.02257342,2.44,-5.17398,1.26,"serine/threonine kinase 17b"
"1049","STK4","205411_at",6.24e-11,8.36e-12,7.35,15.9323011,0.652,"serine/threonine kinase 4","243981_at",0.322,0.01284131,2.69,-4.64807,0.721,"serine/threonine kinase 4"
"1050","STRIP2","231880_at",4.03e-13,4.22e-14,8.25,21.1504413,1.11,"striatin interacting protein 2","231880_at",0.493,0.04580877,2.11,-5.81833,0.718,"striatin interacting protein 2"
"1051","STUM","213925_at",2.97e-34,2.82e-36,-16.2,71.8724834,-2.75,"stum, mechanosensory transduction mediator homolog","213925_at",0.348,0.01624513,-2.59,-4.8684,-1.14,"stum, mechanosensory transduction mediator homolog"
"1052","STYK1","220030_at",7.04e-32,8.6e-34,15.3,66.1814428,2.73,"serine/threonine/tyrosine kinase 1","221696_s_at",0.292,0.00922555,2.84,-4.33582,0.845,"serine/threonine/tyrosine kinase 1"
"1053","SUOX","204067_at",6.1e-11,8.16e-12,-7.35,15.9567602,-0.808,"sulfite oxidase","204067_at",0.271,0.00724949,-2.94,-4.10665,-0.857,"sulfite oxidase"
"1054","SUSD2","227480_at",8.99e-13,9.76e-14,-8.11,20.3224435,-1.44,"sushi domain containing 2","227480_at",0.255,0.0048592,-3.11,-3.72372,-0.799,"sushi domain containing 2"
"1055","SVIP","226278_at",6.7e-06,1.62e-06,-4.97,4.0314753,-0.734,"small VCP interacting protein","226278_at",0.139,0.00027471,-4.28,-0.90866,-0.818,"small VCP interacting protein"
"1056","SYBU","218692_at",3.04e-17,2.02e-18,-9.87,31.0009354,-1.25,"syntabulin","218692_at",0.288,0.00889123,-2.85,-4.30081,-0.629,"syntabulin"
"1057","SYK","207540_s_at",1.56e-22,5.68e-24,11.9,43.6907642,0.961,"spleen associated tyrosine kinase","207540_s_at",0.229,0.00267512,3.36,-3.14725,0.799,"spleen associated tyrosine kinase"
"1058","SYN2","210247_at",8.53e-08,1.64e-08,-5.93,8.4962607,-0.873,"synapsin II","210247_at",0.266,0.00671858,-2.97,-4.03409,-1.69,"synapsin II"
"1059","SYNRG","222715_s_at",1.21e-26,2.84e-28,13.4,53.538984,0.814,"synergin, gamma","222715_s_at",0.121,5.552e-05,4.91,0.68937,0.635,"synergin, gamma"
"1060","SYTL4","229991_s_at",1.14e-09,1.77e-10,-6.8,12.9275434,-1.24,"synaptotagmin like 4","227703_s_at",0.427,0.02973837,-2.31,-5.4273,-0.713,"synaptotagmin like 4"
"1061","TACC3","218308_at",3.75e-15,3.13e-16,9.06,25.9999318,0.838,"transforming acidic coiled-coil containing protein 3","218308_at",0.139,0.00030739,4.23,-1.02035,0.801,"transforming acidic coiled-coil containing protein 3"
"1062","TAF1B","216941_s_at",4.04e-11,5.29e-12,7.43,16.3830708,1.08,"TATA-box binding protein associated factor, RNA polymerase I subunit B","214690_at",0.242,0.00370287,3.22,-3.46195,1.11,"TATA-box binding protein associated factor, RNA polymerase I subunit B"
"1063","TAGAP","229723_at",1.78e-06,4.01e-07,5.28,5.3812224,1.1,"T-cell activation RhoGTPase activating protein","229723_at",0.277,0.00777969,2.91,-4.17389,1.03,"T-cell activation RhoGTPase activating protein"
"1064","TAP1","202307_s_at",1.71e-20,7.88e-22,11.1,38.7892859,0.777,"transporter 1, ATP binding cassette subfamily B member","202307_s_at",0.403,0.02508062,2.39,-5.27108,0.745,"transporter 1, ATP binding cassette subfamily B member"
"1065","TAP2","204770_at",7.28e-17,5.05e-18,9.72,30.0898357,1.53,"transporter 2, ATP binding cassette subfamily B member","225973_at",0.397,0.02373114,2.42,-5.22014,0.741,"transporter 2, ATP binding cassette subfamily B member"
"1066","TARP","216920_s_at",1.88e-09,2.98e-10,6.7,12.4173734,1.5,"TCR gamma alternate reading frame protein///T cell receptor gamma variable 9///T cell receptor gamma constant 2","216920_s_at",0.461,0.03814446,2.2,-5.65359,0.675,"TCR gamma alternate reading frame protein///T cell receptor gamma variable 9///T cell receptor gamma constant 2"
"1067","TBC1D24","227908_at",1.03e-17,6.46e-19,-10,32.1291612,-1.05,"TBC1 domain family member 24","227908_at",0.325,0.01322927,-2.68,-4.67605,-0.986,"TBC1 domain family member 24"
"1068","TBX15","230438_at",3.84e-12,4.48e-13,-7.85,18.8185782,-0.906,"T-box 15","230438_at",0.296,0.01008143,-2.8,-4.41985,-0.717,"T-box 15"
"1069","TBX18","242107_x_at",8.58e-19,4.81e-20,-10.5,34.7057432,-1.4,"T-box 18","242107_x_at",0.252,0.00472864,-3.12,-3.69754,-0.725,"T-box 18"
"1070","TBX3","225544_at",2.68e-29,4.49e-31,-14.4,59.95353,-0.851,"T-box 3","225544_at",0.496,0.04678713,-2.1,-5.83724,-0.693,"T-box 3"
"1071","TCF7L1","221016_s_at",8.89e-18,5.51e-19,-10.1,32.2861475,-1.61,"transcription factor 7 like 1","221016_s_at",0.401,0.02443152,-2.41,-5.24694,-0.776,"transcription factor 7 like 1"
"1072","TCF7L2","216035_x_at",3.32e-25,9.03e-27,-12.8,50.097511,-0.642,"transcription factor 7 like 2","216035_x_at",0.201,0.00146028,-3.61,-2.55732,-0.639,"transcription factor 7 like 2"
"1073","TCN1","205513_at",9.65e-71,1.77e-74,32.5,159.0966798,8.66,"transcobalamin 1","205513_at",0.35,0.01639472,2.59,-4.87696,2.24,"transcobalamin 1"
"1074","TEAD4","41037_at",9.94e-13,1.08e-13,8.1,20.220696,1.08,"TEA domain transcription factor 4","41037_at",0.258,0.00554185,3.06,-3.84988,1.05,"TEA domain transcription factor 4"
"1075","TET1","214862_x_at",1.5e-11,1.87e-12,-7.61,17.4083116,-0.875,"tet methylcytosine dioxygenase 1","214862_x_at",0.498,0.04753555,-2.09,-5.85143,-0.718,"tet methylcytosine dioxygenase 1"
"1076","TF","214063_s_at",0.0393,0.017,-2.41,-4.673916,-0.931,"transferrin","214063_s_at",0.135,0.00023386,-4.34,-0.74854,-2.41,"transferrin"
"1077","TG","203673_at",1.5e-11,1.86e-12,-7.61,17.4128295,-1.41,"thyroglobulin","203673_at",0.45,0.03542933,-2.23,-5.58673,-1.04,"thyroglobulin"
"1078","TGM1","206008_at",5.44e-61,1.89e-64,27.6,136.2947625,5.1,"transglutaminase 1","206008_at",0.49,0.04504336,2.12,-5.80323,1.47,"transglutaminase 1"
"1079","THBD","237252_at",3e-26,7.3e-28,13.2,52.5987359,2.18,"thrombomodulin","237252_at",0.448,0.03504006,2.24,-5.5767,1.31,"thrombomodulin"
"1080","THEMIS2","207571_x_at",4.18e-12,4.88e-13,7.84,18.7329494,0.625,"thymocyte selection associated family member 2","210785_s_at",0.255,0.00516501,3.09,-3.78233,0.946,"thymocyte selection associated family member 2"
"1081","THRA","35846_at",4.07e-15,3.41e-16,-9.05,25.9154677,-0.788,"thyroid hormone receptor, alpha","35846_at",0.236,0.00326001,-3.28,-3.33884,-0.604,"thyroid hormone receptor, alpha"
"1082","THRSP","1553583_a_at",5.05e-13,5.34e-14,-8.21,20.9170782,-2.65,"thyroid hormone responsive","1553583_a_at",0.115,4.044e-05,-5.04,1.00788,-3.71,"thyroid hormone responsive"
"1083","THY1","208850_s_at",0.0976,0.047,2,-5.5536302,0.6,"Thy-1 cell surface antigen","213869_x_at",0.466,0.0393786,2.18,-5.68234,0.934,"Thy-1 cell surface antigen"
"1084","TIFAB","239529_at",2.68e-12,3.06e-13,7.92,19.1922239,0.781,"TIFA inhibitor///dendritic cell associated nuclear protein","239529_at",0.204,0.00170205,3.54,-2.70707,0.763,"TIFA inhibitor///dendritic cell associated nuclear protein"
"1085","TIMELESS","203046_s_at",1.76e-18,1.02e-19,10.3,33.9611084,1.34,"timeless circadian clock","203046_s_at",0.184,0.00094462,3.78,-2.13009,0.78,"timeless circadian clock"
"1086","TIMP3","201150_s_at",8.13e-34,8.04e-36,-16.1,70.8311174,-1.17,"TIMP metallopeptidase inhibitor 3","201148_s_at",0.438,0.0320591,-2.28,-5.49586,-0.851,"TIMP metallopeptidase inhibitor 3"
"1087","TIMP4","206243_at",1.66e-09,2.62e-10,-6.72,12.5452089,-1.65,"TIMP metallopeptidase inhibitor 4","206243_at",0.286,0.00873718,-2.86,-4.28422,-2.53,"TIMP metallopeptidase inhibitor 4"
"1088","TK1","202338_at",2.68e-32,3.11e-34,15.5,67.1943525,1.83,"thymidine kinase 1","1554408_a_at",0.242,0.00382313,3.21,-3.4928,1.17,"thymidine kinase 1"
"1089","TLE2","204431_at",1.79e-13,1.8e-14,-8.4,21.9918976,-0.881,"transducin like enhancer of split 2","204431_at",0.463,0.03853942,-2.19,-5.66289,-0.606,"transducin like enhancer of split 2"
"1090","TLE3","206472_s_at",3.23e-55,2.07e-58,24.9,122.5202507,3.51,"transducin like enhancer of split 3","212769_at",0.339,0.01490973,2.63,-4.78819,0.643,"transducin like enhancer of split 3"
"1091","TLN2","212703_at",1.51e-05,3.79e-06,-4.78,3.2084478,-0.658,"talin 2","212703_at",0.292,0.0093691,-2.83,-4.35046,-0.619,"talin 2"
"1092","TMC8","227353_at",9.03e-07,1.96e-07,5.43,6.0777868,1.02,"transmembrane channel like 8","227353_at",0.255,0.00500719,3.1,-3.75254,0.768,"transmembrane channel like 8"
"1093","TMEM117","223594_at",3.84e-23,1.31e-24,12.1,45.1518453,1.17,"transmembrane protein 117","223594_at",0.497,0.04717116,2.1,-5.84456,0.74,"transmembrane protein 117"
"1094","TMEM132C","232313_at",1.63e-25,4.26e-27,-13,50.8448096,-2.54,"transmembrane protein 132C","232313_at",0.438,0.03193113,-2.28,-5.49222,-1.11,"transmembrane protein 132C"
"1095","TMEM139","227753_at",5.33e-19,2.91e-20,-10.5,35.2043223,-2.4,"transmembrane protein 139","227753_at",0.446,0.03435952,-2.25,-5.5589,-0.963,"transmembrane protein 139"
"1096","TMEM165","226827_at",6.46e-07,1.38e-07,5.5,6.4197231,0.981,"transmembrane protein 165","226825_s_at",0.474,0.04114266,2.16,-5.72185,0.782,"transmembrane protein 165"
"1097","TMEM178A","229302_at",1.52e-12,1.68e-13,-8.02,19.7831066,-1.57,"transmembrane protein 178A","229302_at",0.453,0.03607272,-2.22,-5.60304,-0.988,"transmembrane protein 178A"
"1098","TMEM206","222752_s_at",6.23e-22,2.44e-23,11.6,42.2429371,1.53,"transmembrane protein 206","222752_s_at",0.245,0.00411601,3.18,-3.56398,0.873,"transmembrane protein 206"
"1099","TMEM255A","219895_at",7.62e-25,2.18e-26,-12.7,49.2201491,-2.33,"transmembrane protein 255A","219895_at",0.347,0.01593115,-2.6,-4.85017,-1.27,"transmembrane protein 255A"
"1100","TMEM56","237515_at",4.67e-19,2.53e-20,-10.6,35.3434734,-2.29,"transmembrane protein 56","237515_at",0.165,0.000633,-3.94,-1.7357,-2.51,"transmembrane protein 56"
"1101","TMEM63A","214833_at",5.57e-14,5.28e-15,-8.6,23.2054973,-0.786,"transmembrane protein 63A","228549_at",0.401,0.02451803,-2.4,-5.2502,-0.616,NA
"1102","TMEM79","223544_at",9.69e-38,6.44e-40,17.6,80.2171879,1.01,"transmembrane protein 79","223544_at",0.493,0.04612802,2.11,-5.82455,0.587,"transmembrane protein 79"
"1103","TMEM91","229957_at",1.44e-15,1.15e-16,-9.22,26.992752,-0.73,"transmembrane protein 91","229957_at",0.446,0.03439731,-2.25,-5.5599,-0.991,"transmembrane protein 91"
"1104","TMEM97","212281_s_at",6.46e-07,1.38e-07,-5.5,6.4211163,-0.651,"transmembrane protein 97","214283_at",0.343,0.01522031,-2.62,-4.80749,-0.784,"transmembrane protein 97"
"1105","TMPRSS4","218960_at",4.6e-42,1.7e-44,19.3,90.7023244,4.82,"transmembrane protease, serine 4","218960_at",0.337,0.01471788,2.63,-4.77607,2.28,"transmembrane protease, serine 4"
"1106","TNFAIP3","202643_s_at",1.9e-10,2.7e-11,7.14,14.7791764,0.743,"TNF alpha induced protein 3","202643_s_at",0.41,0.02663191,2.37,-5.32624,0.806,"TNF alpha induced protein 3"
"1107","TNFRSF10A","241371_at",2.6e-16,1.91e-17,9.51,28.7719188,1.04,"TNF receptor superfamily member 10a","241371_at",0.443,0.03325836,2.26,-5.52929,0.716,"TNF receptor superfamily member 10a"
"1108","TNFRSF21","214581_x_at",7.05e-25,2e-26,12.7,49.3047167,1.61,"TNF receptor superfamily member 21","218856_at",0.258,0.00553922,3.06,-3.84942,0.771,"TNF receptor superfamily member 21"
"1109","TNMD","220065_at",1.56e-15,1.25e-16,-9.21,26.9086465,-2.84,"tenomodulin","220065_at",0.285,0.00859991,-2.87,-4.26919,-2.38,"tenomodulin"
"1110","TNN","215271_at",8.86e-05,2.47e-05,-4.34,1.4082586,-0.928,"tenascin N","215271_at",0.363,0.01829499,-2.54,-4.97916,-1.02,"tenascin N"
"1111","TNS1","221748_s_at",2.59e-23,8.62e-25,-12.1,45.5635918,-0.704,"tensin 1","221747_at",0.283,0.00835476,-2.88,-4.24171,-0.901,"tensin 1"
"1112","TNS2","212494_at",2.62e-18,1.54e-19,-10.3,33.551542,-1.32,"tensin 2","212494_at",0.444,0.03373679,-2.26,-5.54228,-0.665,"tensin 2"
"1113","TOP2A","201292_at",1.27e-31,1.61e-33,15.2,65.5555589,1.66,"topoisomerase (DNA) II alpha","201291_s_at",0.416,0.0275772,2.35,-5.35823,1.45,"topoisomerase (DNA) II alpha"
"1114","TOR1AIP2","230241_at",1.2e-26,2.79e-28,13.4,53.5545346,1.69,"torsin 1A interacting protein 2","230241_at",0.242,0.00359539,3.24,-3.43351,0.676,"torsin 1A interacting protein 2"
"1115","TOX3","215108_x_at",1.5e-09,2.36e-10,-6.74,12.6474393,-0.72,"TOX high mobility group box family member 3","215108_x_at",0.39,0.02263484,-2.44,-5.17649,-1.33,"TOX high mobility group box family member 3"
"1116","TP53I3","210609_s_at",2.17e-19,1.13e-20,10.7,36.1444385,1.57,"tumor protein p53 inducible protein 3","210609_s_at",0.154,0.00047811,4.05,-1.45832,0.593,"tumor protein p53 inducible protein 3"
"1117","TPBG","239903_at",8.59e-17,6.02e-18,9.7,29.9164325,1.23,"trophoblast glycoprotein","203476_at",0.115,3.517e-05,5.1,1.14816,0.916,"trophoblast glycoprotein"
"1118","TPM1","238688_at",6.58e-06,1.58e-06,-4.98,4.0514169,-0.707,"tropomyosin 1 (alpha)","206116_s_at",0.479,0.04226969,-2.15,-5.74617,-0.585,"tropomyosin 1 (alpha)"
"1119","TPR","228709_at",6.81e-08,1.29e-08,-5.98,8.7253521,-0.725,"translocated promoter region, nuclear basket protein","228709_at",0.266,0.00676832,-2.97,-4.04113,-0.699,"translocated promoter region, nuclear basket protein"
"1120","TPT1-AS1","227710_s_at",5.6e-13,5.94e-14,-8.2,20.812444,-0.601,"TPT1 antisense RNA 1","227709_at",0.404,0.02533055,-2.39,-5.2802,-0.619,"TPT1 antisense RNA 1"
"1121","TPX2","210052_s_at",1.84e-35,1.54e-37,16.7,74.7688399,2.3,"TPX2, microtubule nucleation factor","210052_s_at",0.371,0.01947546,2.51,-5.03727,1.08,"TPX2, microtubule nucleation factor"
"1122","TRAC","210972_x_at",0.000971,0.000314,3.68,-1.0067628,0.663,"T-cell receptor alpha constant///T cell receptor alpha joining 17///T cell receptor alpha variable 20///T cell receptor delta variable 2","209670_at",0.247,0.00423171,3.17,-3.59069,1.04,"T-cell receptor alpha constant"
"1123","TRAF3IP3","213888_s_at",3.73e-14,3.46e-15,8.67,23.6228194,1.39,"TRAF3 interacting protein 3","213888_s_at",0.213,0.00221615,3.44,-2.96434,0.957,"TRAF3 interacting protein 3"
"1124","TRAM1L1","244334_at",3.73e-19,1.99e-20,-10.6,35.5805894,-1.63,"translocation associated membrane protein 1-like 1","244334_at",0.204,0.00173866,-3.53,-2.72785,-0.801,"translocation associated membrane protein 1-like 1"
"1125","TRBC1","213193_x_at",6.32e-14,6.03e-15,8.58,23.0736361,1.7,"T cell receptor beta constant 1","210915_x_at",0.289,0.00899622,2.85,-4.31195,1.49,"T cell receptor beta constant 1"
"1126","TRHDE-AS1","1560697_at",5.92e-05,1.61e-05,-4.44,1.8187084,-0.617,"TRHDE antisense RNA 1","1560697_at",0.135,0.00020997,-4.38,-0.64123,-1.38,"TRHDE antisense RNA 1"
"1127","TRIL","205151_s_at",1.57e-06,3.51e-07,5.3,5.5107123,0.989,"TLR4 interactor with leucine rich repeats","205151_s_at",0.184,0.00093152,-3.79,-2.11636,-0.871,"TLR4 interactor with leucine rich repeats"
"1128","TRIM14","203147_s_at",2.58e-28,4.91e-30,14,57.5754727,2.46,"tripartite motif containing 14","203148_s_at",0.468,0.03973569,2.18,-5.69049,0.731,"tripartite motif containing 14"
"1129","TRIM2","215945_s_at",1.18e-10,1.63e-11,-7.23,15.2730611,-0.671,"tripartite motif containing 2","215945_s_at",0.293,0.00952926,-2.82,-4.36652,-0.738,"tripartite motif containing 2"
"1130","TRIM62","219272_at",1.85e-37,1.26e-39,17.5,79.5518726,1.85,"tripartite motif containing 62","219272_at",0.204,0.00175402,3.53,-2.73643,0.778,"tripartite motif containing 62"
"1131","TRIP13","204033_at",2.12e-36,1.6e-38,17,77.0184424,2.69,"thyroid hormone receptor interactor 13","204033_at",0.28,0.00803507,2.9,-4.20462,1.46,"thyroid hormone receptor interactor 13"
"1132","TSHZ2","220213_at",7.64e-11,1.03e-11,-7.31,15.722661,-0.726,"teashirt zinc finger homeobox 2","244521_at",0.25,0.00455646,-3.14,-3.66187,-0.678,"teashirt zinc finger homeobox 2"
"1133","TSPAN8","203824_at",9.09e-20,4.55e-21,-10.8,37.0470587,-2.27,"tetraspanin 8","203824_at",0.253,0.00478598,-3.12,-3.70913,-1.41,"tetraspanin 8"
"1134","TSPYL5","213122_at",1.17e-24,3.43e-26,-12.6,48.7708136,-1.01,"TSPY like 5","213122_at",0.261,0.00601065,-3.02,-3.92765,-0.64,"TSPY like 5"
"1135","TSTA3","36936_at",1.58e-17,1.01e-18,9.98,31.6866941,0.717,"tissue specific transplantation antigen P35B","36936_at",0.244,0.00399571,3.19,-3.53539,0.786,"tissue specific transplantation antigen P35B"
"1136","TTC12","219587_at",2.79e-10,4.04e-11,7.06,14.3815459,1.03,"tetratricopeptide repeat domain 12","244571_s_at",0.275,0.00757272,-2.92,-4.14821,-0.615,"tetratricopeptide repeat domain 12"
"1137","TTC39A","210652_s_at",4.13e-45,1.11e-47,20.5,97.9938878,3.08,"tetratricopeptide repeat domain 39A","210652_s_at",0.26,0.0057746,3.04,-3.8893,1.42,"tetratricopeptide repeat domain 39A"
"1138","TTK","204822_at",2.04e-36,1.54e-38,17.1,77.0586161,3.15,"TTK protein kinase","204822_at",0.213,0.00222713,3.43,-2.96916,1.1,"TTK protein kinase"
"1139","TXNIP","201010_s_at",3.19e-33,3.39e-35,-15.8,69.3996568,-0.608,"thioredoxin interacting protein","201009_s_at",0.4,0.02430334,-2.41,-5.2421,-0.689,"thioredoxin interacting protein"
"1140","TXNL1","235561_at",2.2e-22,8.16e-24,-11.8,43.3300177,-1.67,"thioredoxin like 1","235561_at",0.195,0.00119591,-3.69,-2.3617,-1.09,"thioredoxin like 1"
"1141","TYMP","217497_at",4.91e-42,1.85e-44,19.3,90.617701,3.23,"thymidine phosphorylase","204858_s_at",0.191,0.00111009,3.72,-2.28865,1.56,"thymidine phosphorylase"
"1142","TYMS","1554696_s_at",6.24e-25,1.76e-26,12.7,49.4310943,1.14,"thymidylate synthetase","1554696_s_at",0.353,0.01674392,2.58,-4.89662,1.04,"thymidylate synthetase"
"1143","TYROBP","204122_at",2.55e-05,6.6e-06,4.65,2.6745319,0.754,"TYRO protein tyrosine kinase binding protein","204122_at",0.358,0.01759474,2.55,-4.94283,0.985,"TYRO protein tyrosine kinase binding protein"
"1144","UACA","238868_at",1.34e-16,9.6e-18,-9.62,29.4529553,-1.32,"uveal autoantigen with coiled-coil domains and ankyrin repeats","238868_at",0.392,0.02294527,-2.43,-5.18907,-1,"uveal autoantigen with coiled-coil domains and ankyrin repeats"
"1145","UBD","205890_s_at",1.11e-06,2.43e-07,5.38,5.8694948,1.03,"ubiquitin D///gamma-aminobutyric acid type B receptor subunit 1","205890_s_at",0.428,0.02985185,2.31,-5.43078,1.51,"ubiquitin D///gamma-aminobutyric acid type B receptor subunit 1"
"1146","UBE2C","202954_at",3.83e-24,1.18e-25,12.5,47.5448479,1.76,"ubiquitin conjugating enzyme E2 C","202954_at",0.283,0.00839434,2.88,-4.2462,0.824,"ubiquitin conjugating enzyme E2 C"
"1147","UBE2T","223229_at",1.54e-20,7.04e-22,11.1,38.9005066,1.68,"ubiquitin conjugating enzyme E2 T","223229_at",0.299,0.01033172,2.79,-4.44304,0.977,"ubiquitin conjugating enzyme E2 T"
"1148","UBIAD1","219131_at",0.000178,5.18e-05,-4.15,0.7003643,-0.817,"UbiA prenyltransferase domain containing 1","229348_at",0.292,0.00942142,-2.83,-4.35574,-0.657,"UbiA prenyltransferase domain containing 1"
"1149","UCHL1","201387_s_at",2.67e-09,4.32e-10,-6.63,12.0549127,-1.82,"ubiquitin C-terminal hydrolase L1","201387_s_at",0.421,0.02833634,-2.34,-5.38312,-0.834,"ubiquitin C-terminal hydrolase L1"
"1150","UGCG","221765_at",1.07e-12,1.17e-13,8.08,20.144499,1.07,"UDP-glucose ceramide glucosyltransferase","204881_s_at",0.416,0.02746132,2.35,-5.35437,0.676,"UDP-glucose ceramide glucosyltransferase"
"1151","UGGT1","218257_s_at",6.58e-32,7.98e-34,15.3,66.2558318,1.99,"UDP-glucose glycoprotein glucosyltransferase 1","218257_s_at",0.193,0.00114919,3.7,-2.32262,0.696,"UDP-glucose glycoprotein glucosyltransferase 1"
"1152","UGT1A3","208596_s_at",1.32e-19,6.74e-21,10.8,36.6577366,2.88,"UDP glucuronosyltransferase family 1 member A3///UDP glucuronosyltransferase family 1 member A1///UDP glucuronosyltransferase family 1 member A4///UDP glucuronosyltransferase family 1 member A9///UDP glucuronosyltransferase family 1 member A5///UDP glucuronosyltransferase family 1 member A6///UDP glucuronosyltransferase family 1 member A7///UDP glucuronosyltransferase family 1 member A8///UDP glucuronosyltransferase family 1 member A10","206094_x_at",0.383,0.02134637,2.47,-5.1223,1.61,"UDP glucuronosyltransferase family 1 member A3///UDP glucuronosyltransferase family 1 member A1///UDP glucuronosyltransferase family 1 member A4///UDP glucuronosyltransferase family 1 member A9///UDP glucuronosyltransferase family 1 member A5///UDP glucuronosyltransferase family 1 member A6///UDP glucuronosyltransferase family 1 member A7///UDP glucuronosyltransferase family 1 member A8///UDP glucuronosyltransferase family 1 member A10"
"1153","UHRF1","225655_at",3.31e-22,1.25e-23,11.7,42.9062831,1.05,"ubiquitin like with PHD and ring finger domains 1","225655_at",0.204,0.00176122,3.53,-2.74043,1.15,"ubiquitin like with PHD and ring finger domains 1"
"1154","UHRF1BP1L","213120_at",2.26e-05,5.81e-06,-4.68,2.7980451,-0.864,"UHRF1 binding protein 1 like","213120_at",0.411,0.02671212,2.36,-5.329,0.752,"UHRF1 binding protein 1 like"
"1155","ULK4","232206_at",6.59e-05,1.81e-05,-4.41,1.7086278,-0.835,"unc-51 like kinase 4","232206_at",0.422,0.02870649,-2.33,-5.395,-0.607,"unc-51 like kinase 4"
"1156","UPB1","228219_s_at",6.06e-05,1.65e-05,-4.44,1.7945147,-1.12,"beta-ureidopropionase 1","228219_s_at",0.316,0.01212095,-2.72,-4.59375,-0.691,"beta-ureidopropionase 1"
"1157","USP47","223119_s_at",1.15e-15,9.08e-17,-9.26,27.2264453,-1.57,"ubiquitin specific peptidase 47","223119_s_at",0.204,0.00164169,-3.56,-2.6718,-0.621,"ubiquitin specific peptidase 47"
"1158","VIT","227899_at",7.88e-11,1.07e-11,-7.3,15.6906503,-1.95,"vitrin","227899_at",0.319,0.01245808,-2.71,-4.61958,-0.782,"vitrin"
"1159","VKORC1L1","224881_at",4.57e-23,1.57e-24,-12.1,44.970017,-0.944,"vitamin K epoxide reductase complex subunit 1 like 1","224881_at",0.159,0.00052499,-4.02,-1.55086,-0.966,"vitamin K epoxide reductase complex subunit 1 like 1"
"1160","VMP1","1569003_at",6.11e-27,1.39e-28,13.5,54.2513961,1.94,"vacuole membrane protein 1","1569003_at",0.283,0.00838584,2.88,-4.24524,1.12,"vacuole membrane protein 1"
"1161","VPS13D","212326_at",3.98e-14,3.71e-15,-8.66,23.5544304,-0.66,"vacuolar protein sorting 13 homolog D","1557571_at",0.416,0.02764065,2.35,-5.36034,1.1,"vacuolar protein sorting 13 homolog D"
"1162","VSNL1","203798_s_at",9.64e-26,2.46e-27,13,51.390726,2.31,"visinin like 1","203798_s_at",0.229,0.00281553,3.34,-3.19687,1.04,"visinin like 1"
"1163","WDFY2","243514_at",8.6e-10,1.32e-10,-6.85,13.2213564,-0.913,"WD repeat and FYVE domain containing 2","1560112_at",0.195,0.00120496,3.68,-2.36909,0.891,"WD repeat and FYVE domain containing 2"
"1164","WDFY3-AS2","238081_at",2.11e-11,2.68e-12,-7.55,17.0545307,-0.601,"WDFY3 antisense RNA 2","238081_at",0.135,0.00013663,-4.55,-0.21263,-1.14,"WDFY3 antisense RNA 2"
"1165","WDFY4","229597_s_at",9.75e-20,4.89e-21,10.8,36.9751243,1.11,"WDFY family member 4","229597_s_at",0.139,0.00031007,4.23,-1.02897,1.2,"WDFY family member 4"
"1166","WDR4","241937_s_at",1.95e-15,1.57e-16,9.17,26.6832826,1.37,"WD repeat domain 4","241937_s_at",0.341,0.01509565,2.62,-4.79979,0.6,"WD repeat domain 4"
"1167","WFDC2","203892_at",5.85e-08,1.1e-08,-6.01,8.8817078,-1.16,"WAP four-disulfide core domain 2","203892_at",0.204,0.0016394,-3.56,-2.67044,-0.917,"WAP four-disulfide core domain 2"
"1168","WFS1","202908_at",1.47e-26,3.48e-28,-13.3,53.3352875,-1.04,"wolframin ER transmembrane glycoprotein","202908_at",0.307,0.01111436,-2.76,-4.51202,-0.618,"wolframin ER transmembrane glycoprotein"
"1169","WHSC1","209053_s_at",9.56e-19,5.39e-20,10.4,34.5943694,0.999,"Wolf-Hirschhorn syndrome candidate 1","209053_s_at",0.115,2.506e-05,5.23,1.48971,0.849,"Wolf-Hirschhorn syndrome candidate 1"
"1170","WNK2","227217_at",1.78e-18,1.03e-19,-10.3,33.9499249,-1.6,"WNK lysine deficient protein kinase 2","227217_at",0.44,0.0327,-2.27,-5.51389,-0.591,"WNK lysine deficient protein kinase 2"
"1171","WNT5A","205990_s_at",1.08e-47,2.12e-50,21.6,104.2159525,2.74,"Wnt family member 5A","205990_s_at",0.154,0.00046442,4.07,-1.42957,1.18,"Wnt family member 5A"
"1172","WWTR1","202134_s_at",7.75e-56,4.54e-59,25.2,124.0255512,5.22,"WW domain containing transcription regulator 1","202134_s_at",0.46,0.0378911,2.2,-5.64756,0.837,"WW domain containing transcription regulator 1"
"1173","XAF1","206133_at",4.5e-38,2.84e-40,17.7,81.0323583,2.3,"XIAP associated factor 1","242234_at",0.184,0.00095966,3.78,-2.14562,1.71,"XIAP associated factor 1"
"1174","XPNPEP3","224188_s_at",5.96e-09,9.99e-10,-6.47,11.2318506,-0.828,"X-prolyl aminopeptidase 3","220020_at",0.331,0.0140328,2.66,-4.73139,0.694,"X-prolyl aminopeptidase 3"
"1175","YIPF6","212343_at",8.85e-19,4.97e-20,-10.5,34.6733391,-0.709,"Yip1 domain family member 6","212343_at",0.115,1.026e-05,-5.59,2.39163,-0.739,"Yip1 domain family member 6"
"1176","ZBED2","219836_at",8.68e-31,1.21e-32,14.9,63.551233,3.91,"zinc finger BED-type containing 2","219836_at",0.264,0.00638084,3,-3.98481,1.74,"zinc finger BED-type containing 2"
"1177","ZBED3","235109_at",1.15e-07,2.25e-08,-5.87,8.1869629,-0.817,"zinc finger BED-type containing 3","228402_at",0.252,0.00472421,-3.12,-3.69664,-1.13,"zinc finger BED-type containing 3"
"1178","ZBED6CL","227598_at",9.77e-28,2.01e-29,13.8,56.1740057,1.94,"ZBED6 C-terminal like","227598_at",0.36,0.01781689,2.55,-4.95451,1.01,"ZBED6 C-terminal like"
"1179","ZBED8","220770_s_at",0.000675,0.000213,-3.79,-0.6422442,-0.737,"zinc finger BED-type containing 8","220770_s_at",0.328,0.01354659,-2.67,-4.69831,-0.595,"zinc finger BED-type containing 8"
"1180","ZBTB10","236105_at",2.43e-19,1.27e-20,-10.7,36.0251444,-1.05,"zinc finger and BTB domain containing 10","228562_at",0.229,0.00279942,-3.34,-3.19131,-0.644,"zinc finger and BTB domain containing 10"
"1181","ZBTB16","205883_at",2.05e-29,3.38e-31,-14.4,60.2379632,-4.08,"zinc finger and BTB domain containing 16","205883_at",0.255,0.00519101,-3.08,-3.78715,-1.73,"zinc finger and BTB domain containing 16"
"1182","ZBTB44","225845_at",1.32e-21,5.37e-23,-11.5,41.4578841,-0.709,"zinc finger and BTB domain containing 44","1554469_at",0.362,0.0180477,-2.54,-4.9665,-0.874,"zinc finger and BTB domain containing 44"
"1183","ZC3H12D","1559263_s_at",1.32e-08,2.3e-09,6.32,10.4136484,0.821,"zinc finger CCCH-type containing 12D","1559263_s_at",0.211,0.00203624,3.47,-2.88191,1.04,"zinc finger CCCH-type containing 12D"
"1184","ZC3H6","241372_at",6.23e-06,1.49e-06,-4.99,4.107635,-0.605,"zinc finger CCCH-type containing 6","227809_at",0.263,0.00617985,-3.01,-3.95421,-0.748,"zinc finger CCCH-type containing 6"
"1185","ZC3HAV1","220104_at",5.05e-37,3.62e-39,17.3,78.4988381,1.88,"zinc finger CCCH-type containing, antiviral 1","220104_at",0.255,0.00516548,3.09,-3.78242,0.681,"zinc finger CCCH-type containing, antiviral 1"
"1186","ZDHHC2","244779_at",6.14e-13,6.55e-14,-8.18,20.7166155,-1.01,"zinc finger DHHC-type containing 2","222731_at",0.186,0.00100024,-3.76,-2.18632,-0.755,"zinc finger DHHC-type containing 2"
"1187","ZMAT1","226344_at",1.51e-08,2.67e-09,-6.29,10.2706769,-1.23,"zinc finger matrin-type 1","226344_at",0.384,0.02141808,-2.47,-5.12541,-0.951,"zinc finger matrin-type 1"
"1188","ZNF117","207117_at",0.00245,0.000847,-3.4,-1.9372326,-0.798,"zinc finger protein 117","235564_at",0.373,0.01984957,-2.5,-5.05493,-0.907,"zinc finger protein 117"
"1189","ZNF148","230821_at",9.73e-12,1.19e-12,-7.69,17.8573967,-1.01,"zinc finger protein 148","230821_at",0.165,0.00064979,-3.93,-1.76155,-0.681,"zinc finger protein 148"
"1190","ZNF204P","214823_at",8.09e-09,1.38e-09,-6.41,10.9155215,-1.11,"zinc finger protein 204, pseudogene","214823_at",0.497,0.04694005,-2.1,-5.84016,-0.813,"zinc finger protein 204, pseudogene"
"1191","ZNF264","205917_at",5.53e-10,8.3e-11,-6.93,13.674179,-1.53,"zinc finger protein 264","1558698_at",0.366,0.01863746,2.53,-4.99641,1.17,"zinc finger protein 264"
"1192","ZNF385D","230773_at",4.67e-06,1.11e-06,-5.06,4.3988687,-0.919,"zinc finger protein 385D","235831_at",0.453,0.03611127,-2.22,-5.60401,-0.818,NA
"1193","ZNF471","230578_at",1.38e-17,8.77e-19,-10,31.8265007,-1.98,"zinc finger protein 471","230578_at",0.33,0.01383428,-2.66,-4.71803,-1.24,"zinc finger protein 471"
"1194","ZNF559-ZNF177","207417_s_at",1.29e-08,2.24e-09,-6.32,10.4389194,-1.37,"ZNF559-ZNF177 readthrough///zinc finger protein 177","207417_s_at",0.395,0.02354821,-2.42,-5.213,-1.07,"ZNF559-ZNF177 readthrough///zinc finger protein 177"
"1195","ZNF599","243747_at",3.21e-13,3.33e-14,-8.29,21.3856136,-0.914,"zinc finger protein 599","243747_at",0.258,0.00567571,-3.05,-3.87275,-0.59,"zinc finger protein 599"
"1196","ZNF616","232137_at",1.23e-06,2.72e-07,-5.36,5.7573625,-0.667,"zinc finger protein 616","239007_at",0.193,0.00117982,-3.69,-2.34842,-0.607,"zinc finger protein 616"
"1197","ZNF655","223302_s_at",1.13e-16,8.01e-18,9.65,29.6329011,1.21,"zinc finger protein 655","223302_s_at",0.372,0.01964944,2.5,-5.04553,0.783,"zinc finger protein 655"
"1198","ZNF667-AS1","244741_s_at",1.28e-13,1.27e-14,-8.46,22.3376798,-1.12,"ZNF667 antisense RNA 1 (head to head)","244741_s_at",0.397,0.02370313,-2.42,-5.21905,-0.952,"ZNF667 antisense RNA 1 (head to head)"
"1199","ZNF677","228974_at",2.4e-28,4.53e-30,-14,57.6552373,-1.38,"zinc finger protein 677","228974_at",0.247,0.00432132,-3.16,-3.61087,-0.682,"zinc finger protein 677"
"1200","ZNF704","223366_at",7.33e-20,3.64e-21,-10.9,37.2700406,-0.875,"zinc finger protein 704","223366_at",0.204,0.00173315,-3.54,-2.72475,-0.741,"zinc finger protein 704"
"1201","ZNF729","222136_x_at",5e-15,4.22e-16,-9.01,25.7055112,-1.13,"zinc finger protein 729///zinc finger protein 43","222136_x_at",0.135,0.00015509,-4.5,-0.33915,-0.734,"zinc finger protein 729///zinc finger protein 43"
"1202","ZNF84","228630_at",7.34e-17,5.1e-18,-9.72,30.0804977,-0.989,"zinc finger protein 84","228630_at",0.307,0.01099873,-2.76,-4.50215,-0.61,"zinc finger protein 84"
"1203","ZNF844","228346_at",3.83e-10,5.64e-11,-7,14.0549562,-1.02,"zinc finger protein 844","228346_at",0.281,0.00824975,-2.89,-4.22969,-0.623,"zinc finger protein 844"
"1204","ZSCAN18","218312_s_at",1.28e-17,8.12e-19,-10,31.9029163,-1.52,"zinc finger and SCAN domain containing 18","218312_s_at",0.398,0.02390914,-2.42,-5.22703,-0.808,"zinc finger and SCAN domain containing 18"
"1205","ZWILCH","222606_at",5.38e-22,2.08e-23,11.7,42.4005582,0.935,"zwilch kinetochore protein","218349_s_at",0.462,0.03840621,2.19,-5.65977,0.647,"zwilch kinetochore protein"
"1206","ZWINT","204026_s_at",4.03e-20,1.94e-21,11,37.892928,0.932,"ZW10 interacting kinetochore protein","204026_s_at",0.267,0.00681958,2.97,-4.04833,0.836,"ZW10 interacting kinetochore protein"
