"","Gene.symbol","ID.PS","adj.P.Val.PS","P.Value.PS","t.PS","B.PS","logFC.PS","Gene.title.PS","ID.AD","adj.P.Val.AD","P.Value.AD","t.AD","B.AD","logFC.AD","Gene.title.AD","ID.HS","adj.P.Val.HS","P.Value.HS","t.HS","B.HS","logFC.HS","Gene.title.HS"
"1","AACS","218434_s_at",5.54e-20,2.71e-21,-10.9,37.5616901,-0.688,"acetoacetyl-CoA synthetase","218434_s_at",0.229,0.00284086,-3.33,-3.20556,-0.672,"acetoacetyl-CoA synthetase","218434_s_at",0.00094,0.000236,-4.2717545,0.022352,-0.94223024,"acetoacetyl-CoA synthetase"
"2","ABAT","209459_s_at",1.16e-07,2.27e-08,-5.87,8.1756988,-0.88,"4-aminobutyrate aminotransferase","209460_at",0.284,0.00849243,-2.87,-4.25724,-0.676,"4-aminobutyrate aminotransferase","206527_at",0.028,0.0127,2.6783315,-3.80883,0.60666269,"4-aminobutyrate aminotransferase"
"3","ABCA11P","220159_at",4.98e-12,5.88e-13,-7.81,18.5501133,-1,"ATP binding cassette subfamily A member 11, pseudogene","220159_at",0.386,0.02199154,-2.45,-5.14985,-0.618,"ATP binding cassette subfamily A member 11, pseudogene","220159_at",4.32e-06,3.89e-07,-6.7580759,6.38335,-0.87450289,"ATP binding cassette subfamily A member 11, pseudogene"
"4","ABCA8","204719_at",1.59e-09,2.51e-10,-6.73,12.5885796,-0.678,"ATP binding cassette subfamily A member 8","204719_at",0.263,0.00615085,-3.01,-3.94971,-0.885,"ATP binding cassette subfamily A member 8","204719_at",0.00182,0.000517,-3.9699976,-0.745161,-0.9565287,"ATP binding cassette subfamily A member 8"
"5","ABCA9","242541_at",2.84e-11,3.66e-12,-7.49,16.7474945,-1.26,"ATP binding cassette subfamily A member 9","242541_at",0.486,0.04400347,-2.13,-5.78228,-0.868,"ATP binding cassette subfamily A member 9","242541_at",0.0115,0.00448,-3.1166594,-2.825331,-0.75749303,"ATP binding cassette subfamily A member 9"
"6","ABCC3","209641_s_at",9.14e-06,2.24e-06,-4.9,3.7164705,-0.63,"ATP binding cassette subfamily C member 3","209641_s_at",0.347,0.01592465,-2.6,-4.84979,-0.611,"ATP binding cassette subfamily C member 3","208161_s_at",0.00494,0.00166,-3.5137038,-1.878708,-0.69521272,"ATP binding cassette subfamily C member 3"
"7","ABCF2","209246_at",1.27e-21,5.14e-23,11.5,41.5001614,1.06,"ATP binding cassette subfamily F member 2","207623_at",0.296,0.01004706,-2.8,-4.41662,-0.644,"ATP binding cassette subfamily F member 2","207623_at",7.38e-06,7.4e-07,-6.4992817,5.739623,-0.84832228,"ATP binding cassette subfamily F member 2"
"8","ABHD5","218739_at",2.14e-09,3.42e-10,6.67,12.2835016,1.07,"abhydrolase domain containing 5","213805_at",0.492,0.04561476,-2.11,-5.81453,-0.73,"abhydrolase domain containing 5","218739_at",0.0109,0.00417,-3.1451706,-2.758915,-0.68400971,"abhydrolase domain containing 5"
"9","ACAA2","241114_s_at",5.98e-10,9e-11,-6.92,13.5950045,-1.15,"acetyl-CoA acyltransferase 2","202003_s_at",0.204,0.00171347,-3.54,-2.7136,-1.31,"acetyl-CoA acyltransferase 2","202002_at",1.71e-07,6.65e-09,8.4762988,10.449222,0.61052869,"acetyl-CoA acyltransferase 2"
"10","ACACB","49452_at",6.17e-21,2.7e-22,-11.3,39.8533166,-1.17,"acetyl-CoA carboxylase beta","221928_at",0.213,0.00220449,-3.44,-2.95921,-1.27,"acetyl-CoA carboxylase beta","43427_at",0.00301,0.000931,-3.7417915,-1.317023,-0.72105329,"acetyl-CoA carboxylase beta"
"11","ACADL","206069_s_at",6.72e-13,7.19e-14,-8.17,20.6245446,-1.42,"acyl-CoA dehydrogenase, long chain","206069_s_at",0.395,0.02344462,-2.42,-5.20893,-0.626,"acyl-CoA dehydrogenase, long chain","206068_s_at",1.38e-06,9.39e-08,-7.3401515,7.803067,-2.14696429,"acyl-CoA dehydrogenase, long chain"
"12","ACAP1","205213_at",2.65e-10,3.83e-11,7.07,14.4337994,0.788,"ArfGAP with coiled-coil, ankyrin repeat and PH domains 1","205213_at",0.213,0.00215534,3.45,-2.93727,1.12,"ArfGAP with coiled-coil, ankyrin repeat and PH domains 1","205213_at",6.44e-07,3.58e-08,7.7455736,8.766964,1.39667772,"ArfGAP with coiled-coil, ankyrin repeat and PH domains 1"
"13","ACAT1","205412_at",5.67e-29,9.98e-31,-14.2,59.1600076,-0.948,"acetyl-CoA acetyltransferase 1","205412_at",0.115,2.919e-05,-5.17,1.33598,-0.598,"acetyl-CoA acetyltransferase 1","1559239_s_at",0.000904,0.000225,-4.2894282,0.067615,-0.8693785,"acetyl-CoA acetyltransferase 1"
"14","ACER3","222689_at",5.34e-17,3.63e-18,9.78,30.4167449,1.21,"alkaline ceramidase 3","222689_at",0.293,0.00947538,2.83,-4.36115,0.75,"alkaline ceramidase 3","222689_at",4.84e-08,1.29e-09,9.2202897,12.087356,0.9405161,"alkaline ceramidase 3"
"15","ACO1","207071_s_at",9.62e-10,1.48e-10,-6.83,13.105413,-0.88,"aconitase 1","207071_s_at",0.135,0.00017108,-4.46,-0.43703,-1.19,"aconitase 1","207071_s_at",6.07e-05,9.31e-06,5.5075607,3.215945,0.75651709,"aconitase 1"
"16","ACSBG1","206465_at",3e-10,4.36e-11,-7.05,14.3065584,-1.84,"acyl-CoA synthetase bubblegum family member 1","206466_at",0.272,0.00731961,-2.94,-4.11582,-1.45,"acyl-CoA synthetase bubblegum family member 1","206465_at",0.00715,0.00256,-3.3424855,-2.292357,-1.96410282,"acyl-CoA synthetase bubblegum family member 1"
"17","ACTG1P4","208498_s_at",6e-09,1.01e-09,-6.47,11.2250611,-0.788,"actin gamma 1 pseudogene 4///amylase, alpha 2B (pancreatic)///amylase, alpha 2A (pancreatic)///amylase, alpha 1C (salivary)///amylase, alpha 1B (salivary)///amylase, alpha 1A (salivary)","208498_s_at",0.454,0.03640776,-2.22,-5.61142,-0.853,"actin gamma 1 pseudogene 4///amylase, alpha 2B (pancreatic)///amylase, alpha 2A (pancreatic)///amylase, alpha 1C (salivary)///amylase, alpha 1B (salivary)///amylase, alpha 1A (salivary)","228023_x_at",5.01e-05,7.4e-06,-5.5961811,3.444313,-0.66874235,"actin gamma 1 pseudogene 4///RNA binding region (RNP1, RRM) containing 3///amylase, alpha 2B (pancreatic)"
"18","ADAM10","202604_x_at",8.3e-32,1.03e-33,15.3,66.0064065,2.13,"ADAM metallopeptidase domain 10","202604_x_at",0.465,0.0389487,2.19,-5.67243,0.726,"ADAM metallopeptidase domain 10","202604_x_at",4.27e-10,1.21e-12,12.8160407,18.990086,1.26107893,"ADAM metallopeptidase domain 10"
"19","ADAM19","209765_at",7.82e-12,9.41e-13,7.73,18.0858942,1.06,"ADAM metallopeptidase domain 19","209765_at",0.115,2.363e-05,5.25,1.54868,1.53,"ADAM metallopeptidase domain 19","209765_at",9.64e-09,1.48e-10,10.2558494,14.242721,2.00135852,"ADAM metallopeptidase domain 19"
"20","ADAM8","205180_s_at",4.77e-14,4.48e-15,8.63,23.3684551,1.62,"ADAM metallopeptidase domain 8","205180_s_at",0.115,3.696e-05,5.08,1.09834,1.36,"ADAM metallopeptidase domain 8","205180_s_at",1.91e-07,7.58e-09,8.4179669,10.317587,1.49314437,"ADAM metallopeptidase domain 8"
"21","ADAMTS12","226997_at",0.00672,0.00249,3.07,-2.9380926,0.75,"ADAM metallopeptidase with thrombospondin type 1 motif 12","226997_at",0.499,0.04758858,2.09,-5.85243,0.628,"ADAM metallopeptidase with thrombospondin type 1 motif 12","226997_at",7.73e-10,3.39e-12,12.2342773,17.979263,3.04394169,"ADAM metallopeptidase with thrombospondin type 1 motif 12"
"22","ADAMTS9-AS2","1556364_at",3.43e-16,2.56e-17,-9.47,28.4807278,-1.93,"ADAMTS9 antisense RNA 2","1559296_at",0.266,0.00661528,-2.98,-4.01929,-0.591,"ADAMTS9 antisense RNA 2","234078_at",1.5e-08,2.63e-10,-9.9729862,13.668172,-1.16787992,"ADAMTS9 antisense RNA 2"
"23","ADAMTSL3","213974_at",4.25e-13,4.46e-14,-8.25,21.0966349,-1.11,"ADAMTS like 3","213974_at",0.266,0.00672072,-2.97,-4.03439,-0.831,"ADAMTS like 3","213974_at",4.18e-08,1.06e-09,-9.3104348,12.280709,-1.82439999,"ADAMTS like 3"
"24","ADAP2","219358_s_at",1.64e-40,7.61e-43,18.7,86.9223794,3.41,"ArfGAP with dual PH domains 2","222876_s_at",0.292,0.00921241,2.84,-4.33447,1.26,"ArfGAP with dual PH domains 2","219358_s_at",3.98e-05,5.62e-06,5.7027573,3.718386,0.73840213,"ArfGAP with dual PH domains 2"
"25","ADGRL3","236264_at",1.03e-17,6.42e-19,-10.1,32.1353987,-1.72,"adhesion G protein-coupled receptor L3","242186_x_at",0.235,0.00307763,-3.3,-3.28312,-1.08,"adhesion G protein-coupled receptor L3","242186_x_at",0.000397,8.56e-05,-4.6587417,1.018751,-1.22116138,"adhesion G protein-coupled receptor L3"
"26","ADH1B","209614_at",2.87e-08,5.23e-09,-6.16,9.6106608,-0.788,"alcohol dehydrogenase 1B (class I), beta polypeptide","209613_s_at",0.416,0.02783288,-2.35,-5.36669,-1.48,"alcohol dehydrogenase 1B (class I), beta polypeptide","209613_s_at",0.00383,0.00123,-3.6312198,-1.590698,-0.94652813,"alcohol dehydrogenase 1B (class I), beta polypeptide"
"27","ADHFE1","227113_at",3.9e-09,6.41e-10,-6.56,11.6673666,-1.38,"alcohol dehydrogenase, iron containing 1","227113_at",0.404,0.02527139,-2.39,-5.27805,-0.76,"alcohol dehydrogenase, iron containing 1","227113_at",0.000241,4.76e-05,-4.882586,1.598296,-0.85464777,"alcohol dehydrogenase, iron containing 1"
"28","ADRB1","229309_at",2.07e-21,8.64e-23,-11.4,40.984604,-2.05,"adrenoceptor beta 1","229309_at",0.139,0.00028661,-4.26,-0.95082,-2.32,"adrenoceptor beta 1","229309_at",0.000172,3.2e-05,-5.0339465,1.990601,-1.7617984,"adrenoceptor beta 1"
"29","AFF3","227198_at",7.17e-14,6.9e-15,-8.56,22.9405858,-1.68,"AF4/FMR2 family member 3","227198_at",0.331,0.01397573,-2.66,-4.72757,-1.15,"AF4/FMR2 family member 3","227198_at",0.0167,0.00691,-2.9372751,-3.236777,-0.81301847,"AF4/FMR2 family member 3"
"30","AGFG2","222126_at",2.7e-18,1.58e-19,-10.3,33.5234829,-1.34,"ArfGAP with FG repeats 2","222362_at",0.377,0.02037859,-2.49,-5.07933,-0.836,"ArfGAP with FG repeats 2","222362_at",4.96e-09,5.56e-11,-10.7460353,15.213746,-1.69429935,"ArfGAP with FG repeats 2"
"31","AGPAT1","215535_s_at",2.63e-14,2.4e-15,-8.73,23.9842439,-1.13,"1-acylglycerol-3-phosphate O-acyltransferase 1","32836_at",0.296,0.0099613,-2.8,-4.40851,-0.695,"1-acylglycerol-3-phosphate O-acyltransferase 1","32836_at",0.000125,2.19e-05,5.178797,2.365943,0.60786362,"1-acylglycerol-3-phosphate O-acyltransferase 1"
"32","AIF1","209901_x_at",0.000294,8.82e-05,4.02,0.1945984,0.677,"allograft inflammatory factor 1","209901_x_at",0.457,0.03703209,2.21,-5.62682,1.01,"allograft inflammatory factor 1","213095_x_at",1.36e-07,4.86e-09,8.6154621,10.761388,1.16394457,"allograft inflammatory factor 1"
"33","AIFM2","228445_at",3.83e-12,4.45e-13,-7.86,18.8235532,-1.27,"apoptosis inducing factor, mitochondria associated 2","228445_at",0.25,0.00454487,-3.14,-3.65942,-0.866,"apoptosis inducing factor, mitochondria associated 2","224461_s_at",7.1e-05,1.12e-05,5.436496,3.032544,0.86370139,"apoptosis inducing factor, mitochondria associated 2"
"34","AKR1B10","206561_s_at",2.53e-50,3.33e-53,22.7,110.6252226,6.77,"aldo-keto reductase family 1 member B10","206561_s_at",0.31,0.01145253,2.74,-4.5403,2.98,"aldo-keto reductase family 1 member B10","206561_s_at",0.00425,0.0014,3.5827111,-1.709959,1.77668876,"aldo-keto reductase family 1 member B10"
"35","AKR1C1","217626_at",9.44e-09,1.62e-09,-6.38,10.7572879,-1.4,"aldo-keto reductase family 1 member C1","204151_x_at",0.435,0.03116227,-2.29,-5.47,-0.607,"aldo-keto reductase family 1 member C1","217626_at",0.00103,0.000263,-4.2292632,-0.086348,-1.24469609,"aldo-keto reductase family 1 member C1"
"36","ALDH5A1","203608_at",6.4e-17,4.4e-18,9.75,30.2259544,0.825,"aldehyde dehydrogenase 5 family member A1","203608_at",0.229,0.00266647,-3.36,-3.14411,-0.981,"aldehyde dehydrogenase 5 family member A1","203608_at",0.0035,0.00111,-3.6732977,-1.486842,-0.65242388,"aldehyde dehydrogenase 5 family member A1"
"37","ALDOC","202022_at",6.32e-12,7.53e-13,-7.77,18.3053228,-0.86,"aldolase, fructose-bisphosphate C","202022_at",0.195,0.00123463,-3.67,-2.39295,-1.04,"aldolase, fructose-bisphosphate C","202022_at",0.000214,4.14e-05,-4.9358243,1.736271,-0.60290835,"aldolase, fructose-bisphosphate C"
"38","ALOX5AP","204174_at",2.95e-06,6.82e-07,5.16,4.8674225,0.938,"arachidonate 5-lipoxygenase activating protein","204174_at",0.444,0.03356635,2.26,-5.53768,1.34,"arachidonate 5-lipoxygenase activating protein","204174_at",0.000162,2.99e-05,5.0605183,2.059471,0.87011121,"arachidonate 5-lipoxygenase activating protein"
"39","AMMECR1","236760_at",2.97e-21,1.26e-22,11.4,40.6132204,1.75,"Alport syndrome, mental retardation, midface hypoplasia and elliptocytosis chromosomal region gene 1","226421_at",0.457,0.03724877,2.21,-5.6321,0.954,"Alport syndrome, mental retardation, midface hypoplasia and elliptocytosis chromosomal region gene 1","236760_at",0.00444,0.00147,-3.5629268,-1.75845,-0.75227536,"Alport syndrome, mental retardation, midface hypoplasia and elliptocytosis chromosomal region gene 1"
"40","ANG","205141_at",2.48e-25,6.62e-27,-12.9,50.4057976,-2.02,"angiogenin","205141_at",0.221,0.00249283,-3.39,-3.07873,-0.701,"angiogenin","205141_at",3.91e-05,5.49e-06,-5.7120543,3.742262,-0.7848366,"angiogenin"
"41","ANGPT1","205609_at",1.3e-07,2.55e-08,-5.85,8.0623883,-0.905,"angiopoietin 1","205609_at",0.357,0.01731838,-2.56,-4.92808,-0.915,"angiopoietin 1","205609_at",0.000653,0.000153,4.4371887,0.447077,1.206275,"angiopoietin 1"
"42","ANKDD1A","229497_at",1.69e-09,2.67e-10,-6.72,12.5249858,-1.2,"ankyrin repeat and death domain containing 1A","229497_at",0.159,0.00054034,-4.01,-1.57935,-0.999,"ankyrin repeat and death domain containing 1A","237316_at",5.45e-06,5.11e-07,6.6473548,6.108828,0.94260019,"ankyrin repeat and death domain containing 1A"
"43","ANLN","1552619_a_at",8.14e-16,6.33e-17,9.32,27.5838447,1.36,"anillin actin binding protein","222608_s_at",0.482,0.04300771,2.14,-5.76173,0.756,"anillin actin binding protein","222608_s_at",0.00146,0.000397,-4.0713383,-0.488644,-0.74879019,"anillin actin binding protein"
"44","APELA","1559280_a_at",6.32e-14,6.03e-15,8.58,23.0736433,2.51,"apelin receptor early endogenous ligand","1559280_a_at",0.233,0.00298868,3.31,-3.25472,2.29,"apelin receptor early endogenous ligand","1559280_a_at",0.000828,0.000203,4.328938,0.168904,1.38793324,"apelin receptor early endogenous ligand"
"45","APOBEC3A_B","210873_x_at",1.21e-15,9.62e-17,9.25,27.1690234,2.61,"APOBEC3A and APOBEC3B deletion hybrid///apolipoprotein B mRNA editing enzyme catalytic subunit 3A","210873_x_at",0.36,0.01780749,2.55,-4.95402,2.07,"APOBEC3A and APOBEC3B deletion hybrid///apolipoprotein B mRNA editing enzyme catalytic subunit 3A","210873_x_at",1.3e-05,1.47e-06,6.227066,5.055072,2.83195664,"APOBEC3A and APOBEC3B deletion hybrid///apolipoprotein B mRNA editing enzyme catalytic subunit 3A"
"46","APOBEC3B","206632_s_at",1.1e-23,3.55e-25,12.3,46.4465341,2.42,"apolipoprotein B mRNA editing enzyme catalytic subunit 3B","206632_s_at",0.385,0.02184999,2.46,-5.14388,1.45,"apolipoprotein B mRNA editing enzyme catalytic subunit 3B","206632_s_at",0.00163,0.000454,4.0200047,-0.618756,1.07666831,"apolipoprotein B mRNA editing enzyme catalytic subunit 3B"
"47","APOC1","213553_x_at",1.07e-13,1.05e-14,-8.49,22.5276256,-1.86,"apolipoprotein C1","213553_x_at",0.213,0.00224271,-3.43,-2.97594,-1.6,"apolipoprotein C1","204416_x_at",5e-05,7.37e-06,5.5975211,3.447763,1.82475217,"apolipoprotein C1"
"48","APOD","201525_at",6.99e-21,3.09e-22,-11.2,39.7184492,-0.881,"apolipoprotein D","201525_at",0.213,0.00218688,-3.44,-2.95141,-1.06,"apolipoprotein D","201525_at",0.0434,0.0214,-2.4509338,-4.28651,-0.59472934,"apolipoprotein D"
"49","APOE","212884_x_at",3.24e-16,2.41e-17,-9.48,28.5397996,-0.674,"apolipoprotein E","212884_x_at",0.255,0.00487523,-3.11,-3.72688,-0.647,"apolipoprotein E","212883_at",0.00269,0.000817,3.7923091,-1.191199,0.98180058,NA
"50","APOL6","219716_at",3.02e-49,4.63e-52,22.3,108.0123168,4.39,"apolipoprotein L6","241869_at",0.414,0.02726098,2.36,-5.34766,1.51,"apolipoprotein L6","219716_at",2.39e-07,1.01e-08,8.2905594,10.02846,2.02208204,"apolipoprotein L6"
"51","AR","211621_at",3.66e-14,3.4e-15,-8.67,23.6402874,-0.629,"androgen receptor","211621_at",0.366,0.01861555,-2.53,-4.99532,-0.614,"androgen receptor","226197_at",0.00197,0.000564,-3.9358778,-0.831199,-0.84481639,"androgen receptor"
"52","ARF3","211622_s_at",3.82e-28,7.42e-30,13.9,57.1635838,2.27,"ADP ribosylation factor 3","211622_s_at",0.488,0.04463179,2.12,-5.795,0.82,"ADP ribosylation factor 3","211622_s_at",3.95e-06,3.48e-07,6.8026889,6.493577,0.75783611,"ADP ribosylation factor 3"
"53","ARFGEF3","228051_at",3.83e-27,8.46e-29,-13.6,54.7422543,-2.5,"ARFGEF family member 3","231856_at",0.297,0.01015636,-2.8,-4.42685,-1.11,"ARFGEF family member 3","236037_at",0.00294,0.000906,-3.7524372,-1.290547,-0.6974175,"ARFGEF family member 3"
"54","ARHGAP45","212873_at",9.49e-08,1.83e-08,5.91,8.3871278,0.694,"Rho GTPase activating protein 45","212873_at",0.188,0.00102659,3.75,-2.21187,0.858,"Rho GTPase activating protein 45","212873_at",7.42e-06,7.45e-07,6.4967705,5.733342,1.15869667,"Rho GTPase activating protein 45"
"55","ARHGAP9","224451_x_at",1.4e-12,1.55e-13,8.03,19.8646722,1.19,"Rho GTPase activating protein 9","224451_x_at",0.229,0.00278964,3.34,-3.18791,1.24,"Rho GTPase activating protein 9","224451_x_at",3.6e-09,3.51e-11,10.9811578,15.668636,1.63014327,"Rho GTPase activating protein 9"
"56","ARHGEF40","58780_s_at",6.74e-08,1.28e-08,-5.98,8.7362658,-0.771,"Rho guanine nucleotide exchange factor 40","58780_s_at",0.32,0.01260728,-2.7,-4.63078,-0.587,"Rho guanine nucleotide exchange factor 40","237954_x_at",0.000966,0.000243,-4.2593216,-0.009472,-0.66509623,"Rho guanine nucleotide exchange factor 40"
"57","ARMCX4","1552327_at",0.000973,0.000315,-3.68,-1.0084959,-0.72,"armadillo repeat containing, X-linked 4","1552327_at",0.416,0.02769991,-2.35,-5.3623,-0.667,"armadillo repeat containing, X-linked 4","227444_at",0.000744,0.000179,-4.3776875,0.294064,-0.89427329,"armadillo repeat containing, X-linked 4"
"58","ASF1B","218115_at",1.12e-30,1.57e-32,14.9,63.2901966,2.28,"anti-silencing function 1B histone chaperone","218115_at",0.25,0.00461616,3.13,-3.67439,0.853,"anti-silencing function 1B histone chaperone","218115_at",0.00093,0.000233,4.2763198,0.034041,0.72173827,"anti-silencing function 1B histone chaperone"
"59","ASPH","225008_at",6.11e-12,7.26e-13,-7.77,18.3408949,-0.729,"aspartate beta-hydroxylase","209135_at",0.139,0.00026274,-4.29,-0.86438,-0.673,"aspartate beta-hydroxylase","242037_at",0.000457,0.000101,4.5957263,0.855894,0.65206266,"aspartate beta-hydroxylase"
"60","ATP1A2","203296_s_at",3.41e-24,1.04e-25,-12.5,47.6628791,-2.44,"ATPase Na+/K+ transporting subunit alpha 2","203295_s_at",0.371,0.01961341,-2.51,-5.04383,-1.14,"ATPase Na+/K+ transporting subunit alpha 2","203295_s_at",0.0202,0.00866,-2.8430099,-3.448208,-0.67116385,"ATPase Na+/K+ transporting subunit alpha 2"
"61","ATP8B4","220416_at",1.49e-06,3.32e-07,-5.32,5.5649518,-0.676,"ATPase phospholipid transporting 8B4 (putative)","220416_at",0.366,0.01852588,-2.53,-4.99083,-0.803,"ATPase phospholipid transporting 8B4 (putative)","220416_at",0.00434,0.00143,3.5726991,-1.734509,0.67330596,"ATPase phospholipid transporting 8B4 (putative)"
"62","AURKA","204092_s_at",8e-29,1.43e-30,14.2,58.8038835,3.02,"aurora kinase A","208079_s_at",0.348,0.01624959,2.59,-4.86865,1.07,"aurora kinase A","208080_at",0.000359,7.6e-05,4.7039179,1.135602,0.76804333,"aurora kinase A"
"63","AVIL","205539_at",5.2e-08,9.75e-09,6.04,9.0015588,0.825,"advillin","205539_at",0.441,0.03283101,2.27,-5.51753,0.597,"advillin","238999_at",0.012,0.0047,-3.0963178,-2.872552,-0.6195723,NA
"64","AVL9","212475_at",2.76e-09,4.47e-10,6.63,12.0211432,0.983,"AVL9 cell migration associated","1563452_at",0.484,0.04349219,2.13,-5.77179,0.932,"AVL9 cell migration associated","244355_at",0.00127,0.000335,-4.1365433,-0.322889,-0.61470225,"AVL9 cell migration associated"
"65","AZGP1P1","217013_at",1.4e-10,1.96e-11,7.19,15.0936081,0.993,"alpha-2-glycoprotein 1, zinc-binding pseudogene 1","217014_s_at",0.298,0.01028714,-2.79,-4.43896,-0.938,"alpha-2-glycoprotein 1, zinc-binding pseudogene 1///alpha-2-glycoprotein 1, zinc-binding","217013_at",0.0011,0.000283,-4.2010168,-0.158507,-0.88497288,"alpha-2-glycoprotein 1, zinc-binding pseudogene 1"
"66","BATF3","220358_at",5.29e-15,4.49e-16,9,25.6443283,1.39,"basic leucine zipper ATF-like transcription factor 3","220358_at",0.363,0.01826636,2.54,-4.9777,1.02,"basic leucine zipper ATF-like transcription factor 3","220358_at",2.33e-05,2.97e-06,5.9508037,4.353419,1.29274251,"basic leucine zipper ATF-like transcription factor 3"
"67","BCL2","203685_at",1.14e-28,2.08e-30,-14.1,58.4281364,-1.17,"BCL2, apoptosis regulator","203685_at",0.243,0.00390861,-3.2,-3.51413,-0.641,"BCL2, apoptosis regulator","203685_at",9.66e-06,1.02e-06,-6.3699242,5.415227,-0.6497448,"BCL2, apoptosis regulator"
"68","BCL2A1","205681_at",1.21e-44,3.5e-47,20.3,96.8519049,3.78,"BCL2 related protein A1","205681_at",0.389,0.02245902,2.44,-5.16929,1.16,"BCL2 related protein A1","205681_at",9.25e-10,4.63e-12,12.0606948,17.670269,3.1673834,"BCL2 related protein A1"
"69","BHLHE41","223185_s_at",4.5e-27,1e-28,-13.5,54.5722121,-1.66,"basic helix-loop-helix family member e41","221530_s_at",0.211,0.00193977,-3.49,-2.83462,-1.04,"basic helix-loop-helix family member e41","221530_s_at",5.52e-06,5.19e-07,6.6413481,6.093896,1.11614804,"basic helix-loop-helix family member e41"
"70","BIRC3","210538_s_at",4.72e-14,4.43e-15,8.63,23.3785002,1.72,"baculoviral IAP repeat containing 3","230499_at",0.477,0.04168655,2.16,-5.73367,0.612,"baculoviral IAP repeat containing 3","210538_s_at",0.000323,6.72e-05,4.7510411,1.257562,0.94904793,"baculoviral IAP repeat containing 3"
"71","BLM","205733_at",9.35e-38,6.19e-40,17.6,80.2554568,2.92,"Bloom syndrome RecQ like helicase","205733_at",0.307,0.01117243,2.76,-4.51694,0.742,"Bloom syndrome RecQ like helicase","205733_at",2.18e-07,8.95e-09,8.3450712,10.152434,1.72186669,"Bloom syndrome RecQ like helicase"
"72","BTBD19","1557049_at",1.4e-23,4.57e-25,12.2,46.1958098,2.54,"BTB domain containing 19","1557049_at",0.242,0.00382631,3.21,-3.4936,0.868,"BTB domain containing 19","1557049_at",0.00016,2.95e-05,5.0657333,2.072987,0.75011322,"BTB domain containing 19"
"73","BTC","207326_at",8.42e-24,2.68e-25,-12.3,46.7246696,-3.13,"betacellulin","241412_at",0.135,0.00023853,-4.33,-0.76822,-2.61,"betacellulin","207326_at",5.78e-06,5.5e-07,-6.6178029,6.03533,-3.07304188,"betacellulin"
"74","BUB1","209642_at",1.24e-32,1.39e-34,15.6,67.9944837,2.66,"BUB1 mitotic checkpoint serine/threonine kinase","209642_at",0.212,0.00206235,3.47,-2.89433,1.52,"BUB1 mitotic checkpoint serine/threonine kinase","209642_at",0.00199,0.000571,3.9314217,-0.842422,1.05361904,"BUB1 mitotic checkpoint serine/threonine kinase"
"75","C10orf99","227735_s_at",7.18e-35,6.4e-37,16.5,73.348925,5.25,"chromosome 10 open reading frame 99","227735_s_at",0.432,0.03070913,2.3,-5.45663,2.24,"chromosome 10 open reading frame 99","227736_at",0.0249,0.0111,2.7374663,-3.68067,1.23141362,"chromosome 10 open reading frame 99"
"76","C12orf75","225105_at",1.46e-22,5.29e-24,11.9,43.7600168,2.04,"chromosome 12 open reading frame 75","225105_at",0.415,0.02737449,2.35,-5.35147,0.715,"chromosome 12 open reading frame 75","225105_at",7.51e-07,4.34e-08,7.6638365,8.574351,1.32300541,"chromosome 12 open reading frame 75"
"77","C17orf96","228066_at",1.76e-38,1.06e-40,17.8,82.0105667,3.59,"chromosome 17 open reading frame 96","228066_at",0.495,0.04656811,2.1,-5.83305,0.65,"chromosome 17 open reading frame 96","228066_at",0.00419,0.00137,3.5897058,-1.692794,0.72752163,"chromosome 17 open reading frame 96"
"78","C19orf66","1555491_a_at",7.02e-34,6.9e-36,16.1,70.9841333,2.12,"chromosome 19 open reading frame 66","218429_s_at",0.271,0.00718098,2.95,-4.0976,0.599,"chromosome 19 open reading frame 66","1555491_a_at",1.75e-06,1.26e-07,7.2183935,7.50949,0.86850692,"chromosome 19 open reading frame 66"
"79","C1QC","225353_s_at",0.00315,0.00111,3.32,-2.1886397,0.757,"complement C1q C chain","225353_s_at",0.503,0.04893938,2.08,-5.87743,0.823,"complement C1q C chain","225353_s_at",3.45e-08,8.16e-10,9.4331766,12.542205,1.62884047,"complement C1q C chain"
"80","C1QTNF7","223877_at",8.87e-11,1.21e-11,-7.28,15.5663194,-1.1,"C1q and tumor necrosis factor related protein 7","239349_at",0.377,0.02057095,-2.48,-5.08803,-1.43,"C1q and tumor necrosis factor related protein 7","223877_at",4.17e-05,5.94e-06,-5.6814398,3.663619,-1.46595931,"C1q and tumor necrosis factor related protein 7"
"81","C21orf91","220941_s_at",4.58e-33,4.95e-35,15.8,69.0232021,2.32,"chromosome 21 open reading frame 91","220941_s_at",0.263,0.00620832,3.01,-3.95861,1.3,"chromosome 21 open reading frame 91","226109_at",2.23e-07,9.25e-09,-8.3306396,10.119652,-0.67231521,"chromosome 21 open reading frame 91"
"82","C2CD2","212875_s_at",3.04e-10,4.42e-11,-7.05,14.2942873,-0.589,"C2 calcium dependent domain containing 2","212875_s_at",0.255,0.00519123,-3.08,-3.78719,-0.661,"C2 calcium dependent domain containing 2","212875_s_at",3.75e-06,3.28e-07,-6.826413,6.552101,-0.69660631,"C2 calcium dependent domain containing 2"
"83","C2orf40","223623_at",1.96e-18,1.14e-19,-10.3,33.8544354,-1.88,"chromosome 2 open reading frame 40","223623_at",0.473,0.04087647,-2.16,-5.716,-1.36,"chromosome 2 open reading frame 40","223623_at",0.00137,0.000367,-4.1016233,-0.411722,-1.53407626,"chromosome 2 open reading frame 40"
"84","C2orf88","228195_at",9.16e-14,8.93e-15,-8.51,22.6854483,-0.938,"chromosome 2 open reading frame 88","228195_at",0.5,0.04796139,-2.09,-5.8594,-0.939,"chromosome 2 open reading frame 88","223754_at",3.3e-07,1.52e-08,8.1128454,9.621489,1.27908667,"chromosome 2 open reading frame 88"
"85","C7","202992_at",9.24e-18,5.75e-19,-10.1,32.244271,-2.22,"complement component 7","202992_at",0.507,0.04986361,-2.07,-5.89411,-1.11,"complement component 7","202992_at",0.0306,0.0142,-2.6329099,-3.906208,-0.64879292,"complement component 7"
"86","C9orf152","229964_at",5.45e-19,2.98e-20,-10.5,35.1802564,-2.1,"chromosome 9 open reading frame 152","229964_at",0.423,0.02900524,-2.33,-5.40447,-1.47,"chromosome 9 open reading frame 152","229964_at",0.0166,0.00689,-2.9389548,-3.232979,-1.77021429,"chromosome 9 open reading frame 152"
"87","CARD14","220599_s_at",8.23e-43,2.89e-45,19.6,92.4640701,2.61,"caspase recruitment domain family member 14","220599_s_at",0.255,0.00489115,3.11,-3.73002,0.6,"caspase recruitment domain family member 14","232608_x_at",0.00365,0.00117,-3.6537645,-1.535099,-0.63647757,"caspase recruitment domain family member 14"
"88","CARHSP1","218384_at",3.15e-40,1.51e-42,18.5,86.2407973,2.97,"calcium regulated heat stable protein 1","218384_at",0.213,0.00227154,3.43,-2.98836,0.925,"calcium regulated heat stable protein 1","218384_at",5.78e-06,5.51e-07,6.6171756,6.033769,1.23033926,"calcium regulated heat stable protein 1"
"89","CASP10","205467_at",1.19e-16,8.48e-18,9.64,29.5763473,0.846,"caspase 10","205467_at",0.201,0.00142652,3.62,-2.53444,0.667,"caspase 10","205467_at",4.85e-05,7.12e-06,5.6112086,3.482997,1.15886075,"caspase 10"
"90","CAT","201432_at",1.34e-23,4.36e-25,-12.3,46.2421806,-0.814,"catalase","211922_s_at",0.32,0.01253229,-2.7,-4.62517,-0.709,"catalase","211922_s_at",0.00142,0.000383,-4.085385,-0.45298,-0.71826995,"catalase"
"91","CBLC","220638_s_at",3.68e-19,1.97e-20,10.6,35.5949624,1.62,"Cbl proto-oncogene C","220638_s_at",0.494,0.04626526,2.1,-5.82721,0.782,"Cbl proto-oncogene C","220638_s_at",0.000121,2.12e-05,-5.1916551,2.399247,-0.99529393,"Cbl proto-oncogene C"
"92","CCL18","32128_at",2.41e-07,4.89e-08,5.71,7.429098,2.36,"C-C motif chemokine ligand 18","32128_at",0.218,0.00244592,3.4,-3.06027,2.86,"C-C motif chemokine ligand 18","209924_at",1.47e-06,1.02e-07,7.3058466,7.720541,2.04037002,"C-C motif chemokine ligand 18"
"93","CCL19","210072_at",0.00204,0.000696,3.46,-1.7533869,0.69,"C-C motif chemokine ligand 19","210072_at",0.338,0.0148703,2.63,-4.78571,1.21,"C-C motif chemokine ligand 19","210072_at",0.000387,8.32e-05,4.6696507,1.046961,1.45066092,"C-C motif chemokine ligand 19"
"94","CCL2","216598_s_at",1.81e-19,9.38e-21,10.7,36.3288424,1.31,"C-C motif chemokine ligand 2","216598_s_at",0.347,0.01591667,2.6,-4.84932,1.6,"C-C motif chemokine ligand 2","216598_s_at",2.56e-05,3.32e-06,5.9073157,4.242402,1.01419715,"C-C motif chemokine ligand 2"
"95","CCL28","238750_at",8.48e-14,8.24e-15,-8.53,22.7652535,-1.05,"C-C motif chemokine ligand 28","238750_at",0.422,0.02858587,-2.33,-5.39114,-0.849,"C-C motif chemokine ligand 28","238750_at",0.00142,0.000382,-4.0861259,-0.451099,-1.21467914,"C-C motif chemokine ligand 28"
"96","CCL5","204655_at",1.03e-08,1.79e-09,6.36,10.6621789,1.27,"C-C motif chemokine ligand 5","204655_at",0.347,0.01598283,2.6,-4.85319,1.1,"C-C motif chemokine ligand 5","1405_i_at",8.68e-11,1.14e-13,14.2290541,21.295289,2.0772895,"C-C motif chemokine ligand 5"
"97","CCR5","206991_s_at",1.87e-14,1.68e-15,8.79,24.3375044,0.77,"C-C motif chemokine receptor 5 (gene/pseudogene)","206991_s_at",0.135,0.00018691,4.43,-0.52532,1.09,"C-C motif chemokine receptor 5 (gene/pseudogene)","206991_s_at",4.31e-08,1.1e-09,9.2925167,12.242364,1.5308092,"C-C motif chemokine receptor 5 (gene/pseudogene)"
"98","CD1B","206749_at",3.83e-06,8.97e-07,5.1,4.601537,1.38,"CD1b molecule","206749_at",0.402,0.02494984,2.4,-5.26627,1.28,"CD1b molecule","206749_at",0.000104,1.77e-05,-5.2598996,2.575945,-1.2204731,"CD1b molecule"
"99","CD2","205831_at",1.34e-19,6.83e-21,10.8,36.6440156,2.23,"CD2 molecule","205831_at",0.222,0.00252007,3.38,-3.08928,1.48,"CD2 molecule","205831_at",1.83e-08,3.47e-10,9.8397225,13.393825,1.64138102,"CD2 molecule"
"100","CD209","207277_at",0.0284,0.0119,2.54,-4.3583503,0.685,"CD209 molecule","207277_at",0.497,0.0469033,2.1,-5.83946,1.14,"CD209 molecule","207277_at",0.000989,0.00025,4.2491331,-0.035539,1.03320278,"CD209 molecule"
"101","CD274","227458_at",3.45e-59,1.39e-62,26.8,132.041535,5.48,"CD274 molecule","227458_at",0.28,0.00806663,2.9,-4.20835,1.5,"CD274 molecule","227458_at",1.83e-08,3.48e-10,9.8381327,13.390538,2.40319878,"CD274 molecule"
"102","CD28","206545_at",1.9e-14,1.7e-15,8.79,24.3234676,1.62,"CD28 molecule","206545_at",0.307,0.01116015,2.76,-4.5159,0.995,"CD28 molecule","206545_at",5.79e-09,7.03e-11,10.6267187,14.98023,2.11270467,"CD28 molecule"
"103","CD3D","213539_at",7.45e-22,2.94e-23,11.6,42.0577166,2.71,"CD3d molecule","213539_at",0.298,0.01021257,2.79,-4.43208,0.915,"CD3d molecule","213539_at",1.51e-08,2.65e-10,9.9698856,13.661816,1.47425468,"CD3d molecule"
"104","CD47","211075_s_at",6.41e-46,1.58e-48,20.8,99.9304614,1.57,"CD47 molecule","211075_s_at",0.349,0.01635437,2.59,-4.87465,1.05,"CD47 molecule","211075_s_at",7.41e-08,2.25e-09,8.9641169,11.531849,0.79263746,"CD47 molecule"
"105","CD48","204118_at",4.2e-09,6.94e-10,6.54,11.5888189,1.61,"CD48 molecule","204118_at",0.391,0.02283456,2.44,-5.1846,0.85,"CD48 molecule","204118_at",3.42e-09,3.25e-11,11.020778,15.744606,1.82937031,"CD48 molecule"
"106","CD53","203416_at",8.25e-13,8.91e-14,8.13,20.4115407,1.07,"CD53 molecule","203416_at",0.283,0.00836362,2.88,-4.24272,1.15,"CD53 molecule","203416_at",2.13e-11,1.29e-14,15.6431931,23.408799,1.4696632,"CD53 molecule"
"107","CD69","209795_at",1.91e-06,4.32e-07,5.26,5.3103596,0.799,"CD69 molecule","209795_at",0.343,0.01529521,2.62,-4.81208,1.04,"CD69 molecule","209795_at",5.84e-05,8.89e-06,5.5253743,3.261881,0.90987204,"CD69 molecule"
"108","CD84","230391_at",0.00064,0.000201,3.8,-0.5881288,0.792,"CD84 molecule","244352_at",0.33,0.01374821,2.66,-4.71217,0.717,"CD84 molecule","211192_s_at",5.78e-05,8.78e-06,5.5302546,3.274463,1.53022873,"CD84 molecule"
"109","CD96","206761_at",3.48e-13,3.62e-14,8.28,21.3013469,1.17,"CD96 molecule","206761_at",0.314,0.01191048,2.73,-4.57726,0.643,"CD96 molecule","1555120_at",4.65e-09,5.06e-11,10.793755,15.306633,1.76361719,"CD96 molecule"
"110","CDC25A","204695_at",1.29e-26,3.02e-28,13.4,53.4754963,1.77,"cell division cycle 25A","204695_at",0.248,0.00434516,3.16,-3.61617,0.642,"cell division cycle 25A","204695_at",0.00072,0.000172,4.3927493,0.332772,0.72872863,"cell division cycle 25A"
"111","CDC25B","201853_s_at",5.78e-26,1.44e-27,13.1,51.922429,0.985,"cell division cycle 25B","201853_s_at",0.121,5.437e-05,4.92,0.71032,0.898,"cell division cycle 25B","201853_s_at",0.000879,0.000218,4.3021352,0.100176,0.69918392,"cell division cycle 25B"
"112","CDC6","203967_at",1.78e-20,8.24e-22,11.1,38.7442956,1.22,"cell division cycle 6","203968_s_at",0.264,0.00632183,3,-3.97593,1.18,"cell division cycle 6","203968_s_at",5.84e-05,8.89e-06,5.5255023,3.262211,0.9106904,"cell division cycle 6"
"113","CDCP1","218451_at",1.2e-14,1.05e-15,8.87,24.8032187,0.815,"CUB domain containing protein 1","218451_at",0.372,0.01963887,2.51,-5.04503,0.711,"CUB domain containing protein 1","1554110_at",0.000107,1.82e-05,5.249682,2.549497,0.89322555,"CUB domain containing protein 1"
"114","CDH11","236179_at",1.52e-07,3e-08,-5.81,7.9032189,-1.52,"cadherin 11","236179_at",0.429,0.03014762,-2.31,-5.43978,-0.99,"cadherin 11","207172_s_at",1.82e-09,1.32e-11,11.4948717,16.638637,2.26337349,"cadherin 11"
"115","CDH19","206898_at",2.8e-26,6.81e-28,-13.2,52.667926,-2.61,"cadherin 19","206898_at",0.408,0.02628558,-2.37,-5.31422,-1.08,"cadherin 19","206898_at",0.0431,0.0212,-2.4547899,-4.278622,-1.16582633,"cadherin 19"
"116","CDKN1C","213348_at",1.61e-14,1.42e-15,-8.82,24.5011212,-0.956,"cyclin dependent kinase inhibitor 1C","216894_x_at",0.242,0.0037293,-3.22,-3.46882,-0.79,"cyclin dependent kinase inhibitor 1C","216894_x_at",4.33e-07,2.15e-08,7.9634233,9.276008,0.71826685,"cyclin dependent kinase inhibitor 1C"
"117","CDKN3","1555758_a_at",3.21e-33,3.42e-35,15.8,69.3911317,3.34,"cyclin dependent kinase inhibitor 3","1555758_a_at",0.318,0.01235728,2.71,-4.61193,1.62,"cyclin dependent kinase inhibitor 3","1555758_a_at",0.00055,0.000125,4.5137294,0.644267,0.91498821,"cyclin dependent kinase inhibitor 3"
"118","CEMIP","212942_s_at",1.74e-30,2.52e-32,14.8,62.8211213,2.19,"cell migration inducing hyaluronan binding protein","212942_s_at",0.351,0.01650912,2.58,-4.88345,1.46,"cell migration inducing hyaluronan binding protein","212942_s_at",5.74e-07,3.11e-08,7.8061049,8.909039,3.02039901,"cell migration inducing hyaluronan binding protein"
"119","CENPN","228559_at",1.74e-22,6.36e-24,11.8,43.5782638,2.57,"centromere protein N","222118_at",0.385,0.02185279,2.46,-5.14399,0.917,"centromere protein N","222118_at",0.000315,6.51e-05,4.7627567,1.287892,1.04638015,"centromere protein N"
"120","CEP126","236325_at",2.44e-09,3.93e-10,-6.65,12.1480539,-0.906,"centrosomal protein 126","235956_at",0.473,0.04096329,-2.16,-5.71792,-0.626,"centrosomal protein 126","236325_at",1.87e-05,2.29e-06,-6.0526683,4.612883,-1.09065089,"centrosomal protein 126"
"121","CEP135","207286_at",3.73e-14,3.46e-15,-8.67,23.6232089,-1.23,"centrosomal protein 135","207286_at",0.304,0.01073835,2.77,-4.47953,0.946,"centrosomal protein 135","207286_at",1.37e-05,1.57e-06,-6.200773,4.988578,-0.7641945,"centrosomal protein 135"
"122","CFB","202357_s_at",1.46e-31,1.86e-33,15.2,65.4163795,1.88,"complement factor B","202357_s_at",0.449,0.03518966,2.24,-5.58057,0.806,"complement factor B","202357_s_at",9.59e-10,4.94e-12,12.0253988,17.607014,2.44847595,"complement factor B"
"123","CH25H","206932_at",3.8e-22,1.45e-23,11.7,42.7616598,2.17,"cholesterol 25-hydroxylase","206932_at",0.279,0.00792109,2.9,-4.19103,1.64,"cholesterol 25-hydroxylase","206932_at",1.69e-05,2.02e-06,6.1022035,4.738749,1.68795217,"cholesterol 25-hydroxylase"
"124","CHEK1","205393_s_at",3.12e-41,1.3e-43,18.9,88.6822826,2.78,"checkpoint kinase 1","205394_at",0.292,0.00931041,2.83,-4.3445,1.39,"checkpoint kinase 1","205394_at",0.00418,0.00137,3.590317,-1.691293,0.71358192,"checkpoint kinase 1"
"125","CHN1","212624_s_at",2.24e-05,5.76e-06,4.68,2.806444,0.714,"chimerin 1","212624_s_at",0.347,0.01586616,2.6,-4.84635,0.606,"chimerin 1","212624_s_at",6.19e-11,7.12e-14,14.5266991,21.755455,2.07908288,"chimerin 1"
"126","CHPT1","221675_s_at",6.13e-34,5.98e-36,-16.1,71.1261803,-1.22,"choline phosphotransferase 1","230364_at",0.248,0.00443069,-3.15,-3.63494,-0.588,"choline phosphotransferase 1","1559739_at",0.00013,2.31e-05,-5.1585367,2.313461,-1.33982171,"choline phosphotransferase 1"
"127","CLDN8","214598_at",4.53e-36,3.55e-38,-16.9,76.2275526,-2.91,"claudin 8","214598_at",0.316,0.01211175,-2.72,-4.59304,-1.77,"claudin 8","214598_at",0.00433,0.00143,-3.5746834,-1.729645,-1.72899047,"claudin 8"
"128","CLEC7A","1555756_a_at",1.47e-51,1.64e-54,23.3,113.6134111,4.87,"C-type lectin domain family 7 member A","1555756_a_at",0.236,0.00324531,3.28,-3.33447,2.79,"C-type lectin domain family 7 member A","1555756_a_at",3.41e-07,1.58e-08,8.095348,9.581189,1.55200532,"C-type lectin domain family 7 member A"
"129","CLIC5","213317_at",7.85e-17,5.47e-18,-9.71,30.0107535,-1.75,"chloride intracellular channel 5","213317_at",0.154,0.0004706,-4.06,-1.44265,-1.36,"chloride intracellular channel 5","243917_at",1.02e-07,3.38e-09,8.7789958,11.124837,1.48127824,"chloride intracellular channel 5"
"130","CLMN","213839_at",6.14e-13,6.54e-14,-8.18,20.7175774,-1.05,"calmin","213839_at",0.503,0.04909211,-2.08,-5.88021,-0.615,"calmin","221042_s_at",0.000104,1.76e-05,5.2621317,2.581722,0.95468534,"calmin"
"131","CLMP","228082_at",2.93e-14,2.69e-15,-8.71,23.8711704,-1.41,"CXADR like membrane protein","228082_at",0.165,0.00063415,-3.94,-1.73749,-1.67,"CXADR like membrane protein","228082_at",3.01e-06,2.5e-07,6.9376925,6.825748,0.94569685,"CXADR like membrane protein"
"132","CMPK2","226702_at",4.11e-33,4.41e-35,15.8,69.1385806,2.81,"cytidine/uridine monophosphate kinase 2","226702_at",0.46,0.03789033,2.2,-5.64754,1.06,"cytidine/uridine monophosphate kinase 2","226702_at",2.31e-08,4.79e-10,9.6856657,13.073722,1.45126477,"cytidine/uridine monophosphate kinase 2"
"133","CMYA5","237981_at",1.32e-13,1.31e-14,-8.45,22.3055165,-1.27,"cardiomyopathy associated 5","233520_s_at",0.394,0.02324154,-2.43,-5.20091,-0.924,"cardiomyopathy associated 5","233520_s_at",9.8e-07,6.05e-08,-7.5236299,8.241921,-1.35384203,"cardiomyopathy associated 5"
"134","CNGA1","206417_at",9.42e-16,7.37e-17,-9.3,27.4328726,-1.04,"cyclic nucleotide gated channel alpha 1","206417_at",0.266,0.0067664,-2.97,-4.04086,-0.849,"cyclic nucleotide gated channel alpha 1","206417_at",0.000126,2.21e-05,-5.1748186,2.355639,-1.32445148,"cyclic nucleotide gated channel alpha 1"
"135","CNKSR2","229116_at",9.35e-22,3.73e-23,-11.6,41.8189549,-2.15,"connector enhancer of kinase suppressor of Ras 2","229116_at",0.296,0.0100204,-2.8,-4.4141,-1.39,"connector enhancer of kinase suppressor of Ras 2","229116_at",3.7e-11,2.71e-14,-15.1487123,22.690367,-1.8889626,"connector enhancer of kinase suppressor of Ras 2"
"136","CNTN4","229084_at",8.29e-10,1.27e-10,-6.86,13.258212,-1.4,"contactin 4","229084_at",0.213,0.00223907,-3.43,-2.97436,-1.16,"contactin 4","237177_at",3.45e-08,8.16e-10,9.4333182,12.542505,1.9263671,"contactin 4"
"137","COBL","1552496_a_at",2.05e-10,2.92e-11,-7.12,14.7026581,-1.12,"cordon-bleu WH2 repeat protein","213050_at",0.401,0.02447342,-2.4,-5.24852,-0.702,"cordon-bleu WH2 repeat protein","1552496_a_at",2.93e-08,6.55e-10,-9.5368887,12.76157,-2.01003945,"cordon-bleu WH2 repeat protein"
"138","COBLL1","203641_s_at",3.59e-10,5.27e-11,7.02,14.1199927,1.14,"cordon-bleu WH2 repeat protein like 1","229598_at",0.216,0.00233094,-3.42,-3.01346,-0.921,"cordon-bleu WH2 repeat protein like 1","229598_at",1.2e-05,1.33e-06,-6.266385,5.15439,-0.9253559,"cordon-bleu WH2 repeat protein like 1"
"139","COL4A4","229779_at",5.5e-07,1.16e-07,5.54,6.5848378,1.76,"collagen type IV alpha 4 chain","229779_at",0.347,0.01603527,2.6,-4.85625,1.95,"collagen type IV alpha 4 chain","229779_at",1.51e-08,2.66e-10,9.967402,13.656723,3.18829831,"collagen type IV alpha 4 chain"
"140","COL6A6","230867_at",0.0107,0.00412,2.91,-3.3981402,1.04,"collagen type VI alpha 6 chain","230867_at",0.347,0.01606499,2.6,-4.85798,2.31,"collagen type VI alpha 6 chain","230867_at",1.42e-06,9.74e-08,7.3247864,7.766122,2.10945829,"collagen type VI alpha 6 chain"
"141","COPG2IT1","213486_at",6.34e-13,6.77e-14,-8.18,20.6831959,-1.97,"COPG2 imprinted transcript 1 (non-protein coding)","213486_at",0.406,0.02577776,-2.38,-5.29629,-1.17,"COPG2 imprinted transcript 1 (non-protein coding)","213486_at",0.00148,0.000403,-4.0663266,-0.501362,-1.82942063,"COPG2 imprinted transcript 1 (non-protein coding)"
"142","CORO1A","209083_at",1.86e-08,3.31e-09,6.25,10.0576338,0.992,"coronin 1A","209083_at",0.211,0.00193039,3.49,-2.82989,1.28,"coronin 1A","209083_at",2.54e-07,1.1e-08,8.2540769,9.945263,1.4241105,"coronin 1A"
"143","COTL1","1556346_at",8.77e-11,1.2e-11,7.28,15.5793187,0.924,"coactosin like F-actin binding protein 1","224583_at",0.293,0.00952915,2.82,-4.36651,1.17,"coactosin like F-actin binding protein 1","221059_s_at",4.33e-10,1.28e-12,12.7853501,18.937696,1.41011596,"coactosin like F-actin binding protein 1"
"144","CPE","201117_s_at",1.28e-19,6.54e-21,-10.8,36.6872408,-0.804,"carboxypeptidase E","201116_s_at",0.386,0.02213497,-2.45,-5.15586,-0.761,"carboxypeptidase E","201116_s_at",0.00442,0.00146,3.5649289,-1.753547,0.6441936,"carboxypeptidase E"
"145","CPEB3","239765_at",1.71e-17,1.1e-18,-9.97,31.5992996,-2.12,"cytoplasmic polyadenylation element binding protein 3","239765_at",0.503,0.04863415,-2.08,-5.87184,-1.44,"cytoplasmic polyadenylation element binding protein 3","205773_at",4.56e-05,6.61e-06,-5.6397422,3.556415,-0.67034309,"cytoplasmic polyadenylation element binding protein 3"
"146","CRTAP","201380_at",2.41e-17,1.58e-18,-9.91,31.2438371,-0.767,"cartilage associated protein","226656_at",0.433,0.03096843,-2.3,-5.46431,-0.608,"cartilage associated protein","227138_at",4.07e-06,3.61e-07,-6.7877445,6.456678,-0.70381426,"cartilage associated protein"
"147","CRYAB","209283_at",6.1e-28,1.21e-29,-13.9,56.673892,-1.33,"crystallin alpha B","209283_at",0.167,0.00068459,-3.91,-1.81302,-1.15,"crystallin alpha B","209283_at",0.000522,0.000118,-4.536596,0.703248,-0.72159762,"crystallin alpha B"
"148","CSF2RB","205159_at",2.06e-15,1.67e-16,9.16,26.625645,1.06,"colony stimulating factor 2 receptor beta common subunit","205159_at",0.186,0.00100851,3.76,-2.19441,1.21,"colony stimulating factor 2 receptor beta common subunit","205159_at",1.39e-06,9.47e-08,7.3363029,7.793816,1.09978604,"colony stimulating factor 2 receptor beta common subunit"
"149","CSNK1A1","243338_at",2.79e-30,4.14e-32,14.7,62.3256991,1.38,"casein kinase 1 alpha 1","1556007_s_at",0.204,0.00175953,3.53,-2.73949,0.679,"casein kinase 1 alpha 1","235464_at",0.000685,0.000162,-4.4158101,0.39207,-0.62801906,"casein kinase 1 alpha 1"
"150","CST7","210140_at",4.66e-25,1.3e-26,12.8,49.7376973,2.74,"cystatin F","210140_at",0.416,0.02778728,2.35,-5.36519,0.753,"cystatin F","210140_at",1.23e-07,4.29e-09,8.6714054,10.886132,1.2643703,"cystatin F"
"151","CTLA4","236341_at",1.83e-39,9.63e-42,18.2,84.3981742,4.09,"cytotoxic T-lymphocyte associated protein 4","236341_at",0.413,0.02707539,2.36,-5.34139,0.87,"cytotoxic T-lymphocyte associated protein 4","234362_s_at",4.4e-07,2.19e-08,7.9548385,9.256068,1.78910389,"cytotoxic T-lymphocyte associated protein 4"
"152","CTPS1","202613_at",7.84e-34,7.74e-36,16.1,70.8690172,1.65,"CTP synthase 1","202613_at",0.212,0.00205645,3.47,-2.89154,0.676,"CTP synthase 1","202613_at",0.000488,0.000109,4.5664173,0.780209,0.64704628,"CTP synthase 1"
"153","CTSC","225647_s_at",2.12e-16,1.54e-17,9.55,28.9840675,1.27,"cathepsin C","225646_at",0.236,0.0033087,3.27,-3.35318,1.07,"cathepsin C","225647_s_at",2.54e-08,5.4e-10,9.6283233,12.953763,1.15357428,"cathepsin C"
"154","CXCL1","204470_at",3.16e-41,1.32e-43,18.9,88.6649726,6.18,"C-X-C motif chemokine ligand 1","204470_at",0.481,0.04249884,2.15,-5.75103,1.66,"C-X-C motif chemokine ligand 1","204470_at",3.83e-09,3.81e-11,10.939144,15.587862,4.30052311,"C-X-C motif chemokine ligand 1"
"155","CXCL2","209774_x_at",1.62e-32,1.83e-34,15.6,67.7201555,3.96,"C-X-C motif chemokine ligand 2","209774_x_at",0.394,0.02328669,2.43,-5.2027,0.904,"C-X-C motif chemokine ligand 2","209774_x_at",1.76e-08,3.29e-10,9.8659051,13.447913,3.11028963,"C-X-C motif chemokine ligand 2"
"156","CXCL8","202859_x_at",2.79e-44,8.56e-47,20.2,95.9634152,6.75,"C-X-C motif chemokine ligand 8","202859_x_at",0.247,0.00431494,3.16,-3.60945,3.3,"C-X-C motif chemokine ligand 8","211506_s_at",4.47e-05,6.44e-06,5.6499343,3.582628,3.59963039,"C-X-C motif chemokine ligand 8"
"157","CYB561D2","209665_at",1.39e-20,6.33e-22,11.1,39.0071011,0.938,"cytochrome b561 family member D2","229636_at",0.406,0.02571901,-2.38,-5.2942,-0.867,"cytochrome b561 family member D2","209665_at",2.74e-07,1.21e-08,8.2124529,9.850121,1.01944016,"cytochrome b561 family member D2"
"158","CYLD","221903_s_at",5.33e-33,5.79e-35,15.8,68.8666269,1.89,"CYLD lysine 63 deubiquitinase","221903_s_at",0.301,0.01041066,2.79,-4.45024,0.92,"CYLD lysine 63 deubiquitinase","221903_s_at",1.36e-06,9.23e-08,7.3473816,7.820442,0.85637516,"CYLD lysine 63 deubiquitinase"
"159","CYP2J2","205073_at",5.38e-17,3.67e-18,-9.78,30.4062656,-1.81,"cytochrome P450 family 2 subfamily J member 2","205073_at",0.421,0.02839643,-2.34,-5.38505,-0.961,"cytochrome P450 family 2 subfamily J member 2","205073_at",5.85e-06,5.59e-07,-6.6113408,6.019246,-1.99588535,"cytochrome P450 family 2 subfamily J member 2"
"160","CYP7B1","207386_at",5.95e-42,2.28e-44,19.2,90.4128098,2.38,"cytochrome P450 family 7 subfamily B member 1","207386_at",0.184,0.00093862,3.78,-2.12383,1.46,"cytochrome P450 family 7 subfamily B member 1","207386_at",1.62e-05,1.91e-06,6.1233264,4.792358,1.6532353,"cytochrome P450 family 7 subfamily B member 1"
"161","CYTIP","209606_at",3.99e-14,3.72e-15,8.66,23.5511653,1.33,"cytohesin 1 interacting protein","209606_at",0.242,0.0037055,3.22,-3.46264,1.56,"cytohesin 1 interacting protein","209606_at",2.78e-09,2.4e-11,11.1785771,16.045244,1.81614754,"cytohesin 1 interacting protein"
"162","DAPP1","222859_s_at",2.03e-23,6.72e-25,12.2,45.8116057,1.98,"dual adaptor of phosphotyrosine and 3-phosphoinositides 1","222859_s_at",0.468,0.03976049,2.18,-5.69105,1.03,"dual adaptor of phosphotyrosine and 3-phosphoinositides 1","236707_at",0.00958,0.00361,-3.2044538,-2.619979,-0.69488311,"dual adaptor of phosphotyrosine and 3-phosphoinositides 1"
"163","DCTN5","209231_s_at",3.12e-52,3.14e-55,23.6,115.2571306,3.77,"dynactin subunit 5","209231_s_at",0.46,0.03785831,2.2,-5.64678,0.598,"dynactin subunit 5","209231_s_at",0.000386,8.3e-05,4.6705369,1.049253,0.66204706,"dynactin subunit 5"
"164","DDX60L","228152_s_at",1.65e-30,2.37e-32,14.8,62.8809366,1.85,"DEAD-box helicase 60-like","228152_s_at",0.372,0.01964101,2.51,-5.04513,0.718,"DEAD-box helicase 60-like","228152_s_at",0.000659,0.000155,4.4332538,0.43695,0.6947849,"DEAD-box helicase 60-like"
"165","DEFB4B","207356_at",2.79e-29,4.71e-31,14.4,59.9069173,3.95,"defensin beta 4B///defensin beta 4A","207356_at",0.416,0.02761314,2.35,-5.35943,2.54,"defensin beta 4B///defensin beta 4A","207356_at",4.72e-05,6.89e-06,5.6238113,3.51543,4.81512783,"defensin beta 4B///defensin beta 4A"
"166","DENND1A","219763_at",5.27e-31,7.2e-33,15,64.0674579,2,"DENN domain containing 1A","219763_at",0.435,0.03127768,2.29,-5.47337,0.668,"DENN domain containing 1A","219763_at",1.25e-07,4.4e-09,8.6601006,10.860959,1.40097007,"DENN domain containing 1A"
"167","DENND4A","1554352_s_at",2.68e-09,4.33e-10,6.63,12.0520644,0.839,"DENN domain containing 4A","214787_at",0.395,0.02347427,2.42,-5.2101,0.687,"DENN domain containing 4A","214787_at",2.13e-05,2.68e-06,5.9915907,4.457409,0.85802529,"DENN domain containing 4A"
"168","DGAT2","224327_s_at",3.59e-08,6.6e-09,-6.11,9.3835404,-0.707,"diacylglycerol O-acyltransferase 2","224327_s_at",0.135,0.00011063,-4.64,-0.00161,-1.84,"diacylglycerol O-acyltransferase 2","224327_s_at",9.47e-05,1.58e-05,-5.3035204,2.688825,-1.17131233,"diacylglycerol O-acyltransferase 2"
"169","DIO2","203699_s_at",1.34e-35,1.09e-37,16.7,75.1094116,3.93,"deiodinase, iodothyronine, type II","231240_at",0.444,0.03403826,2.25,-5.55037,1.19,"deiodinase, iodothyronine, type II","203699_s_at",2.74e-05,3.61e-06,5.8748676,4.159474,1.69778891,"deiodinase, iodothyronine, type II"
"170","DLGAP5","203764_at",5.61e-45,1.53e-47,20.5,97.6758847,3.52,"DLG associated protein 5","203764_at",0.293,0.0096567,2.82,-4.3791,1.8,"DLG associated protein 5","203764_at",0.0191,0.00814,2.8691705,-3.389881,0.65542735,"DLG associated protein 5"
"171","DOCK2","213160_at",3.58e-08,6.58e-09,6.11,9.3870316,0.799,"dedicator of cytokinesis 2","213160_at",0.33,0.01381985,2.66,-4.71705,1.05,"dedicator of cytokinesis 2","213160_at",7.02e-07,4e-08,7.6987853,8.656815,1.53918493,"dedicator of cytokinesis 2"
"172","DSC2","231033_at",2.41e-48,4.27e-51,21.9,105.8059502,6.19,"desmocollin 2","231033_at",0.236,0.0033284,3.27,-3.35893,2.4,"desmocollin 2","204751_x_at",2.14e-05,2.68e-06,5.990305,4.454133,1.85002423,"desmocollin 2"
"173","DSEL","232235_at",1.21e-09,1.88e-10,-6.79,12.8729957,-0.886,"dermatan sulfate epimerase-like","232235_at",0.408,0.02625493,-2.37,-5.31315,-0.931,"dermatan sulfate epimerase-like","232825_s_at",0.000208,4.01e-05,4.9477978,1.767305,0.93994473,"dermatan sulfate epimerase-like"
"174","DSERG1","217671_at",2.34e-10,3.36e-11,-7.1,14.5631536,-0.981,"Down syndrome encephalopathy related protein 1","217671_at",0.431,0.03056356,2.3,-5.4523,0.814,"Down syndrome encephalopathy related protein 1","217671_at",9.5e-05,1.59e-05,-5.3017994,2.684372,-1.34806717,"Down syndrome encephalopathy related protein 1"
"175","DTWD1","229984_at",1.42e-11,1.76e-12,-7.62,17.4686907,-1.11,"DTW domain containing 1","232429_at",0.403,0.02510645,-2.39,-5.27203,-0.729,"DTW domain containing 1","1555210_at",0.0132,0.00523,-3.052732,-2.973259,-0.68038992,"DTW domain containing 1"
"176","DTX3L","225415_at",2.27e-31,2.96e-33,15.1,64.9516522,0.95,"deltex E3 ubiquitin ligase 3L","225415_at",0.336,0.0146844,2.64,-4.77393,0.663,"deltex E3 ubiquitin ligase 3L","225415_at",0.000186,3.5e-05,4.9999615,1.902513,0.63262656,"deltex E3 ubiquitin ligase 3L"
"177","DUOX1","215800_at",4.97e-14,4.68e-15,8.62,23.3246777,1.14,"dual oxidase 1","215800_at",0.386,0.02219908,2.45,-5.15853,1.05,"dual oxidase 1","215800_at",5.93e-08,1.67e-09,-9.100459,11.828619,-1.00385842,"dual oxidase 1"
"178","DUOXA1","1555404_a_at",3.14e-39,1.72e-41,18.1,83.8209847,1.85,"dual oxidase maturation factor 1","1555404_a_at",0.236,0.00321535,3.28,-3.3255,0.755,"dual oxidase maturation factor 1","1555404_a_at",0.0193,0.00822,-2.8647656,-3.399721,-0.68078019,"dual oxidase maturation factor 1"
"179","DUSP4","204014_at",1.03e-06,2.24e-07,-5.4,5.9463904,-0.94,"dual specificity phosphatase 4","204015_s_at",0.236,0.003247,-3.28,-3.33497,-0.603,"dual specificity phosphatase 4","204015_s_at",0.00143,0.000388,4.0800011,-0.466653,0.72028727,"dual specificity phosphatase 4"
"180","DZIP1","204557_s_at",3.57e-07,7.39e-08,-5.63,7.0256424,-0.896,"DAZ interacting zinc finger protein 1","204557_s_at",0.36,0.01781313,-2.55,-4.95432,-1.05,"DAZ interacting zinc finger protein 1","204556_s_at",5.74e-09,6.92e-11,10.6347413,14.995988,1.06473998,"DAZ interacting zinc finger protein 1"
"181","E2F2","228361_at",6.48e-22,2.53e-23,11.6,42.2034499,1.14,"E2F transcription factor 2","228361_at",0.24,0.00351335,3.25,-3.4112,0.779,"E2F transcription factor 2","228361_at",0.0128,0.00507,-3.065203,-2.944511,-0.69959979,"E2F transcription factor 2"
"182","E2F8","219990_at",1.11e-19,5.61e-21,10.8,36.8402166,1.68,"E2F transcription factor 8","219990_at",0.49,0.04499603,2.12,-5.80229,0.693,"E2F transcription factor 8","219990_at",0.0104,0.00397,-3.1658096,-2.710673,-0.68238387,"E2F transcription factor 8"
"183","EHF","222932_at",1.49e-22,5.42e-24,11.9,43.7371087,3.09,"ETS homologous factor","232361_s_at",0.377,0.0204321,2.49,-5.08176,0.837,"ETS homologous factor","232361_s_at",0.0125,0.00491,-3.0783551,-2.914134,-0.82193942,"ETS homologous factor"
"184","EIF4EBP1","221539_at",1.14e-33,1.15e-35,16,70.4709883,1.88,"eukaryotic translation initiation factor 4E binding protein 1","221539_at",0.247,0.00423246,3.17,-3.59086,0.715,"eukaryotic translation initiation factor 4E binding protein 1","221539_at",9.59e-10,5.01e-12,12.0181817,17.594063,1.10731531,"eukaryotic translation initiation factor 4E binding protein 1"
"185","ELOVL5","215082_at",3.27e-05,8.6e-06,-4.59,2.4200059,-1.31,"ELOVL fatty acid elongase 5","215082_at",0.277,0.00764421,-2.92,-4.15716,-1.16,"ELOVL fatty acid elongase 5","215082_at",0.00678,0.00241,3.3670707,-2.233433,0.70438642,"ELOVL fatty acid elongase 5"
"186","EMC3","215250_at",3.68e-28,7.1e-30,-13.9,57.2077874,-2.26,"ER membrane protein complex subunit 3","215250_at",0.483,0.04337727,-2.14,-5.76942,-0.656,"ER membrane protein complex subunit 3","215250_at",3.55e-06,3.06e-07,-6.854907,6.622307,-1.97939752,"ER membrane protein complex subunit 3"
"187","ENPP5","227803_at",9.31e-31,1.3e-32,-14.9,63.4760393,-3.09,"ectonucleotide pyrophosphatase/phosphodiesterase 5 (putative)","237054_at",0.39,0.02267263,-2.44,-5.17803,-1.04,"ectonucleotide pyrophosphatase/phosphodiesterase 5 (putative)","237054_at",0.00526,0.00179,-3.4837641,-1.951574,-0.64328245,"ectonucleotide pyrophosphatase/phosphodiesterase 5 (putative)"
"188","EPB41L4B","220161_s_at",3.03e-20,1.44e-21,-11,38.1890851,-0.759,"erythrocyte membrane protein band 4.1 like 4B","223427_s_at",0.28,0.00801789,-2.9,-4.20258,-0.676,"erythrocyte membrane protein band 4.1 like 4B","220524_at",1.19e-07,4.08e-09,-8.6936633,10.935644,-0.59554906,"erythrocyte membrane protein band 4.1 like 4B"
"189","EPCAM","201839_s_at",1.58e-16,1.14e-17,-9.6,29.28645,-1.93,"epithelial cell adhesion molecule","201839_s_at",0.44,0.03259989,-2.27,-5.5111,-0.899,"epithelial cell adhesion molecule","201839_s_at",0.022,0.00961,-2.7988658,-3.546001,-1.58044866,"epithelial cell adhesion molecule"
"190","EPHB1","230425_at",5.79e-09,9.69e-10,-6.48,11.2618187,-1.15,"EPH receptor B1","230425_at",0.31,0.011434,-2.75,-4.53877,-0.94,"EPH receptor B1","210753_s_at",9.51e-05,1.59e-05,-5.3014167,2.683382,-0.73250019,"EPH receptor B1"
"191","EPHX2","209368_at",3.63e-11,4.72e-12,-7.45,16.4956959,-0.809,"epoxide hydrolase 2","209368_at",0.139,0.00028226,-4.27,-0.93562,-0.702,"epoxide hydrolase 2","209368_at",1.21e-08,2e-10,-10.1082121,13.944155,-1.40621961,"epoxide hydrolase 2"
"192","EPSTI1","227609_at",5.03e-49,8.19e-52,22.2,107.4463649,5.13,"epithelial stromal interaction 1 (breast)","227609_at",0.491,0.04524214,2.12,-5.80718,1.55,"epithelial stromal interaction 1 (breast)","227609_at",5.09e-09,5.77e-11,10.7267989,15.176221,2.58008998,"epithelial stromal interaction 1 (breast)"
"193","ESRRG","209966_x_at",3.03e-07,6.21e-08,-5.67,7.1957152,-0.881,"estrogen related receptor gamma","207981_s_at",0.35,0.01641131,-2.59,-4.8779,-1.65,"estrogen related receptor gamma","209966_x_at",0.0327,0.0153,-2.5976658,-3.98111,-1.23186013,"estrogen related receptor gamma"
"194","EVI2A","204774_at",1.53e-07,3.03e-08,5.81,7.8936049,0.779,"ecotropic viral integration site 2A","204774_at",0.325,0.01329085,2.68,-4.68041,1.43,"ecotropic viral integration site 2A","204774_at",2.39e-08,4.99e-10,9.6656066,13.03181,1.43164502,"ecotropic viral integration site 2A"
"195","FADS3","204257_at",3.16e-07,6.48e-08,-5.66,7.1531527,-0.887,"fatty acid desaturase 3","204257_at",0.302,0.01053534,-2.78,-4.46149,-0.652,"fatty acid desaturase 3","216080_s_at",1.25e-05,1.4e-06,6.2449803,5.10034,0.85116267,"fatty acid desaturase 3"
"196","FAM162A","224345_x_at",2.86e-17,1.89e-18,9.88,31.0664513,0.667,"family with sequence similarity 162 member A","235850_at",0.115,1.172e-05,-5.54,2.25705,-0.68,"family with sequence similarity 162 member A","235850_at",4.04e-07,1.98e-08,-7.9995991,9.359926,-1.0751137,"family with sequence similarity 162 member A"
"197","FAM20A","241981_at",9.84e-10,1.52e-10,6.82,13.0827979,1.38,"family with sequence similarity 20 member A","242945_at",0.296,0.00997956,2.8,-4.41024,0.906,"family with sequence similarity 20 member A","226804_at",1.3e-08,2.2e-10,10.0615347,13.849164,2.25649223,"family with sequence similarity 20 member A"
"198","FAM234B","213234_at",3.67e-17,2.45e-18,-9.84,30.8069265,-1.35,"family with sequence similarity 234 member B","213234_at",0.184,0.00096453,-3.77,-2.15059,-0.906,"family with sequence similarity 234 member B","213234_at",3.14e-05,4.24e-06,-5.8116433,3.997675,-1.45459401,"family with sequence similarity 234 member B"
"199","FAM46C","226811_at",1.06e-07,2.05e-08,-5.89,8.2758477,-0.81,"family with sequence similarity 46 member C","226811_at",0.366,0.01859043,-2.53,-4.99406,-0.745,"family with sequence similarity 46 member C","220306_at",1.32e-09,8.3e-12,11.7430301,17.095746,3.39514353,"family with sequence similarity 46 member C"
"200","FAM47E-STBD1","203986_at",2.97e-06,6.85e-07,-5.16,4.862207,-0.68,"FAM47E-STBD1 readthrough///family with sequence similarity 47 member E///starch binding domain 1","203986_at",0.402,0.02487987,-2.4,-5.26368,-0.926,"FAM47E-STBD1 readthrough///family with sequence similarity 47 member E///starch binding domain 1","203986_at",0.00154,0.000423,4.0474209,-0.549309,0.65939851,"FAM47E-STBD1 readthrough///family with sequence similarity 47 member E///starch binding domain 1"
"201","FAM65C","227654_at",8.89e-32,1.11e-33,15.3,65.9299258,2.93,"family with sequence similarity 65 member C","227654_at",0.204,0.00163021,3.56,-2.66495,0.645,"family with sequence similarity 65 member C","227654_at",1.85e-07,7.31e-09,8.4345566,10.355071,1.80427749,"family with sequence similarity 65 member C"
"202","FAM83A","239586_at",1.79e-45,4.61e-48,20.7,98.8673687,4.97,"family with sequence similarity 83 member A","239586_at",0.402,0.02468018,2.4,-5.25627,0.89,"family with sequence similarity 83 member A","242944_at",0.0349,0.0165,2.5649933,-4.050024,0.69858107,"family with sequence similarity 83 member A"
"203","FAXDC2","48031_r_at",9.93e-11,1.36e-11,-7.26,15.4505722,-0.658,"fatty acid hydroxylase domain containing 2","48031_r_at",0.159,0.00054304,-4,-1.58427,-0.76,"fatty acid hydroxylase domain containing 2","48031_r_at",0.00012,2.11e-05,-5.1938991,2.405059,-1.02976516,"fatty acid hydroxylase domain containing 2"
"204","FBP1","209696_at",2.05e-09,3.27e-10,-6.68,12.3261119,-1.51,"fructose-bisphosphatase 1","209696_at",0.246,0.00413937,-3.18,-3.56944,-2.09,"fructose-bisphosphatase 1","209696_at",8.91e-05,1.47e-05,5.3310186,2.759954,2.02626863,"fructose-bisphosphatase 1"
"205","FBXO45","225100_at",1.05e-38,6.15e-41,17.9,82.5537366,4.24,"F-box protein 45","225100_at",0.497,0.04690158,2.1,-5.83943,0.875,"F-box protein 45","225099_at",0.000584,0.000134,-4.4870129,0.575396,-0.63075677,"F-box protein 45"
"206","FBXO5","218875_s_at",7.47e-19,4.15e-20,10.5,34.851863,1.6,"F-box protein 5","234863_x_at",0.394,0.02331066,2.43,-5.20365,0.661,"F-box protein 5","218875_s_at",0.000192,3.65e-05,4.9835598,1.859999,0.58603912,"F-box protein 5"
"207","FCER1G","1554899_s_at",0.000294,8.82e-05,4.02,0.1944203,0.888,"Fc fragment of IgE receptor Ig","204232_at",0.346,0.01570632,2.61,-4.83688,1.11,"Fc fragment of IgE receptor Ig","1554899_s_at",5.07e-08,1.38e-09,9.1896424,12.021369,1.53352495,"Fc fragment of IgE receptor Ig"
"208","FGD6","219901_at",1.89e-06,4.27e-07,5.26,5.3207657,0.631,"FYVE, RhoGEF and PH domain containing 6","1555137_a_at",0.461,0.03822772,2.2,-5.65556,0.957,"FYVE, RhoGEF and PH domain containing 6","1555136_at",7.72e-05,1.24e-05,-5.3971813,2.93099,-1.31077919,"FYVE, RhoGEF and PH domain containing 6"
"209","FGFBP2","223836_at",1.87e-25,4.92e-27,-12.9,50.7005547,-3.09,"fibroblast growth factor binding protein 2","223836_at",0.491,0.04544136,-2.11,-5.81112,-1.22,"fibroblast growth factor binding protein 2","223836_at",0.00107,0.000276,-4.2115699,-0.131557,-1.68454237,"fibroblast growth factor binding protein 2"
"210","FHL1","201540_at",2.11e-17,1.38e-18,-9.93,31.3782255,-0.823,"four and a half LIM domains 1","210299_s_at",0.496,0.04664418,-2.1,-5.83451,-0.864,"four and a half LIM domains 1","210298_x_at",0.0355,0.0169,-2.556123,-4.068646,-0.65819446,"four and a half LIM domains 1"
"211","FIBIN","226769_at",3.47e-17,2.31e-18,-9.85,30.8641563,-1.75,"fin bud initiation factor homolog (zebrafish)","231001_at",0.477,0.04173666,-2.15,-5.73475,-0.705,"fin bud initiation factor homolog (zebrafish)","231001_at",0.00163,0.000452,4.0220273,-0.613637,1.28725597,"fin bud initiation factor homolog (zebrafish)"
"212","FIGN","239710_at",2.23e-11,2.83e-12,-7.54,17.000009,-0.901,"fidgetin, microtubule severing factor","239710_at",0.25,0.00459437,-3.13,-3.66984,-1.05,"fidgetin, microtubule severing factor","239710_at",0.0321,0.015,-2.6069463,-3.961443,-0.58889335,"fidgetin, microtubule severing factor"
"213","FILIP1","1570515_a_at",3.38e-08,6.21e-09,-6.12,9.4434102,-0.62,"filamin A interacting protein 1","1556325_at",0.471,0.04053447,-2.17,-5.70843,-0.716,"filamin A interacting protein 1","231945_at",8.57e-05,1.41e-05,5.3484736,2.805092,0.94966469,"filamin A interacting protein 1"
"214","FMO2","228268_at",0.0529,0.0237,2.28,-4.9640467,0.692,"flavin containing monooxygenase 2","228268_at",0.485,0.04390782,-2.13,-5.78033,-1.17,"flavin containing monooxygenase 2","228268_at",0.0048,0.00161,3.5268634,-1.846613,1.27111038,"flavin containing monooxygenase 2"
"215","FMO5","215300_s_at",5.29e-11,7.02e-12,-7.38,16.1050468,-1.14,"flavin containing monooxygenase 5","215300_s_at",0.376,0.02026543,-2.49,-5.07416,-1.12,"flavin containing monooxygenase 5","205776_at",0.00675,0.0024,-3.3689326,-2.228964,-1.35147513,"flavin containing monooxygenase 5"
"216","FOSL1","204420_at",3.78e-38,2.37e-40,17.7,81.2095924,4.1,"FOS like 1, AP-1 transcription factor subunit","204420_at",0.353,0.01671522,2.58,-4.89502,1.61,"FOS like 1, AP-1 transcription factor subunit","204420_at",0.0462,0.023,2.4177127,-4.35415,0.96507093,"FOS like 1, AP-1 transcription factor subunit"
"217","FOSL2","218880_at",6.54e-32,7.92e-34,15.3,66.2632972,2.45,"FOS like 2, AP-1 transcription factor subunit","218880_at",0.438,0.03177893,2.28,-5.48786,0.824,"FOS like 2, AP-1 transcription factor subunit","218880_at",0.000144,2.61e-05,5.1126361,2.194536,0.8461669,"FOS like 2, AP-1 transcription factor subunit"
"218","FPR1","205119_s_at",2.78e-05,7.23e-06,4.63,2.5870448,0.758,"formyl peptide receptor 1","205119_s_at",0.465,0.03892425,2.19,-5.67187,0.938,"formyl peptide receptor 1","205119_s_at",2.3e-07,9.63e-09,8.3129981,10.07954,3.3008552,"formyl peptide receptor 1"
"219","FPR3","230422_at",1.37e-11,1.7e-12,7.62,17.5045316,1.52,"formyl peptide receptor 3","230422_at",0.414,0.02711743,2.36,-5.34282,1.45,"formyl peptide receptor 3","214560_at",7.72e-05,1.24e-05,5.3974122,2.931587,1.74162771,"formyl peptide receptor 3"
"220","FSCN1","201564_s_at",2.03e-21,8.45e-23,11.4,41.0067964,0.813,"fascin actin-bundling protein 1","201564_s_at",0.258,0.00569152,3.04,-3.87541,0.647,"fascin actin-bundling protein 1","201564_s_at",2.29e-05,2.9e-06,5.9596276,4.375928,0.8100793,"fascin actin-bundling protein 1"
"221","FST","207345_at",1.3e-14,1.15e-15,-8.85,24.71553,-0.833,"follistatin","204948_s_at",0.23,0.00289603,-3.33,-3.2242,-1.22,"follistatin","204948_s_at",0.0025,0.000748,-3.8268279,-1.104959,-0.67875052,"follistatin"
"222","FYB","227266_s_at",3.27e-10,4.77e-11,7.03,14.2192477,1.42,"FYN binding protein","211795_s_at",0.367,0.01875233,2.53,-5.00212,1.06,"FYN binding protein","211795_s_at",1.23e-06,8.09e-08,7.402093,7.951702,1.91617586,"FYN binding protein"
"223","G0S2","213524_s_at",0.00019,5.55e-05,-4.14,0.6354106,-0.867,"G0/G1 switch 2","213524_s_at",0.371,0.01936369,-2.51,-5.03193,-1.71,"G0/G1 switch 2","213524_s_at",0.00126,0.000332,4.1401672,-0.313662,1.34957397,"G0/G1 switch 2"
"224","GALNT6","219956_at",5.38e-42,2.04e-44,19.2,90.5220842,3.64,"polypeptide N-acetylgalactosaminyltransferase 6","219956_at",0.322,0.01286733,2.69,-4.64998,1.76,"polypeptide N-acetylgalactosaminyltransferase 6","219956_at",0.0216,0.00939,2.8086797,-3.52433,0.65261629,"polypeptide N-acetylgalactosaminyltransferase 6"
"225","GAPVD1","214869_x_at",1.37e-25,3.56e-27,13,51.0241057,1.11,"GTPase activating protein and VPS9 domains 1","214869_x_at",0.278,0.00785993,2.91,-4.18365,0.725,"GTPase activating protein and VPS9 domains 1","235553_at",3.41e-06,2.91e-07,-6.8756825,6.673437,-0.72168032,"GTPase activating protein and VPS9 domains 1"
"226","GATA6","210002_at",6.81e-19,3.77e-20,-10.5,34.9472028,-1.78,"GATA binding protein 6","210002_at",0.196,0.0013468,-3.64,-2.47815,-1.49,"GATA binding protein 6","210002_at",0.0122,0.00478,3.0900346,-2.887109,0.81240937,"GATA binding protein 6"
"227","GATB","233593_at",4.07e-35,3.55e-37,16.6,73.9367415,3.07,"glutamyl-tRNA amidotransferase subunit B","204300_at",0.416,0.02762414,2.35,-5.35979,0.918,"glutamyl-tRNA amidotransferase subunit B","233593_at",6.02e-06,5.79e-07,-6.5975252,5.984843,-0.75303932,"glutamyl-tRNA amidotransferase subunit B"
"228","GBP1","202269_x_at",4.65e-36,3.66e-38,16.9,76.1970613,3.23,"guanylate binding protein 1","231577_s_at",0.294,0.0098067,2.81,-4.3937,0.707,"guanylate binding protein 1","231577_s_at",1.31e-06,8.76e-08,7.3687825,7.871831,2.05610138,"guanylate binding protein 1"
"229","GCLM","203925_at",8.31e-07,1.79e-07,5.45,6.1624367,0.963,"glutamate-cysteine ligase modifier subunit","236140_at",0.363,0.0182246,-2.54,-4.97557,-0.62,"glutamate-cysteine ligase modifier subunit","203925_at",0.000732,0.000175,4.3852603,0.313523,0.60186537,"glutamate-cysteine ligase modifier subunit"
"230","GFRA1","230163_at",3.63e-08,6.67e-09,-6.11,9.3724415,-0.838,"GDNF family receptor alpha 1","227550_at",0.245,0.00408752,-3.18,-3.55729,-0.841,"GDNF family receptor alpha 1","205696_s_at",0.000779,0.000189,-4.3567466,0.240276,-0.96639507,"GDNF family receptor alpha 1"
"231","GHR","205498_at",7.42e-09,1.26e-09,-6.43,11.0056691,-0.669,"growth hormone receptor","205498_at",0.264,0.0065015,-2.99,-4.00272,-1.03,"growth hormone receptor","205498_at",0.00352,0.00112,-3.6697039,-1.495726,-0.60238788,"growth hormone receptor"
"232","GIMAP1","1552318_at",3.06e-06,7.08e-07,-5.15,4.8300484,-0.603,"GTPase, IMAP family member 1","236583_at",0.177,0.00086039,-3.82,-2.03822,-0.899,"GTPase, IMAP family member 1","1552316_a_at",3.64e-06,3.16e-07,6.8419913,6.590496,1.15348595,"GTPase, IMAP family member 1"
"233","GJB2","223278_at",1.31e-52,1.15e-55,23.7,116.2494531,1.86,"gap junction protein beta 2","223278_at",0.293,0.00950769,2.83,-4.36437,1.14,"gap junction protein beta 2","223278_at",0.0053,0.00181,3.4806302,-1.959189,0.8615149,"gap junction protein beta 2"
"234","GLDC","204836_at",2.17e-10,3.1e-11,-7.11,14.6413499,-2.71,"glycine decarboxylase","204836_at",0.49,0.04499497,-2.12,-5.80227,-1.74,"glycine decarboxylase","204836_at",0.0455,0.0226,2.4257139,-4.337911,1.11225884,"glycine decarboxylase"
"235","GLRB","205280_at",2.44e-13,2.5e-14,-8.34,21.6671245,-1.44,"glycine receptor beta","205280_at",0.264,0.00652312,-2.99,-4.00589,-1.16,"glycine receptor beta","205279_s_at",0.0356,0.0169,-2.5543784,-4.072304,-0.71722833,"glycine receptor beta"
"236","GMFB","202543_s_at",1.45e-29,2.34e-31,14.5,60.6044862,2.44,"glia maturation factor beta","202543_s_at",0.444,0.03360122,2.26,-5.53862,0.728,"glia maturation factor beta","202543_s_at",1.68e-07,6.45e-09,8.4900547,10.480196,0.99644741,"glia maturation factor beta"
"237","GOLGA2P10","223326_s_at",4.09e-08,7.57e-09,6.09,9.2492005,0.712,"golgin A2 pseudogene 10","223326_s_at",0.423,0.02893654,2.33,-5.4023,0.656,"golgin A2 pseudogene 10","223326_s_at",0.00074,0.000178,-4.3801015,0.300266,-0.89679714,"golgin A2 pseudogene 10"
"238","GOSR2","210009_s_at",8.36e-18,5.16e-19,10.1,32.3512425,1.99,"golgi SNAP receptor complex member 2","243880_at",0.243,0.00388927,-3.2,-3.50935,-1.36,"golgi SNAP receptor complex member 2","210009_s_at",3.22e-07,1.47e-08,8.1266272,9.653203,1.08915704,"golgi SNAP receptor complex member 2"
"239","GPC6","227059_at",9.69e-20,4.86e-21,-10.8,36.9819465,-2,"glypican 6","223730_at",0.329,0.01364108,-2.67,-4.70483,-0.858,"glypican 6","227059_at",1.84e-07,7.23e-09,8.4388955,10.364869,2.59007336,"glypican 6"
"240","GPD1L","212510_at",9.42e-32,1.18e-33,-15.3,65.8682068,-0.864,"glycerol-3-phosphate dehydrogenase 1-like","212510_at",0.195,0.00123381,-3.67,-2.39229,-0.719,"glycerol-3-phosphate dehydrogenase 1-like","212510_at",7.78e-06,7.88e-07,-6.474311,5.677135,-0.76865177,"glycerol-3-phosphate dehydrogenase 1-like"
"241","GPLD1","206265_s_at",1.78e-24,5.32e-26,12.6,48.332984,2.76,"glycosylphosphatidylinositol specific phospholipase D1","215554_at",0.422,0.02872204,-2.33,-5.39549,-1.14,"glycosylphosphatidylinositol specific phospholipase D1","206265_s_at",0.000275,5.58e-05,-4.8220089,1.441344,-1.44988424,"glycosylphosphatidylinositol specific phospholipase D1"
"242","GPR171","207651_at",2.75e-09,4.46e-10,6.63,12.0236506,1.55,"G protein-coupled receptor 171","207651_at",0.139,0.0003135,4.22,-1.0399,1.32,"G protein-coupled receptor 171","207651_at",0.000434,9.52e-05,4.6181597,0.913851,0.76711769,"G protein-coupled receptor 171"
"243","GPR183","205419_at",2.32e-20,1.09e-21,11,38.4680056,1.88,"G protein-coupled receptor 183","205419_at",0.207,0.00182063,3.52,-2.7728,1.68,"G protein-coupled receptor 183","205419_at",5.39e-09,6.32e-11,10.6804826,15.085676,1.2454184,"G protein-coupled receptor 183"
"244","GPR68","229055_at",2.96e-44,9.19e-47,20.2,95.8929903,2.4,"G protein-coupled receptor 68","229055_at",0.139,0.00030339,4.24,-1.00735,1.26,"G protein-coupled receptor 68","229055_at",0.000109,1.87e-05,5.2386557,2.520952,0.98909099,"G protein-coupled receptor 68"
"245","GPRASP1","204793_at",1.81e-13,1.83e-14,-8.39,21.9764005,-1.51,"G protein-coupled receptor associated sorting protein 1","204793_at",0.25,0.00452319,-3.14,-3.65482,-1.27,"G protein-coupled receptor associated sorting protein 1","204793_at",0.00272,0.000827,-3.7879648,-1.202038,-0.63994402,"G protein-coupled receptor associated sorting protein 1"
"246","GPSM2","233058_at",3.75e-05,9.94e-06,4.56,2.2805617,0.809,"G-protein signaling modulator 2","205240_at",0.264,0.00654352,2.99,-4.00887,0.72,"G-protein signaling modulator 2","233058_at",0.000253,5.04e-05,-4.8604325,1.540891,-0.58862468,"G-protein signaling modulator 2"
"247","GPSM3","204265_s_at",1.43e-07,2.82e-08,5.83,7.9644015,0.734,"G-protein signaling modulator 3","204265_s_at",0.335,0.01457259,2.64,-4.76677,1.13,"G-protein signaling modulator 3","204265_s_at",2.64e-09,2.19e-11,11.2265676,16.136065,1.55734956,"G-protein signaling modulator 3"
"248","GRHL3","232116_at",1.69e-36,1.26e-38,17.1,77.2594812,2.56,"grainyhead like transcription factor 3","232116_at",0.39,0.02256863,2.44,-5.17378,1.18,"grainyhead like transcription factor 3","232116_at",1.88e-05,2.3e-06,-6.0501436,4.606462,-1.40007308,"grainyhead like transcription factor 3"
"249","GSDMC","234305_s_at",4.71e-17,3.19e-18,9.8,30.5463366,1.02,"gasdermin C","234305_s_at",0.264,0.00646699,2.99,-3.99763,1.05,"gasdermin C","234305_s_at",0.00415,0.00136,-3.5943981,-1.681273,-0.9443651,"gasdermin C"
"250","GSPT2","205541_s_at",1.63e-06,3.64e-07,-5.3,5.4758886,-0.961,"G1 to S phase transition 2","205541_s_at",0.232,0.00295633,-3.32,-3.24417,-0.638,"G1 to S phase transition 2","205541_s_at",2.45e-05,3.14e-06,5.9284969,4.296492,0.72896677,"G1 to S phase transition 2"
"251","GSTO2","229155_at",1.11e-12,1.22e-13,-8.08,20.1030069,-0.908,"glutathione S-transferase omega 2","229155_at",0.32,0.01263222,-2.7,-4.63264,-0.648,"glutathione S-transferase omega 2","227163_at",1.13e-06,7.26e-08,-7.4473073,8.059891,-1.54501245,"glutathione S-transferase omega 2"
"252","GUSBP1","226947_at",5.23e-11,6.93e-12,7.38,16.1169702,0.825,"glucuronidase, beta pseudogene 1///glucuronidase, beta pseudogene 4","235888_at",0.441,0.03287388,-2.27,-5.51871,-0.897,"glucuronidase, beta pseudogene 1///glucuronidase, beta pseudogene 4","235888_at",0.002,0.000575,-3.9284166,-0.84999,-0.60801329,"glucuronidase, beta pseudogene 1///glucuronidase, beta pseudogene 4"
"253","GXYLT2","235733_at",3.25e-07,6.69e-08,-5.65,7.1222272,-1.43,"glucoside xylosyltransferase 2","235733_at",0.331,0.01409742,-2.65,-4.7357,-0.722,"glucoside xylosyltransferase 2","235733_at",2.81e-05,3.72e-06,5.8626323,4.128185,1.41212426,"glucoside xylosyltransferase 2"
"254","GZMA","205488_at",7.07e-19,3.92e-20,10.5,34.908654,2.68,"granzyme A","205488_at",0.475,0.04127027,2.16,-5.72464,1.34,"granzyme A","205488_at",7.67e-10,3.32e-12,12.2449076,17.998074,1.86656829,"granzyme A"
"255","GZMB","210164_at",5.48e-58,2.61e-61,26.2,129.1372838,5.92,"granzyme B","210164_at",0.264,0.00647747,2.99,-3.99918,2.25,"granzyme B","210164_at",1.09e-09,6.19e-12,11.9021359,17.384977,3.56533589,"granzyme B"
"256","H2AFJ","228213_at",2.76e-17,1.82e-18,-9.89,31.102,-0.785,"H2A histone family member J","228213_at",0.135,0.00022958,-4.35,-0.73015,-0.662,"H2A histone family member J","220936_s_at",3.05e-07,1.38e-08,-8.1568872,9.722745,-1.04721767,"H2A histone family member J"
"257","H2AFX","213344_s_at",3.71e-32,4.39e-34,15.4,66.8509721,1.58,"H2A histone family member X","205436_s_at",0.184,0.00092855,3.79,-2.11322,0.705,"H2A histone family member X","213344_s_at",0.00185,0.000526,3.9635018,-0.761554,0.664048,"H2A histone family member X"
"258","HAL","217521_at",2.28e-23,7.57e-25,12.2,45.6926871,2.11,"histidine ammonia-lyase","206643_at",0.388,0.02231655,2.45,-5.16341,1.39,"histidine ammonia-lyase","206643_at",0.0109,0.00417,-3.1452092,-2.758825,-0.65022145,"histidine ammonia-lyase"
"259","HCK","208018_s_at",5.37e-10,8.05e-11,6.94,13.704585,0.791,"HCK proto-oncogene, Src family tyrosine kinase","208018_s_at",0.191,0.00112043,3.71,-2.29775,1.14,"HCK proto-oncogene, Src family tyrosine kinase","208018_s_at",1.76e-08,3.3e-10,9.864654,13.445331,1.83866461,"HCK proto-oncogene, Src family tyrosine kinase"
"260","HCLS1","202957_at",3.61e-10,5.3e-11,7.02,14.1147464,0.815,"hematopoietic cell-specific Lyn substrate 1","202957_at",0.389,0.02242498,2.44,-5.16789,0.793,"hematopoietic cell-specific Lyn substrate 1","202957_at",9.59e-10,5.06e-12,12.0126488,17.584129,1.54354246,"hematopoietic cell-specific Lyn substrate 1"
"261","HEATR3","1554478_a_at",2.76e-19,1.46e-20,10.6,35.8923803,1.58,"HEAT repeat containing 3","1554478_a_at",0.473,0.04101593,2.16,-5.71907,0.886,"HEAT repeat containing 3","1554478_a_at",0.00271,0.000825,3.7886473,-1.200336,0.97404603,"HEAT repeat containing 3"
"262","HELLS","223556_at",2.83e-28,5.41e-30,14,57.4788526,2.45,"helicase, lymphoid-specific","220085_at",0.488,0.04459538,2.12,-5.79427,1.07,"helicase, lymphoid-specific","220085_at",0.0104,0.00395,-3.1678091,-2.705991,-0.66043593,"helicase, lymphoid-specific"
"263","HERC6","219352_at",6.97e-47,1.54e-49,21.2,102.2433456,4.04,"HECT and RLD domain containing E3 ubiquitin protein ligase family member 6","219352_at",0.407,0.02591189,2.38,-5.30106,1.37,"HECT and RLD domain containing E3 ubiquitin protein ligase family member 6","219352_at",0.0105,0.00402,3.1605023,-2.723091,0.62336585,"HECT and RLD domain containing E3 ubiquitin protein ligase family member 6"
"264","HEY2","219743_at",6.55e-06,1.58e-06,-4.98,4.0551083,-0.938,"hes related family bHLH transcription factor with YRPW motif 2","219743_at",0.503,0.04870147,-2.08,-5.87308,-0.709,"hes related family bHLH transcription factor with YRPW motif 2","222921_s_at",0.000261,5.23e-05,4.8467967,1.505561,0.92663363,"hes related family bHLH transcription factor with YRPW motif 2"
"265","HIF3A","222123_s_at",4.55e-10,6.75e-11,-6.97,13.8773401,-1.1,"hypoxia inducible factor 3 alpha subunit","219319_at",0.475,0.04144295,-2.16,-5.7284,-0.631,"hypoxia inducible factor 3 alpha subunit","222123_s_at",5.5e-05,8.25e-06,-5.5540453,3.335782,-0.89779774,"hypoxia inducible factor 3 alpha subunit"
"266","HLA-DOB","205671_s_at",2.7e-08,4.9e-09,6.17,9.674474,1.03,"major histocompatibility complex, class II, DO beta","205671_s_at",0.27,0.00707241,2.95,-4.08307,0.886,"major histocompatibility complex, class II, DO beta","205671_s_at",6.13e-10,2.35e-12,12.4374994,18.336659,1.78469148,"major histocompatibility complex, class II, DO beta"
"267","HLA-DPA1","213537_at",0.00412,0.00147,3.23,-2.4528491,0.882,"major histocompatibility complex, class II, DP alpha 1","213537_at",0.379,0.02079865,2.48,-5.09823,0.915,"major histocompatibility complex, class II, DP alpha 1","213537_at",4.14e-05,5.89e-06,5.6846929,3.671978,1.04000725,"major histocompatibility complex, class II, DP alpha 1"
"268","HLF","204754_at",1.75e-14,1.57e-15,-8.8,24.4078461,-1.02,"HLF, PAR bZIP transcription factor","204754_at",0.326,0.01338124,-2.68,-4.68677,-0.636,"HLF, PAR bZIP transcription factor","204753_s_at",1.41e-07,5.15e-09,-8.590292,10.705123,-1.51253483,"HLF, PAR bZIP transcription factor"
"269","HOMER2","217080_s_at",3.18e-07,6.54e-08,5.65,7.1451734,0.694,"homer scaffolding protein 2","1556097_at",0.44,0.03254555,-2.27,-5.50958,-0.613,"homer scaffolding protein 2","217080_s_at",4.66e-06,4.24e-07,-6.7227476,6.295904,-1.18155596,"homer scaffolding protein 2"
"270","HS3ST3A1","219985_at",5.38e-34,5.22e-36,16.1,71.2612788,2.7,"heparan sulfate-glucosamine 3-sulfotransferase 3A1","219985_at",0.27,0.00705567,2.95,-4.08081,0.915,"heparan sulfate-glucosamine 3-sulfotransferase 3A1","219985_at",1.57e-07,5.95e-09,8.5258594,10.560697,1.74766983,"heparan sulfate-glucosamine 3-sulfotransferase 3A1"
"271","HS3ST3B1","227361_at",3.46e-18,2.05e-19,10.2,33.2668571,1.42,"heparan sulfate-glucosamine 3-sulfotransferase 3B1","227361_at",0.345,0.01564218,2.61,-4.83306,0.663,"heparan sulfate-glucosamine 3-sulfotransferase 3B1","227361_at",3.8e-06,3.32e-07,6.8214727,6.539919,1.24526824,"heparan sulfate-glucosamine 3-sulfotransferase 3B1"
"272","HSD11B1","205404_at",7.29e-25,2.08e-26,-12.7,49.2682106,-4.64,"hydroxysteroid 11-beta dehydrogenase 1","205404_at",0.135,0.00018272,-4.44,-0.50268,-3.29,"hydroxysteroid 11-beta dehydrogenase 1","205404_at",0.0199,0.00853,-2.8495016,-3.43376,-0.72834869,"hydroxysteroid 11-beta dehydrogenase 1"
"273","HSPB2-C11orf52","238805_at",9.03e-32,1.13e-33,-15.3,65.9122263,-2.47,"HSPB2-C11orf52 readthrough (NMD candidate)///chromosome 11 open reading frame 52///heat shock protein family B (small) member 2","238805_at",0.267,0.00682913,-2.97,-4.04967,-0.919,"HSPB2-C11orf52 readthrough (NMD candidate)///chromosome 11 open reading frame 52///heat shock protein family B (small) member 2","238805_at",9.9e-05,1.67e-05,-5.282818,2.635259,-1.43267891,"HSPB2-C11orf52 readthrough (NMD candidate)///chromosome 11 open reading frame 52///heat shock protein family B (small) member 2"
"274","ICAM1","202638_s_at",3.08e-06,7.14e-07,5.15,4.8222868,0.885,"intercellular adhesion molecule 1","202637_s_at",0.394,0.02322273,2.43,-5.20016,0.774,"intercellular adhesion molecule 1","202637_s_at",3.58e-07,1.69e-08,8.0675273,9.517026,1.73991393,"intercellular adhesion molecule 1"
"275","ID4","209291_at",1.75e-41,7.03e-44,-19,89.2914907,-0.854,"inhibitor of DNA binding 4, HLH protein","209291_at",0.263,0.00616932,-3.01,-3.95258,-0.762,"inhibitor of DNA binding 4, HLH protein","209291_at",1.96e-06,1.46e-07,-7.1585917,7.364624,-0.88169458,"inhibitor of DNA binding 4, HLH protein"
"276","IFI27","202411_at",1.93e-35,1.62e-37,16.7,74.719216,2.21,"interferon alpha inducible protein 27","202411_at",0.416,0.02777552,2.35,-5.3648,1.2,"interferon alpha inducible protein 27","202411_at",0.000372,7.93e-05,4.687783,1.093859,1.12703023,"interferon alpha inducible protein 27"
"277","IFI30","201422_at",7.98e-17,5.57e-18,9.71,29.9933642,0.862,"IFI30, lysosomal thiol reductase///phosphoinositide-3-kinase regulatory subunit 2","201422_at",0.395,0.02332089,2.43,-5.20405,0.912,"IFI30, lysosomal thiol reductase///phosphoinositide-3-kinase regulatory subunit 2","201422_at",1.21e-09,7.22e-12,11.8184859,17.233285,1.52853802,"IFI30, lysosomal thiol reductase///phosphoinositide-3-kinase regulatory subunit 2"
"278","IFI35","209417_s_at",5.09e-08,9.53e-09,6.04,9.0241318,1.22,"interferon induced protein 35","209417_s_at",0.456,0.03684273,2.21,-5.62218,0.926,"interferon induced protein 35","209417_s_at",3.03e-08,6.83e-10,9.5170525,12.719726,1.27805091,"interferon induced protein 35"
"279","IFI44","214059_at",6.89e-25,1.95e-26,12.7,49.3292942,2.38,"interferon induced protein 44","214059_at",0.333,0.01440134,2.64,-4.7557,1.54,"interferon induced protein 44","214453_s_at",1.67e-06,1.19e-07,7.2420415,7.566654,0.8564992,"interferon induced protein 44"
"280","IFI6","204415_at",1.38e-35,1.13e-37,16.7,75.0758015,3.56,"interferon alpha inducible protein 6","204415_at",0.357,0.01731599,2.56,-4.92795,1.17,"interferon alpha inducible protein 6","204415_at",2.2e-07,9.06e-09,8.3394975,10.139777,1.42487165,"interferon alpha inducible protein 6"
"281","IGFL1","239430_at",1.91e-44,5.71e-47,20.2,96.3666637,5.54,"IGF like family member 1","239430_at",0.25,0.00460081,3.13,-3.67119,2.85,"IGF like family member 1","239430_at",0.00682,0.00242,3.3642697,-2.240154,2.21663057,"IGF like family member 1"
"282","IKZF1","227346_at",3.28e-08,6e-09,6.13,9.4768725,1.08,"IKAROS family zinc finger 1","220704_at",0.303,0.01062909,2.78,-4.46986,1.22,"IKAROS family zinc finger 1","227344_at",2.69e-07,1.18e-08,8.2224234,9.872932,1.45108721,"IKAROS family zinc finger 1"
"283","IL10RA","204912_at",6.06e-08,1.14e-08,6,8.8458177,0.886,"interleukin 10 receptor subunit alpha","204912_at",0.184,0.00094548,3.78,-2.13098,1.08,"interleukin 10 receptor subunit alpha","204912_at",3.45e-08,8.16e-10,9.4331711,12.542193,1.33793238,"interleukin 10 receptor subunit alpha"
"284","IL15","205992_s_at",1.93e-07,3.86e-08,5.76,7.6594788,0.894,"interleukin 15","205992_s_at",0.384,0.02145552,2.47,-5.12702,0.809,"interleukin 15","217371_s_at",0.000261,5.24e-05,4.8455797,1.502408,0.7757202,"interleukin 15"
"285","IL15RA","207375_s_at",1.24e-09,1.94e-10,6.78,12.8417273,0.856,"interleukin 15 receptor subunit alpha","207375_s_at",0.367,0.0187913,2.52,-5.00405,0.817,"interleukin 15 receptor subunit alpha","207375_s_at",3.74e-05,5.2e-06,5.7328446,3.795636,0.99854009,"interleukin 15 receptor subunit alpha"
"286","IL26","221111_at",7.54e-22,2.97e-23,11.6,42.0451753,1.86,"interleukin 26","221111_at",0.41,0.02649767,2.37,-5.3216,1.64,"interleukin 26","221111_at",3.78e-05,5.28e-06,5.7270132,3.780668,2.09167566,"interleukin 26"
"287","IL2RG","204116_at",1.54e-14,1.36e-15,8.82,24.5440794,1.77,"interleukin 2 receptor subunit gamma","204116_at",0.33,0.01386463,2.66,-4.72008,0.986,"interleukin 2 receptor subunit gamma","204116_at",2.29e-08,4.73e-10,9.69137,13.085632,1.43487146,"interleukin 2 receptor subunit gamma"
"288","IL4R","203233_at",2.96e-32,3.46e-34,15.5,67.0872949,2.41,"interleukin 4 receptor","203233_at",0.14,0.00033355,4.2,-1.10145,1.03,"interleukin 4 receptor","203233_at",5.77e-05,8.77e-06,5.5307845,3.275829,1.15603624,"interleukin 4 receptor"
"289","IL7R","226218_at",4.23e-28,8.22e-30,13.9,57.0620116,2.34,"interleukin 7 receptor","226218_at",0.235,0.00310804,3.3,-3.29264,1.69,"interleukin 7 receptor","205798_at",1.2e-06,7.84e-08,7.4150298,7.982684,2.05839729,"interleukin 7 receptor"
"290","INS-IGF2","202409_at",6.42e-09,1.08e-09,-6.46,11.1540077,-1.29,"INS-IGF2 readthrough///insulin like growth factor 2","202409_at",0.479,0.0420936,-2.15,-5.74242,-1.08,"INS-IGF2 readthrough///insulin like growth factor 2","202409_at",1.35e-06,9.16e-08,7.3504069,7.82771,2.02539261,"INS-IGF2 readthrough///insulin like growth factor 2"
"291","INSR","226450_at",6.56e-21,2.88e-22,-11.3,39.7871393,-0.678,"insulin receptor","226216_at",0.374,0.0200917,-2.49,-5.06618,-0.607,"insulin receptor","226212_s_at",0.00737,0.00265,-3.3281425,-2.326657,-0.71020385,"insulin receptor"
"292","IRF1","238725_at",2.64e-28,5.02e-30,14,57.5523121,2.51,"interferon regulatory factor 1","238725_at",0.423,0.02905246,2.33,-5.40596,1.08,"interferon regulatory factor 1","238725_at",9.72e-07,5.99e-08,7.527715,8.251643,1.9463746,"interferon regulatory factor 1"
"293","IRF7","208436_s_at",5.02e-41,2.14e-43,18.9,88.184805,2.82,"interferon regulatory factor 7","208436_s_at",0.213,0.00225697,3.43,-2.9821,1.33,"interferon regulatory factor 7","208436_s_at",8.34e-06,8.56e-07,6.4411303,5.594003,1.28265631,"interferon regulatory factor 7"
"294","IRF8","204057_at",2.26e-14,2.04e-15,8.76,24.1460128,1.08,"interferon regulatory factor 8","204057_at",0.201,0.00148381,3.6,-2.57296,1.13,"interferon regulatory factor 8","204057_at",2.12e-06,1.62e-07,7.1150684,7.258916,0.98125984,"interferon regulatory factor 8"
"295","IRF9","203882_at",1.02e-33,1.03e-35,16,70.5893772,1.11,"interferon regulatory factor 9","203882_at",0.211,0.00197151,3.48,-2.85044,0.681,"interferon regulatory factor 9","203882_at",0.000119,2.07e-05,5.2007029,2.422679,0.63902585,"interferon regulatory factor 9"
"296","IRS2","209184_s_at",1.15e-23,3.71e-25,-12.3,46.4027152,-1.03,"insulin receptor substrate 2","209185_s_at",0.255,0.0050734,-3.09,-3.76515,-0.653,"insulin receptor substrate 2","209185_s_at",2.23e-06,1.72e-07,-7.0899656,7.197842,-0.68069715,"insulin receptor substrate 2"
"297","ISG15","205483_s_at",7.68e-38,5.02e-40,17.6,80.4653435,4.01,"ISG15 ubiquitin-like modifier","205483_s_at",0.401,0.0243589,2.41,-5.2442,1.1,"ISG15 ubiquitin-like modifier","205483_s_at",7.09e-10,2.96e-12,12.3096825,18.11242,1.83881579,"ISG15 ubiquitin-like modifier"
"298","ISG20","204698_at",7.54e-39,4.33e-41,18,82.9021062,3.24,"interferon stimulated exonuclease gene 20","204698_at",0.293,0.00959584,2.82,-4.37312,0.878,"interferon stimulated exonuclease gene 20","204698_at",9.32e-10,4.69e-12,12.0543341,17.65888,2.76803323,"interferon stimulated exonuclease gene 20"
"299","ISM1","235182_at",1.96e-17,1.27e-18,-9.94,31.4613337,-0.946,"isthmin 1, angiogenesis inhibitor","235182_at",0.437,0.03172511,-2.28,-5.48632,-0.622,"isthmin 1, angiogenesis inhibitor","232888_at",2.25e-06,1.74e-07,-7.0852752,7.186423,-0.94514055,"isthmin 1, angiogenesis inhibitor"
"300","ITGA4","213416_at",4.19e-15,3.51e-16,9.04,25.886595,1.45,"integrin subunit alpha 4","213416_at",0.333,0.01440331,2.64,-4.75582,0.8,"integrin subunit alpha 4","205884_at",1.09e-09,6.15e-12,11.9056005,17.391242,2.63414216,"integrin subunit alpha 4"
"301","ITGA7","209663_s_at",3.91e-10,5.77e-11,-7,14.0319919,-0.762,"integrin subunit alpha 7","216331_at",0.259,0.0057249,-3.04,-3.88102,-0.794,"integrin subunit alpha 7","209663_s_at",0.000173,3.22e-05,5.0315334,1.984347,0.78783549,"integrin subunit alpha 7"
"302","ITGAL","213475_s_at",2.34e-15,1.91e-16,9.14,26.4922271,1.78,"integrin subunit alpha L","213475_s_at",0.273,0.00737369,2.93,-4.12284,0.718,"integrin subunit alpha L","1554240_a_at",2.76e-08,6.06e-10,9.5736128,12.838898,1.72560558,"integrin subunit alpha L"
"303","ITGAM","205786_s_at",0.00372,0.00132,3.27,-2.3512353,0.738,"integrin subunit alpha M","205786_s_at",0.338,0.01487386,2.63,-4.78594,0.873,"integrin subunit alpha M","205786_s_at",0.00112,0.000291,4.1912846,-0.183349,0.77269654,"integrin subunit alpha M"
"304","ITGAX","210184_at",7.96e-08,1.52e-08,5.95,8.5662596,0.745,"integrin subunit alpha X","210184_at",0.196,0.00129985,3.65,-2.44339,0.661,"integrin subunit alpha X","210184_at",1.01e-07,3.33e-09,8.7855127,11.139245,1.76925944,"integrin subunit alpha X"
"305","ITGB2-AS1","229041_s_at",2.62e-07,5.32e-08,5.7,7.3451986,1.15,"ITGB2 antisense RNA 1","229041_s_at",0.341,0.0150847,2.62,-4.79911,0.63,"ITGB2 antisense RNA 1","229041_s_at",4.47e-05,6.44e-06,5.6501651,3.583222,0.76344909,"ITGB2 antisense RNA 1"
"306","ITK","211339_s_at",2.09e-15,1.69e-16,9.16,26.6089172,1.64,"IL2 inducible T-cell kinase","211339_s_at",0.211,0.00200618,3.48,-2.86743,1.57,"IL2 inducible T-cell kinase","211339_s_at",1.74e-06,1.25e-07,7.2222632,7.518849,1.31875206,"IL2 inducible T-cell kinase"
"307","ITPR1","211323_s_at",3.86e-09,6.35e-10,-6.56,11.6757346,-0.969,"inositol 1,4,5-trisphosphate receptor type 1","203710_at",0.412,0.02687105,-2.36,-5.33444,-0.664,"inositol 1,4,5-trisphosphate receptor type 1","216944_s_at",0.000148,2.69e-05,5.1007933,2.163848,0.71128142,"inositol 1,4,5-trisphosphate receptor type 1"
"308","JAK3","227677_at",2.54e-15,2.08e-16,9.13,26.4068267,1.34,"Janus kinase 3","227677_at",0.174,0.00081184,3.84,-1.98104,1.23,"Janus kinase 3","227677_at",2.23e-08,4.55e-10,9.7095671,13.123593,2.0860517,"Janus kinase 3"
"309","JAML","228094_at",2.86e-07,5.83e-08,5.68,7.2563888,0.938,"junction adhesion molecule like","228094_at",0.288,0.00888513,2.85,-4.30016,0.844,"junction adhesion molecule like","228094_at",2.07e-05,2.58e-06,6.0051179,4.491869,0.8921065,"junction adhesion molecule like"
"310","KIAA0101","202503_s_at",1.17e-35,9.46e-38,16.8,75.2519191,2.47,"KIAA0101","202503_s_at",0.392,0.02302241,2.43,-5.19217,1.02,"KIAA0101","202503_s_at",0.00437,0.00144,3.5696458,-1.741992,0.63104461,"KIAA0101"
"311","KIAA0226L","219471_at",2.84e-08,5.17e-09,6.16,9.6231209,0.986,"KIAA0226 like","219471_at",0.211,0.00195307,3.49,-2.84128,0.79,"KIAA0226 like","44790_s_at",1.26e-10,1.94e-13,13.9025478,20.78064,2.45664687,"KIAA0226 like"
"312","KIAA0368","236368_at",3.74e-07,7.76e-08,-5.62,6.9787961,-0.977,"KIAA0368","212427_at",0.277,0.00770314,-2.92,-4.16447,-0.758,"KIAA0368","212427_at",3.41e-06,2.9e-07,-6.8762484,6.674829,-0.85927573,"KIAA0368"
"313","KIAA1217","1554438_at",2.2e-25,5.83e-27,12.9,50.5322269,0.865,"KIAA1217","1554438_at",0.331,0.014005,2.66,-4.72953,0.626,"KIAA1217","232046_at",0.000764,0.000184,-4.3654731,0.262686,-0.81704235,"KIAA1217"
"314","KIAA1462","213316_at",3.32e-10,4.85e-11,-7.03,14.2032178,-0.645,"KIAA1462","231841_s_at",0.465,0.03903055,-2.19,-5.67433,-0.697,"KIAA1462","231841_s_at",1.36e-07,4.87e-09,8.6151239,10.760633,1.4781461,"KIAA1462"
"315","KIAA2022","244370_at",5.48e-10,8.22e-11,-6.94,13.6842513,-1.23,"KIAA2022","244370_at",0.213,0.00220112,-3.44,-2.95772,-1.03,"KIAA2022","244370_at",0.000656,0.000154,-4.4355285,0.442805,-1.02431339,"KIAA2022"
"316","KIF23","204709_s_at",7.82e-28,1.58e-29,13.8,56.4127999,2.19,"kinesin family member 23","204709_s_at",0.195,0.00120869,3.68,-2.37213,1.22,"kinesin family member 23","244427_at",0.000107,1.82e-05,-5.2495397,2.549128,-0.71429809,"kinesin family member 23"
"317","KLB","235708_at",2.73e-07,5.55e-08,-5.69,7.3040942,-1.12,"klotho beta","244276_at",0.212,0.0020757,-3.46,-2.90061,-1.63,"klotho beta","235708_at",0.0299,0.0138,-2.6446216,-3.881189,-0.92434513,"klotho beta"
"318","KLHL31","239398_at",3.31e-09,5.4e-10,-6.59,11.8350022,-1,"kelch like family member 31","239398_at",0.292,0.00940777,-2.83,-4.35436,-0.91,"kelch like family member 31","239398_at",0.000425,9.27e-05,-4.6280293,0.939356,-1.69035449,"kelch like family member 31"
"319","KLHL5","220682_s_at",4.38e-19,2.36e-20,10.6,35.4122054,1.17,"kelch like family member 5","233866_at",0.373,0.01976267,2.5,-5.05086,0.914,"kelch like family member 5","226001_at",8.53e-08,2.66e-09,8.8878751,11.364789,1.2538663,"kelch like family member 5"
"320","KLRC4-KLRK1","205821_at",0.00318,0.00112,3.32,-2.1975856,0.758,"KLRC4-KLRK1 readthrough///killer cell lectin like receptor K1","205821_at",0.305,0.01075629,2.77,-4.4811,0.631,"KLRC4-KLRK1 readthrough///killer cell lectin like receptor K1","205821_at",0.000174,3.24e-05,5.0294942,1.979061,0.7983529,"KLRC4-KLRK1 readthrough///killer cell lectin like receptor K1"
"321","KRT15","204734_at",3.78e-16,2.84e-17,-9.45,28.3797712,-1.14,"keratin 15","204734_at",0.348,0.01624881,-2.59,-4.86861,-0.686,"keratin 15","204734_at",0.006,0.00209,-3.4229173,-2.09898,-0.90669826,"keratin 15"
"322","KRT16","209800_at",8.98e-50,1.27e-52,22.5,109.301356,3.2,"keratin 16","209800_at",0.236,0.00336206,3.26,-3.36866,2,"keratin 16","209800_at",2.56e-06,2.03e-07,7.0211076,7.029924,2.29204841,"keratin 16"
"323","KRT6A","209125_at",2.74e-35,2.32e-37,16.6,74.3578048,1.73,"keratin 6A","209125_at",0.322,0.01288975,2.69,-4.65161,1.03,"keratin 6A","209125_at",2.44e-05,3.13e-06,5.9299684,4.300248,1.36720756,"keratin 6A"
"324","KRT6B","209126_x_at",3.48e-38,2.17e-40,17.7,81.2989788,1.75,"keratin 6B","209126_x_at",0.288,0.00896922,2.85,-4.3091,1.08,"keratin 6B","209126_x_at",0.000216,4.19e-05,4.9312966,1.724536,1.05478823,"keratin 6B"
"325","KRT6C","214580_x_at",5.24e-38,3.36e-40,17.7,80.8626277,1.6,"keratin 6C///keratin 6B///keratin 6A","214580_x_at",0.258,0.00564376,3.05,-3.86734,1.21,"keratin 6C///keratin 6B///keratin 6A","214580_x_at",5.29e-06,4.94e-07,6.6613546,6.143613,1.50793869,"keratin 6C///keratin 6B///keratin 6A"
"326","KRT77","237120_at",4.46e-44,1.42e-46,-20.1,95.4625091,-2.21,"keratin 77","237120_at",0.471,0.04062661,-2.17,-5.71048,-0.986,"keratin 77","237120_at",0.000188,3.54e-05,-4.9953825,1.890644,-2.78535566,"keratin 77"
"327","KYNU","210663_s_at",4.44e-78,3.25e-82,36.6,176.6052097,7.31,"kynureninase","217388_s_at",0.184,0.00097724,3.77,-2.16346,1.67,"kynureninase","204385_at",1.75e-06,1.26e-07,7.2186865,7.510199,2.03339933,"kynureninase"
"328","LAMC3","219407_s_at",2.14e-10,3.05e-11,-7.12,14.658737,-1.42,"laminin subunit gamma 3","219407_s_at",0.47,0.04018973,-2.17,-5.70074,-0.878,"laminin subunit gamma 3","219407_s_at",0.000419,9.14e-05,-4.633487,0.953462,-0.76787441,"laminin subunit gamma 3"
"329","LAMP3","205569_at",5.89e-31,8.07e-33,15,63.9532503,1.69,"lysosomal associated membrane protein 3","205569_at",0.395,0.02339569,2.43,-5.20701,1.3,"lysosomal associated membrane protein 3","205569_at",0.00163,0.000452,4.021497,-0.614979,0.62930613,"lysosomal associated membrane protein 3"
"330","LAT2","221581_s_at",4.63e-15,3.9e-16,9.03,25.7833755,0.638,"linker for activation of T-cells family member 2","221581_s_at",0.261,0.00594877,3.03,-3.91775,0.798,"linker for activation of T-cells family member 2","221581_s_at",1.49e-09,9.77e-12,11.6550023,16.93444,1.69863317,"linker for activation of T-cells family member 2"
"331","LCK","204891_s_at",2.15e-17,1.4e-18,9.93,31.3612845,1.74,"LCK proto-oncogene, Src family tyrosine kinase","204891_s_at",0.159,0.00056617,3.99,-1.6255,1.82,"LCK proto-oncogene, Src family tyrosine kinase","204891_s_at",9.3e-07,5.66e-08,7.5520051,8.309404,1.56014304,"LCK proto-oncogene, Src family tyrosine kinase"
"332","LCP1","208885_at",1.45e-05,3.64e-06,4.79,3.248243,0.625,"lymphocyte cytosolic protein 1","208885_at",0.465,0.03918042,2.18,-5.67779,1.05,"lymphocyte cytosolic protein 1","208885_at",0.000121,2.11e-05,5.193417,2.40381,0.6123466,"lymphocyte cytosolic protein 1"
"333","LCP2","205269_at",2.62e-12,3e-13,7.92,19.2134707,1.27,"lymphocyte cytosolic protein 2","205269_at",0.277,0.00770866,2.92,-4.16515,1.13,"lymphocyte cytosolic protein 2","205269_at",3.42e-09,3.24e-11,11.0225513,15.748002,1.76111242,"lymphocyte cytosolic protein 2"
"334","LGALS2","208450_at",1.22e-08,2.11e-09,6.33,10.4971343,1.52,"galectin 2","208450_at",0.435,0.03124586,2.29,-5.47244,1.12,"galectin 2","208450_at",0.00138,0.000371,4.0980506,-0.420803,1.03739744,"galectin 2"
"335","LIFR","205876_at",1.22e-27,2.53e-29,-13.7,55.9447959,-1.03,"leukemia inhibitory factor receptor alpha","225575_at",0.32,0.01254082,-2.7,-4.6258,-0.709,"leukemia inhibitory factor receptor alpha","225575_at",0.00422,0.00139,-3.5857922,-1.702399,-0.79308015,"leukemia inhibitory factor receptor alpha"
"336","LINC00518","244829_at",2.58e-20,1.21e-21,11,38.3596918,1.96,"long intergenic non-protein coding RNA 518","244829_at",0.302,0.01048845,2.78,-4.45728,1.34,"long intergenic non-protein coding RNA 518","244829_at",0.00077,0.000186,-4.3614536,0.252363,-0.95642323,"long intergenic non-protein coding RNA 518"
"337","LINC00899","232088_x_at",8.05e-06,1.96e-06,-4.93,3.8438399,-0.809,"long intergenic non-protein coding RNA 899","232088_x_at",0.267,0.00680146,-2.97,-4.04579,-0.818,"long intergenic non-protein coding RNA 899","1556304_s_at",0.000378,8.09e-05,-4.6802242,1.074307,-0.58837683,"long intergenic non-protein coding RNA 899"
"338","LINC00938","242523_at",6.67e-12,7.96e-13,-7.76,18.2502264,-0.827,"long intergenic non-protein coding RNA 938","242523_at",0.241,0.00357102,-3.24,-3.42694,-0.959,"long intergenic non-protein coding RNA 938","242523_at",6.22e-07,3.44e-08,-7.762818,8.807489,-0.81555517,"long intergenic non-protein coding RNA 938"
"339","LMO4","241922_at",7.13e-17,4.94e-18,-9.73,30.1122002,-1.23,"LIM domain only 4","241922_at",0.135,0.00013417,-4.56,-0.19447,-0.865,"LIM domain only 4","241922_at",0.00232,0.000686,-3.8603223,-1.021081,-0.67585323,"LIM domain only 4"
"340","LOC100507258","231270_at",2.01e-20,9.33e-22,-11.1,38.6213291,-1.27,"uncharacterized LOC100507258///carbonic anhydrase 13","231270_at",0.277,0.00771222,-2.92,-4.16559,-0.596,"uncharacterized LOC100507258///carbonic anhydrase 13","235899_at",1.64e-05,1.94e-06,-6.1174811,4.777526,-1.26620698,"uncharacterized LOC100507258///carbonic anhydrase 13"
"341","LOC100507577","223098_s_at",6.47e-17,4.46e-18,9.74,30.2139658,1.05,"uncharacterized LOC100507577///lon peptidase 2, peroxisomal","221834_at",0.392,0.0230158,-2.43,-5.1919,-0.678,"uncharacterized LOC100507577///lon peptidase 2, peroxisomal","221833_at",8.62e-09,1.27e-10,-10.3311987,14.394002,-1.21220682,"uncharacterized LOC100507577///lon peptidase 2, peroxisomal///siah E3 ubiquitin protein ligase 1"
"342","LOC101926951","232054_at",3.61e-11,4.69e-12,-7.45,16.5017796,-1.17,"uncharacterized LOC101926951///protocadherin 20","232054_at",0.482,0.04286742,-2.14,-5.75879,-1.19,"uncharacterized LOC101926951///protocadherin 20","232054_at",0.0114,0.00442,-3.1214004,-2.814306,-1.28788115,"uncharacterized LOC101926951///protocadherin 20"
"343","LOC101927382","244524_at",0.000213,6.24e-05,-4.11,0.5235724,-1.23,"uncharacterized LOC101927382///PAX8 antisense RNA 1","244524_at",0.463,0.03864292,-2.19,-5.66532,-0.855,"uncharacterized LOC101927382///PAX8 antisense RNA 1","244524_at",1.4e-06,9.59e-08,-7.3313631,7.781939,-1.75623154,"uncharacterized LOC101927382///PAX8 antisense RNA 1"
"344","LOC101927391","244116_at",9.5e-08,1.83e-08,-5.91,8.385922,-1.02,"uncharacterized LOC101927391","244116_at",0.48,0.04239825,-2.15,-5.7489,-0.793,"uncharacterized LOC101927391","244116_at",8.92e-07,5.39e-08,-7.572216,8.357408,-1.48970267,"uncharacterized LOC101927391"
"345","LOC101927402","238559_at",3.57e-30,5.36e-32,14.7,62.0701718,1.4,"uncharacterized LOC101927402","238559_at",0.193,0.00113271,3.71,-2.30844,1.17,"uncharacterized LOC101927402","238559_at",0.000749,0.00018,4.3742171,0.285147,0.7937017,"uncharacterized LOC101927402"
"346","LOC101928195","225520_at",1e-11,1.22e-12,7.68,17.8275424,1.18,"methylenetetrahydrofolate dehydrogenase (NADP+ dependent) 1-like pseudogene///monofunctional C1-tetrahydrofolate synthase, mitochondrial-like///methylenetetrahydrofolate dehydrogenase (NADP+ dependent) 1-like","225520_at",0.461,0.03811367,2.2,-5.65286,0.595,"methylenetetrahydrofolate dehydrogenase (NADP+ dependent) 1-like pseudogene///monofunctional C1-tetrahydrofolate synthase, mitochondrial-like///methylenetetrahydrofolate dehydrogenase (NADP+ dependent) 1-like","231094_s_at",1.34e-06,9.03e-08,7.3560855,7.841349,1.22432079,"methylenetetrahydrofolate dehydrogenase (NADP+ dependent) 1-like pseudogene///monofunctional C1-tetrahydrofolate synthase, mitochondrial-like///methylenetetrahydrofolate dehydrogenase (NADP+ dependent) 1-like"
"347","LOC101928589","223201_s_at",1.04e-09,1.61e-10,-6.81,13.0247804,-0.59,"uncharacterized LOC101928589///transmembrane protein 164","223202_s_at",0.255,0.00511154,-3.09,-3.77234,-0.788,"uncharacterized LOC101928589///transmembrane protein 164","223201_s_at",9.82e-05,1.65e-05,-5.2871147,2.646377,-0.65034275,"uncharacterized LOC101928589///transmembrane protein 164"
"348","LOC101930114","237154_at",1.32e-06,2.93e-07,-5.34,5.6871613,-1.01,"uncharacterized LOC101930114","237154_at",0.242,0.00378749,-3.21,-3.48376,-1.96,"uncharacterized LOC101930114","237154_at",0.00326,0.00102,3.7057765,-1.406431,1.00771076,"uncharacterized LOC101930114"
"349","LOC101930349","225817_at",6.59e-23,2.29e-24,-12,44.5921368,-1.67,"uncharacterized LOC101930349///uncharacterized LOC101930344///cingulin like 1","225817_at",0.373,0.0199675,-2.5,-5.06043,-0.96,"uncharacterized LOC101930349///uncharacterized LOC101930344///cingulin like 1","225817_at",1.23e-05,1.38e-06,-6.2517202,5.117364,-1.17317626,"uncharacterized LOC101930349///uncharacterized LOC101930344///cingulin like 1"
"350","LOC101930400","211653_x_at",4.11e-10,6.06e-11,-6.99,13.9826992,-0.595,"aldo-keto reductase family 1 member C2-like///aldo-keto reductase family 1, member C2","209699_x_at",0.377,0.02050527,-2.49,-5.08507,-0.72,"aldo-keto reductase family 1 member C2-like///aldo-keto reductase family 1, member C2","1555854_at",0.000742,0.000178,-4.3785765,0.296348,-1.21406422,"aldo-keto reductase family 1 member C2-like///aldo-keto reductase family 1, member C2///aldo-keto reductase family 1 member C1"
"351","LOC101930404","213447_at",1.47e-07,2.91e-08,-5.82,7.935757,-0.599,"uncharacterized LOC101930404///small nucleolar RNA, C/D box 116-28///small nucleolar RNA, C/D box 115-26///small nucleolar RNA, C/D box 115-13///small nucleolar RNA, C/D box 115-7///small nucleolar RNA, C/D box 116-22///small nucleolar RNA, C/D box 116-4///Prader Willi/Angelman region RNA, SNRPN neighbor///small nucleolar RNA, C/D box 107///small nuclear ribonucleoprotein polypeptide N///imprinted in Prader-Willi syndrome (non-protein coding)","221974_at",0.437,0.03166243,-2.29,-5.48452,-0.651,"uncharacterized LOC101930404///small nucleolar RNA, C/D box 116-28///small nucleolar RNA, C/D box 115-26///small nucleolar RNA, C/D box 115-13///small nucleolar RNA, C/D box 115-7///small nucleolar RNA, C/D box 116-22///small nucleolar RNA, C/D box 116-4///Prader Willi/Angelman region RNA, SNRPN neighbor///small nucleolar RNA, C/D box 107///small nuclear ribonucleoprotein polypeptide N///imprinted in Prader-Willi syndrome (non-protein coding)","228370_at",1.17e-05,1.29e-06,-6.279832,5.188324,-0.72619465,"uncharacterized LOC101930404///small nucleolar RNA, C/D box 116-28///small nucleolar RNA, C/D box 115-26///small nucleolar RNA, C/D box 115-13///small nucleolar RNA, C/D box 115-7///small nucleolar RNA, C/D box 116-22///small nucleolar RNA, C/D box 116-4///Prader Willi/Angelman region RNA, SNRPN neighbor///small nucleolar RNA, C/D box 107///imprinted in Prader-Willi syndrome (non-protein coding)"
"352","LOC101930416","212390_at",4.85e-12,5.71e-13,-7.81,18.5784663,-0.874,"myomegalin-like///uncharacterized LOC101929792///phosphodiesterase 4D interacting protein-like///phosphodiesterase 4D interacting protein","213388_at",0.26,0.0058771,-3.03,-3.90615,-0.696,"myomegalin-like///uncharacterized LOC101929792///phosphodiesterase 4D interacting protein-like///phosphodiesterase 4D interacting protein","214099_s_at",5.52e-05,8.3e-06,5.5516546,3.329621,0.8774899,"myomegalin-like///uncharacterized LOC101929792///phosphodiesterase 4D interacting protein-like///phosphodiesterase 4D interacting protein"
"353","LOC102725383","232047_at",6.63e-07,1.41e-07,-5.5,6.3937192,-0.869,"uncharacterized LOC102725383","232047_at",0.483,0.04314733,-2.14,-5.76464,-0.804,"uncharacterized LOC102725383","232047_at",2.48e-06,1.96e-07,-7.0369135,7.068519,-1.30959396,"uncharacterized LOC102725383"
"354","LOC145783","229013_at",0.000561,0.000175,-3.84,-0.4548309,-0.729,"uncharacterized LOC145783///zinc finger protein 280D","229013_at",0.398,0.0238924,-2.42,-5.22638,-0.645,"uncharacterized LOC145783///zinc finger protein 280D","1568951_at",1.74e-05,2.09e-06,6.0883711,4.703622,0.80044032,"uncharacterized LOC145783///zinc finger protein 280D"
"355","LOC286272","232182_at",1.5e-12,1.67e-13,-8.02,19.7935584,-1.01,"uncharacterized LOC286272","232182_at",0.5,0.04809115,-2.09,-5.86182,-0.783,"uncharacterized LOC286272","238536_at",0.00566,0.00195,-3.4503612,-2.03261,-0.71899536,"uncharacterized LOC286272"
"356","LOC730102","241607_at",3.75e-19,2e-20,-10.6,35.5770172,-1.39,"quinone oxidoreductase-like protein 2 pseudogene","241607_at",0.356,0.01701935,-2.57,-4.91184,-0.754,"quinone oxidoreductase-like protein 2 pseudogene","241607_at",4.56e-06,4.14e-07,-6.7327063,6.320568,-0.82233958,"quinone oxidoreductase-like protein 2 pseudogene"
"357","LONRF2","225996_at",4.95e-19,2.69e-20,-10.5,35.2816753,-1.61,"LON peptidase N-terminal domain and ring finger 2","225996_at",0.481,0.04270983,-2.14,-5.75548,-1.22,"LON peptidase N-terminal domain and ring finger 2","235977_at",0.00174,0.000489,-3.9914755,-0.690914,-1.10554782,"LON peptidase N-terminal domain and ring finger 2"
"358","LRP8","205282_at",2.01e-47,4.12e-50,21.5,103.5542913,3.58,"LDL receptor related protein 8","205282_at",0.429,0.03002957,2.31,-5.4362,0.823,"LDL receptor related protein 8","205282_at",0.000351,7.42e-05,4.7129928,1.159083,0.77016619,"LDL receptor related protein 8"
"359","LRRC37A3","229962_at",6.03e-09,1.01e-09,-6.47,11.2186236,-0.905,"leucine rich repeat containing 37 member A3","206088_at",0.406,0.02565752,2.38,-5.292,1.43,"leucine rich repeat containing 37 member A3","206088_at",1.87e-05,2.28e-06,-6.0546418,4.617901,-1.60185996,"leucine rich repeat containing 37 member A3"
"360","LRRFIP1","215375_x_at",1.24e-08,2.15e-09,-6.33,10.4790211,-0.744,"LRR binding FLII interacting protein 1","215375_x_at",0.402,0.02483214,2.4,-5.26192,0.611,"LRR binding FLII interacting protein 1","238534_at",0.00671,0.00238,-3.3720634,-2.221446,-0.60555833,"LRR binding FLII interacting protein 1"
"361","LSS","211018_at",1.94e-12,2.18e-13,-7.98,19.5288337,-1.36,"lanosterol synthase (2,3-oxidosqualene-lanosterol cyclase)","211018_at",0.384,0.02147047,-2.46,-5.12767,-0.669,"lanosterol synthase (2,3-oxidosqualene-lanosterol cyclase)","211018_at",2.47e-06,1.95e-07,-7.0388212,7.073175,-0.88232134,"lanosterol synthase (2,3-oxidosqualene-lanosterol cyclase)"
"362","LTB4R","216388_s_at",6.01e-21,2.62e-22,11.3,39.8815485,1.56,"leukotriene B4 receptor","236172_at",0.202,0.00151427,3.59,-2.59284,0.787,"leukotriene B4 receptor","210128_s_at",0.0294,0.0135,-2.6537421,-3.861663,-0.64939727,"leukotriene B4 receptor"
"363","LY6D","206276_at",6.65e-17,4.59e-18,9.74,30.1850387,0.731,"lymphocyte antigen 6 complex, locus D","206276_at",0.448,0.03512676,2.24,-5.57895,1.03,"lymphocyte antigen 6 complex, locus D","206276_at",0.00358,0.00114,-3.6625954,-1.513292,-0.76955549,"lymphocyte antigen 6 complex, locus D"
"364","LYN","202626_s_at",6.03e-38,3.9e-40,17.6,80.715084,2.51,"LYN proto-oncogene, Src family tyrosine kinase","202626_s_at",0.195,0.00122424,3.68,-2.38466,1.11,"LYN proto-oncogene, Src family tyrosine kinase","202626_s_at",2.73e-08,5.94e-10,9.5826742,12.857951,1.65800618,"LYN proto-oncogene, Src family tyrosine kinase"
"365","LYRM9","213195_at",1.79e-27,3.75e-29,-13.7,55.5512302,-1.12,"LYR motif containing 9","213195_at",0.385,0.02184433,-2.46,-5.14364,-0.619,"LYR motif containing 9","1560703_at",0.000544,0.000123,-4.5189301,0.657679,-0.94824848,"LYR motif containing 9"
"366","LYZ","1555745_a_at",7.15e-08,1.36e-08,5.97,8.6754705,2.07,"lysozyme","213975_s_at",0.367,0.01879162,2.52,-5.00407,1.29,"lysozyme","1555745_a_at",5.7e-06,5.4e-07,6.6255449,6.054594,2.35344604,"lysozyme"
"367","MACF1","232168_x_at",9.97e-14,9.76e-15,-8.5,22.5971421,-1.24,"microtubule-actin crosslinking factor 1","1553407_at",0.25,0.00458216,3.14,-3.66728,0.702,"microtubule-actin crosslinking factor 1","214894_x_at",3.44e-06,2.94e-07,-6.8715378,6.66324,-0.69117489,"microtubule-actin crosslinking factor 1"
"368","MACROD2","1563209_a_at",1.83e-06,4.12e-07,-5.27,5.3553141,-0.6,"MACRO domain containing 2","235278_at",0.294,0.00976789,-2.81,-4.38995,-1.02,"MACRO domain containing 2","1553564_at",1.63e-05,1.93e-06,-6.1188306,4.780951,-0.97251637,"MACRO domain containing 2"
"369","MAF","1566323_at",0.000379,0.000115,-3.95,-0.0594033,-0.677,"MAF bZIP transcription factor","206363_at",0.395,0.02355949,2.42,-5.21344,0.762,"MAF bZIP transcription factor","1566324_a_at",8.94e-05,1.48e-05,-5.3294635,2.755932,-1.14490098,"MAF bZIP transcription factor"
"370","MAOA","204388_s_at",3.8e-08,7e-09,6.1,9.3264798,0.989,"monoamine oxidase A","204389_at",0.27,0.00704504,-2.95,-4.07937,-0.827,"monoamine oxidase A","204389_at",0.00296,0.000912,-3.7497124,-1.297326,-0.67259012,"monoamine oxidase A"
"371","MAP4K1","214219_x_at",1.02e-10,1.4e-11,7.25,15.4249222,1.18,"mitogen-activated protein kinase kinase kinase kinase 1","214339_s_at",0.27,0.00704641,2.95,-4.07956,0.898,"mitogen-activated protein kinase kinase kinase kinase 1","206296_x_at",1.86e-06,1.37e-07,7.1848532,7.428295,1.37155815,"mitogen-activated protein kinase kinase kinase kinase 1"
"372","MAPK6","207121_s_at",1.1e-33,1.11e-35,16,70.5096628,0.776,"mitogen-activated protein kinase 6","207121_s_at",0.367,0.01876329,2.53,-5.00267,0.649,"mitogen-activated protein kinase 6","243831_at",0.000548,0.000125,-4.5148134,0.647063,-0.63557224,"mitogen-activated protein kinase 6"
"373","MAPT","203929_s_at",1.19e-21,4.8e-23,-11.5,41.5692847,-1.73,"microtubule associated protein tau","203929_s_at",0.427,0.02955182,-2.32,-5.42154,-0.619,"microtubule associated protein tau","203928_x_at",2.07e-05,2.59e-06,-6.0047537,4.490941,-0.92208825,"microtubule associated protein tau"
"374","MCM10","223570_at",1.84e-28,3.43e-30,14.1,57.9322677,1.8,"minichromosome maintenance 10 replication initiation factor","220651_s_at",0.242,0.00382204,3.21,-3.49252,1.51,"minichromosome maintenance 10 replication initiation factor","223570_at",0.00217,0.000633,3.8916544,-0.942449,0.59615556,"minichromosome maintenance 10 replication initiation factor"
"375","MCOLN2","230110_at",1.69e-09,2.67e-10,6.72,12.5253287,1.57,"mucolipin 2","230110_at",0.445,0.03411044,2.25,-5.55229,0.663,"mucolipin 2","1555465_at",0.0011,0.000284,4.2001173,-0.160803,0.81167392,"mucolipin 2"
"376","MERTK","206028_s_at",2.34e-16,1.71e-17,-9.53,28.8808632,-1.23,"MER proto-oncogene, tyrosine kinase","206028_s_at",0.255,0.00521291,-3.08,-3.79119,-1.41,"MER proto-oncogene, tyrosine kinase","206028_s_at",9.67e-05,1.62e-05,5.2939824,2.664148,1.02841691,"MER proto-oncogene, tyrosine kinase"
"377","MEST","202016_at",3.37e-07,6.94e-08,-5.64,7.0866128,-1.16,"mesoderm specific transcript","202016_at",0.496,0.04667662,-2.1,-5.83513,-0.952,"mesoderm specific transcript","202016_at",0.0408,0.0199,2.4843582,-4.217883,0.75188182,"mesoderm specific transcript"
"378","MFAP3L","210843_s_at",9.7e-06,2.39e-06,4.89,3.6556185,1.07,"microfibrillar associated protein 3 like","205442_at",0.343,0.01543903,-2.61,-4.82084,-0.591,"microfibrillar associated protein 3 like","210493_s_at",0.000155,2.83e-05,-5.080677,2.111716,-0.86612083,"microfibrillar associated protein 3 like"
"379","MFSD4A","229254_at",6.09e-27,1.38e-28,-13.5,54.2541682,-2.11,"major facilitator superfamily domain containing 4A","229254_at",0.504,0.0492756,-2.07,-5.88353,-1.03,"major facilitator superfamily domain containing 4A","238862_at",2.91e-05,3.89e-06,-5.8453029,4.08385,-0.86756888,"major facilitator superfamily domain containing 4A"
"380","MGC57346","1568987_at",2.79e-08,5.07e-09,6.16,9.6404832,0.936,"ADP-ribosylation factor pseudogene///CRHR1 intronic transcript 1","1559171_at",0.333,0.01429798,2.65,-4.74895,1.18,"ADP-ribosylation factor pseudogene","1568987_at",0.0105,0.004,-3.1621313,-2.71928,-0.60346396,"ADP-ribosylation factor pseudogene///CRHR1 intronic transcript 1"
"381","MIAT","227168_at",2.58e-19,1.35e-20,10.7,35.9653001,2.06,"myocardial infarction associated transcript (non-protein coding)","228658_at",0.242,0.0038521,3.21,-3.50008,1.36,"myocardial infarction associated transcript (non-protein coding)","227168_at",1.94e-06,1.43e-07,7.1644557,7.378849,1.75448884,"myocardial infarction associated transcript (non-protein coding)"
"382","MICB","206247_at",8.36e-07,1.81e-07,5.44,6.1562985,1.07,"MHC class I polypeptide-related sequence B","206247_at",0.318,0.0123165,2.71,-4.60882,0.908,"MHC class I polypeptide-related sequence B","206247_at",1.37e-07,4.93e-09,8.6093404,10.747712,1.90872079,"MHC class I polypeptide-related sequence B"
"383","MINCR","235428_at",2.88e-08,5.24e-09,-6.16,9.6090811,-1.28,"MYC-induced long noncoding RNA","235428_at",0.41,0.02660724,-2.37,-5.32539,-0.71,"MYC-induced long noncoding RNA","235428_at",0.00012,2.1e-05,-5.1959597,2.410395,-1.07884659,"MYC-induced long noncoding RNA"
"384","MIR155","229437_at",1.13e-30,1.59e-32,14.9,63.2807855,3.1,"microRNA 155///MIR155 host gene","229437_at",0.446,0.03453801,2.24,-5.5636,1.19,"microRNA 155///MIR155 host gene","229437_at",6.23e-11,7.58e-14,14.4868198,21.69429,2.57857613,"microRNA 155///MIR155 host gene"
"385","MIR21","224917_at",1.38e-39,7.09e-42,18.3,84.7025546,2.17,"microRNA 21///vacuole membrane protein 1","224917_at",0.196,0.00133588,3.64,-2.47017,1.54,"microRNA 21///vacuole membrane protein 1","224917_at",1.54e-06,1.08e-07,7.2831614,7.665886,1.54998575,"microRNA 21///vacuole membrane protein 1"
"386","MIR4454","237974_at",6.47e-06,1.56e-06,-4.98,4.0677206,-1.42,"microRNA 4454///abhydrolase domain containing 12B","237974_at",0.302,0.01053981,-2.78,-4.46189,-1.44,"microRNA 4454///abhydrolase domain containing 12B","231381_at",0.00263,0.000793,-3.8038848,-1.162303,-0.93629861,"microRNA 4454///embryonic stem cell related (non-protein coding)"
"387","MIR4680","212594_at",8.18e-20,4.07e-21,-10.8,37.1581523,-0.626,"microRNA 4680///programmed cell death 4 (neoplastic transformation inhibitor)","212594_at",0.37,0.01926666,-2.51,-5.02726,-0.592,"microRNA 4680///programmed cell death 4 (neoplastic transformation inhibitor)","212594_at",3.57e-06,3.08e-07,-6.8516873,6.614379,-0.6460564,"microRNA 4680///programmed cell death 4 (neoplastic transformation inhibitor)"
"388","MIR6732","218810_at",6.03e-55,4.08e-58,24.8,121.8481876,4.29,"microRNA 6732///zinc finger CCCH-type containing 12A","218810_at",0.421,0.02834332,2.34,-5.38334,0.968,"microRNA 6732///zinc finger CCCH-type containing 12A","218810_at",0.0144,0.00581,3.0094765,-3.07255,0.82400248,"microRNA 6732///zinc finger CCCH-type containing 12A"
"389","MIR8085","204908_s_at",3.72e-22,1.41e-23,11.7,42.7843847,1.31,"microRNA 8085///B-cell CLL/lymphoma 3","204908_s_at",0.236,0.00321076,3.28,-3.32412,0.696,"microRNA 8085///B-cell CLL/lymphoma 3","204908_s_at",0.000506,0.000114,4.5504547,0.739008,1.0751803,"microRNA 8085///B-cell CLL/lymphoma 3"
"390","MMP1","204475_at",1.51e-13,1.51e-14,8.43,22.1634587,2.95,"matrix metallopeptidase 1","204475_at",0.207,0.00181924,3.52,-2.77206,3.39,"matrix metallopeptidase 1","204475_at",1.2e-07,4.16e-09,8.6853175,10.917087,5.41050169,"matrix metallopeptidase 1"
"391","MMP12","204580_at",7.83e-22,3.1e-23,11.6,42.0049312,3.96,"matrix metallopeptidase 12","204580_at",0.337,0.01474409,2.63,-4.77773,3.29,"matrix metallopeptidase 12","204580_at",2.16e-07,8.85e-09,8.3499203,10.163443,4.27535865,"matrix metallopeptidase 12"
"392","MMP19","204574_s_at",6.29e-26,1.57e-27,-13.1,51.836051,-0.631,"matrix metallopeptidase 19","204575_s_at",0.201,0.00146221,3.61,-2.55862,0.723,"matrix metallopeptidase 19","204575_s_at",2.29e-08,4.73e-10,9.6913567,13.085604,1.78626177,"matrix metallopeptidase 19"
"393","MMP9","203936_s_at",1.53e-11,1.91e-12,7.6,17.3879645,1.45,"matrix metallopeptidase 9","203936_s_at",0.345,0.01561078,2.61,-4.83118,1.5,"matrix metallopeptidase 9","203936_s_at",9.25e-10,4.63e-12,12.0613696,17.671477,3.54652413,"matrix metallopeptidase 9"
"394","MNDA","204959_at",0.00097,0.000314,3.68,-1.0057586,0.676,"myeloid cell nuclear differentiation antigen","204959_at",0.422,0.02876999,2.33,-5.39702,1.03,"myeloid cell nuclear differentiation antigen","204959_at",5.32e-05,7.93e-06,5.5692797,3.375033,1.11196916,"myeloid cell nuclear differentiation antigen"
"395","MOCS1","1555127_at",1.62e-14,1.44e-15,-8.81,24.4916383,-0.594,"molybdenum cofactor synthesis 1","211673_s_at",0.32,0.01270171,-2.7,-4.6378,-0.652,"molybdenum cofactor synthesis 1","211673_s_at",0.0027,0.000821,3.7904007,-1.195961,0.70936005,"molybdenum cofactor synthesis 1"
"396","MPHOSPH9","206205_at",7.17e-09,1.21e-09,6.44,11.0409533,0.853,"M-phase phosphoprotein 9","206205_at",0.392,0.02291663,2.44,-5.18791,0.642,"M-phase phosphoprotein 9","206205_at",7.95e-08,2.44e-09,8.9260889,11.448622,1.36479145,"M-phase phosphoprotein 9"
"397","MPV17L","1558686_at",6.75e-16,5.2e-17,-9.35,27.779777,-1.06,"MPV17 mitochondrial inner membrane protein like","1558686_at",0.32,0.01265822,-2.7,-4.63457,-0.976,"MPV17 mitochondrial inner membrane protein like","1558686_at",0.00364,0.00116,-3.6552041,-1.531545,-1.51054336,"MPV17 mitochondrial inner membrane protein like"
"398","MRAS","225185_at",2.77e-06,6.39e-07,-5.18,4.9304379,-0.861,"muscle RAS oncogene homolog","206538_at",0.441,0.03284031,-2.27,-5.51778,-0.637,"muscle RAS oncogene homolog","206538_at",5.11e-05,7.57e-06,5.5874547,3.421844,0.71199539,"muscle RAS oncogene homolog"
"399","MS4A6A","230550_at",0.000921,0.000297,3.69,-0.9541657,0.888,"membrane spanning 4-domains A6A","219666_at",0.476,0.04159024,2.16,-5.73159,0.946,"membrane spanning 4-domains A6A","219666_at",4.71e-06,4.3e-07,6.71717,6.282086,1.10674482,"membrane spanning 4-domains A6A"
"400","MSMB","210297_s_at",1.37e-17,8.67e-19,-10,31.8370984,-2.96,"microseminoprotein beta","210297_s_at",0.431,0.03058175,-2.3,-5.45284,-1.13,"microseminoprotein beta","210297_s_at",0.000146,2.65e-05,-5.1062782,2.178061,-3.50872113,"microseminoprotein beta"
"401","MSRB3","1554127_s_at",6.42e-10,9.69e-11,-6.91,13.5220446,-0.718,"methionine sulfoxide reductase B3","225790_at",0.367,0.0188372,-2.52,-5.00632,-0.981,"methionine sulfoxide reductase B3","1554127_s_at",0.00451,0.0015,3.5551632,-1.777455,0.60601915,"methionine sulfoxide reductase B3"
"402","MTCL1","213358_at",4.81e-19,2.61e-20,10.6,35.3138552,1.94,"microtubule crosslinking factor 1","213358_at",0.416,0.02780997,2.35,-5.36594,0.692,"microtubule crosslinking factor 1","213358_at",0.000369,7.87e-05,4.690483,1.100844,1.0170275,"microtubule crosslinking factor 1"
"403","MTERF2","225346_at",4.58e-15,3.86e-16,-9.03,25.7933061,-0.68,"mitochondrial transcription termination factor 2","225341_at",0.36,0.01777632,-2.55,-4.95239,-0.728,"mitochondrial transcription termination factor 2","225346_at",3.05e-05,4.1e-06,-5.8255426,4.033269,-0.84784231,"mitochondrial transcription termination factor 2"
"404","MTURN","226018_at",6.19e-42,2.38e-44,-19.2,90.3685181,-1.06,"maturin, neural progenitor differentiation regulator homolog (Xenopus)","226018_at",0.341,0.0151035,-2.62,-4.80028,-0.842,"maturin, neural progenitor differentiation regulator homolog (Xenopus)","226018_at",1.05e-05,1.14e-06,-6.3287694,5.311673,-0.8974953,"maturin, neural progenitor differentiation regulator homolog (Xenopus)"
"405","MUC20","226622_at",4.19e-05,1.12e-05,-4.53,2.1667832,-1.25,"mucin 20, cell surface associated","231941_s_at",0.44,0.03277243,-2.27,-5.5159,-1.36,"mucin 20, cell surface associated","230043_at",6.23e-05,9.59e-06,-5.4960941,3.186368,-0.64265217,"mucin 20, cell surface associated"
"406","MVK","36907_at",1.9e-06,4.28e-07,5.26,5.3177768,0.627,"mevalonate kinase","204056_s_at",0.369,0.01918277,-2.52,-5.02321,-0.733,"mevalonate kinase","215649_s_at",0.0292,0.0134,-2.6568047,-3.855098,-0.69099029,"mevalonate kinase"
"407","MX1","202086_at",7.17e-52,7.35e-55,23.4,114.4121353,3.12,"MX dynamin like GTPase 1","202086_at",0.395,0.02339599,2.43,-5.20702,1.26,"MX dynamin like GTPase 1","202086_at",4.58e-05,6.64e-06,5.6383197,3.552756,1.13219736,"MX dynamin like GTPase 1"
"408","MX2","204994_at",1.21e-24,3.54e-26,12.6,48.7377873,2.39,"MX dynamin like GTPase 2","204994_at",0.32,0.01261407,2.7,-4.63128,0.883,"MX dynamin like GTPase 2","204994_at",1.33e-08,2.27e-10,10.0462926,13.818083,1.38117858,"MX dynamin like GTPase 2"
"409","MYD88","209124_at",1.2e-32,1.34e-34,15.6,68.0346873,1.16,"myeloid differentiation primary response 88","209124_at",0.135,0.0001966,4.41,-0.57565,0.61,"myeloid differentiation primary response 88","209124_at",5.78e-06,5.5e-07,6.6179713,6.035749,0.7797957,"myeloid differentiation primary response 88"
"410","MYO5A","204527_at",1.69e-50,2.2e-53,22.8,111.0396896,1.96,"myosin VA","204527_at",0.255,0.00493036,3.1,-3.73769,0.889,"myosin VA","204527_at",0.000354,7.48e-05,4.7100074,1.151358,0.59008444,"myosin VA"
"411","MYO5C","218966_at",4.31e-15,3.62e-16,-9.04,25.8560588,-0.909,"myosin VC","218966_at",0.503,0.04886318,-2.08,-5.87604,-0.921,"myosin VC","218966_at",0.000397,8.56e-05,-4.6586716,1.018569,-0.79682942,"myosin VC"
"412","MYOC","210155_at",6.33e-13,6.76e-14,-8.18,20.6848711,-2.09,"myocilin","210155_at",0.216,0.00232782,-3.42,-3.01216,-0.982,"myocilin","210155_at",6.19e-05,9.51e-06,-5.499363,3.1948,-1.65286483,"myocilin"
"413","MYZAP","228568_at",3.87e-05,1.03e-05,4.55,2.2482729,0.71,"myocardial zonula adherens protein","228568_at",0.447,0.03460675,-2.24,-5.56541,-0.843,"myocardial zonula adherens protein","228568_at",0.00541,0.00185,-3.4712296,-1.982015,-0.61093869,"myocardial zonula adherens protein"
"414","NABP1","222872_x_at",5.16e-24,1.61e-25,12.4,47.2324668,1.69,"nucleic acid binding protein 1","233085_s_at",0.275,0.00756336,2.92,-4.14703,0.68,"nucleic acid binding protein 1","219334_s_at",5.99e-09,7.47e-11,10.5959732,14.919763,2.06942673,"nucleic acid binding protein 1"
"415","NAMPT","1555167_s_at",7.57e-47,1.69e-49,21.2,102.1530416,4.4,"nicotinamide phosphoribosyltransferase","243296_at",0.416,0.02747322,2.35,-5.35477,0.624,"nicotinamide phosphoribosyltransferase","1555167_s_at",0.000673,0.000158,4.4241093,0.41342,1.64780269,"nicotinamide phosphoribosyltransferase"
"416","NAP1L2","219368_at",8.68e-23,3.06e-24,-12,44.3039406,-1.13,"nucleosome assembly protein 1 like 2","219368_at",0.335,0.01456138,-2.64,-4.76605,-0.608,"nucleosome assembly protein 1 like 2","219368_at",1.17e-08,1.91e-10,-10.1299284,13.988251,-1.52502744,"nucleosome assembly protein 1 like 2"
"417","NAPSB","228055_at",4.8e-13,5.07e-14,8.22,20.9694448,1.15,"napsin B aspartic peptidase, pseudogene","228055_at",0.163,0.00061039,3.96,-1.69979,1.33,"napsin B aspartic peptidase, pseudogene","228056_s_at",2.14e-06,1.64e-07,7.109524,7.245434,1.39832585,"napsin B aspartic peptidase, pseudogene"
"418","NCAPH","212949_at",7.72e-11,1.05e-11,7.31,15.7115707,0.987,"non-SMC condensin I complex subunit H","212949_at",0.416,0.02748781,2.35,-5.35526,0.642,"non-SMC condensin I complex subunit H","212949_at",0.0128,0.00507,3.0652312,-2.944446,0.62762275,"non-SMC condensin I complex subunit H"
"419","NCF2","209949_at",1.12e-12,1.23e-13,8.07,20.0968207,1.36,"neutrophil cytosolic factor 2","209949_at",0.416,0.02770452,2.35,-5.36246,0.886,"neutrophil cytosolic factor 2","209949_at",0.0031,0.000963,3.7283909,-1.350319,0.61487365,"neutrophil cytosolic factor 2"
"420","NCF4","207677_s_at",0.00028,8.36e-05,4.03,0.2450903,0.714,"neutrophil cytosolic factor 4","205147_x_at",0.301,0.01040473,2.79,-4.4497,0.752,"neutrophil cytosolic factor 4","207677_s_at",3.42e-09,3.27e-11,11.0184062,15.740064,1.60118185,"neutrophil cytosolic factor 4"
"421","NCKAP1L","209734_at",0.000143,4.08e-05,4.21,0.9277289,0.666,"NCK associated protein 1 like","238668_at",0.402,0.02494772,2.4,-5.26619,0.602,"NCK associated protein 1 like","209734_at",2.05e-08,4.07e-10,9.7628499,13.234494,1.83815426,"NCK associated protein 1 like"
"422","NEDD4L","212445_s_at",1.21e-08,2.1e-09,-6.33,10.5040783,-1.03,"neural precursor cell expressed, developmentally down-regulated 4-like, E3 ubiquitin protein ligase","212445_s_at",0.444,0.0334363,-2.26,-5.53415,-0.709,"neural precursor cell expressed, developmentally down-regulated 4-like, E3 ubiquitin protein ligase","212448_at",0.0318,0.0148,-2.6131676,-3.948236,-0.62368518,"neural precursor cell expressed, developmentally down-regulated 4-like, E3 ubiquitin protein ligase"
"423","NEDD9","202149_at",5.59e-11,7.44e-12,-7.37,16.0481028,-0.834,"neural precursor cell expressed, developmentally down-regulated 9","202149_at",0.465,0.03911951,-2.19,-5.67639,-0.669,"neural precursor cell expressed, developmentally down-regulated 9","1560706_at",0.000961,0.000242,4.2620067,-0.0026,1.15216932,"neural precursor cell expressed, developmentally down-regulated 9"
"424","NFAT5","208003_s_at",0.000889,0.000286,-3.71,-0.9181029,-0.961,"nuclear factor of activated T-cells 5","215092_s_at",0.216,0.00237011,3.41,-3.02967,0.717,"nuclear factor of activated T-cells 5","224984_at",4.19e-07,2.07e-08,-7.9805787,9.315826,-0.75779221,"nuclear factor of activated T-cells 5"
"425","NLRC3","236295_s_at",3.6e-07,7.45e-08,5.63,7.0179107,0.99,"NLR family CARD domain containing 3","236295_s_at",0.25,0.00459963,3.13,-3.67094,1.41,"NLR family CARD domain containing 3","236295_s_at",6.09e-06,5.87e-07,6.5922982,5.971822,0.92912158,"NLR family CARD domain containing 3"
"426","NMI","203964_at",1.9e-38,1.15e-40,17.8,81.9306479,1.14,"N-myc and STAT interactor","203964_at",0.454,0.03631653,2.22,-5.60915,0.74,"N-myc and STAT interactor","203964_at",3.98e-06,3.52e-07,6.7985235,6.483295,0.63497655,"N-myc and STAT interactor"
"427","NPY1R","205440_s_at",1.19e-26,2.76e-28,-13.4,53.5654546,-1.04,"neuropeptide Y receptor Y1","205440_s_at",0.277,0.0077047,-2.92,-4.16467,-0.948,"neuropeptide Y receptor Y1","205440_s_at",0.00148,0.000404,-4.064548,-0.505875,-1.2731745,"neuropeptide Y receptor Y1"
"428","NR1H3","203920_at",1.78e-19,9.18e-21,-10.7,36.3502166,-1.43,"nuclear receptor subfamily 1 group H member 3","203920_at",0.166,0.00066593,-3.92,-1.78575,-1.24,"nuclear receptor subfamily 1 group H member 3","203920_at",1.9e-06,1.4e-07,7.1746916,7.403668,1.30553655,"nuclear receptor subfamily 1 group H member 3"
"429","NR2F1","209505_at",3.17e-10,4.62e-11,-7.04,14.2504371,-1.05,"nuclear receptor subfamily 2 group F member 1","209505_at",0.348,0.01621742,-2.59,-4.8668,-0.629,"nuclear receptor subfamily 2 group F member 1","209505_at",0.0186,0.00788,2.8825951,-3.359845,0.66196834,"nuclear receptor subfamily 2 group F member 1"
"430","NR3C2","205259_at",1.02e-34,9.25e-37,-16.4,72.9832762,-2.73,"nuclear receptor subfamily 3 group C member 2","205259_at",0.261,0.00599554,-3.02,-3.92524,-1.27,"nuclear receptor subfamily 3 group C member 2","205259_at",1.04e-06,6.57e-08,-7.4892653,8.160054,-1.42022802,"nuclear receptor subfamily 3 group C member 2"
"431","NR4A3","209959_at",4.48e-25,1.24e-26,12.8,49.7794578,2.82,"nuclear receptor subfamily 4 group A member 3","209959_at",0.444,0.03397977,2.25,-5.5488,1.02,"nuclear receptor subfamily 4 group A member 3","209959_at",4.96e-05,7.3e-06,5.6013224,3.457549,1.91538045,"nuclear receptor subfamily 4 group A member 3"
"432","NRXN1","228547_at",7.83e-22,3.09e-23,-11.6,42.0051461,-2.07,"neurexin 1","228547_at",0.285,0.00866121,-2.87,-4.27593,-1.68,"neurexin 1","209914_s_at",0.00354,0.00112,-3.6679252,-1.500123,-0.79575177,"neurexin 1"
"433","OAS1","205552_s_at",2.11e-44,6.38e-47,20.2,96.2555378,4.8,"2'-5'-oligoadenylate synthetase 1","202869_at",0.459,0.03771724,2.2,-5.6434,1.5,"2'-5'-oligoadenylate synthetase 1","205552_s_at",0.000359,7.6e-05,4.7038405,1.135402,0.82581831,"2'-5'-oligoadenylate synthetase 1"
"434","OAS2","204972_at",6.42e-46,1.6e-48,20.8,99.9208459,4.46,"2'-5'-oligoadenylate synthetase 2","204972_at",0.473,0.04099621,2.16,-5.71864,1.76,"2'-5'-oligoadenylate synthetase 2","204972_at",5.04e-08,1.37e-09,9.1932476,12.029138,1.83556287,"2'-5'-oligoadenylate synthetase 2"
"435","OASL","205660_at",3.54e-74,3.89e-78,34.4,167.3841197,7.95,"2'-5'-oligoadenylate synthetase like","205660_at",0.259,0.00570689,3.04,-3.878,2.12,"2'-5'-oligoadenylate synthetase like","205660_at",5.36e-07,2.84e-08,7.8434998,8.996567,1.7621067,"2'-5'-oligoadenylate synthetase like"
"436","ODF3B","238327_at",1.08e-11,1.33e-12,7.67,17.7467541,1.39,"outer dense fiber of sperm tails 3B","243934_at",0.304,0.0106669,2.78,-4.47322,0.847,"outer dense fiber of sperm tails 3B","238327_at",0.00063,0.000147,4.4530479,0.487904,0.92839876,"outer dense fiber of sperm tails 3B"
"437","OSBPL1A","208158_s_at",1.44e-17,9.17e-19,-9.99,31.7813326,-0.645,"oxysterol binding protein like 1A","209485_s_at",0.497,0.04724246,-2.09,-5.84591,-0.698,"oxysterol binding protein like 1A","209485_s_at",2.26e-05,2.86e-06,-5.9660063,4.392195,-0.60896434,"oxysterol binding protein like 1A"
"438","OSBPL3","209626_s_at",3.37e-28,6.48e-30,14,57.2987918,1.87,"oxysterol binding protein like 3","209626_s_at",0.14,0.00033301,4.2,-1.09986,0.657,"oxysterol binding protein like 3","209626_s_at",1.29e-06,8.63e-08,7.3753763,7.887652,0.93369338,"oxysterol binding protein like 3"
"439","OSBPL6","238575_at",7.61e-12,9.14e-13,7.73,18.1140044,1.68,"oxysterol binding protein like 6","238575_at",0.277,0.00770527,2.92,-4.16474,0.678,"oxysterol binding protein like 6","238575_at",7.78e-07,4.53e-08,-7.6454608,8.530928,-1.11562898,"oxysterol binding protein like 6"
"440","OSMR","1554008_at",1.56e-14,1.38e-15,8.82,24.5332862,1.63,"oncostatin M receptor","226621_at",0.196,0.00127216,3.66,-2.42229,0.824,"oncostatin M receptor","205729_at",0.00332,0.00104,3.6977735,-1.426264,0.9030763,"oncostatin M receptor"
"441","P2RY1","207455_at",1.36e-18,7.76e-20,10.4,34.2319071,2.01,"purinergic receptor P2Y1","231925_at",0.255,0.0052095,3.08,-3.79056,0.859,"purinergic receptor P2Y1","207455_at",0.00741,0.00267,-3.3256854,-2.332527,-0.93996153,"purinergic receptor P2Y1"
"442","P2RY10","236280_at",2.09e-13,2.12e-14,8.37,21.8285053,1.43,"purinergic receptor P2Y10","236280_at",0.301,0.0104613,2.78,-4.45483,0.857,"purinergic receptor P2Y10","236280_at",2.02e-09,1.54e-11,11.4120868,16.484503,2.00565004,"purinergic receptor P2Y10"
"443","P2RY13","220005_at",2.9e-06,6.7e-07,5.17,4.8845202,1.14,"purinergic receptor P2Y13","220005_at",0.469,0.03992695,2.18,-5.69482,0.686,"purinergic receptor P2Y13","220005_at",0.000931,0.000233,4.2757979,0.032705,0.94205202,"purinergic receptor P2Y13"
"444","PAK2","208875_s_at",7.64e-08,1.46e-08,5.96,8.609025,1.21,"p21 (RAC1) activated kinase 2","208876_s_at",0.457,0.03720074,2.21,-5.63093,0.637,"p21 (RAC1) activated kinase 2","1559052_s_at",2.05e-05,2.55e-06,6.0100079,4.504322,0.6383961,"p21 (RAC1) activated kinase 2"
"445","PAK3","236277_at",3.3e-09,5.4e-10,-6.59,11.8360064,-0.738,"p21 (RAC1) activated kinase 3","229201_at",0.144,0.00035937,-4.17,-1.17546,-1.48,"p21 (RAC1) activated kinase 3","214078_at",0.0116,0.00449,-3.1154307,-2.828187,-0.87468293,"p21 (RAC1) activated kinase 3"
"446","PALMD","222725_s_at",1.51e-07,3e-08,-5.81,7.9057559,-0.753,"palmdelphin","232187_at",0.453,0.03604899,-2.22,-5.60245,-0.709,"palmdelphin","218736_s_at",0.000102,1.72e-05,-5.2705682,2.603558,-0.75089188,"palmdelphin"
"447","PANX1","204715_at",1.52e-35,1.25e-37,16.7,74.9735865,1.86,"pannexin 1","204715_at",0.296,0.0100686,2.8,-4.41864,0.841,"pannexin 1","204715_at",1.82e-05,2.22e-06,6.0648707,4.643908,0.70502767,"pannexin 1"
"448","PARP14","224701_at",1.4e-28,2.57e-30,14.1,58.2190309,0.929,"poly(ADP-ribose) polymerase family member 14","224701_at",0.217,0.00242764,3.4,-3.05298,0.911,"poly(ADP-ribose) polymerase family member 14","224701_at",0.000131,2.33e-05,5.1561156,2.307189,0.60816052,"poly(ADP-ribose) polymerase family member 14"
"449","PARP8","219033_at",2.25e-20,1.05e-21,11.1,38.5027716,1.19,"poly(ADP-ribose) polymerase family member 8","219033_at",0.189,0.001067,3.73,-2.24978,0.672,"poly(ADP-ribose) polymerase family member 8","219033_at",2.76e-05,3.65e-06,5.8706986,4.148814,0.66108422,"poly(ADP-ribose) polymerase family member 8"
"450","PARP9","227807_at",1.34e-32,1.51e-34,15.6,67.9125818,2.55,"poly(ADP-ribose) polymerase family member 9","223220_s_at",0.255,0.0052148,3.08,-3.79154,1.23,"poly(ADP-ribose) polymerase family member 9","227807_at",0.00199,0.000573,3.9304178,-0.84495,1.0387162,"poly(ADP-ribose) polymerase family member 9"
"451","PARVG","223562_at",2.08e-09,3.31e-10,6.68,12.3148538,1.03,"parvin gamma","223562_at",0.212,0.00205696,3.47,-2.89178,1.03,"parvin gamma","233510_s_at",1.83e-09,1.33e-11,11.4886314,16.627048,1.65952814,"parvin gamma"
"452","PCBD2","1554894_a_at",2.39e-17,1.56e-18,9.91,31.2534545,1.24,"pterin-4 alpha-carbinolamine dehydratase 2","240846_at",0.21,0.0018981,3.5,-2.81344,0.744,"pterin-4 alpha-carbinolamine dehydratase 2","240846_at",1.54e-06,1.08e-07,-7.2831207,7.665788,-1.25403857,"pterin-4 alpha-carbinolamine dehydratase 2"
"453","PCDHGA4","1552735_at",4.39e-13,4.61e-14,-8.24,21.0622922,-0.765,"protocadherin gamma subfamily A, 4","1552735_at",0.507,0.04996366,-2.07,-5.8959,-0.669,"protocadherin gamma subfamily A, 4","1552735_at",0.000137,2.45e-05,-5.1369088,2.257429,-1.17105198,"protocadherin gamma subfamily A, 4"
"454","PCGF3","204564_at",2.72e-09,4.4e-10,6.63,12.036814,0.97,"polycomb group ring finger 3","238084_at",0.349,0.01634516,2.59,-4.87413,0.607,"polycomb group ring finger 3","212753_at",1.03e-05,1.1e-06,-6.3411891,5.342941,-0.61320633,"polycomb group ring finger 3"
"455","PCM1","228905_at",4.66e-22,1.79e-23,-11.7,42.5489924,-0.744,"pericentriolar material 1","228905_at",0.357,0.01729009,-2.56,-4.92655,-0.634,"pericentriolar material 1","228905_at",1.57e-06,1.1e-07,-7.2747934,7.645709,-0.86194142,"pericentriolar material 1"
"456","PDCD6IP","222394_at",1.32e-18,7.56e-20,-10.4,34.2581252,-0.836,"programmed cell death 6 interacting protein","222394_at",0.135,0.00022248,-4.36,-0.69885,-0.603,"programmed cell death 6 interacting protein","222394_at",0.00013,2.31e-05,-5.1578689,2.311731,-0.66880185,"programmed cell death 6 interacting protein"
"457","PDLIM5","203242_s_at",5.3e-13,5.61e-14,8.21,20.8692659,1.05,"PDZ and LIM domain 5","216803_at",0.343,0.01547639,2.61,-4.8231,0.606,"PDZ and LIM domain 5","216803_at",0.000152,2.78e-05,-5.0875404,2.129503,-0.89388604,"PDZ and LIM domain 5"
"458","PDPN","204879_at",6.62e-08,1.25e-08,5.99,8.7553446,0.95,"podoplanin","204879_at",0.469,0.03999474,2.17,-5.69635,0.714,"podoplanin","226658_at",2.9e-09,2.56e-11,11.144628,15.980825,2.59303158,"podoplanin"
"459","PDS5B","215888_at",2.1e-06,4.77e-07,-5.24,5.2128214,-0.841,"PDS5 cohesin associated factor B","204742_s_at",0.209,0.00187057,-3.51,-2.7992,-0.616,"PDS5 cohesin associated factor B","215888_at",0.000145,2.62e-05,-5.1102863,2.188447,-0.89031086,"PDS5 cohesin associated factor B"
"460","PEG10","212094_at",2.48e-16,1.82e-17,-9.52,28.8204991,-1.16,"paternally expressed 10","212094_at",0.289,0.00901307,-2.85,-4.31372,-1.25,"paternally expressed 10","212094_at",0.013,0.00516,3.0584056,-2.960187,0.71996246,"paternally expressed 10"
"461","PELI2","219132_at",2.32e-23,7.7e-25,-12.2,45.6763713,-1.34,"pellino E3 ubiquitin protein ligase family member 2","219132_at",0.281,0.00821505,-2.89,-4.22568,-0.837,"pellino E3 ubiquitin protein ligase family member 2","219132_at",1.59e-06,1.12e-07,-7.2678415,7.62894,-0.68164015,"pellino E3 ubiquitin protein ligase family member 2"
"462","PEX11A","205161_s_at",9.41e-07,2.04e-07,-5.42,6.0358388,-1.13,"peroxisomal biogenesis factor 11 alpha","205160_at",0.144,0.00036705,-4.16,-1.19641,-1.06,"peroxisomal biogenesis factor 11 alpha","205160_at",0.00367,0.00117,-3.6512676,-1.541262,-0.71642593,"peroxisomal biogenesis factor 11 alpha"
"463","PGF","209652_s_at",6.39e-05,1.75e-05,4.42,1.7405931,0.736,"placental growth factor","209652_s_at",0.276,0.00761623,2.92,-4.15367,0.791,"placental growth factor","209652_s_at",1.58e-05,1.86e-06,6.1339718,4.81936,1.28298169,"placental growth factor"
"464","PGLYRP4","220944_at",2.35e-46,5.49e-49,21,100.9816249,3.81,"peptidoglycan recognition protein 4","220944_at",0.449,0.03535945,2.23,-5.58494,0.664,"peptidoglycan recognition protein 4","220944_at",0.0246,0.0109,-2.74346,-3.667594,-0.94599939,"peptidoglycan recognition protein 4"
"465","PGM5-AS1","230595_at",1.05e-19,5.32e-21,-10.8,36.8918687,-1.55,"PGM5 antisense RNA 1","230595_at",0.248,0.00441624,-3.15,-3.63179,-0.909,"PGM5 antisense RNA 1","231024_at",5.71e-07,3.08e-08,-7.8096593,8.917366,-1.36176295,"PGM5 antisense RNA 1"
"466","PGR","228554_at",9.3e-12,1.13e-12,-7.7,17.9052946,-1.05,"progesterone receptor","228554_at",0.196,0.0013053,-3.65,-2.44749,-1.25,"progesterone receptor","228554_at",6.05e-05,9.27e-06,-5.5093638,3.220595,-1.2948396,"progesterone receptor"
"467","PHF19","227211_at",3.45e-19,1.84e-20,10.6,35.6609847,1.81,"PHD finger protein 19","227212_s_at",0.329,0.01362467,2.67,-4.7037,1.03,"PHD finger protein 19","227211_at",0.00247,0.000738,3.8319237,-1.09221,0.59933009,"PHD finger protein 19"
"468","PHYHIP","205325_at",7.87e-25,2.25e-26,-12.7,49.1876722,-3.34,"phytanoyl-CoA 2-hydroxylase interacting protein","205325_at",0.289,0.00902247,-2.85,-4.31471,-1.22,"phytanoyl-CoA 2-hydroxylase interacting protein","205325_at",3.47e-08,8.22e-10,-9.4297839,12.535004,-2.46920292,"phytanoyl-CoA 2-hydroxylase interacting protein"
"469","PI15","229947_at",2.37e-16,1.74e-17,9.53,28.8665243,2.17,"peptidase inhibitor 15","229947_at",0.384,0.02159592,2.46,-5.13306,0.915,"peptidase inhibitor 15","229947_at",3.12e-08,7.09e-10,9.4994921,12.682638,2.98366835,"peptidase inhibitor 15"
"470","PI3","41469_at",9.64e-51,1.22e-53,22.9,111.6259172,3.35,"peptidase inhibitor 3","41469_at",0.503,0.04910419,2.08,-5.88043,2.55,"peptidase inhibitor 3","41469_at",0.00204,0.00059,3.9189803,-0.873743,1.34649658,"peptidase inhibitor 3"
"471","PIK3CD","203879_at",1.06e-10,1.46e-11,7.25,15.3826144,0.936,"phosphatidylinositol-4,5-bisphosphate 3-kinase catalytic subunit delta","203879_at",0.159,0.00052626,4.02,-1.55324,0.699,"phosphatidylinositol-4,5-bisphosphate 3-kinase catalytic subunit delta","203879_at",7.09e-07,4.04e-08,7.6936502,8.644709,1.03647767,"phosphatidylinositol-4,5-bisphosphate 3-kinase catalytic subunit delta"
"472","PIK3CG","239294_at",0.00348,0.00123,3.29,-2.2860877,0.614,"phosphatidylinositol-4,5-bisphosphate 3-kinase catalytic subunit gamma","239294_at",0.304,0.01073676,2.77,-4.47939,1.13,"phosphatidylinositol-4,5-bisphosphate 3-kinase catalytic subunit gamma","206369_s_at",1.68e-07,6.46e-09,8.4890212,10.47787,1.72569164,"phosphatidylinositol-4,5-bisphosphate 3-kinase catalytic subunit gamma"
"473","PIK3R5","227553_at",7.55e-12,9.05e-13,7.73,18.1239061,1.65,"phosphoinositide-3-kinase regulatory subunit 5","227645_at",0.325,0.01316039,2.68,-4.67114,0.667,"phosphoinositide-3-kinase regulatory subunit 5","227553_at",2.55e-08,5.45e-10,9.6241296,12.944973,1.53877793,"phosphoinositide-3-kinase regulatory subunit 5"
"474","PIP5K1B","205632_s_at",7.6e-12,9.13e-13,-7.73,18.1152924,-0.783,"phosphatidylinositol-4-phosphate 5-kinase type 1 beta","205632_s_at",0.442,0.033077,-2.27,-5.52432,-0.993,"phosphatidylinositol-4-phosphate 5-kinase type 1 beta","205632_s_at",0.000131,2.33e-05,5.1553746,2.30527,1.36046534,"phosphatidylinositol-4-phosphate 5-kinase type 1 beta"
"475","PKIA","204612_at",5.86e-12,6.96e-13,7.78,18.3835883,0.882,"protein kinase (cAMP-dependent, catalytic) inhibitor alpha","204612_at",0.347,0.01607597,2.59,-4.85862,1.14,"protein kinase (cAMP-dependent, catalytic) inhibitor alpha","226864_at",1.62e-07,6.2e-09,-8.5075559,10.519567,-1.09444835,"protein kinase (cAMP-dependent, catalytic) inhibitor alpha"
"476","PKIB","223551_at",6.79e-05,1.86e-05,-4.41,1.6779884,-0.852,"protein kinase (cAMP-dependent, catalytic) inhibitor beta","223551_at",0.36,0.01793268,-2.55,-4.96055,-0.919,"protein kinase (cAMP-dependent, catalytic) inhibitor beta","231120_x_at",0.000419,9.12e-05,-4.6342933,0.955546,-1.12255297,"protein kinase (cAMP-dependent, catalytic) inhibitor beta"
"477","PLA2R1","235746_s_at",3.9e-07,8.1e-08,-5.61,6.9362521,-0.649,"phospholipase A2 receptor 1","210194_at",0.481,0.04260546,-2.14,-5.75328,-0.662,"phospholipase A2 receptor 1","240039_at",0.000141,2.53e-05,-5.1234754,2.222623,-0.64786864,"phospholipase A2 receptor 1"
"478","PLAU","205479_s_at",2.56e-11,3.28e-12,7.51,16.8542146,1.16,"plasminogen activator, urokinase","205479_s_at",0.264,0.00650707,2.99,-4.00354,1.02,"plasminogen activator, urokinase","205479_s_at",6.98e-06,6.92e-07,6.5263046,5.807174,1.74862649,"plasminogen activator, urokinase"
"479","PLAUR","210845_s_at",3.01e-14,2.77e-15,8.71,23.8438303,1.6,"plasminogen activator, urokinase receptor","210845_s_at",0.201,0.00143134,3.61,-2.53774,0.873,"plasminogen activator, urokinase receptor","214866_at",1.03e-10,1.41e-13,14.0995935,21.092479,3.02583482,"plasminogen activator, urokinase receptor"
"480","PLCB4","203896_s_at",8.16e-15,7.05e-16,-8.93,25.19781,-1.55,"phospholipase C beta 4","203895_at",0.422,0.02886608,-2.33,-5.40007,-1.05,"phospholipase C beta 4","203895_at",8.08e-05,1.31e-05,-5.3764423,2.877395,-0.94431555,"phospholipase C beta 4"
"481","PLEK","203471_s_at",5.47e-20,2.68e-21,10.9,37.5740947,1.72,"pleckstrin","203471_s_at",0.319,0.01249943,2.71,-4.62269,0.639,"pleckstrin","203470_s_at",2.34e-06,1.83e-07,7.0654116,7.13803,2.13050747,"pleckstrin"
"482","PLEKHA6","229245_at",3.11e-19,1.65e-20,-10.6,35.7713921,-1.53,"pleckstrin homology domain containing A6","229245_at",0.245,0.00407347,-3.18,-3.55397,-1.53,"pleckstrin homology domain containing A6","229245_at",0.000143,2.58e-05,-5.1164889,2.20452,-1.45689919,"pleckstrin homology domain containing A6"
"483","PLEKHH1","225727_at",2.26e-24,6.76e-26,-12.5,48.0947299,-1.29,"pleckstrin homology, MyTH4 and FERM domain containing H1","225726_s_at",0.427,0.0295332,-2.32,-5.42097,-0.94,"pleckstrin homology, MyTH4 and FERM domain containing H1","225727_at",3.52e-08,8.37e-10,-9.4211211,12.516611,-1.58034293,"pleckstrin homology, MyTH4 and FERM domain containing H1"
"484","PLSCR1","202446_s_at",1.64e-30,2.35e-32,14.8,62.890768,1.33,"phospholipid scramblase 1","202446_s_at",0.279,0.00795946,2.9,-4.19562,0.752,"phospholipid scramblase 1","202446_s_at",8.98e-08,2.84e-09,8.857483,11.297973,1.27037452,"phospholipid scramblase 1"
"485","PLXDC1","214081_at",0.00737,0.00275,3.04,-3.0289874,0.849,"plexin domain containing 1","214081_at",0.236,0.0032258,3.28,-3.32864,1.28,"plexin domain containing 1","219700_at",2.78e-06,2.25e-07,6.9790834,6.927164,1.03260667,"plexin domain containing 1"
"486","PMAIP1","204285_s_at",4.12e-10,6.09e-11,6.99,13.9784438,1.66,"phorbol-12-myristate-13-acetate-induced protein 1","204285_s_at",0.347,0.0160287,2.6,-4.85587,0.656,"phorbol-12-myristate-13-acetate-induced protein 1","204286_s_at",0.00109,0.00028,-4.205245,-0.147711,-0.61835835,"phorbol-12-myristate-13-acetate-induced protein 1"
"487","PMEPA1","222450_at",7.71e-15,6.64e-16,-8.94,25.2566407,-0.603,"prostate transmembrane protein, androgen induced 1","222449_at",0.433,0.03096026,-2.3,-5.46407,-0.607,"prostate transmembrane protein, androgen induced 1","222449_at",9.71e-08,3.15e-09,8.8114329,11.196493,1.10418211,"prostate transmembrane protein, androgen induced 1"
"488","PNPLA3","220675_s_at",2.24e-06,5.11e-07,-5.22,5.1464549,-0.998,"patatin like phospholipase domain containing 3","233030_at",0.294,0.00980926,-2.81,-4.39395,-1.62,"patatin like phospholipase domain containing 3","220675_s_at",0.00033,6.88e-05,-4.7421531,1.234553,-1.42143622,"patatin like phospholipase domain containing 3"
"489","POU6F1","205878_at",3.35e-08,6.14e-09,-6.13,9.4544055,-0.92,"POU class 6 homeobox 1","229809_at",0.268,0.00696846,-2.96,-4.06894,-1.27,"POU class 6 homeobox 1","229809_at",0.000398,8.59e-05,-4.6572049,1.014777,-0.69541017,"POU class 6 homeobox 1"
"490","PPARA","226978_at",1.91e-16,1.38e-17,-9.56,29.0914978,-0.787,"peroxisome proliferator activated receptor alpha","226978_at",0.255,0.00513619,-3.09,-3.77696,-0.661,"peroxisome proliferator activated receptor alpha","1560981_a_at",0.000232,4.55e-05,4.8997517,1.642781,0.77157198,"peroxisome proliferator activated receptor alpha"
"491","PPARGC1A","219195_at",2.22e-32,2.56e-34,-15.5,67.3881406,-2,"PPARG coactivator 1 alpha","219195_at",0.444,0.03404555,-2.25,-5.55056,-1.2,"PPARG coactivator 1 alpha","219195_at",0.0137,0.00551,-3.0314867,-3.022109,-0.93704333,"PPARG coactivator 1 alpha"
"492","PPM1A","227728_at",5.05e-38,3.24e-40,-17.7,80.9015916,-0.927,"protein phosphatase, Mg2+/Mn2+ dependent 1A","235344_at",0.235,0.00310013,-3.3,-3.29017,-0.621,"protein phosphatase, Mg2+/Mn2+ dependent 1A","227728_at",1.37e-07,4.97e-09,-8.6058313,10.73987,-0.71266086,"protein phosphatase, Mg2+/Mn2+ dependent 1A"
"493","PPM1K","226773_at",1.95e-09,3.1e-10,-6.69,12.3802353,-0.645,"protein phosphatase, Mg2+/Mn2+ dependent 1K","226773_at",0.499,0.04793512,-2.09,-5.85891,-0.587,"protein phosphatase, Mg2+/Mn2+ dependent 1K","235061_at",1.73e-06,1.24e-07,7.2247139,7.524775,1.01576448,"protein phosphatase, Mg2+/Mn2+ dependent 1K"
"494","PPP1R9A","228494_at",1.09e-13,1.07e-14,-8.48,22.5087199,-1.49,"protein phosphatase 1 regulatory subunit 9A","228494_at",0.303,0.01063341,-2.78,-4.47025,-1.91,"protein phosphatase 1 regulatory subunit 9A","228494_at",0.0218,0.00949,-2.8044151,-3.533752,-0.88015045,"protein phosphatase 1 regulatory subunit 9A"
"495","PPP2R2C","223574_x_at",1.31e-38,7.83e-41,17.9,82.3127358,2.28,"protein phosphatase 2 regulatory subunit Bgamma","223574_x_at",0.428,0.02992967,2.31,-5.43316,1.17,"protein phosphatase 2 regulatory subunit Bgamma","228025_s_at",0.0298,0.0138,-2.6453615,-3.879607,-0.62860251,"protein phosphatase 2 regulatory subunit Bgamma"
"496","PRF1","214617_at",8e-12,9.64e-13,7.72,18.0614999,2.01,"perforin 1","214617_at",0.376,0.02027386,2.49,-5.07455,0.63,"perforin 1","214617_at",1.79e-08,3.37e-10,9.8542178,13.423781,1.57305652,"perforin 1"
"497","PRIMA1","230087_at",7.41e-15,6.38e-16,-8.95,25.2966073,-1.4,"proline rich membrane anchor 1","230087_at",0.408,0.02619559,-2.37,-5.31107,-0.729,"proline rich membrane anchor 1","230087_at",0.000693,0.000164,-4.4105867,0.378635,-1.76756802,"proline rich membrane anchor 1"
"498","PRKAA2","227892_at",6.94e-14,6.67e-15,-8.56,22.9743864,-1.02,"protein kinase AMP-activated catalytic subunit alpha 2","238441_at",0.312,0.01167881,-2.74,-4.55875,-1.41,"protein kinase AMP-activated catalytic subunit alpha 2","227892_at",0.00532,0.00182,-3.4790311,-1.963073,-1.03508062,"protein kinase AMP-activated catalytic subunit alpha 2"
"499","PRLR","227629_at",5.05e-37,3.61e-39,-17.3,78.5021334,-2.7,"prolactin receptor","227629_at",0.221,0.00250956,-3.38,-3.08522,-1.1,"prolactin receptor","231981_at",0.00396,0.00129,-3.6148093,-1.631101,-0.60631589,"prolactin receptor"
"500","PRRG4","238513_at",9.79e-16,7.67e-17,9.29,27.393442,0.863,"proline rich and Gla domain 4","207291_at",0.255,0.00507311,3.09,-3.7651,0.941,"proline rich and Gla domain 4","238513_at",0.00111,0.000288,-4.1946031,-0.17488,-0.76136956,"proline rich and Gla domain 4"
"501","PRSS27","232074_at",6.76e-66,1.61e-69,30,147.8348598,5.86,"protease, serine 27","232074_at",0.488,0.04451864,2.12,-5.79273,1.35,"protease, serine 27","232074_at",0.0145,0.00588,3.0047093,-3.083452,1.56082312,"protease, serine 27"
"502","PRSS53","214226_at",3.04e-26,7.41e-28,13.2,52.5835651,1.96,"protease, serine 53","214226_at",0.266,0.00667065,2.98,-4.02725,1.94,"protease, serine 53","214226_at",0.0201,0.0086,2.8459916,-3.441574,0.63235696,"protease, serine 53"
"503","PSMB10","202659_at",2.08e-17,1.35e-18,9.93,31.395954,1.09,"proteasome subunit beta 10","202659_at",0.367,0.01887759,2.52,-5.00831,0.745,"proteasome subunit beta 10","202659_at",2.65e-08,5.7e-10,9.6026981,12.900013,1.48489402,"proteasome subunit beta 10"
"504","PTAFR","227184_at",3.57e-39,1.98e-41,18.1,83.6819449,2.53,"platelet activating factor receptor","206278_at",0.195,0.00122525,3.68,-2.38547,1.14,"platelet activating factor receptor","227184_at",5.14e-07,2.69e-08,7.8670731,9.051648,1.14342573,"platelet activating factor receptor"
"505","PTCH1","209815_at",1.7e-16,1.23e-17,-9.58,29.2071081,-0.792,"patched 1","209815_at",0.255,0.00487078,-3.11,-3.72601,-0.69,"patched 1","209815_at",5.92e-05,9.03e-06,-5.519241,3.246066,-0.72366302,"patched 1"
"506","PTGS1","205127_at",0.00114,0.000374,-3.63,-1.1716018,-0.802,"prostaglandin-endoperoxide synthase 1","205128_x_at",0.497,0.04710007,2.1,-5.84321,0.809,"prostaglandin-endoperoxide synthase 1","205128_x_at",2.26e-06,1.75e-07,-7.0828195,7.180442,-1.05811206,"prostaglandin-endoperoxide synthase 1"
"507","PTGS2","204748_at",0.00127,0.00042,3.6,-1.2802307,0.854,"prostaglandin-endoperoxide synthase 2","204748_at",0.502,0.04847284,2.08,-5.86888,1.18,"prostaglandin-endoperoxide synthase 2","204748_at",0.00351,0.00112,3.6710439,-1.492414,1.22179571,"prostaglandin-endoperoxide synthase 2"
"508","PTPN22","206060_s_at",5.23e-15,4.43e-16,9.01,25.6579484,1.72,"protein tyrosine phosphatase, non-receptor type 22","236539_at",0.323,0.01304947,2.69,-4.66319,0.717,"protein tyrosine phosphatase, non-receptor type 22","208010_s_at",9.21e-10,4.55e-12,12.0708181,17.688385,1.84752058,"protein tyrosine phosphatase, non-receptor type 22"
"509","PTPRC","207238_s_at",1.1e-07,2.13e-08,5.88,8.2366382,1.06,"protein tyrosine phosphatase, receptor type C","212588_at",0.368,0.01900316,2.52,-5.01447,1.49,"protein tyrosine phosphatase, receptor type C","1569830_at",1.09e-06,6.93e-08,7.4666707,8.106143,1.82849846,"protein tyrosine phosphatase, receptor type C"
"510","PWAR6","226591_at",2.29e-10,3.28e-11,-7.1,14.5861635,-1.44,"Prader Willi/Angelman region RNA 6","226591_at",0.271,0.00723801,-2.94,-4.10514,-1.09,"Prader Willi/Angelman region RNA 6","226591_at",0.000593,0.000137,-4.4803445,0.558213,-0.67594733,"Prader Willi/Angelman region RNA 6"
"511","PXMP4","219428_s_at",2.18e-22,8.05e-24,11.8,43.3433042,1.84,"peroxisomal membrane protein 4","238746_at",0.402,0.02494028,-2.4,-5.26592,-0.585,"peroxisomal membrane protein 4","238746_at",0.00027,5.46e-05,-4.8300655,1.462215,-1.01957994,"peroxisomal membrane protein 4"
"512","RAB27A","209514_s_at",2.09e-49,3.14e-52,22.3,108.3997033,4.74,"RAB27A, member RAS oncogene family","210951_x_at",0.45,0.03542964,2.23,-5.58674,0.961,"RAB27A, member RAS oncogene family","209514_s_at",1.2e-07,4.16e-09,8.6851116,10.916629,1.41752112,"RAB27A, member RAS oncogene family"
"513","RAB31","217763_s_at",3.21e-27,7.01e-29,13.6,54.9292375,2.63,"RAB31, member RAS oncogene family","217763_s_at",0.159,0.00051746,4.02,-1.53658,0.982,"RAB31, member RAS oncogene family","217763_s_at",2.68e-09,2.27e-11,11.2084336,16.10178,1.52772275,"RAB31, member RAS oncogene family"
"514","RAC2","213603_s_at",1.19e-15,9.4e-17,9.26,27.1924782,1.21,"ras-related C3 botulinum toxin substrate 2 (rho family, small GTP binding protein Rac2)","213603_s_at",0.255,0.00516423,3.09,-3.78219,1.1,"ras-related C3 botulinum toxin substrate 2 (rho family, small GTP binding protein Rac2)","207419_s_at",4.65e-09,5.06e-11,10.793886,15.306888,1.80855952,"ras-related C3 botulinum toxin substrate 2 (rho family, small GTP binding protein Rac2)"
"515","RALA","214435_x_at",1.1e-37,7.32e-40,17.5,80.0895336,1.64,"RALA Ras like proto-oncogene A","214435_x_at",0.262,0.00604689,3.02,-3.9334,0.61,"RALA Ras like proto-oncogene A","214435_x_at",8.96e-06,9.35e-07,6.4060345,5.505951,0.68989642,"RALA Ras like proto-oncogene A"
"516","RARRES2","209496_at",4.08e-07,8.51e-08,-5.6,6.8883651,-0.787,"retinoic acid receptor responder 2","209496_at",0.333,0.01431629,-2.65,-4.75015,-0.939,"retinoic acid receptor responder 2","209496_at",2.93e-08,6.53e-10,9.538034,12.763984,2.05275595,"retinoic acid receptor responder 2"
"517","RBM26-AS1","1568807_a_at",3.24e-13,3.35e-14,-8.29,21.3776718,-1.36,"RBM26 antisense RNA 1","233021_at",0.446,0.03438737,-2.25,-5.55963,-0.624,"RBM26 antisense RNA 1","1568807_a_at",0.0039,0.00126,-3.6225337,-1.61209,-0.67072074,"RBM26 antisense RNA 1"
"518","RBPMS","207837_at",3.37e-11,4.38e-12,-7.46,16.5699182,-1.21,"RNA binding protein with multiple splicing","209487_at",0.331,0.01401816,-2.66,-4.73041,-0.616,"RNA binding protein with multiple splicing","209488_s_at",9.24e-07,5.61e-08,7.5551632,8.316909,0.94544188,"RNA binding protein with multiple splicing"
"519","RERGL","220276_at",2.23e-19,1.16e-20,-10.7,36.1168638,-2.15,"RERG like","220276_at",0.344,0.01550718,-2.61,-4.82495,-1.38,"RERG like","220276_at",0.00116,0.000303,-4.1758299,-0.222779,-1.73452844,"RERG like"
"520","RGS1","202988_s_at",6.59e-35,5.87e-37,16.5,73.4358763,4.01,"regulator of G-protein signaling 1","216834_at",0.288,0.00884493,2.86,-4.29586,1.88,"regulator of G-protein signaling 1","202988_s_at",0.000149,2.71e-05,5.0975959,2.155562,1.98407844,"regulator of G-protein signaling 1"
"521","RHOF","219045_at",8.51e-14,8.27e-15,8.53,22.7613276,1.33,"ras homolog family member F, filopodia associated","219045_at",0.196,0.00133803,3.64,-2.47175,0.6,"ras homolog family member F, filopodia associated","222812_s_at",7.02e-06,6.97e-07,6.5233661,5.799832,0.9533192,"ras homolog family member F, filopodia associated"
"522","RIT1","209882_at",3.08e-41,1.27e-43,18.9,88.7021676,3.35,"Ras like without CAAX 1","209882_at",0.416,0.02767684,2.35,-5.36154,1.08,"Ras like without CAAX 1","209882_at",2.99e-08,6.72e-10,9.5248138,12.736104,1.02315517,"Ras like without CAAX 1"
"523","RNASE4","213397_x_at",1.43e-39,7.37e-42,-18.3,84.6631709,-1.21,"ribonuclease A family member 4","213397_x_at",0.211,0.00198312,-3.48,-2.85616,-0.673,"ribonuclease A family member 4","205158_at",0.00132,0.000353,-4.1166715,-0.373459,-0.70784752,"ribonuclease A family member 4"
"524","RNF128","219263_at",2.64e-16,1.94e-17,-9.51,28.7549967,-1.28,"ring finger protein 128, E3 ubiquitin protein ligase","219263_at",0.229,0.00278265,-3.34,-3.18548,-1.07,"ring finger protein 128, E3 ubiquitin protein ligase","219263_at",1.68e-07,6.47e-09,-8.488509,10.476717,-1.79215744,"ring finger protein 128, E3 ubiquitin protein ligase"
"525","RNF144B","235549_at",6e-13,6.39e-14,8.18,20.7403605,1.35,"ring finger protein 144B","239704_at",0.307,0.01106927,2.76,-4.50819,0.763,"ring finger protein 144B","235549_at",0.0192,0.00816,2.868025,-3.392441,0.59453529,"ring finger protein 144B"
"526","RNF19B","36564_at",6.49e-21,2.85e-22,11.3,39.7998315,1.13,"ring finger protein 19B","36564_at",0.323,0.01292823,2.69,-4.65442,0.89,"ring finger protein 19B","36564_at",0.000366,7.79e-05,4.6943512,1.110851,0.74235005,"ring finger protein 19B"
"527","RNF213","233880_at",8.13e-06,1.98e-06,4.93,3.834299,0.618,"ring finger protein 213","230000_at",0.482,0.04293267,2.14,-5.76016,0.633,"ring finger protein 213","232155_at",1.71e-05,2.05e-06,6.095338,4.721317,1.04341286,"ring finger protein 213"
"528","RORC","228806_at",2.68e-49,4.06e-52,-22.3,108.1427674,-1.92,"RAR related orphan receptor C","228806_at",0.254,0.00483543,-3.11,-3.71901,-1.34,"RAR related orphan receptor C","228806_at",2.99e-05,4.01e-06,-5.8336654,4.054065,-1.33695779,"RAR related orphan receptor C"
"529","RPS6KA6","228503_at",7.92e-06,1.93e-06,-4.93,3.8615868,-0.613,"ribosomal protein S6 kinase A6","228503_at",0.243,0.00390054,-3.2,-3.51214,-0.659,"ribosomal protein S6 kinase A6","220738_s_at",0.000337,7.05e-05,-4.7325653,1.209736,-0.7926924,"ribosomal protein S6 kinase A6"
"530","RRAGD","221523_s_at",2.17e-11,2.76e-12,-7.54,17.0261858,-1.03,"Ras related GTP binding D","221523_s_at",0.231,0.00294113,-3.32,-3.23918,-0.683,"Ras related GTP binding D","221523_s_at",0.000406,8.79e-05,-4.6483143,0.991791,-0.61324281,"Ras related GTP binding D"
"531","RRM2","209773_s_at",5.31e-46,1.28e-48,20.9,100.1384917,4.99,"ribonucleotide reductase regulatory subunit M2","209773_s_at",0.311,0.01155497,2.74,-4.5487,2.3,"ribonucleotide reductase regulatory subunit M2","209773_s_at",0.000205,3.94e-05,4.9541739,1.783831,1.22537008,"ribonucleotide reductase regulatory subunit M2"
"532","RSAD2","213797_at",1.82e-39,9.56e-42,18.2,84.405198,5.42,"radical S-adenosyl methionine domain containing 2","242625_at",0.503,0.0490393,2.08,-5.87925,1.13,"radical S-adenosyl methionine domain containing 2","213797_at",1.69e-06,1.2e-07,7.2367824,7.553947,1.74893325,"radical S-adenosyl methionine domain containing 2"
"533","RTP4","219684_at",2.26e-44,6.86e-47,20.2,96.1838264,4.1,"receptor transporter protein 4","219684_at",0.398,0.02392341,2.42,-5.22758,1.65,"receptor transporter protein 4","219684_at",2.42e-08,5.05e-10,9.6601235,13.020343,1.47769866,"receptor transporter protein 4"
"534","S100A12","205863_at",3.31e-84,6.06e-89,40.6,191.7651815,9.8,"S100 calcium binding protein A12","205863_at",0.448,0.03512121,2.24,-5.5788,2.26,"S100 calcium binding protein A12","205863_at",6.62e-05,1.03e-05,5.4671137,3.111589,3.11453203,"S100 calcium binding protein A12"
"535","S100A7A","232220_at",1.13e-67,2.47e-71,30.9,151.9540474,8.22,"S100 calcium binding protein A7A","232170_at",0.355,0.01693282,2.57,-4.90709,3.17,"S100 calcium binding protein A7A","232170_at",0.00105,0.000268,4.2231559,-0.101957,3.29964061,"S100 calcium binding protein A7A"
"536","SAMD9","219691_at",3.11e-58,1.42e-61,26.3,129.7384554,5.1,"sterile alpha motif domain containing 9","228531_at",0.503,0.04910922,2.08,-5.88052,0.919,"sterile alpha motif domain containing 9","228531_at",3.79e-07,1.83e-08,8.0336166,9.438677,1.37613361,"sterile alpha motif domain containing 9"
"537","SAMD9L","226603_at",2.66e-23,8.87e-25,12.1,45.5351765,2.33,"sterile alpha motif domain containing 9 like","226603_at",0.381,0.02120857,2.47,-5.11631,0.788,"sterile alpha motif domain containing 9 like","226603_at",2.26e-07,9.37e-09,8.3248796,10.10656,1.52697555,"sterile alpha motif domain containing 9 like"
"538","SAMHD1","204502_at",6.92e-14,6.64e-15,8.56,22.9786776,1.63,"SAM and HD domain containing deoxynucleoside triphosphate triphosphohydrolase 1","1559882_at",0.14,0.00034101,4.19,-1.12342,1.46,"SAM and HD domain containing deoxynucleoside triphosphate triphosphohydrolase 1","204502_at",8.29e-05,1.35e-05,5.3643399,2.846112,1.02262602,"SAM and HD domain containing deoxynucleoside triphosphate triphosphohydrolase 1"
"539","SAMSN1","220330_s_at",4.84e-28,9.5e-30,13.9,56.917562,3.32,"SAM domain, SH3 domain and nuclear localization signals 1","220330_s_at",0.258,0.00564788,3.05,-3.86804,1.87,"SAM domain, SH3 domain and nuclear localization signals 1","1555638_a_at",4.33e-10,1.31e-12,12.7716287,18.91424,2.36015927,"SAM domain, SH3 domain and nuclear localization signals 1"
"540","SBNO2","204166_at",1.91e-25,5.05e-27,12.9,50.6749101,1.78,"strawberry notch homolog 2","204166_at",0.184,0.00095402,3.78,-2.13982,0.776,"strawberry notch homolog 2","204166_at",0.000549,0.000125,4.514369,0.645917,0.94779049,"strawberry notch homolog 2"
"541","SCARB1","1552256_a_at",4.27e-06,1.01e-06,-5.08,4.4898596,-0.703,"scavenger receptor class B member 1","1552256_a_at",0.307,0.01100384,-2.76,-4.50259,-0.628,"scavenger receptor class B member 1","232421_at",0.016,0.0066,-2.9566016,-3.193007,-0.59842274,"scavenger receptor class B member 1"
"542","SCIN","1552365_at",7.79e-26,1.97e-27,-13.1,51.6123981,-2.54,"scinderin","1552365_at",0.235,0.00308957,-3.3,-3.28687,-1.33,"scinderin","1552367_a_at",6.87e-05,1.08e-05,-5.4512626,3.070672,-1.14189221,"scinderin"
"543","SCN7A","228504_at",1.43e-22,5.16e-24,-11.9,43.7853427,-2.08,"sodium voltage-gated channel alpha subunit 7","228504_at",0.349,0.01626784,-2.59,-4.8697,-1.69,"sodium voltage-gated channel alpha subunit 7","228504_at",0.000924,0.000231,-4.279721,0.042751,-1.67815615,"sodium voltage-gated channel alpha subunit 7"
"544","SCO2","205241_at",2.72e-37,1.9e-39,17.4,79.1403747,3.17,"SCO2 cytochrome c oxidase assembly protein","205241_at",0.229,0.00281019,3.34,-3.19503,1.19,"SCO2 cytochrome c oxidase assembly protein","205241_at",0.00111,0.000285,4.1983543,-0.165304,0.77266244,"SCO2 cytochrome c oxidase assembly protein"
"545","SCUBE3","217600_at",1.58e-09,2.48e-10,-6.73,12.597659,-0.892,"signal peptide, CUB domain and EGF like domain containing 3","228407_at",0.379,0.02083565,-2.48,-5.09988,-1.45,"signal peptide, CUB domain and EGF like domain containing 3","217600_at",0.0132,0.00526,-3.0502993,-2.978861,-0.785924,"signal peptide, CUB domain and EGF like domain containing 3"
"546","SEL1L3","212314_at",1.28e-12,1.41e-13,8.05,19.9615201,1.09,"SEL1L family member 3","212314_at",0.428,0.02983481,2.31,-5.43025,0.728,"SEL1L family member 3","212311_at",2.42e-09,1.96e-11,11.2852269,16.246692,3.16835547,"SEL1L family member 3"
"547","SELE","206211_at",1.18e-12,1.3e-13,8.07,20.0407661,2.37,"selectin E","206211_at",0.167,0.00069027,3.91,-1.82117,3.01,"selectin E","206211_at",0.0043,0.00141,3.5777739,-1.722068,1.16803427,"selectin E"
"548","SELL","204563_at",7.62e-17,5.31e-18,9.72,30.0406479,1.84,"selectin L","204563_at",0.328,0.01354335,2.67,-4.69808,1.18,"selectin L","204563_at",4.2e-08,1.07e-09,9.306596,12.272497,2.46097596,"selectin L"
"549","SELP","206049_at",6.4e-06,1.54e-06,4.98,4.0797221,0.961,"selectin P","206049_at",0.318,0.01237849,2.71,-4.61355,0.742,"selectin P","206049_at",6.82e-06,6.72e-07,6.5377772,5.83583,1.09094669,"selectin P"
"550","SELPLG","209879_at",3.24e-08,5.93e-09,6.13,9.4876,0.974,"selectin P ligand","209879_at",0.236,0.00318134,3.29,-3.31521,1.28,"selectin P ligand","209879_at",1.3e-07,4.58e-09,8.6419955,10.820606,1.35171636,"selectin P ligand"
"551","SEPP1","229620_at",7.32e-10,1.11e-10,-6.88,13.3862617,-0.964,"selenoprotein P, plasma, 1","229620_at",0.244,0.00398599,-3.19,-3.53304,-0.658,"selenoprotein P, plasma, 1","229620_at",0.00107,0.000276,-4.2117783,-0.131025,-0.6998611,"selenoprotein P, plasma, 1"
"552","SEPTIN11","201307_at",6.87e-21,3.04e-22,-11.2,39.7365628,-1,"septin 11","214293_at",0.267,0.00679654,-2.97,-4.0451,-0.654,"septin 11","214293_at",0.000351,7.42e-05,4.7131035,1.15937,0.70095592,"septin 11"
"553","SERPINA1","211429_s_at",2.14e-37,1.46e-39,17.4,79.4011566,4.23,"serpin family A member 1","211429_s_at",0.475,0.04148984,2.16,-5.72942,1.03,"serpin family A member 1","202833_s_at",2.29e-10,5.07e-13,13.3236351,19.841899,3.10824108,"serpin family A member 1"
"554","SERPINB1","212268_at",4.7e-41,2e-43,18.9,88.2532621,2.41,"serpin family B member 1","212268_at",0.459,0.03776849,2.2,-5.64463,0.776,"serpin family B member 1","212268_at",3.33e-07,1.54e-08,8.108489,9.61146,1.69720142,"serpin family B member 1"
"555","SERPINB9","242814_at",1.07e-17,6.7e-19,10,32.0929733,1.36,"serpin family B member 9","209723_at",0.494,0.04635881,2.1,-5.82902,0.682,"serpin family B member 9","242814_at",0.000142,2.56e-05,5.1189107,2.210795,1.31532691,"serpin family B member 9"
"556","SGK2","220357_s_at",0.000947,0.000306,-3.69,-0.9816432,-0.687,"SGK2, serine/threonine kinase 2","230573_at",0.294,0.0097474,-2.81,-4.38796,-1.98,"SGK2, serine/threonine kinase 2","230573_at",0.0478,0.024,-2.3987436,-4.392513,-1.03722736,"SGK2, serine/threonine kinase 2"
"557","SGO2","230165_at",3.48e-22,1.32e-23,11.7,42.8537408,1.2,"shugoshin 2","230165_at",0.331,0.01399147,2.66,-4.72863,0.858,"shugoshin 2","230165_at",0.000221,4.31e-05,4.9200566,1.695404,0.61033625,"shugoshin 2"
"558","SH3BGRL2","225354_s_at",5.75e-17,3.93e-18,-9.76,30.3375302,-1.29,"SH3 domain binding glutamate rich protein like 2","225354_s_at",0.403,0.02507203,-2.39,-5.27076,-0.946,"SH3 domain binding glutamate rich protein like 2","225354_s_at",0.0121,0.00471,-3.0955741,-2.874275,-0.72264309,"SH3 domain binding glutamate rich protein like 2"
"559","SH3BP2","209371_s_at",0.000209,6.12e-05,-4.11,0.5419405,-0.908,"SH3 domain binding protein 2","211250_s_at",0.169,0.0007249,3.89,-1.86944,0.745,"SH3 domain binding protein 2","211250_s_at",0.000225,4.4e-05,4.912636,1.676172,0.64185035,"SH3 domain binding protein 2"
"560","SHROOM3","228400_at",8.04e-08,1.54e-08,-5.95,8.5570774,-0.949,"shroom family member 3","228400_at",0.403,0.02510728,-2.39,-5.27206,-1.37,"shroom family member 3","225548_at",0.000136,2.44e-05,-5.1381126,2.260548,-1.22477644,"shroom family member 3"
"561","SIK3","204157_s_at",3.68e-17,2.46e-18,9.84,30.8038554,1.58,"SIK family kinase 3","204157_s_at",0.329,0.01361777,2.67,-4.70323,0.793,"SIK family kinase 3","1563455_at",0.000493,0.00011,-4.5621539,0.769204,-0.89668986,"SIK family kinase 3"
"562","SIPA1L1","237032_x_at",3.05e-25,8.23e-27,12.9,50.1895468,1.74,"signal induced proliferation associated 1 like 1","202254_at",0.236,0.00322851,-3.28,-3.32945,-0.621,"signal induced proliferation associated 1 like 1","237032_x_at",0.000427,9.34e-05,4.6255123,0.932851,0.87658002,"signal induced proliferation associated 1 like 1"
"563","SIX1","228347_at",0.000125,3.57e-05,-4.25,1.0573255,-1.37,"SIX homeobox 1","228347_at",0.268,0.00688775,-2.96,-4.05783,-2.41,"SIX homeobox 1","228347_at",7.27e-05,1.15e-05,5.4252601,3.003527,1.86810628,"SIX homeobox 1"
"564","SLA","203761_at",2.17e-08,3.91e-09,6.21,9.896636,0.982,"Src-like-adaptor","203761_at",0.258,0.00556707,3.05,-3.85423,0.633,"Src-like-adaptor","203761_at",1.93e-07,7.69e-09,8.4119449,10.303971,1.41088272,"Src-like-adaptor"
"565","SLAMF8","219386_s_at",2.36e-13,2.42e-14,8.35,21.7014875,1.48,"SLAM family member 8","219386_s_at",0.204,0.00172979,3.54,-2.72285,1.52,"SLAM family member 8","219385_at",1.16e-07,3.97e-09,8.7065034,10.964176,2.0783404,"SLAM family member 8"
"566","SLC16A14","238029_s_at",1.91e-11,2.4e-12,7.56,17.1606,0.585,"solute carrier family 16 member 14","238029_s_at",0.319,0.01241992,2.71,-4.61669,1.16,"solute carrier family 16 member 14","238029_s_at",1.08e-06,6.83e-08,-7.4725799,8.120249,-1.00504252,"solute carrier family 16 member 14"
"567","SLC16A7","207057_at",0.000404,0.000123,-3.93,-0.1231069,-0.934,"solute carrier family 16 member 7","230003_at",0.196,0.00134008,-3.64,-2.47325,-0.825,"solute carrier family 16 member 7","241925_x_at",0.00889,0.00331,-3.2395148,-2.537295,-0.60188963,"solute carrier family 16 member 7"
"568","SLC25A29","225306_s_at",1.1e-06,2.42e-07,-5.38,5.8728888,-0.595,"solute carrier family 25 member 29","225305_at",0.252,0.00474988,-3.12,-3.70185,-0.703,"solute carrier family 25 member 29","232280_at",9.16e-07,5.56e-08,-7.5590107,8.32605,-1.14033982,"solute carrier family 25 member 29"
"569","SLC25A35","228836_at",6.02e-05,1.64e-05,-4.44,1.8019612,-0.944,"solute carrier family 25 member 35","228836_at",0.283,0.0084243,-2.88,-4.24959,-0.844,"solute carrier family 25 member 35","228836_at",3.89e-05,5.45e-06,5.7148998,3.749569,0.76893996,"solute carrier family 25 member 35"
"570","SLC38A10","230448_at",9.84e-16,7.72e-17,9.29,27.3877023,1.34,"solute carrier family 38 member 10","230448_at",0.351,0.01655333,2.58,-4.88594,0.607,"solute carrier family 38 member 10","230448_at",2.57e-06,2.04e-07,7.0191752,7.025203,1.38469149,"solute carrier family 38 member 10"
"571","SLITRK6","232176_at",2.84e-15,2.33e-16,-9.11,26.2918111,-1.1,"SLIT and NTRK like family member 6","232176_at",0.385,0.02173465,-2.46,-5.13898,-0.617,"SLIT and NTRK like family member 6","232481_s_at",1.19e-08,1.95e-10,-10.120829,13.969782,-2.08258399,"SLIT and NTRK like family member 6"
"572","SNCA","211546_x_at",1.64e-11,2.05e-12,-7.59,17.3192518,-0.627,"synuclein alpha","236081_at",0.394,0.0232959,-2.43,-5.20306,-0.993,"synuclein alpha","204467_s_at",0.0159,0.00654,-2.9602278,-3.184779,-0.58977912,"synuclein alpha"
"573","SNTB1","214708_at",7.69e-06,1.87e-06,-4.94,3.8912536,-0.614,"syntrophin beta 1","226438_at",0.229,0.00268492,-3.36,-3.1508,-0.639,"syntrophin beta 1","208608_s_at",0.00437,0.00144,-3.569806,-1.741599,-0.5997558,"syntrophin beta 1"
"574","SNX20","228869_at",1.88e-17,1.21e-18,9.95,31.506437,1.59,"sorting nexin 20","228869_at",0.144,0.00039078,4.14,-1.25855,1.25,"sorting nexin 20","228869_at",5.93e-08,1.67e-09,9.100802,11.829363,1.43548759,"sorting nexin 20"
"575","SOAT1","228479_at",3.24e-08,5.93e-09,-6.13,9.4880119,-0.787,"sterol O-acyltransferase 1","228479_at",0.335,0.01454967,-2.64,-4.7653,-0.885,"sterol O-acyltransferase 1","221561_at",0.00201,0.000579,3.9259061,-0.85631,1.04026302,"sterol O-acyltransferase 1"
"576","SOBP","218974_at",3.11e-18,1.83e-19,-10.2,33.3781326,-1.85,"sine oculis binding protein homolog","218974_at",0.377,0.02050339,-2.49,-5.08498,-0.996,"sine oculis binding protein homolog","229034_at",2.82e-06,2.3e-07,6.9709376,6.907221,1.04736321,"sine oculis binding protein homolog"
"577","SOCS1","210001_s_at",2.69e-16,1.98e-17,9.51,28.7357493,1.35,"suppressor of cytokine signaling 1","210001_s_at",0.275,0.00757715,2.92,-4.14877,0.805,"suppressor of cytokine signaling 1","210001_s_at",1.17e-06,7.62e-08,7.4271784,8.011759,1.88996558,"suppressor of cytokine signaling 1"
"578","SOCS3","227697_at",2.73e-19,1.44e-20,10.6,35.9058866,1.31,"suppressor of cytokine signaling 3","227697_at",0.169,0.00070902,3.9,-1.84759,1.95,"suppressor of cytokine signaling 3","206359_at",2.66e-07,1.17e-08,8.2285744,9.886998,2.1763153,"suppressor of cytokine signaling 3"
"579","SORBS2","233720_at",9.09e-07,1.97e-07,-5.43,6.0714098,-0.7,"sorbin and SH3 domain containing 2","227826_s_at",0.499,0.04755745,-2.09,-5.85185,-0.859,"sorbin and SH3 domain containing 2","204288_s_at",0.0173,0.00724,-2.9179082,-3.280498,-0.63745064,"sorbin and SH3 domain containing 2"
"580","SORD","230782_at",1.25e-10,1.73e-11,-7.22,15.2174155,-1.15,"sorbitol dehydrogenase","230782_at",0.406,0.02581697,-2.38,-5.29769,-1.12,"sorbitol dehydrogenase","230782_at",0.000603,0.000139,-4.4732421,0.539914,-1.38149221,"sorbitol dehydrogenase"
"581","SOX9-AS1","230419_at",4.77e-11,6.3e-12,-7.4,16.2120586,-0.888,"SOX9 antisense RNA 1","230419_at",0.451,0.03564933,-2.23,-5.59234,-0.864,"SOX9 antisense RNA 1","230419_at",0.0203,0.00872,-2.8397959,-3.455355,-0.80164115,"SOX9 antisense RNA 1"
"582","SP110","209762_x_at",5.38e-30,8.29e-32,14.6,61.6361617,1.54,"SP110 nuclear body protein","209762_x_at",0.329,0.01372111,2.67,-4.71032,0.783,"SP110 nuclear body protein","209762_x_at",1.07e-07,3.59e-09,8.7516041,11.064215,0.96539107,"SP110 nuclear body protein"
"583","SPC25","209891_at",9.67e-34,9.7e-36,16,70.6450743,2.39,"SPC25, NDC80 kinetochore complex component","209891_at",0.292,0.00930832,2.83,-4.34429,1.42,"SPC25, NDC80 kinetochore complex component","209891_at",0.0276,0.0125,2.6855297,-3.793313,0.59713716,"SPC25, NDC80 kinetochore complex component"
"584","SPOCK2","202524_s_at",5.37e-15,4.55e-16,9,25.6304207,1.3,"sparc/osteonectin, cwcv and kazal-like domains proteoglycan (testican) 2","202524_s_at",0.243,0.00390317,3.2,-3.51279,0.748,"sparc/osteonectin, cwcv and kazal-like domains proteoglycan (testican) 2","202523_s_at",2.54e-07,1.1e-08,8.255979,9.949605,1.44111759,"sparc/osteonectin, cwcv and kazal-like domains proteoglycan (testican) 2"
"585","SPTBN1","242220_at",5.7e-11,7.58e-12,-7.36,16.0285095,-0.884,"spectrin beta, non-erythrocytic 1","226342_at",0.255,0.0051669,-3.08,-3.78268,-0.623,"spectrin beta, non-erythrocytic 1","214856_at",0.00175,0.000494,-3.9877739,-0.700268,-0.61770313,"spectrin beta, non-erythrocytic 1"
"586","SPTLC2","203127_s_at",6.44e-61,2.35e-64,27.6,136.0767679,4.43,"serine palmitoyltransferase long chain base subunit 2","203127_s_at",0.323,0.01308384,2.69,-4.66566,1.09,"serine palmitoyltransferase long chain base subunit 2","216202_s_at",0.00141,0.000381,4.0869718,-0.44895,0.65853819,"serine palmitoyltransferase long chain base subunit 2"
"587","SRGN","201858_s_at",6.39e-08,1.21e-08,5.99,8.7912836,1.22,"serglycin","201859_at",0.261,0.00591605,3.03,-3.91247,0.75,"serglycin","201858_s_at",2.31e-08,4.78e-10,9.6864072,13.075271,1.77771881,"serglycin"
"588","SSBP2","238484_s_at",1.13e-14,9.87e-16,-8.88,24.8641625,-1.35,"single stranded DNA binding protein 2","238484_s_at",0.139,0.00031069,-4.23,-1.03097,-1.06,"single stranded DNA binding protein 2","238483_at",1.51e-05,1.77e-06,-6.1546351,4.871746,-0.6899674,"single stranded DNA binding protein 2"
"589","ST8SIA4","230836_at",1.46e-13,1.46e-14,8.43,22.1975193,1.34,"ST8 alpha-N-acetyl-neuraminide alpha-2,8-sialyltransferase 4","230261_at",0.229,0.00283675,3.33,-3.20415,1.11,"ST8 alpha-N-acetyl-neuraminide alpha-2,8-sialyltransferase 4","242943_at",2.65e-09,2.21e-11,11.2224666,16.128315,2.1198248,"ST8 alpha-N-acetyl-neuraminide alpha-2,8-sialyltransferase 4"
"590","STARD5","213820_s_at",1.79e-17,1.15e-18,9.96,31.5554081,0.732,"StAR related lipid transfer domain containing 5","213820_s_at",0.464,0.03876243,2.19,-5.66811,0.633,"StAR related lipid transfer domain containing 5","213820_s_at",4.86e-06,4.46e-07,-6.7024648,6.245637,-0.8268418,"StAR related lipid transfer domain containing 5"
"591","STAT1","AFFX-HUMISGF3A/M97935_MA_at",5.62e-35,4.95e-37,16.5,73.6052364,3.61,"signal transducer and activator of transcription 1","209969_s_at",0.247,0.00419882,3.17,-3.58318,1.37,"signal transducer and activator of transcription 1","209969_s_at",1.64e-05,1.95e-06,6.1157691,4.773182,1.98366367,"signal transducer and activator of transcription 1"
"592","STK17B","205214_at",1.22e-15,9.72e-17,9.25,27.1588163,1.31,"serine/threonine kinase 17b","205214_at",0.39,0.02257342,2.44,-5.17398,1.26,"serine/threonine kinase 17b","217503_at",0.000232,4.55e-05,4.8992447,1.641467,1.09659296,"serine/threonine kinase 17b"
"593","STK4","205411_at",6.24e-11,8.36e-12,7.35,15.9323011,0.652,"serine/threonine kinase 4","243981_at",0.322,0.01284131,2.69,-4.64807,0.721,"serine/threonine kinase 4","205411_at",0.00227,0.000669,3.8703551,-0.99592,0.58869578,"serine/threonine kinase 4"
"594","STRIP2","231880_at",4.03e-13,4.22e-14,8.25,21.1504413,1.11,"striatin interacting protein 2","231880_at",0.493,0.04580877,2.11,-5.81833,0.718,"striatin interacting protein 2","1555292_at",0.000229,4.48e-05,4.9053956,1.657407,1.1856411,"striatin interacting protein 2"
"595","STUM","213925_at",2.97e-34,2.82e-36,-16.2,71.8724834,-2.75,"stum, mechanosensory transduction mediator homolog","213925_at",0.348,0.01624513,-2.59,-4.8684,-1.14,"stum, mechanosensory transduction mediator homolog","213925_at",7.3e-05,1.16e-05,-5.4230644,2.997856,-0.94178784,"stum, mechanosensory transduction mediator homolog"
"596","STYK1","220030_at",7.04e-32,8.6e-34,15.3,66.1814428,2.73,"serine/threonine/tyrosine kinase 1","221696_s_at",0.292,0.00922555,2.84,-4.33582,0.845,"serine/threonine/tyrosine kinase 1","221696_s_at",0.0215,0.00934,-2.8111806,-3.518801,-0.63878639,"serine/threonine/tyrosine kinase 1"
"597","SUSD2","227480_at",8.99e-13,9.76e-14,-8.11,20.3224435,-1.44,"sushi domain containing 2","227480_at",0.255,0.0048592,-3.11,-3.72372,-0.799,"sushi domain containing 2","234310_s_at",6.71e-06,6.59e-07,-6.5456191,5.85541,-0.70135408,"sushi domain containing 2"
"598","SVIP","226278_at",6.7e-06,1.62e-06,-4.97,4.0314753,-0.734,"small VCP interacting protein","226278_at",0.139,0.00027471,-4.28,-0.90866,-0.818,"small VCP interacting protein","230285_at",0.00119,0.000311,-4.1649489,-0.250523,-0.78036022,"small VCP interacting protein"
"599","SYBU","218692_at",3.04e-17,2.02e-18,-9.87,31.0009354,-1.25,"syntabulin","218692_at",0.288,0.00889123,-2.85,-4.30081,-0.629,"syntabulin","218692_at",0.000391,8.42e-05,-4.6650406,1.035039,-0.94887092,"syntabulin"
"600","SYK","207540_s_at",1.56e-22,5.68e-24,11.9,43.6907642,0.961,"spleen associated tyrosine kinase","207540_s_at",0.229,0.00267512,3.36,-3.14725,0.799,"spleen associated tyrosine kinase","207540_s_at",4.78e-08,1.27e-09,9.2276904,12.103272,0.93117186,"spleen associated tyrosine kinase"
"601","SYN2","210247_at",8.53e-08,1.64e-08,-5.93,8.4962607,-0.873,"synapsin II","210247_at",0.266,0.00671858,-2.97,-4.03409,-1.69,"synapsin II","210247_at",9.78e-05,1.64e-05,-5.288878,2.65094,-1.17587788,"synapsin II"
"602","TACC3","218308_at",3.75e-15,3.13e-16,9.06,25.9999318,0.838,"transforming acidic coiled-coil containing protein 3","218308_at",0.139,0.00030739,4.23,-1.02035,0.801,"transforming acidic coiled-coil containing protein 3","218308_at",0.000571,0.000131,4.4972905,0.601885,0.74521434,"transforming acidic coiled-coil containing protein 3"
"603","TAGAP","229723_at",1.78e-06,4.01e-07,5.28,5.3812224,1.1,"T-cell activation RhoGTPase activating protein","229723_at",0.277,0.00777969,2.91,-4.17389,1.03,"T-cell activation RhoGTPase activating protein","1552542_s_at",1.19e-05,1.32e-06,6.2691512,5.161372,1.96672211,"T-cell activation RhoGTPase activating protein"
"604","TAP1","202307_s_at",1.71e-20,7.88e-22,11.1,38.7892859,0.777,"transporter 1, ATP binding cassette subfamily B member","202307_s_at",0.403,0.02508062,2.39,-5.27108,0.745,"transporter 1, ATP binding cassette subfamily B member","202307_s_at",0.00374,0.0012,3.6418953,-1.564384,0.61304528,"transporter 1, ATP binding cassette subfamily B member"
"605","TAP2","204770_at",7.28e-17,5.05e-18,9.72,30.0898357,1.53,"transporter 2, ATP binding cassette subfamily B member","225973_at",0.397,0.02373114,2.42,-5.22014,0.741,"transporter 2, ATP binding cassette subfamily B member","208428_at",0.000582,0.000134,4.4890186,0.580565,1.28099254,"transporter 2, ATP binding cassette subfamily B member"
"606","TARP","216920_s_at",1.88e-09,2.98e-10,6.7,12.4173734,1.5,"TCR gamma alternate reading frame protein///T cell receptor gamma variable 9///T cell receptor gamma constant 2","216920_s_at",0.461,0.03814446,2.2,-5.65359,0.675,"TCR gamma alternate reading frame protein///T cell receptor gamma variable 9///T cell receptor gamma constant 2","216298_at",0.000282,5.73e-05,4.8118226,1.414958,1.20600596,"TCR gamma alternate reading frame protein"
"607","TBX18","242107_x_at",8.58e-19,4.81e-20,-10.5,34.7057432,-1.4,"T-box 18","242107_x_at",0.252,0.00472864,-3.12,-3.69754,-0.725,"T-box 18","242107_x_at",0.000265,5.34e-05,-4.8388112,1.484872,-0.90585115,"T-box 18"
"608","TCF7L2","216035_x_at",3.32e-25,9.03e-27,-12.8,50.097511,-0.642,"transcription factor 7 like 2","216035_x_at",0.201,0.00146028,-3.61,-2.55732,-0.639,"transcription factor 7 like 2","236094_at",0.000696,0.000165,-4.4081556,0.372383,-0.75361122,"transcription factor 7 like 2"
"609","TCN1","205513_at",9.65e-71,1.77e-74,32.5,159.0966798,8.66,"transcobalamin 1","205513_at",0.35,0.01639472,2.59,-4.87696,2.24,"transcobalamin 1","205513_at",2.25e-06,1.73e-07,7.0867998,7.190135,4.97804386,"transcobalamin 1"
"610","THEMIS2","207571_x_at",4.18e-12,4.88e-13,7.84,18.7329494,0.625,"thymocyte selection associated family member 2","210785_s_at",0.255,0.00516501,3.09,-3.78233,0.946,"thymocyte selection associated family member 2","210785_s_at",1.74e-09,1.24e-11,11.5280871,16.700248,2.40546654,"thymocyte selection associated family member 2"
"611","THY1","208850_s_at",0.0976,0.047,2,-5.5536302,0.6,"Thy-1 cell surface antigen","213869_x_at",0.466,0.0393786,2.18,-5.68234,0.934,"Thy-1 cell surface antigen","208850_s_at",3.7e-11,2.65e-14,15.1639298,22.712798,2.85420367,"Thy-1 cell surface antigen"
"612","TIFAB","239529_at",2.68e-12,3.06e-13,7.92,19.1922239,0.781,"TIFA inhibitor///dendritic cell associated nuclear protein","239529_at",0.204,0.00170205,3.54,-2.70707,0.763,"TIFA inhibitor///dendritic cell associated nuclear protein","236673_at",9.25e-05,1.54e-05,5.3141184,2.716241,1.13336164,"TIFA inhibitor"
"613","TLE3","206472_s_at",3.23e-55,2.07e-58,24.9,122.5202507,3.51,"transducin like enhancer of split 3","212769_at",0.339,0.01490973,2.63,-4.78819,0.643,"transducin like enhancer of split 3","212769_at",0.00101,0.000256,4.2405546,-0.05748,0.7485244,"transducin like enhancer of split 3"
"614","TMC8","227353_at",9.03e-07,1.96e-07,5.43,6.0777868,1.02,"transmembrane channel like 8","227353_at",0.255,0.00500719,3.1,-3.75254,0.768,"transmembrane channel like 8","227353_at",0.000123,2.15e-05,5.1853717,2.382973,1.15522302,"transmembrane channel like 8"
"615","TMEM132C","232313_at",1.63e-25,4.26e-27,-13,50.8448096,-2.54,"transmembrane protein 132C","232313_at",0.438,0.03193113,-2.28,-5.49222,-1.11,"transmembrane protein 132C","232313_at",0.00276,0.000842,-3.7807262,-1.22009,-1.10265816,"transmembrane protein 132C"
"616","TMEM139","227753_at",5.33e-19,2.91e-20,-10.5,35.2043223,-2.4,"transmembrane protein 139","227753_at",0.446,0.03435952,-2.25,-5.5589,-0.963,"transmembrane protein 139","227753_at",0.000282,5.74e-05,-4.8108225,1.412368,-1.35047819,"transmembrane protein 139"
"617","TMEM178A","229302_at",1.52e-12,1.68e-13,-8.02,19.7831066,-1.57,"transmembrane protein 178A","229302_at",0.453,0.03607272,-2.22,-5.60304,-0.988,"transmembrane protein 178A","229302_at",0.00261,0.000787,-3.8071637,-1.154113,-0.92664355,"transmembrane protein 178A"
"618","TMEM206","222752_s_at",6.23e-22,2.44e-23,11.6,42.2429371,1.53,"transmembrane protein 206","222752_s_at",0.245,0.00411601,3.18,-3.56398,0.873,"transmembrane protein 206","222752_s_at",2.48e-09,2.03e-11,11.2673948,16.213106,1.08336622,"transmembrane protein 206"
"619","TMEM255A","219895_at",7.62e-25,2.18e-26,-12.7,49.2201491,-2.33,"transmembrane protein 255A","219895_at",0.347,0.01593115,-2.6,-4.85017,-1.27,"transmembrane protein 255A","219895_at",2.52e-07,1.09e-08,-8.2594088,9.957434,-2.01906214,"transmembrane protein 255A"
"620","TMEM63A","214833_at",5.57e-14,5.28e-15,-8.6,23.2054973,-0.786,"transmembrane protein 63A","228549_at",0.401,0.02451803,-2.4,-5.2502,-0.616,NA,"214833_at",0.00191,0.000547,-3.9483503,-0.799768,-0.63811688,"transmembrane protein 63A"
"621","TMEM79","223544_at",9.69e-38,6.44e-40,17.6,80.2171879,1.01,"transmembrane protein 79","223544_at",0.493,0.04612802,2.11,-5.82455,0.587,"transmembrane protein 79","223544_at",7.04e-05,1.11e-05,-5.4400723,3.041779,-1.159036,"transmembrane protein 79"
"622","TMEM91","229957_at",1.44e-15,1.15e-16,-9.22,26.992752,-0.73,"transmembrane protein 91","229957_at",0.446,0.03439731,-2.25,-5.5599,-0.991,"transmembrane protein 91","229957_at",0.02,0.00858,-2.8470344,-3.439253,-0.58728051,"transmembrane protein 91"
"623","TMPRSS4","218960_at",4.6e-42,1.7e-44,19.3,90.7023244,4.82,"transmembrane protease, serine 4","218960_at",0.337,0.01471788,2.63,-4.77607,2.28,"transmembrane protease, serine 4","218960_at",0.0158,0.0065,2.9631494,-3.178146,1.20086606,"transmembrane protease, serine 4"
"624","TNFAIP3","202643_s_at",1.9e-10,2.7e-11,7.14,14.7791764,0.743,"TNF alpha induced protein 3","202643_s_at",0.41,0.02663191,2.37,-5.32624,0.806,"TNF alpha induced protein 3","202643_s_at",0.000372,7.94e-05,4.6874597,1.093023,0.83097051,"TNF alpha induced protein 3"
"625","TNFRSF21","214581_x_at",7.05e-25,2e-26,12.7,49.3047167,1.61,"TNF receptor superfamily member 21","218856_at",0.258,0.00553922,3.06,-3.84942,0.771,"TNF receptor superfamily member 21","214581_x_at",0.00468,0.00156,3.5387548,-1.817576,0.84900622,"TNF receptor superfamily member 21"
"626","TNN","215271_at",8.86e-05,2.47e-05,-4.34,1.4082586,-0.928,"tenascin N","215271_at",0.363,0.01829499,-2.54,-4.97916,-1.02,"tenascin N","215271_at",0.0294,0.0135,-2.6532526,-3.862712,-1.21282705,"tenascin N"
"627","TOR1AIP2","230241_at",1.2e-26,2.79e-28,13.4,53.5545346,1.69,"torsin 1A interacting protein 2","230241_at",0.242,0.00359539,3.24,-3.43351,0.676,"torsin 1A interacting protein 2","1569676_at",4.09e-06,3.63e-07,-6.7854298,6.450961,-1.33104037,"torsin 1A interacting protein 2"
"628","TP53I3","210609_s_at",2.17e-19,1.13e-20,10.7,36.1444385,1.57,"tumor protein p53 inducible protein 3","210609_s_at",0.154,0.00047811,4.05,-1.45832,0.593,"tumor protein p53 inducible protein 3","210609_s_at",3.7e-11,2.6e-14,15.1747876,22.72879,1.39631359,"tumor protein p53 inducible protein 3"
"629","TPT1-AS1","227710_s_at",5.6e-13,5.94e-14,-8.2,20.812444,-0.601,"TPT1 antisense RNA 1","227709_at",0.404,0.02533055,-2.39,-5.2802,-0.619,"TPT1 antisense RNA 1","226407_at",0.00121,0.000318,4.1563866,-0.272346,0.82284645,"TPT1 antisense RNA 1"
"630","TRAC","210972_x_at",0.000971,0.000314,3.68,-1.0067628,0.663,"T-cell receptor alpha constant///T cell receptor alpha joining 17///T cell receptor alpha variable 20///T cell receptor delta variable 2","209670_at",0.247,0.00423171,3.17,-3.59069,1.04,"T-cell receptor alpha constant","209671_x_at",9.76e-06,1.04e-06,6.3645572,5.401732,0.89160861,"T-cell receptor alpha constant"
"631","TRAF3IP3","213888_s_at",3.73e-14,3.46e-15,8.67,23.6228194,1.39,"TRAF3 interacting protein 3","213888_s_at",0.213,0.00221615,3.44,-2.96434,0.957,"TRAF3 interacting protein 3","205804_s_at",1.3e-06,8.71e-08,7.371363,7.878023,1.40993404,"TRAF3 interacting protein 3"
"632","TRBC1","213193_x_at",6.32e-14,6.03e-15,8.58,23.0736361,1.7,"T cell receptor beta constant 1","210915_x_at",0.289,0.00899622,2.85,-4.31195,1.49,"T cell receptor beta constant 1","210915_x_at",4.52e-08,1.18e-09,9.2619022,12.176748,1.28076783,"T cell receptor beta constant 1"
"633","TRHDE-AS1","1560697_at",5.92e-05,1.61e-05,-4.44,1.8187084,-0.617,"TRHDE antisense RNA 1","1560697_at",0.135,0.00020997,-4.38,-0.64123,-1.38,"TRHDE antisense RNA 1","1560697_at",0.0307,0.0142,-2.6305899,-3.911156,-0.60810297,"TRHDE antisense RNA 1"
"634","TRIM14","203147_s_at",2.58e-28,4.91e-30,14,57.5754727,2.46,"tripartite motif containing 14","203148_s_at",0.468,0.03973569,2.18,-5.69049,0.731,"tripartite motif containing 14","231934_at",1.17e-08,1.89e-10,10.1340641,13.996642,1.00118091,"tripartite motif containing 14"
"635","TSPAN8","203824_at",9.09e-20,4.55e-21,-10.8,37.0470587,-2.27,"tetraspanin 8","203824_at",0.253,0.00478598,-3.12,-3.70913,-1.41,"tetraspanin 8","203824_at",0.000101,1.71e-05,-5.2746508,2.614123,-3.03371437,"tetraspanin 8"
"636","TXNL1","235561_at",2.2e-22,8.16e-24,-11.8,43.3300177,-1.67,"thioredoxin like 1","235561_at",0.195,0.00119591,-3.69,-2.3617,-1.09,"thioredoxin like 1","235561_at",2.63e-07,1.15e-08,-8.2363963,9.904878,-0.95468852,"thioredoxin like 1"
"637","TYMP","217497_at",4.91e-42,1.85e-44,19.3,90.617701,3.23,"thymidine phosphorylase","204858_s_at",0.191,0.00111009,3.72,-2.28865,1.56,"thymidine phosphorylase","217497_at",1.2e-05,1.34e-06,6.2648011,5.150392,1.54216264,"thymidine phosphorylase"
"638","TYMS","1554696_s_at",6.24e-25,1.76e-26,12.7,49.4310943,1.14,"thymidylate synthetase","1554696_s_at",0.353,0.01674392,2.58,-4.89662,1.04,"thymidylate synthetase","217684_at",2.58e-06,2.05e-07,-7.0170929,7.020116,-1.09415856,"thymidylate synthetase"
"639","TYROBP","204122_at",2.55e-05,6.6e-06,4.65,2.6745319,0.754,"TYRO protein tyrosine kinase binding protein","204122_at",0.358,0.01759474,2.55,-4.94283,0.985,"TYRO protein tyrosine kinase binding protein","204122_at",2.27e-09,1.8e-11,11.3291271,16.329209,1.38990256,"TYRO protein tyrosine kinase binding protein"
"640","UACA","238868_at",1.34e-16,9.6e-18,-9.62,29.4529553,-1.32,"uveal autoantigen with coiled-coil domains and ankyrin repeats","238868_at",0.392,0.02294527,-2.43,-5.18907,-1,"uveal autoantigen with coiled-coil domains and ankyrin repeats","1558356_at",0.00285,0.000875,-3.7660204,-1.256735,-0.61334319,"uveal autoantigen with coiled-coil domains and ankyrin repeats"
"641","UBD","205890_s_at",1.11e-06,2.43e-07,5.38,5.8694948,1.03,"ubiquitin D///gamma-aminobutyric acid type B receptor subunit 1","205890_s_at",0.428,0.02985185,2.31,-5.43078,1.51,"ubiquitin D///gamma-aminobutyric acid type B receptor subunit 1","205890_s_at",3.92e-09,3.92e-11,10.9245433,15.55974,2.87792913,"ubiquitin D///gamma-aminobutyric acid type B receptor subunit 1"
"642","UGGT1","218257_s_at",6.58e-32,7.98e-34,15.3,66.2558318,1.99,"UDP-glucose glycoprotein glucosyltransferase 1","218257_s_at",0.193,0.00114919,3.7,-2.32262,0.696,"UDP-glucose glycoprotein glucosyltransferase 1","218257_s_at",4.57e-06,4.15e-07,6.7318137,6.318358,1.02793231,"UDP-glucose glycoprotein glucosyltransferase 1"
"643","UHRF1BP1L","213120_at",2.26e-05,5.81e-06,-4.68,2.7980451,-0.864,"UHRF1 binding protein 1 like","213120_at",0.411,0.02671212,2.36,-5.329,0.752,"UHRF1 binding protein 1 like","1562098_at",5.77e-07,3.12e-08,7.8033965,8.902692,0.94938914,"UHRF1 binding protein 1 like"
"644","USP47","223119_s_at",1.15e-15,9.08e-17,-9.26,27.2264453,-1.57,"ubiquitin specific peptidase 47","223119_s_at",0.204,0.00164169,-3.56,-2.6718,-0.621,"ubiquitin specific peptidase 47","223119_s_at",6.97e-07,3.96e-08,-7.7026995,8.666041,-0.83354623,"ubiquitin specific peptidase 47"
"645","VIT","227899_at",7.88e-11,1.07e-11,-7.3,15.6906503,-1.95,"vitrin","227899_at",0.319,0.01245808,-2.71,-4.61958,-0.782,"vitrin","227899_at",9.67e-06,1.03e-06,-6.3691491,5.413278,-1.36912683,"vitrin"
"646","VMP1","1569003_at",6.11e-27,1.39e-28,13.5,54.2513961,1.94,"vacuole membrane protein 1","1569003_at",0.283,0.00838584,2.88,-4.24524,1.12,"vacuole membrane protein 1","1569003_at",0.000334,6.99e-05,4.7360586,1.218778,1.16009452,"vacuole membrane protein 1"
"647","VPS13D","212326_at",3.98e-14,3.71e-15,-8.66,23.5544304,-0.66,"vacuolar protein sorting 13 homolog D","1557571_at",0.416,0.02764065,2.35,-5.36034,1.1,"vacuolar protein sorting 13 homolog D","212324_s_at",1.67e-05,1.99e-06,-6.1068389,4.750517,-0.6766555,"vacuolar protein sorting 13 homolog D"
"648","WDFY2","243514_at",8.6e-10,1.32e-10,-6.85,13.2213564,-0.913,"WD repeat and FYVE domain containing 2","1560112_at",0.195,0.00120496,3.68,-2.36909,0.891,"WD repeat and FYVE domain containing 2","227490_at",5.31e-05,7.92e-06,-5.5700921,3.377126,-0.62323038,"WD repeat and FYVE domain containing 2"
"649","WDFY3-AS2","238081_at",2.11e-11,2.68e-12,-7.55,17.0545307,-0.601,"WDFY3 antisense RNA 2","238081_at",0.135,0.00013663,-4.55,-0.21263,-1.14,"WDFY3 antisense RNA 2","238081_at",0.0168,0.007,-2.9322285,-3.248184,-0.58810005,"WDFY3 antisense RNA 2"
"650","WDFY4","229597_s_at",9.75e-20,4.89e-21,10.8,36.9751243,1.11,"WDFY family member 4","229597_s_at",0.139,0.00031007,4.23,-1.02897,1.2,"WDFY family member 4","229597_s_at",0.000273,5.52e-05,4.8259443,1.451539,0.97038583,"WDFY family member 4"
"651","WFDC2","203892_at",5.85e-08,1.1e-08,-6.01,8.8817078,-1.16,"WAP four-disulfide core domain 2","203892_at",0.204,0.0016394,-3.56,-2.67044,-0.917,"WAP four-disulfide core domain 2","203892_at",0.00255,0.000766,3.8176236,-1.127975,0.85042288,"WAP four-disulfide core domain 2"
"652","WHSC1","209053_s_at",9.56e-19,5.39e-20,10.4,34.5943694,0.999,"Wolf-Hirschhorn syndrome candidate 1","209053_s_at",0.115,2.506e-05,5.23,1.48971,0.849,"Wolf-Hirschhorn syndrome candidate 1","223472_at",0.000185,3.49e-05,-5.000807,1.904704,-0.61027943,"Wolf-Hirschhorn syndrome candidate 1"
"653","WNK2","227217_at",1.78e-18,1.03e-19,-10.3,33.9499249,-1.6,"WNK lysine deficient protein kinase 2","227217_at",0.44,0.0327,-2.27,-5.51389,-0.591,"WNK lysine deficient protein kinase 2","227217_at",2.78e-07,1.23e-08,-8.2056234,9.834488,-1.3918448,"WNK lysine deficient protein kinase 2"
"654","WNT5A","205990_s_at",1.08e-47,2.12e-50,21.6,104.2159525,2.74,"Wnt family member 5A","205990_s_at",0.154,0.00046442,4.07,-1.42957,1.18,"Wnt family member 5A","205990_s_at",5.12e-05,7.59e-06,5.5864153,3.419167,1.41951137,"Wnt family member 5A"
"655","XAF1","206133_at",4.5e-38,2.84e-40,17.7,81.0323583,2.3,"XIAP associated factor 1","242234_at",0.184,0.00095966,3.78,-2.14562,1.71,"XIAP associated factor 1","228617_at",7.67e-05,1.23e-05,5.4001541,2.938672,0.81459746,"XIAP associated factor 1"
"656","XPNPEP3","224188_s_at",5.96e-09,9.99e-10,-6.47,11.2318506,-0.828,"X-prolyl aminopeptidase 3","220020_at",0.331,0.0140328,2.66,-4.73139,0.694,"X-prolyl aminopeptidase 3","227910_at",0.0461,0.023,-2.4185005,-4.352552,-0.71501597,"X-prolyl aminopeptidase 3"
"657","ZBTB10","236105_at",2.43e-19,1.27e-20,-10.7,36.0251444,-1.05,"zinc finger and BTB domain containing 10","228562_at",0.229,0.00279942,-3.34,-3.19131,-0.644,"zinc finger and BTB domain containing 10","236105_at",0.0108,0.00414,-3.1484555,-2.751246,-0.58672929,"zinc finger and BTB domain containing 10"
"658","ZBTB16","205883_at",2.05e-29,3.38e-31,-14.4,60.2379632,-4.08,"zinc finger and BTB domain containing 16","205883_at",0.255,0.00519101,-3.08,-3.78715,-1.73,"zinc finger and BTB domain containing 16","205883_at",0.00581,0.00202,-3.4376663,-2.063335,-1.30458114,"zinc finger and BTB domain containing 16"
"659","ZBTB44","225845_at",1.32e-21,5.37e-23,-11.5,41.4578841,-0.709,"zinc finger and BTB domain containing 44","1554469_at",0.362,0.0180477,-2.54,-4.9665,-0.874,"zinc finger and BTB domain containing 44","1554470_s_at",0.00818,0.003,-3.2785104,-2.444897,-0.74199137,"zinc finger and BTB domain containing 44"
"660","ZC3H12D","1559263_s_at",1.32e-08,2.3e-09,6.32,10.4136484,0.821,"zinc finger CCCH-type containing 12D","1559263_s_at",0.211,0.00203624,3.47,-2.88191,1.04,"zinc finger CCCH-type containing 12D","1559263_s_at",4.23e-08,1.08e-09,9.3021338,12.26295,1.46393193,"zinc finger CCCH-type containing 12D"
"661","ZC3H6","241372_at",6.23e-06,1.49e-06,-4.99,4.107635,-0.605,"zinc finger CCCH-type containing 6","227809_at",0.263,0.00617985,-3.01,-3.95421,-0.748,"zinc finger CCCH-type containing 6","227809_at",1.37e-07,4.95e-09,-8.6077969,10.744263,-0.80694551,"zinc finger CCCH-type containing 6"
"662","ZDHHC2","244779_at",6.14e-13,6.55e-14,-8.18,20.7166155,-1.01,"zinc finger DHHC-type containing 2","222731_at",0.186,0.00100024,-3.76,-2.18632,-0.755,"zinc finger DHHC-type containing 2","222730_s_at",1.18e-08,1.94e-10,10.1233445,13.974888,1.33423787,"zinc finger DHHC-type containing 2"
"663","ZNF204P","214823_at",8.09e-09,1.38e-09,-6.41,10.9155215,-1.11,"zinc finger protein 204, pseudogene","214823_at",0.497,0.04694005,-2.1,-5.84016,-0.813,"zinc finger protein 204, pseudogene","214823_at",8.53e-09,1.24e-10,-10.3416651,14.414957,-1.44260292,"zinc finger protein 204, pseudogene"
"664","ZNF471","230578_at",1.38e-17,8.77e-19,-10,31.8265007,-1.98,"zinc finger protein 471","230578_at",0.33,0.01383428,-2.66,-4.71803,-1.24,"zinc finger protein 471","211923_s_at",0.00102,0.000258,-4.2367538,-0.067199,-0.83521182,"zinc finger protein 471"
"665","ZNF677","228974_at",2.4e-28,4.53e-30,-14,57.6552373,-1.38,"zinc finger protein 677","228974_at",0.247,0.00432132,-3.16,-3.61087,-0.682,"zinc finger protein 677","1569039_s_at",0.0011,0.000283,-4.2019491,-0.156126,-0.6476354,"zinc finger protein 677"
"666","ZNF704","223366_at",7.33e-20,3.64e-21,-10.9,37.2700406,-0.875,"zinc finger protein 704","223366_at",0.204,0.00173315,-3.54,-2.72475,-0.741,"zinc finger protein 704","1558941_at",0.00179,0.000504,-3.9795845,-0.720955,-0.72094079,"zinc finger protein 704"
"667","ZNF84","228630_at",7.34e-17,5.1e-18,-9.72,30.0804977,-0.989,"zinc finger protein 84","228630_at",0.307,0.01099873,-2.76,-4.50215,-0.61,"zinc finger protein 84","228630_at",0.000241,4.75e-05,-4.8831449,1.599745,-0.66392519,"zinc finger protein 84"
"668","ZSCAN18","218312_s_at",1.28e-17,8.12e-19,-10,31.9029163,-1.52,"zinc finger and SCAN domain containing 18","218312_s_at",0.398,0.02390914,-2.42,-5.22703,-0.808,"zinc finger and SCAN domain containing 18","218312_s_at",9.2e-05,1.53e-05,-5.3163021,2.72189,-0.63514517,"zinc finger and SCAN domain containing 18"
