"","Gene.symbol","ID.PS","adj.P.Val.PS","P.Value.PS","t.PS","B.PS","logFC.PS","Gene.title.PS","ID.CSU","adj.P.Val.CSU","P.Value.CSU","t.CSU","B.CSU","logFC.CSU","Gene.title.CSU"
"1","ABCA5","241705_at",7.48e-15,6.43e-16,-8.95,25.2876319,-1.34,"ATP binding cassette subfamily A member 5",8018038,0.0302223,0.00189,-3.8730757,-1.39653,-0.5922981,"ATP binding cassette subfamily A member 5"
"2","ABCA6","217504_at",3.21e-09,5.24e-10,-6.6,11.865611,-0.959,"ATP binding cassette subfamily A member 6",8017964,0.0059267,0.000147,-5.2706378,1.13761,-1.69905095,"ATP binding cassette subfamily A member 6"
"3","ABCA9","242541_at",2.84e-11,3.66e-12,-7.49,16.7474945,-1.26,"ATP binding cassette subfamily A member 9",8017927,0.0051081,0.000115,-5.4118341,1.38034,-1.42567762,"ATP binding cassette subfamily A member 9"
"4","ABCF2","209246_at",1.27e-21,5.14e-23,11.5,41.5001614,1.06,"ATP binding cassette subfamily F member 2",8143905,0.000223,4.49e-07,9.176468,6.78957,1.0981081,"ATP binding cassette subfamily F member 2"
"5","ABL2","231907_at",5.1e-08,9.55e-09,-6.04,9.0221478,-1.06,"ABL proto-oncogene 2, non-receptor tyrosine kinase",7922610,0.0023442,3.49e-05,6.1245211,2.56126,0.90214714,"ABL proto-oncogene 2, non-receptor tyrosine kinase"
"6","ACADSB","226030_at",2.62e-17,1.73e-18,-9.89,31.1539122,-1.04,"acyl-CoA dehydrogenase, short/branched chain",7931168,0.0120018,0.00044,-4.6545746,0.04709,-0.69199405,"acyl-CoA dehydrogenase, short/branched chain"
"7","ACKR4","220351_at",5e-04,0.000155,-3.87,-0.3391762,-0.669,"atypical chemokine receptor 4",8122334,0.2035728,0.0396,2.2848618,-4.32805,0.69590119,"atypical chemokine receptor 4"
"8","ADD3","201753_s_at",2.73e-17,1.8e-18,-9.89,31.1142345,-1.48,"adducin 3",7930380,0.0169612,0.000758,-4.3590022,-0.49237,-1.01217167,"adducin 3"
"9","ADH1B","209614_at",2.87e-08,5.23e-09,-6.16,9.6106608,-0.788,"alcohol dehydrogenase 1B (class I), beta polypeptide",8101881,0.0259735,0.00151,-3.9931447,-1.17154,-1.73957119,"alcohol dehydrogenase 1B (class I), beta polypeptide"
"10","AGFG1","218092_s_at",4.25e-19,2.29e-20,10.6,35.4427647,0.844,"ArfGAP with FG repeats 1",8048847,0.0028127,4.56e-05,5.9617155,2.29812,0.65930357,"ArfGAP with FG repeats 1"
"11","AGPAT5","218096_at",1.13e-15,8.97e-17,9.26,27.2390316,0.916,"1-acylglycerol-3-phosphate O-acyltransferase 5",8144378,0.001102,9.5e-06,6.9560388,3.84342,1.28427238,"1-acylglycerol-3-phosphate O-acyltransferase 5"
"12","AGTR1","205357_s_at",3.98e-15,3.33e-16,-9.05,25.9386214,-1.84,"angiotensin II receptor type 1",8083240,0.0125088,0.000465,-4.6238643,-0.00852,-0.89875,"angiotensin II receptor type 1"
"13","AIMP2","202138_x_at",3.4e-26,8.35e-28,13.2,52.4654935,0.602,"aminoacyl tRNA synthetase complex interacting multifunctional protein 2",8131374,0.0003107,9.63e-07,8.5812358,6.0634,0.88404643,"aminoacyl tRNA synthetase complex interacting multifunctional protein 2///eukaryotic translation initiation factor 2 alpha kinase 1"
"14","AK2","212173_at",4.42e-10,6.54e-11,6.98,13.9080289,0.866,"adenylate kinase 2",7914617,0.0023442,3.49e-05,6.1244473,2.56114,0.70391238,"adenylate kinase 2"
"15","AKAP12","227530_at",1.35e-10,1.89e-11,-7.2,15.1306188,-1.07,"A-kinase anchoring protein 12",8122807,0.1715373,0.0296,2.4402244,-4.05745,0.7549369,"A-kinase anchoring protein 12"
"16","ALDH1A1","212224_at",3.13e-09,5.09e-10,-6.6,11.8926831,-0.849,"aldehyde dehydrogenase 1 family member A1",8161755,0.0379669,0.00269,-3.6887839,-1.7432,-0.62085881,"aldehyde dehydrogenase 1 family member A1"
"17","ALG3","207396_s_at",1.25e-14,1.1e-15,8.86,24.7558329,0.705,"ALG3, alpha-1,3- mannosyltransferase",8092457,0.0017975,2.12e-05,6.4373115,3.05566,0.68085262,"ALG3, alpha-1,3- mannosyltransferase"
"18","ALOX5AP","204174_at",2.95e-06,6.82e-07,5.16,4.8674225,0.938,"arachidonate 5-lipoxygenase activating protein",7968344,0.0263354,0.00155,3.9763498,-1.20296,0.86696881,"arachidonate 5-lipoxygenase activating protein"
"19","ALYREF","226320_at",4.99e-08,9.33e-09,6.04,9.0446468,0.749,"Aly/REF export factor",8019772,0.0176523,0.000807,4.3250812,-0.55485,0.93969048,"Aly/REF export factor"
"20","AMD1","201196_s_at",1.94e-48,3.37e-51,21.9,106.0408316,2.08,"adenosylmethionine decarboxylase 1",8121489,0.0005796,3.25e-06,7.6895204,4.89043,1.04239357,"adenosylmethionine decarboxylase 1"
"21","ANGPTL1","231773_at",0.000964,0.000311,-3.68,-0.9992634,-0.803,"angiopoietin like 1",7922598,0.0725918,0.00758,-3.1513863,-2.7556,-1.1736831,"angiopoietin like 1"
"22","ANKRD36","214723_x_at",8.1e-15,6.99e-16,-8.93,25.2062133,-0.884,"ankyrin repeat domain 36",8043687,0.0227561,0.00121,-4.1085041,-0.95624,-0.69781571,"ankyrin repeat domain 36"
"23","ANKRD36B","220940_at",1.65e-15,1.32e-16,-9.2,26.8542467,-0.792,"ankyrin repeat domain 36B",8054064,0.0070651,0.000197,-5.1036971,0.84703,-0.78259095,"ankyrin repeat domain 36B"
"24","AOAH","205639_at",3.76e-07,7.8e-08,5.62,6.9736378,0.606,"acyloxyacyl hydrolase",8139033,0.2237743,0.0465,2.1977134,-4.4766,0.62949643,"acyloxyacyl hydrolase"
"25","APOL1","209546_s_at",1.12e-37,7.51e-40,17.5,80.063329,2.68,"apolipoprotein L1",8072735,0.0031986,5.5e-05,5.8479491,2.1119,1.16107976,"apolipoprotein L1"
"26","APOL2","221013_s_at",7.99e-24,2.54e-25,12.3,46.7775457,1.43,"apolipoprotein L2",8075720,0.005258,0.000121,5.3815884,1.32859,0.98726,"apolipoprotein L2"
"27","APOL6","219716_at",3.02e-49,4.63e-52,22.3,108.0123168,4.39,"apolipoprotein L6",8072710,0.0097296,0.000318,4.8344895,0.37059,0.87932429,"apolipoprotein L6"
"28","AQP3","39249_at",3.91e-05,1.04e-05,4.55,2.2383224,0.704,"aquaporin 3 (Gill blood group)",8160670,0.150781,0.0239,2.5530819,-3.85687,0.85184286,"aquaporin 3 (Gill blood group)"
"29","AQP9","205568_at",1.73e-11,2.17e-12,-7.58,17.261644,-2.65,"aquaporin 9",7983910,0.0387448,0.00279,3.6687753,-1.78091,1.02261762,"aquaporin 9"
"30","AREG","205239_at",1.95e-30,2.84e-32,14.8,62.7021326,2.93,"amphiregulin",8095744,0.002246,3.24e-05,6.1711164,2.63584,1.28053881,"amphiregulin"
"31","ARHGAP18","225173_at",0.000992,0.000321,-3.67,-1.0284884,-0.821,"Rho GTPase activating protein 18",8129458,0.0595254,0.00554,3.3131464,-2.45155,0.70872833,"Rho GTPase activating protein 18"
"32","ARHGAP26","205068_s_at",6.83e-10,1.03e-10,-6.89,13.4575589,-0.752,"Rho GTPase activating protein 26",8108873,0.0357245,0.00245,3.7376922,-1.65108,0.84146,"Rho GTPase activating protein 26"
"33","ARHGEF28","1559706_at",1.2e-07,2.35e-08,-5.86,8.1409215,-0.661,"Rho guanine nucleotide exchange factor 28",8106210,0.0181052,0.000841,-4.3030258,-0.59554,-0.61958286,"Rho guanine nucleotide exchange factor 28"
"34","ARNTL2","224204_x_at",2.9e-55,1.8e-58,24.9,122.6582782,5.43,"aryl hydrocarbon receptor nuclear translocator like 2",7954527,0.0138082,0.00054,4.5426165,-0.15614,0.60077095,"aryl hydrocarbon receptor nuclear translocator like 2"
"35","ASAP1","224790_at",2.08e-20,9.68e-22,11.1,38.584373,1.34,"ArfGAP with SH3 domain, ankyrin repeat and PH domain 1",8152867,0.0067783,0.000184,5.1430288,0.91584,0.75397976,"ArfGAP with SH3 domain, ankyrin repeat and PH domain 1"
"36","ASCC3","231269_at",1.21e-13,1.19e-14,8.47,22.3973208,1.15,"activating signal cointegrator 1 complex subunit 3",8128472,0.0026145,4.15e-05,6.0191349,2.39138,0.71531952,"activating signal cointegrator 1 complex subunit 3"
"37","ATIC","208758_at",5.97e-18,3.62e-19,10.1,32.7036589,0.609,"5-aminoimidazole-4-carboxamide ribonucleotide formyltransferase/IMP cyclohydrolase",8048120,0.0215912,0.00112,4.1510863,-0.87701,0.72299667,"5-aminoimidazole-4-carboxamide ribonucleotide formyltransferase/IMP cyclohydrolase"
"38","ATP13A3","219558_at",8.32e-07,1.8e-07,5.45,6.1614426,1.07,"ATPase 13A3",8092849,0.0054552,0.000128,5.3494436,1.27343,1.48629119,"ATPase 13A3"
"39","ATP1B1","201242_s_at",2.29e-08,4.12e-09,6.2,9.8451495,0.638,"ATPase Na+/K+ transporting subunit beta 1",7907160,0.1792834,0.0318,-2.4026072,-4.1236,-0.81446952,"ATPase Na+/K+ transporting subunit beta 1"
"40","ATP6V1B2","201089_at",7.38e-17,5.13e-18,9.72,30.0752389,0.724,"ATPase H+ transporting V1 subunit B2",8144931,0.0024992,3.88e-05,6.0599866,2.45743,0.63412429,"ATPase H+ transporting V1 subunit B2"
"41","ATR","209902_at",1.95e-11,2.46e-12,7.56,17.1370693,0.729,"ATR serine/threonine kinase",8091190,0.0005796,3.27e-06,7.6846049,4.88367,0.73209095,"ATR serine/threonine kinase"
"42","BAK1","203728_at",6.33e-15,5.41e-16,8.97,25.4599477,0.797,"BCL2 antagonist/killer 1",8125766,0.0084674,0.000259,4.9494086,0.57513,0.63866286,"BCL2 antagonist/killer 1"
"43","BBS2","223227_at",5.37e-25,1.5e-26,-12.8,49.5910553,-0.905,"Bardet-Biedl syndrome 2",8001507,0.0391875,0.00285,-3.6589206,-1.79949,-0.78244833,"Bardet-Biedl syndrome 2"
"44","BCR","202315_s_at",6.44e-18,3.92e-19,10.1,32.6249207,1.6,"BCR, RhoGEF and GTPase activating protein",8071691,0.0132828,0.000511,4.5728015,-0.10121,0.67467405,"BCR, RhoGEF and GTPase activating protein"
"45","BIRC3","210538_s_at",4.72e-14,4.43e-15,8.63,23.3785002,1.72,"baculoviral IAP repeat containing 3",7943413,0.0287825,0.00176,3.9095249,-1.32815,0.71060548,"baculoviral IAP repeat containing 3"
"46","BNIP3","201848_s_at",1.41e-24,4.18e-26,12.6,48.5733964,0.999,"BCL2 interacting protein 3",7937079,0.0138595,0.000544,-4.5391002,-0.16255,-0.6933869,"BCL2 interacting protein 3"
"47","BNIP3L","221479_s_at",9.52e-20,4.77e-21,10.8,37.0001445,0.948,"BCL2 interacting protein 3 like",8145454,0.0230786,0.00124,-4.0976724,-0.97641,-0.59625786,"BCL2 interacting protein 3 like"
"48","BOC","225990_at",5.12e-19,2.79e-20,-10.5,35.2475561,-0.704,"BOC cell adhesion associated, oncogene regulated",8081686,0.014035,0.000556,-4.5272553,-0.18413,-0.67068643,"BOC cell adhesion associated, oncogene regulated"
"49","BYSL","203612_at",1.77e-17,1.14e-18,9.96,31.5662178,1.38,"bystin like",8119492,0.0001163,5.64e-08,10.9580344,8.72212,1.07949405,"bystin like"
"50","BZW1","200776_s_at",2.34e-39,1.25e-41,18.2,84.1386776,1.82,"basic leucine zipper and W2 domains 1",8047339,0.0002126,3.67e-07,9.3390884,6.98052,0.88604833,"basic leucine zipper and W2 domains 1"
"51","C12orf4","218374_s_at",2.38e-13,2.43e-14,8.35,21.695047,1.19,"chromosome 12 open reading frame 4",7960411,0.0005222,2.6e-06,7.8470787,5.10545,0.68421476,"chromosome 12 open reading frame 4"
"52","C3AR1","209906_at",0.00151,0.000503,3.55,-1.4490056,0.935,"complement component 3a receptor 1",7960874,0.1048957,0.0134,2.8574606,-3.30284,0.79836095,"complement component 3a receptor 1"
"53","C8orf33","222551_s_at",5.01e-15,4.23e-16,9.01,25.703019,1.03,"chromosome 8 open reading frame 33",8148955,0.0010969,9.39e-06,6.9637192,3.85478,0.64461119,"chromosome 8 open reading frame 33"
"54","CAB39L","221003_s_at",2.1e-12,2.37e-13,-7.96,19.4474751,-1.07,"calcium binding protein 39 like",7971590,0.0479254,0.004,-3.4824928,-2.13227,-0.97531405,"calcium binding protein 39 like"
"55","CAPRIN1","226285_at",1.78e-10,2.51e-11,7.15,14.8487839,0.681,"cell cycle associated protein 1",7939242,0.0006694,4.12e-06,7.5229011,4.6593,0.63797286,"cell cycle associated protein 1"
"56","CASP4","209310_s_at",5.52e-35,4.86e-37,16.5,73.6238289,1.03,"caspase 4",7951372,0.0021504,3.03e-05,6.2127461,2.70219,0.61925786,"caspase 4"
"57","CCDC59","222792_s_at",8.3e-09,1.42e-09,6.41,10.8887966,0.649,"coiled-coil domain containing 59",7965200,0.0052358,0.00012,5.3870522,1.33794,0.59750857,"coiled-coil domain containing 59"
"58","CCL19","210072_at",0.00204,0.000696,3.46,-1.7533869,0.69,"C-C motif chemokine ligand 19",8160879,0.0067366,0.000181,5.1521564,0.93177,1.91261738,"C-C motif chemokine ligand 19"
"59","CCL2","216598_s_at",1.81e-19,9.38e-21,10.7,36.3288424,1.31,"C-C motif chemokine ligand 2",8006433,2.35e-05,7.05e-10,15.6775353,12.50482,4.31368619,"C-C motif chemokine ligand 2///C-C motif chemokine ligand 2"
"60","CCL8","214038_at",2.95e-14,2.71e-15,8.71,23.864742,1.88,"C-C motif chemokine ligand 8",8006453,0.0084783,0.000259,4.9477505,0.57219,0.89289667,"C-C motif chemokine ligand 8"
"61","CCNG2","228081_at",9.61e-14,9.38e-15,-8.51,22.6362355,-1.02,"cyclin G2",8095870,0.0011703,1.07e-05,-6.8750476,3.72304,-0.89186333,"cyclin G2"
"62","CCNL1","1555827_at",2.53e-19,1.32e-20,10.7,35.9866978,1.68,"cyclin L1",8091658,0.0449627,0.00355,3.5444958,-2.01529,0.72121262,"cyclin L1"
"63","CCR2","206978_at",2.04e-05,5.22e-06,4.71,2.9012709,0.783,"C-C motif chemokine receptor 2",8079392,0.0453552,0.0036,3.5363569,-2.03065,0.77743976,"C-C motif chemokine receptor 2"
"64","CCT2","201947_s_at",5.91e-35,5.23e-37,16.5,73.5501184,0.626,"chaperonin containing TCP1 subunit 2",7957052,0.0007244,4.79e-06,7.4192774,4.51359,1.19839667,"chaperonin containing TCP1 subunit 2"
"65","CCT5","229068_at",9.54e-09,1.64e-09,6.38,10.7464347,0.715,"chaperonin containing TCP1 subunit 5",8104449,0.001778,2.05e-05,6.4572845,3.08673,1.1330919,"chaperonin containing TCP1 subunit 5"
"66","CD14","201743_at",0.000396,0.000121,3.94,-0.104014,0.93,"CD14 molecule",8114612,0.1113697,0.0147,2.8092718,-3.3916,0.99504262,"CD14 molecule"
"67","CD274","227458_at",3.45e-59,1.39e-62,26.8,132.041535,5.48,"CD274 molecule",8154233,0.0120033,0.000441,4.6540575,0.04615,0.97379881,"CD274 molecule"
"68","CD34","209543_s_at",1.66e-16,1.2e-17,-9.59,29.2319654,-1.44,"CD34 molecule",7923978,0.0244338,0.00136,-4.0473854,-1.07019,-1.23553786,"CD34 molecule"
"69","CD44","229221_at",1.82e-06,4.1e-07,-5.27,5.3595854,-0.826,"CD44 molecule (Indian blood group)",7939341,0.0015054,1.61e-05,6.6119048,3.32526,0.5912619,"CD44 molecule (Indian blood group)"
"70","CD53","203416_at",8.25e-13,8.91e-14,8.13,20.4115407,1.07,"CD53 molecule",7903893,0.0014784,1.57e-05,6.6290114,3.35144,2.26057429,"CD53 molecule"
"71","CD69","209795_at",1.91e-06,4.32e-07,5.26,5.3103596,0.799,"CD69 molecule",7961075,5.86e-05,1.94e-08,11.9788376,9.68685,1.75398429,"CD69 molecule"
"72","CDH3","203256_at",4.31e-24,1.33e-25,12.4,47.4204116,1.48,"cadherin 3",7996819,0.0121558,0.000447,4.6462336,0.03199,1.41977714,"cadherin 3"
"73","CDKN1A","202284_s_at",5.37e-21,2.33e-22,11.3,39.9978466,0.869,"cyclin dependent kinase inhibitor 1A",8119088,0.003064,5.15e-05,5.8870271,2.17608,0.88498548,"cyclin dependent kinase inhibitor 1A"
"74","CDON","227526_at",1.02e-26,2.36e-28,-13.4,53.7238721,-1.08,"cell adhesion associated, oncogene regulated",7952526,0.0313477,0.00199,-3.8462639,-1.44688,-1.01922595,"cell adhesion associated, oncogene regulated"
"75","CDV3","213554_s_at",1.11e-18,6.32e-20,10.4,34.4353627,1.28,"CDV3 homolog",8082788,0.000223,4.57e-07,9.1634722,6.77418,0.58926143,"CDV3 homolog"
"76","CEBPD","213006_at",5.4e-32,6.46e-34,15.4,66.4661739,2.92,"CCAAT/enhancer binding protein delta",8150592,0.0031076,5.27e-05,5.87312,2.15327,0.71731238,"CCAAT/enhancer binding protein delta"
"77","CH25H","206932_at",3.8e-22,1.45e-23,11.7,42.7616598,2.17,"cholesterol 25-hydroxylase",7934916,4.24e-05,1.04e-08,12.6093323,10.23747,2.78845381,"cholesterol 25-hydroxylase"
"78","CHST11","226372_at",2.53e-08,4.58e-09,6.18,9.7399563,0.775,"carbohydrate (chondroitin 4) sulfotransferase 11",7958202,0.0036646,6.85e-05,5.7166964,1.89466,0.69936095,"carbohydrate (chondroitin 4) sulfotransferase 11"
"79","CKAP2","218252_at",7.57e-14,7.31e-15,8.55,22.8828502,0.826,"cytoskeleton associated protein 2",7969243,0.182004,0.0327,-2.3877578,-4.1496,-0.58544595,"cytoskeleton associated protein 2"
"80","CLEC7A","1555756_a_at",1.47e-51,1.64e-54,23.3,113.6134111,4.87,"C-type lectin domain family 7 member A",7961120,0.0221129,0.00117,4.1284906,-0.91903,0.66642714,"C-type lectin domain family 7 member A"
"81","CMSS1","224523_s_at",2.13e-09,3.41e-10,6.68,12.2878228,0.646,"cms1 ribosomal small subunit homolog (yeast)",8081241,0.0158422,0.000676,4.4207302,-0.37895,1.16742405,"cms1 ribosomal small subunit homolog (yeast)"
"82","COA7","219420_s_at",4.09e-21,1.76e-22,11.3,40.279075,1.59,"cytochrome c oxidase assembly factor 7 (putative)",7916219,0.0015993,1.75e-05,6.5564914,3.24019,1.0100081,"cytochrome c oxidase assembly factor 7 (putative)"
"83","COL4A1","211981_at",0.00107,0.000348,3.65,-1.102418,0.794,"collagen type IV alpha 1 chain",7972750,0.0638121,0.00617,3.2571822,-2.55689,0.78431452,"collagen type IV alpha 1 chain"
"84","COL6A6","230867_at",0.0107,0.00412,2.91,-3.3981402,1.04,"collagen type VI alpha 6 chain",8082597,0.0919669,0.0109,2.9643674,-3.10484,1.05786071,"collagen type VI alpha 6 chain"
"85","CORO1A","209083_at",1.86e-08,3.31e-09,6.25,10.0576338,0.992,"coronin 1A",7994769,0.0356856,0.00244,3.7394044,-1.64786,0.75452048,"coronin 1A"
"86","CPSF2","225994_at",5.12e-27,1.15e-28,13.5,54.4388011,1.52,"cleavage and polyadenylation specific factor 2",7976243,0.0180671,0.000835,4.3072874,-0.58768,0.61184357,"cleavage and polyadenylation specific factor 2"
"87","CREBRF","235556_at",7.59e-13,8.16e-14,-8.14,20.4993715,-0.79,"CREB3 regulatory factor",8110032,0.0019877,2.57e-05,-6.3142153,2.86284,-0.7301969,"CREB3 regulatory factor"
"88","CTPS1","202613_at",7.84e-34,7.74e-36,16.1,70.8690172,1.65,"CTP synthase 1",7900510,0.000223,4.37e-07,9.1981395,6.8152,1.55752071,"CTP synthase 1"
"89","CTSC","225647_s_at",2.12e-16,1.54e-17,9.55,28.9840675,1.27,"cathepsin C",7950906,0.0209316,0.00107,4.1752883,-0.83205,0.97752833,"cathepsin C"
"90","CTSL","202087_s_at",1.44e-11,1.79e-12,7.62,17.4533785,0.64,"cathepsin L",8156228,0.0002734,7.37e-07,8.7864719,6.31872,2.91596929,"cathepsin L"
"91","CXCL8","202859_x_at",2.79e-44,8.56e-47,20.2,95.9634152,6.75,"C-X-C motif chemokine ligand 8",8095680,0.0463401,0.00376,3.5141698,-2.07251,0.71221119,"C-X-C motif chemokine ligand 8"
"92","CYBB","203923_s_at",0.000203,5.95e-05,4.12,0.5689623,0.747,"cytochrome b-245 beta chain",8166730,0.1682355,0.0286,2.4580906,-4.02591,1.00290857,"cytochrome b-245 beta chain"
"93","CYCS","208905_at",6.61e-32,8.04e-34,15.3,66.249063,0.795,"cytochrome c, somatic",8138640,0.002292,3.37e-05,6.1458466,2.59543,0.63164881,"cytochrome c, somatic"
"94","CYP1B1","202437_s_at",1.65e-09,2.6e-10,-6.73,12.5539667,-0.982,"cytochrome P450 family 1 subfamily B member 1",8051583,0.0736655,0.00772,3.1416467,-2.77386,0.87794238,"cytochrome P450 family 1 subfamily B member 1"
"95","CYP3A5","205765_at",9.64e-06,2.37e-06,-4.89,3.6623026,-0.59,"cytochrome P450 family 3 subfamily A member 5",8141328,0.0408055,0.00302,-3.6276357,-1.85847,-0.709455,"cytochrome P450 family 3 subfamily A member 5"
"96","CYP7B1","207386_at",5.95e-42,2.28e-44,19.2,90.4128098,2.38,"cytochrome P450 family 7 subfamily B member 1",8151056,0.0436817,0.00337,3.5716216,-1.96412,0.64027214,"cytochrome P450 family 7 subfamily B member 1"
"97","CYTIP","209606_at",3.99e-14,3.72e-15,8.66,23.5511653,1.33,"cytohesin 1 interacting protein",8055980,0.0006593,3.9e-06,7.5612633,4.71286,1.49174738,"cytohesin 1 interacting protein"
"98","DAB2","232898_at",6.34e-06,1.52e-06,-4.99,4.0894505,-0.727,"DAB2, clathrin adaptor protein",8111772,0.1707334,0.0293,2.4453312,-4.04844,0.88834548,"DAB2, clathrin adaptor protein"
"99","DCAF13","225676_s_at",1.45e-29,2.33e-31,14.5,60.6081908,0.75,"DDB1 and CUL4 associated factor 13",8147785,7.32e-05,2.86e-08,11.5975306,9.33751,0.66755786,"DDB1 and CUL4 associated factor 13"
"100","DCLK1","205399_at",1.62e-11,2.02e-12,-7.59,17.3305131,-0.833,"doublecortin like kinase 1",7970954,0.1751738,0.0307,-2.4216292,-4.0902,-0.92914,"doublecortin like kinase 1"
"101","DCUN1D3","239648_at",2.87e-48,5.15e-51,21.8,105.6210664,1.7,"defective in cullin neddylation 1 domain containing 3",8000028,0.0097296,0.000319,4.833173,0.36824,0.64811976,"defective in cullin neddylation 1 domain containing 3"
"102","DCUN1D5","223151_at",9.42e-22,3.77e-23,11.6,41.8101482,0.809,"defective in cullin neddylation 1 domain containing 5",7951325,0.0007447,5.03e-06,7.3847523,4.46471,0.83004071,"defective in cullin neddylation 1 domain containing 5"
"103","DDX10","204977_at",5.22e-11,6.91e-12,7.38,16.1202351,1.03,"DEAD-box helicase 10",7943690,0.0001305,1.35e-07,10.1779655,7.9177,1.31612738,"DEAD-box helicase 10"
"104","DDX18","208897_s_at",2.14e-14,1.93e-15,8.77,24.2023747,0.748,"DEAD-box helicase 18",8044745,0.0002338,5.2e-07,9.0606879,6.65171,0.95840452,"DEAD-box helicase 18"
"105","DDX19A","202578_s_at",1.61e-08,2.84e-09,6.28,10.2093206,0.826,"DEAD-box helicase 19A",7997059,0.0039186,7.57e-05,5.6571752,1.79531,0.62835,"DEAD-box helicase 19A"
"106","DDX21","224654_at",1.17e-32,1.3e-34,15.6,68.0629774,0.846,"DEAD-box helicase 21",7927936,0.0001163,8.39e-08,10.5969703,8.35742,2.29080667,"DEAD-box helicase 21"
"107","DDX56","217754_at",9.01e-19,5.07e-20,10.4,34.6541042,0.64,"DEAD-box helicase 56",8139392,0.0204581,0.00104,4.1919037,-0.8012,0.73045405,"DEAD-box helicase 56"
"108","DDX60L","228152_s_at",1.65e-30,2.37e-32,14.8,62.8809366,1.85,"DEAD-box helicase 60-like",8103601,0.0220645,0.00116,4.1317532,-0.91296,0.66636714,"DEAD-box helicase 60-like"
"109","DENND4A","1554352_s_at",2.68e-09,4.33e-10,6.63,12.0520644,0.839,"DENN domain containing 4A",7989849,0.0139248,0.000548,4.5344762,-0.17097,0.79206333,"DENN domain containing 4A"
"110","DIMT1","210802_s_at",2.53e-28,4.79e-30,14,57.6001428,1.2,"DIM1 dimethyladenosine transferase 1 homolog",8112312,0.000223,4.07e-07,9.2569734,6.88449,0.97235619,"DIM1 dimethyladenosine transferase 1 homolog"
"111","DNAJB4","203810_at",2.26e-11,2.88e-12,-7.53,16.9833854,-0.648,"DnaJ heat shock protein family (Hsp40) member B4",7902512,0.0840791,0.00944,-3.0373306,-2.96896,-0.60527,"DnaJ heat shock protein family (Hsp40) member B4"
"112","DNAJC11","215792_s_at",9.07e-16,7.09e-17,9.3,27.4719069,1.01,"DnaJ heat shock protein family (Hsp40) member C11",7912112,0.0107182,0.000374,4.7436495,0.20774,0.63867405,"DnaJ heat shock protein family (Hsp40) member C11"
"113","DNAJC25-GNG10","226859_at",1.42e-08,2.49e-09,6.3,10.336662,0.91,"DNAJC25-GNG10 readthrough///DnaJ heat shock protein family (Hsp40) member C25",7946559,0.0011108,9.81e-06,6.9348191,3.81197,0.79638,"DNAJC25-GNG10 readthrough///G protein subunit gamma 10"
"114","DNAJC3","208499_s_at",1.92e-10,2.73e-11,7.14,14.7682556,0.618,"DnaJ heat shock protein family (Hsp40) member C3",7969651,0.0091978,0.000293,4.8805251,0.45273,0.71145024,"DnaJ heat shock protein family (Hsp40) member C3"
"115","DNM1L","203105_s_at",3.53e-32,4.17e-34,15.4,66.9019167,1.2,"dynamin 1 like",7954752,0.0047231,0.000102,5.484044,1.50338,0.59214857,"dynamin 1 like"
"116","DPH3","225195_at",8.59e-32,1.07e-33,15.3,65.9667198,1.96,"diphthamide biosynthesis 3",8085660,0.0024448,3.7e-05,6.0883292,2.5031,0.67021476,"diphthamide biosynthesis 3"
"117","DSG3","205595_at",5.02e-38,3.2e-40,17.7,80.9118849,3.6,"desmoglein 3",8020762,0.0227561,0.00121,4.1081309,-0.95693,1.31070071,"desmoglein 3"
"118","DTX3L","225415_at",2.27e-31,2.96e-33,15.1,64.9516522,0.95,"deltex E3 ubiquitin ligase 3L",8082075,0.0015352,1.65e-05,6.5956951,3.30043,1.01523738,"deltex E3 ubiquitin ligase 3L"
"119","EBF1","227646_at",1.08e-13,1.06e-14,-8.48,22.5154225,-0.83,"early B-cell factor 1",8115543,0.0897571,0.0104,-2.9864035,-3.06386,-0.70410762,"early B-cell factor 1///platelet derived growth factor receptor beta"
"120","EFHC1","225656_at",8.14e-16,6.33e-17,-9.32,27.5843678,-1.59,"EF-hand domain containing 1",8120222,0.0060863,0.000153,-5.2483138,1.09898,-0.68553548,"EF-hand domain containing 1"
"121","EIF2S1","201144_s_at",4.3e-35,3.76e-37,16.5,73.8798395,0.856,"eukaryotic translation initiation factor 2 subunit alpha",7975224,0.0001163,6.33e-08,10.851287,8.61564,0.96539595,"eukaryotic translation initiation factor 2 subunit alpha"
"122","EIF3B","203462_x_at",8.21e-15,7.08e-16,8.93,25.1923464,0.613,"eukaryotic translation initiation factor 3 subunit B",8131111,0.0073267,0.000208,5.0716415,0.7908,0.7515469,"eukaryotic translation initiation factor 3 subunit B"
"123","EIF3J","208985_s_at",1.36e-28,2.49e-30,14.1,58.2509564,0.775,"eukaryotic translation initiation factor 3 subunit J",7983350,0.0007143,4.68e-06,7.4352954,4.53622,0.8003569,"eukaryotic translation initiation factor 3 subunit J"
"124","EIF4A3","201303_at",1.81e-34,1.69e-36,16.3,72.3820798,0.91,"eukaryotic translation initiation factor 4A3",8019046,0.0029469,4.85e-05,5.923707,2.23612,1.02624024,"eukaryotic translation initiation factor 4A3"
"125","EIF5","208290_s_at",1.17e-33,1.2e-35,16,70.4360296,1.81,"eukaryotic translation initiation factor 5",7977058,0.0009746,7.82e-06,7.0851909,4.03338,0.86288714,"eukaryotic translation initiation factor 5"
"126","EIF5B","201025_at",5.22e-22,2.01e-23,11.7,42.4321991,0.827,"eukaryotic translation initiation factor 5B",8043861,0.0002833,7.91e-07,8.7320707,6.25156,0.8470919,"eukaryotic translation initiation factor 5B"
"127","EMC1","1556186_s_at",0.0653,0.0299,-2.19,-5.1664377,-0.609,"ER membrane protein complex subunit 1",7913110,0.0059267,0.000147,5.2691228,1.13499,0.70841119,"ER membrane protein complex subunit 1"
"128","EML4","232587_at",2.54e-08,4.59e-09,-6.18,9.7385394,-0.734,"echinoderm microtubule associated protein like 4",8041592,0.0127961,0.000479,4.6083466,-0.03666,0.93700667,"echinoderm microtubule associated protein like 4///anaplastic lymphoma receptor tyrosine kinase"
"129","ENO1","217294_s_at",7.06e-05,1.94e-05,4.4,1.6385482,1.04,"enolase 1",7912198,0.0256111,0.00147,4.0057962,-1.14788,0.91455238,"enolase 1"
"130","ENY2","226776_at",2.17e-13,2.21e-14,-8.36,21.7895092,-0.877,"ENY2, transcription and export complex 2 subunit",8147883,0.0001182,1.03e-07,10.4156378,8.16935,0.59449286,"ENY2, transcription and export complex 2 subunit"
"131","EPRS","200843_s_at",6.27e-23,2.18e-24,12,44.64399,0.741,"glutamyl-prolyl-tRNA synthetase",7924351,0.0117905,0.000428,4.6698024,0.07462,0.73230286,"glutamyl-prolyl-tRNA synthetase"
"132","ERO1A","222646_s_at",3.43e-31,4.6e-33,15.1,64.5134002,2.19,"endoplasmic reticulum oxidoreductase 1 alpha",7979179,0.0010173,8.4e-06,7.0375885,3.96365,0.64225952,"endoplasmic reticulum oxidoreductase 1 alpha"
"133","ETS2","201329_s_at",8.03e-07,1.73e-07,5.45,6.1965661,0.636,"ETS proto-oncogene 2, transcription factor",8068593,0.000393,1.46e-06,8.2667579,5.66175,1.44271357,"ETS proto-oncogene 2, transcription factor"
"134","EXPH5","214734_at",7.31e-10,1.11e-10,-6.88,13.3876308,-1.07,"exophilin 5",7951545,0.1066632,0.0137,-2.8428897,-3.32972,-0.95167333,"exophilin 5"
"135","FABP7","205030_at",2.27e-11,2.89e-12,-7.53,16.9800015,-3.2,"fatty acid binding protein 7",8121784,0.2252654,0.0471,-2.1914517,-4.48717,-1.16426024,"fatty acid binding protein 7"
"136","FAM114A1","226697_at",2.55e-07,5.17e-08,-5.7,7.3744069,-0.976,"family with sequence similarity 114 member A1",8094609,0.0869095,0.00995,-3.0100822,-3.01977,-0.67100786,"family with sequence similarity 114 member A1"
"137","FAM129B","223019_at",6.81e-19,3.77e-20,10.5,34.9480471,0.794,"family with sequence similarity 129 member B",8164217,0.0105635,0.000365,4.7569301,0.23161,0.79065119,"family with sequence similarity 129 member B"
"138","FAM214A","235193_at",5.68e-05,1.54e-05,4.45,1.860086,0.852,"family with sequence similarity 214 member A",7988970,0.0028204,4.58e-05,-5.9581158,2.29226,-0.9221381,"family with sequence similarity 214 member A"
"139","FAM26E","232217_at",2.98e-09,4.85e-10,-6.61,11.9409825,-1.11,"family with sequence similarity 26 member E",8121601,0.2290893,0.0487,-2.1725208,-4.51906,-0.6098019,"family with sequence similarity 26 member E"
"140","FAM98A","212333_at",1.61e-19,8.27e-21,10.7,36.4541292,0.635,"family with sequence similarity 98 member A",8051413,0.0029571,4.88e-05,5.9204999,2.23088,0.9056081,"family with sequence similarity 98 member A"
"141","FASTKD2","216996_s_at",4.15e-25,1.14e-26,12.8,49.861065,0.739,"FAST kinase domains 2",8047815,0.0005108,2.52e-06,7.8715808,5.13858,0.72122429,"FAST kinase domains 2"
"142","FAXDC2","48031_r_at",9.93e-11,1.36e-11,-7.26,15.4505722,-0.658,"fatty acid hydroxylase domain containing 2",8115397,0.0044465,9.25e-05,-5.5384842,1.59565,-0.92304262,"fatty acid hydroxylase domain containing 2"
"143","FBXL20","235089_at",6.89e-27,1.57e-28,13.5,54.1279749,2.09,"F-box and leucine rich repeat protein 20",8014825,0.0012962,1.28e-05,-6.7599678,3.55034,-0.59396857,"F-box and leucine rich repeat protein 20"
"144","FBXO32","241763_s_at",2.36e-06,5.39e-07,-5.21,5.0955566,-0.83,"F-box protein 32",8152703,0.0528501,0.00464,-3.4046654,-2.27907,-0.79258429,"F-box protein 32"
"145","FCER1G","1554899_s_at",0.000294,8.82e-05,4.02,0.1944203,0.888,"Fc fragment of IgE receptor Ig",7906720,0.0697974,0.00715,3.1813908,-2.69931,0.94360786,"Fc fragment of IgE receptor Ig"
"146","FCGR1CP","216950_s_at",0.00014,4e-05,4.22,0.9465486,0.585,"Fc fragment of IgG receptor Ic, pseudogene///Fc fragment of IgG receptor Ib///Fc fragment of IgG receptor Ia",7905047,0.0897571,0.0104,2.9862213,-3.0642,0.67728143,"Fc fragment of IgG receptor Ic, pseudogene///Fc fragment of IgG receptor Ib///Fc fragment of IgG receptor Ia"
"147","FCGR3B","204007_at",3.14e-14,2.88e-15,8.7,23.8031162,2.36,"Fc fragment of IgG receptor IIIb",7921873,0.0155932,0.000658,4.435057,-0.35268,1.30489357,"Fc fragment of IgG receptor IIIb///Fc fragment of IgG receptor IIIa"
"148","FHL1","201540_at",2.11e-17,1.38e-18,-9.93,31.3782255,-0.823,"four and a half LIM domains 1",8170119,0.0974851,0.0119,-2.9158248,-3.19492,-0.9315969,"four and a half LIM domains 1"
"149","FLVCR2","222866_s_at",8.44e-55,5.86e-58,24.7,121.4883947,4.79,"feline leukemia virus subgroup C cellular receptor family member 2",7975799,0.017179,0.000776,4.3460474,-0.51622,0.74822286,"feline leukemia virus subgroup C cellular receptor family member 2"
"150","FMO5","215300_s_at",5.29e-11,7.02e-12,-7.38,16.1050468,-1.14,"flavin containing monooxygenase 5",7919314,0.0088196,0.000274,-4.917857,0.51914,-0.64906643,"flavin containing monooxygenase 5"
"151","FOSL2","218880_at",6.54e-32,7.92e-34,15.3,66.2632972,2.45,"FOS like 2, AP-1 transcription factor subunit",8041048,0.0425193,0.00323,3.5925511,-1.92464,0.70050881,"FOS like 2, AP-1 transcription factor subunit"
"152","FPR1","205119_s_at",2.78e-05,7.23e-06,4.63,2.5870448,0.758,"formyl peptide receptor 1",8038899,0.0167854,0.000744,4.3690105,-0.47395,1.08449524,"formyl peptide receptor 1"
"153","FRZB","203697_at",1.27e-17,8.01e-19,-10,31.9156735,-1.59,"frizzled-related protein",8057506,0.2284857,0.0485,-2.1752672,-4.51444,-0.79420595,"frizzled-related protein"
"154","FST","207345_at",1.3e-14,1.15e-15,-8.85,24.71553,-0.833,"follistatin",8105302,0.0661725,0.00656,3.2257984,-2.6159,1.35447929,"follistatin"
"155","FUS","231108_at",0.0033,0.00117,-3.3,-2.2342723,-0.723,"FUS RNA binding protein",7995069,0.0096077,0.000311,4.8471539,0.39321,0.6449019,"FUS RNA binding protein"
"156","FZD4","224337_s_at",0.000325,9.8e-05,-3.99,0.0940581,-0.688,"frizzled class receptor 4",7950885,0.1352429,0.0202,-2.6428514,-3.69526,-0.72876214,"frizzled class receptor 4"
"157","G3BP1","201514_s_at",0.000671,0.000212,3.79,-0.635995,0.68,"G3BP stress granule assembly factor 1",8109368,0.0001305,1.76e-07,9.9486057,7.66918,0.99465952,"G3BP stress granule assembly factor 1"
"158","GABPB1","206173_x_at",2.29e-09,3.68e-10,6.66,12.2126452,0.925,"GA binding protein transcription factor beta subunit 1",7988687,0.0005056,2.44e-06,7.8921479,5.16633,0.75713929,"GA binding protein transcription factor beta subunit 1"
"159","GALNT15","239461_at",7.25e-10,1.1e-10,-6.88,13.3955776,-1.38,"polypeptide N-acetylgalactosaminyltransferase 15",8078155,0.0341833,0.00228,-3.7742201,-1.58233,-0.84267071,"polypeptide N-acetylgalactosaminyltransferase 15"
"160","GALNT6","219956_at",5.38e-42,2.04e-44,19.2,90.5220842,3.64,"polypeptide N-acetylgalactosaminyltransferase 6",7963313,0.0103414,0.00035,4.7813151,0.27539,0.59672214,"polypeptide N-acetylgalactosaminyltransferase 6"
"161","GARS","208693_s_at",4.56e-35,3.99e-37,16.5,73.8194831,0.762,"glycyl-tRNA synthetase",8132070,0.0010011,8.09e-06,7.0630625,4.00101,0.94513167,"glycyl-tRNA synthetase"
"162","GART","230766_at",2.15e-07,4.32e-08,5.74,7.5494162,1.12,"phosphoribosylglycinamide formyltransferase, phosphoribosylglycinamide synthetase, phosphoribosylaminoimidazole synthetase",8070102,0.0041472,8.32e-05,5.6011003,1.70124,0.88075119,"phosphoribosylglycinamide formyltransferase, phosphoribosylglycinamide synthetase, phosphoribosylaminoimidazole synthetase"
"163","GAS5","1560402_at",6.39e-09,1.08e-09,6.46,11.1599584,0.695,"growth arrest specific 5 (non-protein coding)",7922404,0.0149929,0.000617,4.4703573,-0.28804,0.77517548,"growth arrest specific 5 (non-protein coding)///small nucleolar RNA, C/D box 80"
"164","GCH1","204224_s_at",4.59e-24,1.42e-25,12.4,47.3557888,0.959,"GTP cyclohydrolase 1",7979269,0.0303649,0.00191,3.8691629,-1.40388,0.87770357,"GTP cyclohydrolase 1"
"165","GFM1","225161_at",1.11e-16,7.82e-18,9.66,29.6565962,1.17,"G elongation factor mitochondrial 1",8083630,0.0006677,4.05e-06,7.53489,4.67606,0.75275119,"G elongation factor mitochondrial 1"
"166","GK3P","215966_x_at",6.14e-38,3.98e-40,17.6,80.6943502,3.09,"glycerol kinase 3 pseudogene",8174103,0.0865088,0.00988,3.013928,-3.0126,1.00675619,"glycerol kinase 3 pseudogene///glycerol kinase"
"167","GLIPR1","226142_at",0.000463,0.000143,3.89,-0.2617343,0.652,"GLI pathogenesis related 1",7957260,0.0867851,0.00993,3.0115959,-3.01695,0.76416929,"GLI pathogenesis related 1"
"168","GLIPR2","225602_at",1.02e-09,1.57e-10,-6.82,13.0451704,-0.592,"GLI pathogenesis related 2",8155192,0.0261177,0.00153,3.9850708,-1.18664,0.8229569,"GLI pathogenesis related 2"
"169","GLUL","217202_s_at",2.94e-36,2.26e-38,17,76.6762322,3.46,"glutamate-ammonia ligase",8154951,0.0017904,2.08e-05,6.4492222,3.0742,0.86385429,"glutamate-ammonia ligase"
"170","GNA15","205349_at",2.18e-33,2.29e-35,15.9,69.790652,2.22,"G protein subunit alpha 15",8024572,0.0564968,0.00511,3.3549362,-2.37282,0.77719595,"G protein subunit alpha 15"
"171","GPAT3","224480_s_at",2.07e-21,8.61e-23,11.4,40.9888227,1.83,"glycerol-3-phosphate acyltransferase 3",8096116,0.0025035,3.9e-05,6.0561786,2.45128,0.80764548,"glycerol-3-phosphate acyltransferase 3"
"172","GPATCH4","224634_at",6.76e-23,2.36e-24,12,44.5632517,1.26,"G-patch domain containing 4",7921076,0.0001163,8.73e-08,10.5620333,8.32145,1.13732762,"G-patch domain containing 4"
"173","GPCPD1","230492_s_at",2.56e-34,2.41e-36,16.3,72.0313105,2.72,"glycerophosphocholine phosphodiesterase 1",8064868,0.0069152,0.00019,5.1220233,0.87912,0.86924571,"glycerophosphocholine phosphodiesterase 1"
"174","GPR183","205419_at",2.32e-20,1.09e-21,11,38.4680056,1.88,"G protein-coupled receptor 183",7972557,0.0005224,2.64e-06,7.8382752,5.09353,1.63357833,"G protein-coupled receptor 183"
"175","GPR65","214467_at",7.09e-17,4.91e-18,9.73,30.117412,1.62,"G protein-coupled receptor 65",7976080,0.0089493,0.000279,4.9064599,0.49888,0.62370643,"G protein-coupled receptor 65"
"176","GPX2","202831_at",8.78e-28,1.79e-29,13.8,56.290408,2.66,"glutathione peroxidase 2",7979658,0.0018783,2.29e-05,6.3873736,2.97771,0.99384071,"glutathione peroxidase 2"
"177","GRPEL1","212432_at",4.57e-21,1.98e-22,11.3,40.1627794,1.42,"GrpE like 1, mitochondrial",8099246,0.0034911,6.34e-05,5.762168,1.97021,0.72387833,"GrpE like 1, mitochondrial"
"178","GSDMC","234305_s_at",4.71e-17,3.19e-18,9.8,30.5463366,1.02,"gasdermin C",8152828,0.0065284,0.000172,5.1793059,0.97911,1.23366095,"gasdermin C"
"179","GSPT1","201912_s_at",6.73e-41,2.92e-43,18.8,87.8761047,1.19,"G1 to S phase transition 1",7999532,0.000223,4.52e-07,9.1717696,6.78401,1.14479976,"G1 to S phase transition 1"
"180","GSTM5","205752_s_at",1.42e-17,9.05e-19,-10,31.7949451,-2,"glutathione S-transferase mu 5",7903777,0.0816964,0.00904,-3.0601646,-2.92633,-0.61385429,"glutathione S-transferase mu 5"
"181","GTPBP4","218239_s_at",2.88e-16,2.13e-17,9.5,28.6634037,0.85,"GTP binding protein 4",7925823,0.0003991,1.55e-06,8.2260245,5.60879,1.44020976,"GTP binding protein 4"
"182","GYG1","201554_x_at",7.26e-07,1.56e-07,5.48,6.3000958,0.609,"glycogenin 1",8083272,0.0004449,1.99e-06,8.0412879,5.36582,0.82471881,"glycogenin 1"
"183","GZMB","210164_at",5.48e-58,2.61e-61,26.2,129.1372838,5.92,"granzyme B",7978366,0.0190262,0.000918,4.2560211,-0.6824,0.81725548,"granzyme B"
"184","HCAR3","205220_at",2.62e-14,2.39e-15,8.73,23.9877447,1.78,"hydroxycarboxylic acid receptor 3",7967322,0.0395922,0.0029,3.6499517,-1.8164,0.91404976,"hydroxycarboxylic acid receptor 3"
"185","HCK","208018_s_at",5.37e-10,8.05e-11,6.94,13.704585,0.791,"HCK proto-oncogene, Src family tyrosine kinase",8061668,0.001162,1.05e-05,6.8873608,3.74141,1.02743405,"HCK proto-oncogene, Src family tyrosine kinase"
"186","HCLS1","202957_at",3.61e-10,5.3e-11,7.02,14.1147464,0.815,"hematopoietic cell-specific Lyn substrate 1",8089911,0.0505956,0.00436,3.4378223,-2.21654,0.74362143,"hematopoietic cell-specific Lyn substrate 1"
"187","HEATR1","218594_at",3.31e-15,2.75e-16,9.08,26.1298272,0.765,"HEAT repeat containing 1",7925364,0.0005192,2.57e-06,7.855538,5.1169,1.21636333,"HEAT repeat containing 1"
"188","HEG1","212822_at",5.77e-11,7.69e-12,-7.36,16.0153261,-0.937,"heart development protein with EGF like domains 1",8090193,0.0105329,0.000363,4.7604581,0.23795,0.83040905,"heart development protein with EGF like domains 1"
"189","HLF","204754_at",1.75e-14,1.57e-15,-8.8,24.4078461,-1.02,"HLF, PAR bZIP transcription factor",8008588,0.0968756,0.0118,-2.9227755,-3.18204,-0.64183929,"HLF, PAR bZIP transcription factor"
"190","HNRNPR","208765_s_at",9.47e-07,2.06e-07,5.42,6.0288567,0.775,"heterogeneous nuclear ribonucleoprotein R",7913571,0.0038476,7.35e-05,5.6744981,1.82428,0.59422048,"heterogeneous nuclear ribonucleoprotein R"
"191","HPRT1","202854_at",6.29e-13,6.71e-14,8.18,20.6919178,0.607,"hypoxanthine phosphoribosyltransferase 1",8169984,0.0052358,0.00012,5.3874693,1.33866,1.07449833,"hypoxanthine phosphoribosyltransferase 1"
"192","HRH1","205579_at",2.69e-05,6.98e-06,4.64,2.6210774,1.01,"histamine receptor H1",8077851,0.0243623,0.00135,4.0505538,-1.06428,0.73545143,"histamine receptor H1"
"193","HSPA4","211016_x_at",4.99e-29,8.71e-31,14.3,59.2949421,1.36,"heat shock protein family A (Hsp70) member 4",8108015,0.0179704,0.000829,4.3108699,-0.58107,0.90041071,"heat shock protein family A (Hsp70) member 4"
"194","HSPH1","208744_x_at",1.68e-17,1.08e-18,9.97,31.621111,1.08,"heat shock protein family H (Hsp110) member 1",7970864,0.0013359,1.36e-05,6.7220812,3.49306,1.54839952,"heat shock protein family H (Hsp110) member 1"
"195","HYOU1","200825_s_at",5.44e-17,3.71e-18,9.77,30.3957958,0.976,"hypoxia up-regulated 1",7952145,0.0492477,0.00417,3.4606511,-2.17348,1.08733333,"hypoxia up-regulated 1"
"196","ICAM1","202638_s_at",3.08e-06,7.14e-07,5.15,4.8222868,0.885,"intercellular adhesion molecule 1",8025601,0.0004579,2.12e-06,7.9937092,5.3025,2.50402714,"intercellular adhesion molecule 1"
"197","ID4","209291_at",1.75e-41,7.03e-44,-19,89.2914907,-0.854,"inhibitor of DNA binding 4, HLH protein",8117120,0.0496031,0.00424,-3.4517266,-2.19031,-0.65594524,"inhibitor of DNA binding 4, HLH protein"
"198","IDH3A","202069_s_at",1.2e-24,3.52e-26,12.6,48.7440048,0.911,"isocitrate dehydrogenase 3 (NAD(+)) alpha",7985134,0.000261,6.43e-07,8.8934455,6.44972,1.13616476,"isocitrate dehydrogenase 3 (NAD(+)) alpha"
"199","IFI16","208965_s_at",2.71e-20,1.28e-21,11,38.3040906,0.853,"interferon gamma inducible protein 16",7906400,0.0002845,8.03e-07,8.720469,6.23719,1.44190119,"interferon gamma inducible protein 16"
"200","IFI30","201422_at",7.98e-17,5.57e-18,9.71,29.9933642,0.862,"IFI30, lysosomal thiol reductase///phosphoinositide-3-kinase regulatory subunit 2",8026971,0.0290816,0.00179,3.9020273,-1.34221,1.38522,"IFI30, lysosomal thiol reductase"
"201","IFIT1","203153_at",8.79e-33,9.69e-35,15.7,68.3538283,2.84,"interferon induced protein with tetratricopeptide repeats 1",7929065,0.0239524,0.00131,-4.0676447,-1.03239,-0.77282071,"interferon induced protein with tetratricopeptide repeats 1"
"202","IFITM2","201601_x_at",7.37e-17,5.12e-18,9.72,30.0772403,0.648,"interferon induced transmembrane protein 2///interferon induced transmembrane protein 1",7937330,0.2123649,0.0426,2.2457666,-4.395,0.64550619,"interferon induced transmembrane protein 2"
"203","IFNAR2","204785_x_at",1.9e-05,4.86e-06,4.72,2.970229,0.951,"interferon alpha and beta receptor subunit 2",8068238,0.0050997,0.000114,5.4147974,1.38541,0.92122405,"interferon alpha and beta receptor subunit 2"
"204","IFNGR1","211676_s_at",1.93e-08,3.44e-09,6.24,10.0194595,0.804,"interferon gamma receptor 1",8129861,0.0002442,5.65e-07,8.9950682,6.57287,0.61056548,"interferon gamma receptor 1"
"205","IGSF10","1556579_s_at",5.18e-05,1.4e-05,-4.48,1.9532943,-1.04,"immunoglobulin superfamily member 10",8091537,0.0291654,0.0018,-3.8987189,-1.34841,-1.13801833,"immunoglobulin superfamily member 10"
"206","IGSF6","206420_at",4.65e-08,8.65e-09,6.06,9.1188579,0.978,"immunoglobulin superfamily member 6",8000184,0.0033624,6.01e-05,5.7946355,2.02397,1.1120669,"immunoglobulin superfamily member 6"
"207","IL1RAP","210233_at",7.11e-07,1.52e-07,5.48,6.3216762,0.769,"interleukin 1 receptor accessory protein",8084794,0.0117059,0.000424,4.6755221,0.08495,0.90295095,"interleukin 1 receptor accessory protein"
"208","IL2RG","204116_at",1.54e-14,1.36e-15,8.82,24.5440794,1.77,"interleukin 2 receptor subunit gamma",8173444,0.0145767,0.000589,4.4954372,-0.2422,0.69770476,"interleukin 2 receptor subunit gamma"
"209","IL4R","203233_at",2.96e-32,3.46e-34,15.5,67.0872949,2.41,"interleukin 4 receptor",7994280,0.0020094,2.63e-05,6.3016747,2.84307,1.45979071,"interleukin 4 receptor"
"210","IL6","205207_at",0.00357,0.00127,3.28,-2.3105426,0.612,"interleukin 6",8131803,0.0430818,0.0033,3.5826121,-1.94339,1.78852286,"interleukin 6"
"211","IL7R","226218_at",4.23e-28,8.22e-30,13.9,57.0620116,2.34,"interleukin 7 receptor",8104901,0.0173582,0.000789,4.3376127,-0.53176,1.20296476,"interleukin 7 receptor"
"212","IMPAD1","218516_s_at",3.68e-20,1.77e-21,11,37.9857311,0.961,"inositol monophosphatase domain containing 1",8150908,0.0087053,0.000268,4.9293021,0.53946,0.60811333,"inositol monophosphatase domain containing 1"
"213","IPO4","218305_at",7.81e-16,6.06e-17,9.33,27.6272878,1.2,"importin 4",7978132,0.0039416,7.66e-05,5.650023,1.78334,1.14208095,"importin 4"
"214","IRF1","238725_at",2.64e-28,5.02e-30,14,57.5523121,2.51,"interferon regulatory factor 1",8114010,0.002085,2.83e-05,6.2546502,2.76872,1.1951931,"interferon regulatory factor 1"
"215","ISG20L2","212766_s_at",8.92e-28,1.82e-29,13.8,56.2694932,1.34,"interferon stimulated exonuclease gene 20 like 2",7921110,0.0100033,0.000333,4.8081719,0.32352,0.71674738,"interferon stimulated exonuclease gene 20 like 2"
"216","ITGA4","213416_at",4.19e-15,3.51e-16,9.04,25.886595,1.45,"integrin subunit alpha 4",8046695,0.0102631,0.000346,4.7870069,0.28559,0.59201381,"integrin subunit alpha 4"
"217","ITGAM","205786_s_at",0.00372,0.00132,3.27,-2.3512353,0.738,"integrin subunit alpha M",7995096,0.0251684,0.00143,4.0208574,-1.11974,0.70384095,"integrin subunit alpha M"
"218","ITGAX","210184_at",7.96e-08,1.52e-08,5.95,8.5662596,0.745,"integrin subunit alpha X",7995128,0.0083249,0.000252,4.964469,0.60181,0.907325,"integrin subunit alpha X"
"219","JAML","228094_at",2.86e-07,5.83e-08,5.68,7.2563888,0.938,"junction adhesion molecule like",7952022,0.0884555,0.0102,2.9961734,-3.04567,0.83717167,"junction adhesion molecule like"
"220","KIAA0226L","219471_at",2.84e-08,5.17e-09,6.16,9.6231209,0.986,"KIAA0226 like",7971486,0.0279609,0.0017,3.9304759,-1.28887,0.73311119,"KIAA0226 like"
"221","KLF8","230986_at",7.37e-13,7.92e-14,-8.15,20.5288898,-0.674,"Kruppel like factor 8",8167912,0.0547802,0.00489,-3.3778232,-2.32968,-0.65209571,"Kruppel like factor 8"
"222","KLHL24","226158_at",9.68e-19,5.46e-20,-10.4,34.5815364,-0.665,"kelch like family member 24",8084219,0.0003261,1.04e-06,-8.5242154,5.99152,-0.88841048,"kelch like family member 24"
"223","KPNA1","213741_s_at",2.54e-25,6.79e-27,12.9,50.3810787,1.24,"karyopherin subunit alpha 1",8089999,0.0022627,3.3e-05,6.1588458,2.61623,0.73802452,"karyopherin subunit alpha 1"
"224","KPNA2","211762_s_at",5.58e-43,1.95e-45,19.6,92.8560403,1.39,"karyopherin subunit alpha 2",8009417,0.0001305,1.56e-07,10.0560507,7.7863,1.61679857,"karyopherin subunit alpha 2"
"225","KRT15","204734_at",3.78e-16,2.84e-17,-9.45,28.3797712,-1.14,"keratin 15",8015337,0.0582863,0.00536,-3.3300831,-2.41965,-1.26447762,"keratin 15"
"226","KRT16","209800_at",8.98e-50,1.27e-52,22.5,109.301356,3.2,"keratin 16",8015376,0.2227104,0.0462,2.2014905,-4.47021,1.02608548,"keratin 16"
"227","KRT6A","209125_at",2.74e-35,2.32e-37,16.6,74.3578048,1.73,"keratin 6A",7963421,0.1912377,0.0354,2.3449498,-4.22422,1.86096452,"keratin 6A"
"228","LAP3","217933_s_at",1.29e-14,1.13e-15,8.85,24.7290946,0.672,"leucine aminopeptidase 3",8094259,0.002996,4.96e-05,5.9100439,2.21378,0.67432857,"leucine aminopeptidase 3"
"229","LARP4","214155_s_at",9.92e-23,3.53e-24,11.9,44.1623934,1.53,"La ribonucleoprotein domain family member 4",7955361,0.0007997,5.72e-06,7.2974717,4.34037,1.14094238,"La ribonucleoprotein domain family member 4"
"230","LCP1","208885_at",1.45e-05,3.64e-06,4.79,3.248243,0.625,"lymphocyte cytosolic protein 1",7971461,0.0166386,0.00073,4.3796257,-0.45443,1.3715231,"lymphocyte cytosolic protein 1"
"231","LCP2","205269_at",2.62e-12,3e-13,7.92,19.2134707,1.27,"lymphocyte cytosolic protein 2",8115734,0.0001305,1.69e-07,9.9864684,7.71059,1.08980643,"lymphocyte cytosolic protein 2"
"232","LDB2","242360_at",3.85e-17,2.58e-18,-9.83,30.7573646,-0.934,"LIM domain binding 2",8099524,0.050217,0.00431,-3.4429847,-2.2068,-0.70169595,"LIM domain binding 2"
"233","LDLR","202068_s_at",1.75e-34,1.63e-36,16.3,72.4207188,2.85,"low density lipoprotein receptor",8025828,0.0132099,0.000507,4.5770891,-0.09342,1.15305738,"low density lipoprotein receptor"
"234","LETM1","218939_at",4.8e-20,2.34e-21,10.9,37.7095841,0.973,"leucine zipper and EF-hand containing transmembrane protein 1",8098924,0.011114,0.000394,4.7161037,0.15816,0.67705262,"leucine zipper and EF-hand containing transmembrane protein 1"
"235","LGR5","213880_at",7.05e-09,1.19e-09,-6.44,11.0582265,-2.04,"leucine rich repeat containing G protein-coupled receptor 5",7957140,0.0066267,0.000176,-5.1664562,0.95672,-2.14226762,"leucine rich repeat containing G protein-coupled receptor 5"
"236","LINC01140","215039_at",2.04e-10,2.9e-11,-7.12,14.7067456,-1.63,"long intergenic non-protein coding RNA 1140",7902808,0.1979156,0.0376,2.3129965,-4.27957,0.95775905,"long intergenic non-protein coding RNA 1140"
"237","LLPH","224446_at",8.07e-28,1.63e-29,13.8,56.3795533,1.05,"LLP homolog, long-term synaptic facilitation",8048703,0.0021094,2.91e-05,6.2378317,2.74205,0.85360548,"LLP homolog, long-term synaptic facilitation///LLPH antisense RNA 1 (head to head)///LLP homolog, long-term synaptic facilitation"
"238","LMCD1","227317_at",1.12e-16,7.91e-18,-9.65,29.6454275,-1.53,"LIM and cysteine rich domains 1",8077490,0.1097292,0.0143,2.8210468,-3.36995,0.6003219,"LIM and cysteine rich domains 1"
"239","LMNB1","203276_at",1.09e-17,6.82e-19,10,32.0752163,1.01,"lamin B1",8107706,0.0058151,0.000141,5.2926634,1.17566,0.79783286,"lamin B1"
"240","LRIG3","226908_at",1.58e-13,1.59e-14,-8.42,22.1171979,-0.687,"leucine rich repeats and immunoglobulin like domains 3",7964602,0.0415433,0.00312,-3.6120101,-1.88794,-0.59470619,"leucine rich repeats and immunoglobulin like domains 3///leucine rich repeats and immunoglobulin like domains 3"
"241","LRRC32","203835_at",0.00324,0.00114,-3.31,-2.2151248,-0.665,"leucine rich repeat containing 32",7950555,0.0322532,0.00208,3.8241902,-1.48836,0.72446,"leucine rich repeat containing 32"
"242","LRRC59","222231_s_at",2.83e-27,6.12e-29,13.6,55.0645345,1.12,"leucine rich repeat containing 59",8016708,0.0006694,4.11e-06,7.5241661,4.66107,1.57415476,"leucine rich repeat containing 59"
"243","LYAR","223413_s_at",8.37e-18,5.17e-19,10.1,32.3494189,1.43,"Ly1 antibody reactive",8099107,0.0008472,6.28e-06,7.2329788,4.24779,1.20921214,"Ly1 antibody reactive"
"244","LYN","202626_s_at",6.03e-38,3.9e-40,17.6,80.715084,2.51,"LYN proto-oncogene, Src family tyrosine kinase",8146500,0.0138595,0.000544,4.539087,-0.16257,1.21439976,"LYN proto-oncogene, Src family tyrosine kinase"
"245","LYVE1","219059_s_at",8.34e-05,2.32e-05,-4.35,1.47016,-1.12,"lymphatic vessel endothelial hyaluronan receptor 1",7946579,0.1552498,0.0251,-2.5281775,-3.90139,-0.69797833,"lymphatic vessel endothelial hyaluronan receptor 1"
"246","LYZ","1555745_a_at",7.15e-08,1.36e-08,5.97,8.6754705,2.07,"lysozyme",7957023,0.1108237,0.0146,2.8126618,-3.38537,1.71225571,"lysozyme"
"247","MAMDC2","228885_at",1.67e-13,1.68e-14,-8.41,22.0582905,-1.22,"MAM domain containing 2",8155754,0.0430818,0.0033,-3.582564,-1.94348,-1.33480619,"MAM domain containing 2"
"248","MAPRE1","200712_s_at",6.44e-28,1.29e-29,13.8,56.6171504,1.55,"microtubule associated protein RP/EB family member 1",8061772,0.0020225,2.67e-05,6.2907798,2.82587,0.82630976,"microtubule associated protein RP/EB family member 1"
"249","MCL1","200798_x_at",3.77e-37,2.67e-39,17.3,78.8030465,1.83,"BCL2 family apoptosis regulator",7919751,0.0101164,0.00034,4.7964668,0.30255,0.71650762,"BCL2 family apoptosis regulator"
"250","MCMBP","217905_at",3.24e-09,5.29e-10,6.59,11.8554113,0.948,"minichromosome maintenance complex binding protein",7936706,0.0001488,2.1e-07,9.8007918,7.506,0.97762381,"minichromosome maintenance complex binding protein"
"251","MCTP2","220603_s_at",3.24e-31,4.34e-33,15.1,64.5708083,1.97,"multiple C2 and transmembrane domain containing 2",7986293,0.0689807,0.00701,3.1912146,-2.68087,0.96980786,"multiple C2 and transmembrane domain containing 2"
"252","ME2","210154_at",5.67e-05,1.54e-05,4.45,1.8630234,0.659,"malic enzyme 2",8021208,0.0018128,2.16e-05,6.4251455,3.03671,0.84313548,"malic enzyme 2"
"253","MEOX2","206201_s_at",8.31e-18,5.13e-19,-10.1,32.3572975,-0.924,"mesenchyme homeobox 2",8138353,0.001908,2.36e-05,-6.3682291,2.94773,-0.70894286,"mesenchyme homeobox 2"
"254","MFHAS1","213457_at",2.08e-20,9.67e-22,11.1,38.5851273,1.85,"malignant fibrous histiocytoma amplified sequence 1",8149258,0.0097683,0.00032,4.8304558,0.36338,0.7666769,"malignant fibrous histiocytoma amplified sequence 1"
"255","MGAT2","211061_s_at",1.85e-09,2.94e-10,6.7,12.4307873,0.809,"mannosyl (alpha-1,6-)-glycoprotein beta-1,2-N-acetylglucosaminyltransferase",7974207,0.0002545,5.96e-07,8.9523923,6.52131,0.64087786,"mannosyl (alpha-1,6-)-glycoprotein beta-1,2-N-acetylglucosaminyltransferase"
"256","MIR17HG","232291_at",1.45e-20,6.63e-22,11.1,38.96053,2.31,"miR-17-92a-1 cluster host gene///microRNA 92a-1///microRNA 20a///microRNA 19b-1///microRNA 19a///microRNA 18a///microRNA 17",7969576,0.0215912,0.00112,4.1509787,-0.87721,0.58698762,"miR-17-92a-1 cluster host gene"
"257","MIR21","224917_at",1.38e-39,7.09e-42,18.3,84.7025546,2.17,"microRNA 21///vacuole membrane protein 1",8008885,0.0001305,1.38e-07,10.1599334,7.89836,3.31881214,"microRNA 21"
"258","MMP12","204580_at",7.83e-22,3.1e-23,11.6,42.0049312,3.96,"matrix metallopeptidase 12",7951297,0.0003107,9.39e-07,8.600547,6.08765,2.91575048,"matrix metallopeptidase 12"
"259","MPDU1","209208_at",0.000127,3.62e-05,4.24,1.043824,0.731,"mannose-P-dolichol utilization defect 1",8004521,0.0051861,0.000118,5.39641,1.35397,0.61790071,"mannose-P-dolichol utilization defect 1"
"260","MPZL2","203779_s_at",3.48e-47,7.25e-50,21.4,102.9938995,3.96,"myelin protein zero like 2",7952046,0.0128541,0.000484,4.6019346,-0.04829,1.02275548,"myelin protein zero like 2"
"261","MRPL20","220527_at",1.33e-17,8.43e-19,10,31.8649498,1.41,"mitochondrial ribosomal protein L20",7911559,0.0037393,7.05e-05,5.6989876,1.86516,0.80933024,"mitochondrial ribosomal protein L20"
"262","MRPL50","225580_at",1.4e-15,1.12e-16,9.23,27.0193326,0.985,"mitochondrial ribosomal protein L50",8162880,0.0019744,2.53e-05,6.324291,2.87871,0.60720619,"mitochondrial ribosomal protein L50"
"263","MRTO4","220688_s_at",5.59e-23,1.94e-24,12,44.76016,1.01,"MRT4 homolog, ribosome maturation factor",7898549,0.0001182,1.02e-07,10.4244452,8.17856,1.45445571,"MRT4 homolog, ribosome maturation factor"
"264","MS4A6A","230550_at",0.000921,0.000297,3.69,-0.9541657,0.888,"membrane spanning 4-domains A6A",7948455,0.1114197,0.0147,2.8088008,-3.39247,0.69754357,"membrane spanning 4-domains A6A"
"265","MTHFD2","201761_at",1.7e-16,1.23e-17,9.58,29.2091251,0.716,"methylenetetrahydrofolate dehydrogenase (NADP+ dependent) 2, methenyltetrahydrofolate cyclohydrolase",8042830,0.0001522,2.24e-07,9.7465247,7.44548,1.85111143,"methylenetetrahydrofolate dehydrogenase (NADP+ dependent) 2, methenyltetrahydrofolate cyclohydrolase"
"266","MTRR","203199_s_at",1.84e-12,2.06e-13,7.99,19.5849824,1.17,"5-methyltetrahydrofolate-homocysteine methyltransferase reductase",8104422,0.0002418,5.52e-07,9.0129977,6.59446,1.01180929,"5-methyltetrahydrofolate-homocysteine methyltransferase reductase"
"267","MUC15","227241_at",0.000116,3.28e-05,4.27,1.1384712,0.95,"mucin 15, cell surface associated",7947156,0.1799754,0.0321,-2.3978025,-4.13202,-0.73818667,"mucin 15, cell surface associated"
"268","MX2","204994_at",1.21e-24,3.54e-26,12.6,48.7377873,2.39,"MX dynamin like GTPase 2",8068697,0.0857527,0.00975,3.0210183,-2.99939,0.68296095,"MX dynamin like GTPase 2"
"269","MXD1","228846_at",1.06e-38,6.22e-41,17.9,82.5416091,3.07,"MAX dimerization protein 1",8042503,0.0233031,0.00125,4.0898598,-0.99097,0.81436595,"MAX dimerization protein 1"
"270","MYC","202431_s_at",2.64e-11,3.38e-12,7.5,16.8237168,1.01,"v-myc avian myelocytomatosis viral oncogene homolog",8148317,0.0024448,3.69e-05,6.0899402,2.5057,1.67858762,"v-myc avian myelocytomatosis viral oncogene homolog"
"271","MYD88","209124_at",1.2e-32,1.34e-34,15.6,68.0346873,1.16,"myeloid differentiation primary response 88",8078729,0.0025052,3.91e-05,6.0545836,2.44871,0.73176167,"myeloid differentiation primary response 88"
"272","MYO1B","212365_at",5.66e-37,4.07e-39,17.3,78.3833859,2.74,"myosin IB",8047127,0.0232205,0.00125,4.0921486,-0.98671,0.80022524,"myosin IB"
"273","NAA15","222837_s_at",6.51e-23,2.26e-24,12,44.6053465,1.12,"N(alpha)-acetyltransferase 15, NatA auxiliary subunit",8097480,0.0003281,1.07e-06,8.4985387,5.95902,1.32928643,"N(alpha)-acetyltransferase 15, NatA auxiliary subunit"
"274","NAA25","236816_at",3.33e-11,4.32e-12,-7.46,16.5834291,-1.28,"N(alpha)-acetyltransferase 25, NatB auxiliary subunit",7966462,0.0054566,0.000128,5.3481836,1.27127,0.70941857,"N(alpha)-acetyltransferase 25, NatB auxiliary subunit"
"275","NAA50","239138_at",2.7e-17,1.77e-18,9.89,31.1269339,1.35,"N(alpha)-acetyltransferase 50, NatE catalytic subunit",8089652,0.0010797,9.21e-06,6.9765259,3.87371,0.77745476,"N(alpha)-acetyltransferase 50, NatE catalytic subunit"
"276","NABP1","222872_x_at",5.16e-24,1.61e-25,12.4,47.2324668,1.69,"nucleic acid binding protein 1",8047161,0.0022627,3.29e-05,6.1616324,2.62068,2.25496548,"nucleic acid binding protein 1"
"277","NAMPT","1555167_s_at",7.57e-47,1.69e-49,21.2,102.1530416,4.4,"nicotinamide phosphoribosyltransferase",7933084,0.0001163,7.69e-08,10.6759837,8.43834,2.8244819,"nicotinamide phosphoribosyltransferase"
"278","NCBP1","209520_s_at",1.93e-20,8.92e-22,11.1,38.6654667,1.37,"nuclear cap binding protein subunit 1",8156718,0.0025354,3.97e-05,6.0448936,2.43305,0.68153786,"nuclear cap binding protein subunit 1"
"279","NCF2","209949_at",1.12e-12,1.23e-13,8.07,20.0968207,1.36,"neutrophil cytosolic factor 2",7922773,0.0016953,1.92e-05,6.4992385,3.15181,1.63496857,"neutrophil cytosolic factor 2"
"280","NDUFAF4","219006_at",3.46e-16,2.58e-17,9.46,28.4735691,0.938,"NADH:ubiquinone oxidoreductase complex assembly factor 4",8128322,0.001778,2.05e-05,6.4584258,3.08851,0.94730905,"NADH:ubiquinone oxidoreductase complex assembly factor 4"
"281","NEGR1","239548_at",3.64e-06,8.5e-07,-5.11,4.6534439,-0.629,"neuronal growth regulator 1",7916986,0.0896616,0.0104,-2.98741,-3.06199,-0.60434548,"neuronal growth regulator 1"
"282","NFIL3","203574_at",1.98e-10,2.81e-11,7.13,14.7382785,0.747,"nuclear factor, interleukin 3 regulated",8162276,0.0013893,1.45e-05,6.6801769,3.42945,1.21302429,"nuclear factor, interleukin 3 regulated"
"283","NFKB1","209239_at",9.53e-16,7.46e-17,9.29,27.4210776,0.723,"nuclear factor kappa B subunit 1",8096635,0.0049398,0.000109,5.4441884,1.43557,1.03429976,"nuclear factor kappa B subunit 1"
"284","NFKBIZ","223217_s_at",1.31e-11,1.62e-12,7.63,17.5517458,0.966,"NFKB inhibitor zeta",8081386,0.0196949,0.000968,4.2276439,-0.73494,0.62468929,"NFKB inhibitor zeta"
"285","NIP7","223397_s_at",2.16e-11,2.74e-12,7.54,17.030615,0.636,"NIP7, nucleolar pre-rRNA processing protein",7996934,0.0001305,1.73e-07,9.9635505,7.68554,1.53112286,"NIP7, nucleolar pre-rRNA processing protein"
"286","NIPA2","212133_at",1.01e-10,1.4e-11,7.25,15.4280116,0.904,"non imprinted in Prader-Willi/Angelman syndrome 2",7986665,0.0010173,8.38e-06,7.0391034,3.96587,0.61892833,"non imprinted in Prader-Willi/Angelman syndrome 2"
"287","NMI","203964_at",1.9e-38,1.15e-40,17.8,81.9306479,1.14,"N-myc and STAT interactor",8055702,0.0266428,0.00158,3.9670117,-1.22044,0.65930548,"N-myc and STAT interactor"
"288","NOL10","222684_s_at",1.24e-22,4.43e-24,11.9,43.9375155,0.74,"nucleolar protein 10",8050255,0.0004192,1.72e-06,8.1475646,5.50615,1.21449667,"nucleolar protein 10"
"289","NOL6","218199_s_at",6.61e-15,5.65e-16,8.97,25.4156271,0.937,"nucleolar protein 6",8160682,0.0059964,0.00015,5.2591542,1.11775,0.93163929,"nucleolar protein 6"
"290","NOLC1","205895_s_at",2.72e-10,3.94e-11,7.07,14.4078621,1.03,"nucleolar and coiled-body phosphoprotein 1",7930008,0.0001368,1.89e-07,9.8901113,7.60489,1.72411238,"nucleolar and coiled-body phosphoprotein 1"
"291","NOP16","214011_s_at",1.5e-17,9.53e-19,9.99,31.74398,0.912,"NOP16 nucleolar protein",8115907,0.0002975,8.58e-07,8.6697877,6.17421,0.93794333,"NOP16 nucleolar protein"
"292","NOP2","214427_at",5.11e-14,4.82e-15,8.62,23.2957737,1.3,"NOP2 nucleolar protein",7960575,0.0004232,1.8e-06,8.1121866,5.4596,1.61346119,"NOP2 nucleolar protein"
"293","NR1D1","31637_s_at",1.37e-06,3.05e-07,-5.33,5.6471593,-1.01,"nuclear receptor subfamily 1 group D member 1///thyroid hormone receptor, alpha",8014956,0.1611297,0.0266,-2.4962096,-3.95833,-0.6058381,"nuclear receptor subfamily 1 group D member 1"
"294","NR1D2","209750_at",0.00465,0.00168,-3.19,-2.5735001,-0.728,"nuclear receptor subfamily 1 group D member 2",8078272,0.0413469,0.00309,-3.6162206,-1.88,-1.12604619,"nuclear receptor subfamily 1 group D member 2"
"295","NUAK1","204589_at",1.44e-14,1.27e-15,-8.83,24.6167873,-0.675,"NUAK family kinase 1",7966026,0.0162476,0.000704,-4.3987778,-0.41924,-0.93091381,"NUAK family kinase 1"
"296","NUBP1","203978_at",2.94e-17,1.94e-18,9.88,31.0363904,0.605,"nucleotide binding protein 1",7993185,0.000393,1.46e-06,8.2709579,5.6672,0.7284669,"nucleotide binding protein 1"
"297","NUDCD1","225439_at",5.35e-18,3.22e-19,10.2,32.8194751,1.11,"NudC domain containing 1",8152340,0.0006937,4.34e-06,7.4869013,4.60885,0.81472,"NudC domain containing 1"
"298","NUFIP2","224958_at",1.05e-09,1.62e-10,6.81,13.0144763,0.669,"NUFIP2, FMR1 interacting protein 2",8013908,0.0011785,1.12e-05,6.8488837,3.68395,0.75488643,"NUFIP2, FMR1 interacting protein 2"
"299","NUMA1","214250_at",5.46e-20,2.67e-21,-10.9,37.5769153,-1.24,"nuclear mitotic apparatus protein 1",7950086,0.0154891,0.00065,-4.441752,-0.34041,-0.66602048,"nuclear mitotic apparatus protein 1"
"300","NUP58","204435_at",3.85e-16,2.89e-17,9.45,28.3612162,1.12,"nucleoporin 58",7968132,0.0036091,6.7e-05,5.7296318,1.91619,0.61520429,"nucleoporin 58"
"301","NUP88","202900_s_at",3.02e-25,8.15e-27,12.9,50.19911,0.638,"nucleoporin 88",8011832,0.0169853,0.00076,4.3573287,-0.49545,0.64379238,"nucleoporin 88"
"302","NUP98","210793_s_at",5.93e-19,3.26e-20,10.5,35.0920663,1.46,"nucleoporin 98",7945902,0.0004393,1.89e-06,8.0798478,5.41691,0.79830214,"nucleoporin 98"
"303","NUPR1","209230_s_at",1.45e-12,1.61e-13,-8.03,19.8291412,-0.708,"nuclear protein 1, transcriptional regulator",8000574,0.0074634,0.000216,-5.0499351,0.75265,-0.76305119,"nuclear protein 1, transcriptional regulator"
"304","ODC1","200790_at",5.46e-05,1.48e-05,4.46,1.9004474,0.731,"ornithine decarboxylase 1",8050240,0.0055927,0.000133,5.3271518,1.2351,1.39960762,"ornithine decarboxylase 1"
"305","OGFOD1","225106_s_at",5.81e-06,1.39e-06,5.01,4.1774952,0.825,"2-oxoglutarate and iron dependent oxygenase domain containing 1",7995755,0.0001182,1.05e-07,10.3953585,8.1481,0.65386048,"2-oxoglutarate and iron dependent oxygenase domain containing 1"
"306","OLFML1","217525_at",0.0152,0.00604,-2.78,-3.7470395,-0.586,"olfactomedin like 1",7938225,0.090186,0.0105,-2.9827808,-3.0706,-0.91880429,"olfactomedin like 1"
"307","OSMR","1554008_at",1.56e-14,1.38e-15,8.82,24.5332862,1.63,"oncostatin M receptor",8105040,0.0001163,8.73e-08,10.5613943,8.32079,2.21022762,"oncostatin M receptor"
"308","OSR2","213568_at",4.52e-17,3.05e-18,-9.8,30.5893032,-1.42,"odd-skipped related transciption factor 2",8147573,0.003141,5.37e-05,-5.8621757,2.13529,-0.83943,"odd-skipped related transciption factor 2"
"309","P2RY13","220005_at",2.9e-06,6.7e-07,5.17,4.8845202,1.14,"purinergic receptor P2Y13",8091523,0.0037812,7.15e-05,5.6904669,1.85095,0.62113571,"purinergic receptor P2Y13"
"310","PA2G4","208676_s_at",7.68e-30,1.2e-31,14.6,61.2669371,0.635,"proliferation-associated 2G4",7956152,0.0010296,8.57e-06,7.0247282,3.94475,1.01073762,"proliferation-associated 2G4"
"311","PAICS","201014_s_at",3.54e-11,4.6e-12,7.45,16.5211118,0.602,"phosphoribosylaminoimidazole carboxylase; phosphoribosylaminoimidazolesuccinocarboxamide synthase",8095221,0.0007609,5.37e-06,7.3401107,4.40125,0.94254048,"phosphoribosylaminoimidazole carboxylase; phosphoribosylaminoimidazolesuccinocarboxamide synthase"
"312","PAK1IP1","218886_at",9.38e-23,3.33e-24,11.9,44.2206112,0.782,"PAK1 interacting protein 1",8116848,3.42e-05,5.91e-09,13.2050714,10.72868,1.69730952,"PAK1 interacting protein 1"
"313","PAK2","208875_s_at",7.64e-08,1.46e-08,5.96,8.609025,1.21,"p21 (RAC1) activated kinase 2",8084963,0.0048096,0.000104,5.4674212,1.47513,0.78256976,"p21 (RAC1) activated kinase 2"
"314","PALMD","222725_s_at",1.51e-07,3e-08,-5.81,7.9057559,-0.753,"palmdelphin",7903227,0.0063169,0.000162,-5.2148032,1.04085,-0.67373714,"palmdelphin"
"315","PAMR1","213661_at",8.77e-28,1.78e-29,-13.8,56.293255,-3.22,"peptidase domain containing associated with muscle regeneration 1",7947512,0.0504911,0.00434,-3.4392563,-2.21383,-0.68171833,"peptidase domain containing associated with muscle regeneration 1"
"316","PANX1","204715_at",1.52e-35,1.25e-37,16.7,74.9735865,1.86,"pannexin 1",7943218,0.0016314,1.81e-05,6.5355258,3.20788,1.51891571,"pannexin 1"
"317","PARP9","227807_at",1.34e-32,1.51e-34,15.6,67.9125818,2.55,"poly(ADP-ribose) polymerase family member 9",8090018,0.0004232,1.77e-06,8.1246906,5.47607,1.23117238,"poly(ADP-ribose) polymerase family member 9"
"318","PBX1","212151_at",4.95e-09,8.22e-10,-6.51,11.4230774,-0.798,"PBX homeobox 1",7906954,0.0061353,0.000155,-5.2382573,1.08155,-0.62860429,"PBX homeobox 1"
"319","PDCD11","212422_at",2.17e-21,9.09e-23,11.4,40.9345936,0.973,"programmed cell death 11",7930226,0.0021525,3.04e-05,6.2105319,2.69867,1.09846476,"programmed cell death 11"
"320","PDE12","231839_at",6.94e-24,2.2e-25,12.4,46.9235575,0.9,"phosphodiesterase 12",8080676,0.0014818,1.58e-05,6.6255038,3.34607,0.59370143,"phosphodiesterase 12"
"321","PDE5A","227088_at",5.96e-10,8.97e-11,-6.92,13.5982502,-0.835,"phosphodiesterase 5A",8102532,0.1329429,0.0195,-2.6590659,-3.66589,-0.70196429,"phosphodiesterase 5A"
"322","PDGFRB","202273_at",7.52e-09,1.28e-09,-6.43,10.9915849,-0.622,"platelet derived growth factor receptor beta",8115099,0.2287276,0.0486,-2.1741645,-4.5163,-0.73646381,"platelet derived growth factor receptor beta///platelet derived growth factor receptor beta"
"323","PDK3","228959_at",1.9e-12,2.14e-13,-7.98,19.547153,-0.834,"pyruvate dehydrogenase kinase 3",8166511,0.2159285,0.044,-2.2280021,-4.42525,-0.87315762,"pyruvate dehydrogenase kinase 3"
"324","PDSS1","220865_s_at",2.06e-29,3.41e-31,14.4,60.2290631,1.59,"prenyl (decaprenyl) diphosphate synthase, subunit 1",7926807,0.0133691,0.000516,4.5679907,-0.10996,0.95427429,"prenyl (decaprenyl) diphosphate synthase, subunit 1"
"325","PECAM1","208981_at",3.22e-18,1.9e-19,-10.2,33.3413516,-0.6,"platelet and endothelial cell adhesion molecule 1",8017599,0.129814,0.0187,-2.6820082,-3.62425,-0.70440857,"platelet and endothelial cell adhesion molecule 1"
"326","PGD","201118_at",1.91e-12,2.15e-13,7.98,19.5441314,0.819,"phosphogluconate dehydrogenase",7897620,0.0830153,0.00921,3.0500503,-2.94522,0.66831952,"phosphogluconate dehydrogenase"
"327","PGM2","223738_s_at",4.09e-33,4.38e-35,15.8,69.1453573,1.96,"phosphoglucomutase 2",8094556,0.011366,0.000406,4.6991951,0.12768,0.7201669,"phosphoglucomutase 2"
"328","PI15","229947_at",2.37e-16,1.74e-17,9.53,28.8665243,2.17,"peptidase inhibitor 15",8146957,0.0536403,0.00474,3.3938611,-2.29945,0.77949452,"peptidase inhibitor 15"
"329","PICALM","215236_s_at",0.000384,0.000117,3.95,-0.0717789,0.689,"phosphatidylinositol binding clathrin assembly protein",7950838,0.0011785,1.12e-05,6.8474059,3.68174,0.65483333,"phosphatidylinositol binding clathrin assembly protein"
"330","PIGW","1558292_s_at",2.16e-10,3.08e-11,7.11,14.6488906,0.774,"phosphatidylinositol glycan anchor biosynthesis class W",8006634,0.000223,4.26e-07,9.2202162,6.84125,1.37972071,"phosphatidylinositol glycan anchor biosynthesis class W"
"331","PIK3C2G","215129_at",1.9e-12,2.13e-13,-7.98,19.5517733,-1.38,"phosphatidylinositol-4-phosphate 3-kinase catalytic subunit type 2 gamma",7954208,0.0458117,0.00367,-3.526632,-2.04899,-0.70032976,"phosphatidylinositol-4-phosphate 3-kinase catalytic subunit type 2 gamma"
"332","PIK3R3","202743_at",8.02e-09,1.37e-09,-6.41,10.9240768,-0.831,"phosphoinositide-3-kinase regulatory subunit 3",7915787,0.0429084,0.00328,3.5856832,-1.93759,1.06248357,"phosphoinositide-3-kinase regulatory subunit 3"
"333","PIM1","209193_at",8.69e-12,1.05e-12,7.71,17.9760074,0.797,"Pim-1 proto-oncogene, serine/threonine kinase",8119161,0.0061056,0.000154,5.24393,1.09138,1.35508619,"Pim-1 proto-oncogene, serine/threonine kinase"
"334","PITPNA","201192_s_at",2.67e-27,5.76e-29,13.6,55.1255327,1.42,"phosphatidylinositol transfer protein alpha",8011077,0.006323,0.000163,5.2094128,1.03149,0.62983857,"phosphatidylinositol transfer protein alpha"
"335","PITPNC1","219155_at",1.43e-13,1.43e-14,8.43,22.2185034,1.53,"phosphatidylinositol transfer protein, cytoplasmic 1",8009353,0.0255238,0.00146,4.0088506,-1.14217,0.71415,"phosphatidylinositol transfer protein, cytoplasmic 1"
"336","PLA2R1","235746_s_at",3.9e-07,8.1e-08,-5.61,6.9362521,-0.649,"phospholipase A2 receptor 1",8056151,0.0723231,0.00753,-3.1544971,-2.74976,-1.0268281,"phospholipase A2 receptor 1"
"337","PLAT","201860_s_at",4.95e-33,5.36e-35,15.8,68.9432467,3.49,"plasminogen activator, tissue type",8150509,0.1115008,0.0147,2.8074573,-3.39494,0.60921286,"plasminogen activator, tissue type"
"338","PLAU","205479_s_at",2.56e-11,3.28e-12,7.51,16.8542146,1.16,"plasminogen activator, urokinase",7928429,0.0101092,0.00034,4.797355,0.30414,1.69214167,"plasminogen activator, urokinase"
"339","PLAUR","210845_s_at",3.01e-14,2.77e-15,8.71,23.8438303,1.6,"plasminogen activator, urokinase receptor",8037374,0.0046746,1e-04,5.4925295,1.51779,0.80464119,"plasminogen activator, urokinase receptor"
"340","PLCB4","203896_s_at",8.16e-15,7.05e-16,-8.93,25.19781,-1.55,"phospholipase C beta 4",8060897,0.0910357,0.0107,-2.9725976,-3.08954,-0.68949952,"phospholipase C beta 4"
"341","PLEK","203471_s_at",5.47e-20,2.68e-21,10.9,37.5740947,1.72,"pleckstrin",8042391,0.0169269,0.000754,4.3615763,-0.48763,1.43040548,"pleckstrin"
"342","PLEKHH2","239568_at",4.83e-11,6.38e-12,-7.39,16.1994889,-1.08,"pleckstrin homology, MyTH4 and FERM domain containing H2",8041644,0.0043296,8.93e-05,-5.5592471,1.63072,-0.90844,"pleckstrin homology, MyTH4 and FERM domain containing H2"
"343","PLIN3","202122_s_at",1.44e-08,2.52e-09,6.3,10.3240471,0.642,"perilipin 3",8032909,0.0456443,0.00364,3.5305563,-2.04159,0.7287531,"perilipin 3"
"344","PLK2","201939_at",1.26e-09,1.97e-10,6.78,12.8273915,0.644,"polo like kinase 2",8112202,0.0090093,0.000284,4.8973722,0.48272,1.17266095,"polo like kinase 2"
"345","PLSCR1","202446_s_at",1.64e-30,2.35e-32,14.8,62.890768,1.33,"phospholipid scramblase 1",8091327,0.0007485,5.13e-06,7.3721106,4.44677,1.65637238,"phospholipid scramblase 1"
"346","PMM2","203201_at",9.33e-25,2.69e-26,12.7,49.010043,1.29,"phosphomannomutase 2",7993148,0.0028319,4.64e-05,5.9511704,2.28094,0.64927524,"phosphomannomutase 2"
"347","PNO1","203622_s_at",2.83e-15,2.33e-16,9.11,26.2953477,0.919,"partner of NOB1 homolog",8042381,0.0001163,6.27e-08,10.8608923,8.62526,1.45015929,"partner of NOB1 homolog///partner of NOB1 homolog"
"348","PNP","201695_s_at",1.41e-46,3.18e-49,21.1,101.5255655,2.36,"purine nucleoside phosphorylase",7973067,0.0044667,9.31e-05,5.5349849,1.58973,1.94388429,"purine nucleoside phosphorylase"
"349","PNPT1","225291_at",6.75e-25,1.91e-26,12.7,49.3494133,2.3,"polyribonucleotide nucleotidyltransferase 1",8052331,0.0004192,1.71e-06,8.1526627,5.51284,1.26778619,"polyribonucleotide nucleotidyltransferase 1"
"350","PODXL","201578_at",3.88e-20,1.87e-21,-11,37.9326774,-0.667,"podocalyxin like",8142981,0.0640557,0.00622,3.2532874,-2.56421,0.63238238,"podocalyxin like"
"351","POLR1B","223403_s_at",2.35e-14,2.13e-15,8.75,24.1033637,0.774,"RNA polymerase I subunit B",8044473,0.0016052,1.77e-05,6.5494934,3.22941,1.01567071,"RNA polymerase I subunit B"
"352","POLR1E","231041_at",7.49e-08,1.43e-08,5.96,8.6287622,0.663,"RNA polymerase I subunit E",8155268,0.0030125,5.04e-05,5.9005051,2.19817,0.81924262,"RNA polymerase I subunit E"
"353","POP1","213449_at",5.08e-09,8.45e-10,6.51,11.3960354,0.631,"POP1 homolog, ribonuclease P/MRP subunit",8147548,0.0017526,2e-05,6.473079,3.11126,0.68838381,"POP1 homolog, ribonuclease P/MRP subunit"
"354","PPARGC1A","219195_at",2.22e-32,2.56e-34,-15.5,67.3881406,-2,"PPARG coactivator 1 alpha",8099633,0.0167207,0.000737,-4.3743905,-0.46406,-0.85952857,"PPARG coactivator 1 alpha"
"355","PPIL1","222500_at",3.33e-17,2.22e-18,9.86,30.9059114,0.889,"peptidylprolyl isomerase like 1",8126058,0.0001163,6.93e-08,10.7691929,8.53299,0.63770167,"peptidylprolyl isomerase like 1"
"356","PPP1R3C","204284_at",6.05e-22,2.36e-23,-11.6,42.2731177,-1.65,"protein phosphatase 1 regulatory subunit 3C",7934997,0.1709629,0.0294,2.4438762,-4.05101,1.21710214,"protein phosphatase 1 regulatory subunit 3C"
"357","PPP4R1","201594_s_at",1.32e-32,1.49e-34,15.6,67.926634,0.899,"protein phosphatase 4 regulatory subunit 1",8022251,0.0042088,8.55e-05,5.5851932,1.67447,0.65326738,"protein phosphatase 4 regulatory subunit 1"
"358","PPRC1","203737_s_at",7.96e-14,7.72e-15,8.54,22.8298179,0.87,"peroxisome proliferator-activated receptor gamma, coactivator-related 1",7929990,0.0010173,8.38e-06,7.0394914,3.96644,1.0026219,"peroxisome proliferator-activated receptor gamma, coactivator-related 1"
"359","PRH1-PRR4","204919_at",3.14e-14,2.89e-15,-8.7,23.7999437,-2.46,"PRH1-PRR4 readthrough///proline rich 4 (lacrimal)",7961252,0.0969965,0.0118,-2.9215653,-3.18428,-0.76213286,"PRH1-PRR4 readthrough///proline rich 4 (lacrimal)"
"360","PRKDC","210543_s_at",0.000518,0.000161,3.86,-0.3742077,0.639,"protein kinase, DNA-activated, catalytic polypeptide",8150599,0.0261177,0.00153,3.9847304,-1.18728,0.67263286,"protein kinase, DNA-activated, catalytic polypeptide"
"361","PRMT3","213320_at",5.62e-19,3.08e-20,10.5,35.1495385,1.08,"protein arginine methyltransferase 3",7938890,0.0040237,8e-05,5.624274,1.74017,0.663195,"protein arginine methyltransferase 3"
"362","PRMT5","217786_at",5.98e-22,2.33e-23,11.6,42.28615,0.738,"protein arginine methyltransferase 5",7977820,0.0201708,0.001,4.2095866,-0.7684,0.6806881,"protein arginine methyltransferase 5"
"363","PSD3","203355_s_at",3.58e-22,1.36e-23,-11.7,42.8243524,-0.981,"pleckstrin and Sec7 domain containing 3",8149551,0.0125413,0.000467,-4.621999,-0.0119,-0.63191643,"pleckstrin and Sec7 domain containing 3"
"364","PSMA3","201532_at",6.68e-27,1.52e-28,13.5,54.1597642,0.604,"proteasome subunit alpha 3",7974603,0.0071118,0.000198,5.0987448,0.83835,0.67019548,"proteasome subunit alpha 3"
"365","PSMA5","201274_at",1.65e-22,6.04e-24,11.8,43.6287065,0.896,"proteasome subunit alpha 5",7918345,0.006323,0.000164,5.2078356,1.02875,0.65689429,"proteasome subunit alpha 5"
"366","PSMA7","216088_s_at",2.64e-16,1.95e-17,9.51,28.7519741,0.726,"proteasome subunit alpha 7",8067382,0.0090037,0.000283,4.8982521,0.48429,0.61619714,"proteasome subunit alpha 7"
"367","PSMC4","201252_at",2.94e-36,2.26e-38,17,76.6772786,0.888,"proteasome 26S subunit, ATPase 4",8028756,0.0369756,0.00259,3.7086065,-1.70586,0.62057071,"proteasome 26S subunit, ATPase 4"
"368","PSMD1","201198_s_at",6.63e-22,2.6e-23,11.6,42.1782606,1.08,"proteasome 26S subunit, non-ATPase 1",8049016,0.0020914,2.85e-05,6.2513452,2.76349,0.81092167,"proteasome 26S subunit, non-ATPase 1"
"369","PSMD11","208777_s_at",3.23e-23,1.09e-24,12.1,45.331264,1.05,"proteasome 26S subunit, non-ATPase 11",8006392,0.0081464,0.000245,4.9794317,0.62828,0.73556333,"proteasome 26S subunit, non-ATPase 11"
"370","PSME3","209853_s_at",1.95e-40,9.08e-43,18.6,86.7468415,2.02,"proteasome activator subunit 3",8007397,0.0003107,9.31e-07,8.6068213,6.09552,0.94970738,"proteasome activator subunit 3"
"371","PTGFRN","224950_at",3.15e-20,1.5e-21,11,38.1500179,1.2,"prostaglandin F2 receptor inhibitor",7904293,0.0065798,0.000174,5.1737336,0.9694,0.65779167,"prostaglandin F2 receptor inhibitor"
"372","PTGIS","208131_s_at",1.9e-07,3.79e-08,-5.77,7.6761958,-0.877,"prostaglandin I2 (prostacyclin) synthase",8066925,0.0392675,0.00286,3.6559578,-1.80507,1.41275643,"prostaglandin I2 (prostacyclin) synthase"
"373","PTGS2","204748_at",0.00127,0.00042,3.6,-1.2802307,0.854,"prostaglandin-endoperoxide synthase 2",7922976,0.0903166,0.0105,2.9808605,-3.07417,1.02673071,"prostaglandin-endoperoxide synthase 2"
"374","PTP4A1","200730_s_at",1.72e-24,5.12e-26,12.6,48.370799,2.72,"protein tyrosine phosphatase type IVA, member 1",8120431,0.0027663,4.44e-05,5.9766828,2.32248,0.75050333,"protein tyrosine phosphatase type IVA, member 1"
"375","PTPN2","204935_at",1.05e-11,1.29e-12,7.67,17.773293,0.993,"protein tyrosine phosphatase, non-receptor type 2",8022393,0.0009486,7.44e-06,7.1193592,4.08323,0.96859405,"protein tyrosine phosphatase, non-receptor type 2"
"376","PTPRC","207238_s_at",1.1e-07,2.13e-08,5.88,8.2366382,1.06,"protein tyrosine phosphatase, receptor type C",7908553,0.0100479,0.000336,4.8038752,0.31582,1.38505262,"protein tyrosine phosphatase, receptor type C"
"377","PTPRE","221840_at",4.18e-19,2.25e-20,10.6,35.4626379,0.771,"protein tyrosine phosphatase, receptor type E",7931353,0.0105613,0.000365,4.7580073,0.23355,0.8950369,"protein tyrosine phosphatase, receptor type E"
"378","PTX3","206157_at",0.0946,0.0454,2.02,-5.5243836,0.603,"pentraxin 3",8083594,0.0132094,0.000507,4.5775377,-0.0926,3.38510476,"pentraxin 3"
"379","PUM3","203712_at",5.52e-23,1.91e-24,12,44.7740064,1.18,"pumilio RNA binding family member 3",8159854,0.0001182,1.06e-07,10.3898428,8.14232,1.1543869,"pumilio RNA binding family member 3"
"380","PYGL","202990_at",6.48e-29,1.14e-30,14.2,59.0260251,0.829,"phosphorylase, glycogen, liver",7979085,0.0201535,0.001,4.2104702,-0.76677,0.77784714,"phosphorylase, glycogen, liver"
"381","RAB27A","209514_s_at",2.09e-49,3.14e-52,22.3,108.3997033,4.74,"RAB27A, member RAS oncogene family",7989023,0.0007517,5.21e-06,7.3603479,4.43005,0.89444167,"RAB27A, member RAS oncogene family"
"382","RAB31","217763_s_at",3.21e-27,7.01e-29,13.6,54.9292375,2.63,"RAB31, member RAS oncogene family",8020110,0.0033624,6e-05,5.7952301,2.02495,0.88262929,"RAB31, member RAS oncogene family"
"383","RAC2","213603_s_at",1.19e-15,9.4e-17,9.26,27.1924782,1.21,"ras-related C3 botulinum toxin substrate 2 (rho family, small GTP binding protein Rac2)",8075910,0.0019847,2.56e-05,6.3181031,2.86897,1.0800869,"ras-related C3 botulinum toxin substrate 2 (rho family, small GTP binding protein Rac2)"
"384","RAN","200750_s_at",1.21e-39,6.2e-42,18.3,84.8357247,0.866,"RAN, member RAS oncogene family",7959882,0.0001305,1.6e-07,10.0343937,7.76279,0.99659048,"RAN, member RAS oncogene family"
"385","RANBP1","202483_s_at",3.62e-08,6.67e-09,6.11,9.3737215,0.743,"RAN binding protein 1",8071332,0.001548,1.67e-05,6.5885751,3.2895,1.06508333,"RAN binding protein 1"
"386","RBM14","239635_at",5.03e-06,1.2e-06,-5.04,4.3236157,-0.625,"RNA binding motif protein 14",7941694,0.0260137,0.00151,3.9911913,-1.17519,0.64369262,"RNA binding motif protein 14"
"387","RBM47","222496_s_at",4.22e-12,4.93e-13,7.84,18.7239281,0.949,"RNA binding motif protein 47",8099967,0.0391917,0.00285,3.6579868,-1.80125,0.63470524,"RNA binding motif protein 47"
"388","RDH10","226021_at",8.84e-12,1.07e-12,7.7,17.9571985,0.619,"retinol dehydrogenase 10 (all-trans)",8146921,0.0254389,0.00145,4.0124141,-1.13551,0.60435762,"retinol dehydrogenase 10 (all-trans)"
"389","RERG","244745_at",3.06e-09,4.98e-10,-6.6,11.91503,-0.703,"RAS like estrogen regulated growth inhibitor",7961540,0.0686073,0.00693,-3.1978465,-2.66841,-0.64208976,"RAS like estrogen regulated growth inhibitor"
"390","RIOK1","224450_s_at",5.28e-13,5.59e-14,8.21,20.8722107,0.599,"RIO kinase 1",8116760,0.0009391,7.3e-06,7.1313308,4.10066,1.37921595,"RIO kinase 1"
"391","RND3","212724_at",4.14e-24,1.28e-25,12.4,47.4616916,0.705,"Rho family GTPase 3",8055688,0.0008667,6.51e-06,7.2088311,4.21297,0.96678667,"Rho family GTPase 3"
"392","RNF19B","36564_at",6.49e-21,2.85e-22,11.3,39.7998315,1.13,"ring finger protein 19B",7914603,0.002469,3.8e-05,6.0728968,2.47825,0.99053571,"ring finger protein 19B"
"393","RNPC3","226975_at",1.1e-09,1.71e-10,-6.8,12.9637522,-1.16,"RNA binding region (RNP1, RRM) containing 3",7903404,0.0644976,0.00631,-3.2455802,-2.57871,-0.79876524,"RNA binding region (RNP1, RRM) containing 3"
"394","RPF2","225866_at",1.14e-13,1.13e-14,8.47,22.4549696,0.601,"ribosome production factor 2 homolog",8121510,0.0008617,6.42e-06,7.2186763,4.22718,1.21788333,"ribosome production factor 2 homolog"
"395","RPP40","213427_at",1.58e-28,2.91e-30,14.1,58.0949113,1.4,"ribonuclease P/MRP subunit p40",8123717,0.0016423,1.85e-05,6.522882,3.18837,0.70774333,"ribonuclease P/MRP subunit p40"
"396","RPS6KA3","203843_at",1.57e-23,5.16e-25,12.2,46.073977,1.09,"ribosomal protein S6 kinase A3",8171762,0.0197928,0.000977,4.2230363,-0.74347,0.63557524,"ribosomal protein S6 kinase A3"
"397","RRP12","216913_s_at",4.02e-14,3.74e-15,8.66,23.5447772,1.12,"ribosomal RNA processing 12 homolog",7935425,0.0034911,6.32e-05,5.7640364,1.97331,0.88108952,"ribosomal RNA processing 12 homolog"
"398","RRP15","219037_at",2.82e-16,2.08e-17,9.5,28.6866692,0.659,"ribosomal RNA processing 15 homolog",7909782,0.0022627,3.3e-05,6.1592892,2.61694,0.8369019,"ribosomal RNA processing 15 homolog"
"399","RUVBL1","201614_s_at",3.33e-21,1.41e-22,11.4,40.4952826,1.57,"RuvB like AAA ATPase 1",8090448,0.01047,0.000359,4.7671547,0.24998,0.88459786,"RuvB like AAA ATPase 1///RuvB like AAA ATPase 1"
"400","S100A12","205863_at",3.31e-84,6.06e-89,40.6,191.7651815,9.8,"S100 calcium binding protein A12",7920238,0.0586582,0.0054,3.3262634,-2.42685,0.83452,"S100 calcium binding protein A12"
"401","S100A8","202917_s_at",2.01e-35,1.69e-37,16.7,74.6756451,1.52,"S100 calcium binding protein A8",7920244,0.0022424,3.22e-05,6.1747103,2.64157,3.66310024,"S100 calcium binding protein A8"
"402","S100A9","203535_at",3.31e-43,1.14e-45,19.7,93.3906425,5.35,"S100 calcium binding protein A9",7905571,0.026458,0.00157,3.9722879,-1.21056,1.38581738,"S100 calcium binding protein A9"
"403","SCFD2","226923_at",4.86e-14,4.57e-15,8.62,23.3488804,0.979,"sec1 family domain containing 2",8100347,0.001906,2.35e-05,6.3719527,2.95357,1.15908095,"sec1 family domain containing 2"
"404","SEC23B","201583_s_at",2.37e-26,5.72e-28,13.3,52.8415927,1.03,"Sec23 homolog B, coat complex II component",8061186,0.0042088,8.52e-05,5.5868562,1.67727,0.74026333,"Sec23 homolog B, coat complex II component"
"405","SEH1L","223225_s_at",6.5e-18,3.96e-19,10.1,32.6146041,1.23,"SEH1 like nucleoporin",8020254,0.0003107,9.61e-07,8.5831133,6.06576,1.40331857,"SEH1 like nucleoporin"
"406","SELE","206211_at",1.18e-12,1.3e-13,8.07,20.0407661,2.37,"selectin E",7922229,3.36e-05,2.02e-09,14.4058365,11.64059,4.34590262,"selectin E"
"407","SELL","204563_at",7.62e-17,5.31e-18,9.72,30.0406479,1.84,"selectin L",7922219,0.0131957,0.000506,4.57853,-0.0908,1.57662381,"selectin L"
"408","SELP","206049_at",6.4e-06,1.54e-06,4.98,4.0797221,0.961,"selectin P",7922200,0.0068901,0.00019,5.1247075,0.88381,1.19894381,"selectin P"
"409","SELT","217811_at",2.16e-05,5.54e-06,4.69,2.8424632,0.65,"selenoprotein T",8154305,0.0004756,2.27e-06,7.9452611,5.23772,0.67387619,"selenoprotein T"
"410","SEPP1","229620_at",7.32e-10,1.11e-10,-6.88,13.3862617,-0.964,"selenoprotein P, plasma, 1",8111915,0.0187753,0.000899,-4.267224,-0.66168,-1.32368881,"selenoprotein P, plasma, 1"
"411","SERPINA1","211429_s_at",2.14e-37,1.46e-39,17.4,79.4011566,4.23,"serpin family A member 1",7981068,0.0129954,0.000493,4.5920497,-0.06624,0.71018333,"serpin family A member 1"
"412","SERPINA3","202376_at",2.38e-14,2.16e-15,8.75,24.0914503,2.93,"serpin family A member 3",7976496,0.1715555,0.0296,2.4400032,-4.05784,1.18527405,"serpin family A member 3"
"413","SERPINB1","212268_at",4.7e-41,2e-43,18.9,88.2532621,2.41,"serpin family B member 1",8123598,0.0050897,0.000113,5.4194744,1.3934,1.40191762,"serpin family B member 1"
"414","SERPINB9","242814_at",1.07e-17,6.7e-19,10,32.0929733,1.36,"serpin family B member 9",8123609,0.0206286,0.00105,4.1858971,-0.81235,0.65581571,"serpin family B member 9"
"415","SESTD1","226763_at",9.08e-08,1.75e-08,-5.92,8.4323026,-0.77,"SEC14 and spectrin domain containing 1",8057394,0.0564968,0.00511,-3.354843,-2.373,-0.68542333,"SEC14 and spectrin domain containing 1"
"416","SF3B3","200688_at",3.05e-11,3.93e-12,7.48,16.6757988,0.813,"splicing factor 3b subunit 3",7997099,0.0412815,0.00308,3.6173908,-1.87779,0.63256476,"splicing factor 3b subunit 3"
"417","SFN","209260_at",8.24e-25,2.37e-26,12.7,49.1387346,0.888,"stratifin",7899265,0.0412314,0.00308,3.6182328,-1.8762,0.87705429,"stratifin"
"418","SFPQ","201585_s_at",2.05e-06,4.66e-07,5.24,5.2363363,0.675,"splicing factor proline and glutamine rich",7914791,0.0054805,0.000129,5.3449214,1.26566,0.63145833,"splicing factor proline and glutamine rich"
"419","SH3BGRL2","225354_s_at",5.75e-17,3.93e-18,-9.76,30.3375302,-1.29,"SH3 domain binding glutamate rich protein like 2",8120833,0.0598115,0.00558,-3.3096634,-2.45811,-0.93409833,"SH3 domain binding glutamate rich protein like 2"
"420","SH3D19","1558647_at",0.00273,0.000951,-3.36,-2.0453497,-0.806,"SH3 domain containing 19",8103166,0.0133858,0.000517,-4.5664605,-0.11274,-0.76965833,"SH3 domain containing 19"
"421","SLA","203761_at",2.17e-08,3.91e-09,6.21,9.896636,0.982,"Src-like-adaptor",8152988,0.0059964,0.00015,5.2589102,1.11732,0.6056519,"Src-like-adaptor"
"422","SLC14A1","205856_at",4.22e-19,2.27e-20,-10.6,35.4525117,-2.36,"solute carrier family 14 member 1 (Kidd blood group)",8021081,0.1632313,0.0271,-2.486479,-3.97562,-1.17578595,"solute carrier family 14 member 1 (Kidd blood group)"
"423","SLC16A1","202235_at",1.78e-14,1.59e-15,8.8,24.3947018,1.54,"solute carrier family 16 member 1",7918622,0.0033306,5.93e-05,5.8023459,2.03671,0.94578976,"solute carrier family 16 member 1"
"424","SLC16A7","207057_at",0.000404,0.000123,-3.93,-0.1231069,-0.934,"solute carrier family 16 member 7",7956658,0.0011651,1.06e-05,6.8834201,3.73553,0.95927452,"solute carrier family 16 member 7"
"425","SLC1A3","202800_at",2.62e-16,1.93e-17,9.51,28.7602923,0.985,"solute carrier family 1 member 3",8104930,0.0004192,1.72e-06,8.1454537,5.50338,1.50019762,"solute carrier family 1 member 3"
"426","SLC25A25","225212_at",2.64e-19,1.39e-20,10.7,35.9419024,1.24,"solute carrier family 25 member 25",8158147,0.0056611,0.000136,5.3138557,1.21221,0.64588571,"solute carrier family 25 member 25"
"427","SLC25A27","230624_at",0.00105,0.00034,-3.66,-1.082453,-0.624,"solute carrier family 25 member 27",8120067,0.0009558,7.52e-06,-7.1117216,4.07211,-0.85887,"solute carrier family 25 member 27"
"428","SLC35B1","202433_at",7.68e-25,2.2e-26,12.7,49.2124921,0.616,"solute carrier family 35 member B1",8016578,0.0217794,0.00113,4.1431091,-0.89184,0.65263048,"solute carrier family 35 member B1"
"429","SLC39A8","216504_s_at",0.000301,9.03e-05,-4.01,0.1725981,-0.87,"solute carrier family 39 member 8",8101992,0.0679941,0.00683,3.2049592,-2.65505,1.25518881,"solute carrier family 39 member 8"
"430","SLC40A1","233123_at",2.68e-13,2.76e-14,-8.33,21.5691952,-1.51,"solute carrier family 40 member 1",8057677,0.0007076,4.59e-06,-7.4480987,4.55427,-1.70406048,"solute carrier family 40 member 1"
"431","SLC5A6","204087_s_at",2.01e-10,2.85e-11,7.13,14.7240534,0.931,"solute carrier family 5 member 6",8051030,0.0153067,0.000639,4.4508882,-0.32367,1.22993214,"solute carrier family 5 member 6"
"432","SLC7A1","215979_s_at",3.93e-21,1.68e-22,11.3,40.321834,2.16,"solute carrier family 7 member 1",7970810,0.0295603,0.00184,3.8880784,-1.36838,0.80550333,"solute carrier family 7 member 1"
"433","SLC7A11","209921_at",1.53e-39,7.96e-42,18.3,84.5873838,4.14,"solute carrier family 7 member 11",8102800,0.0639574,0.0062,3.2553637,-2.56031,0.87331238,"solute carrier family 7 member 11"
"434","SLC7A2","225516_at",6.6e-14,6.32e-15,-8.57,23.0275337,-0.714,"solute carrier family 7 member 2",8144786,0.0857527,0.00976,3.0205267,-3.0003,0.58879738,"solute carrier family 7 member 2"
"435","SLC7A5","201195_s_at",1.3e-29,2.07e-31,14.5,60.723391,1.88,"solute carrier family 7 member 5",8003298,0.0055139,0.00013,5.3399451,1.25711,1.65888595,"solute carrier family 7 member 5"
"436","SMIM14","222336_at",6.31e-08,1.19e-08,-6,8.8049894,-0.697,"small integral membrane protein 14",8099912,0.0260117,0.00151,-3.9920087,-1.17367,-0.60212905,"small integral membrane protein 14"
"437","SNRPB","213175_s_at",3.31e-12,3.82e-13,7.88,18.9747697,0.837,"small nuclear ribonucleoprotein polypeptides B and B1",8064502,0.0042088,8.55e-05,5.5850694,1.67426,0.67663595,"small nuclear ribonucleoprotein polypeptides B and B1"
"438","SNRPD1","202691_at",2.04e-21,8.5e-23,11.4,41.0014988,0.852,"small nuclear ribonucleoprotein D1 polypeptide",8020411,0.0012962,1.3e-05,6.7499205,3.53517,1.12886452,"small nuclear ribonucleoprotein D1 polypeptide"
"439","SOCS3","227697_at",2.73e-19,1.44e-20,10.6,35.9058866,1.31,"suppressor of cytokine signaling 3",8018864,0.0021608,3.06e-05,6.2068066,2.69274,1.21054238,"suppressor of cytokine signaling 3"
"440","SPCS3","218817_at",3.2e-29,5.47e-31,14.3,59.7581899,2.63,"signal peptidase complex subunit 3",8098414,0.0055927,0.000133,5.3285913,1.23758,0.79391738,"signal peptidase complex subunit 3"
"441","SPRED1","244439_at",0.00102,0.000331,-3.66,-1.0573825,-0.652,"sprouty related EVH1 domain containing 1",7982564,0.0006625,3.96e-06,7.5507628,4.69822,2.02045238,"sprouty related EVH1 domain containing 1"
"442","SQLE","213562_s_at",2.08e-26,5e-28,13.3,52.9757712,2.07,"squalene epoxidase",8148280,0.1579979,0.0258,2.5129363,-3.92857,0.67690405,"squalene epoxidase"
"443","SRGN","201858_s_at",6.39e-08,1.21e-08,5.99,8.7912836,1.22,"serglycin",7927964,0.0018202,2.19e-05,6.4165811,3.02335,2.57336929,"serglycin"
"444","SRM","201516_at",6.5e-26,1.63e-27,13.1,51.8017749,1.43,"spermidine synthase",7912374,0.0051831,0.000118,5.3982809,1.35717,1.36520405,"spermidine synthase"
"445","SRP72","208800_at",6.46e-12,7.71e-13,7.76,18.2823553,0.782,"signal recognition particle 72",8095230,0.0034911,6.32e-05,5.7647154,1.97444,0.59158381,"signal recognition particle 72"
"446","SRPRB","222532_at",1.2e-12,1.32e-13,8.06,20.0268165,1.36,"SRP receptor beta subunit",8082816,0.0008667,6.48e-06,7.2119808,4.21752,1.18849381,"SRP receptor beta subunit"
"447","SSBP2","238484_s_at",1.13e-14,9.87e-16,-8.88,24.8641625,-1.35,"single stranded DNA binding protein 2",8112940,0.0321354,0.00206,-3.8289378,-1.47943,-0.70415786,"single stranded DNA binding protein 2"
"448","ST14","216905_s_at",8.55e-33,9.42e-35,15.7,68.3826589,1.3,"suppression of tumorigenicity 14",7945204,0.0486188,0.0041,3.4696492,-2.1565,0.74061286,"suppression of tumorigenicity 14"
"449","STARD4","226390_at",2.33e-29,3.88e-31,14.4,60.0989643,3.05,"StAR related lipid transfer domain containing 4",8113491,0.0114804,0.000413,4.6895519,0.11028,0.61623524,"StAR related lipid transfer domain containing 4"
"450","STARD9","227108_at",1.23e-13,1.22e-14,-8.46,22.3759043,-1.04,"StAR related lipid transfer domain containing 9",7983132,0.0001305,1.5e-07,-10.0887829,7.82174,-0.75824095,"StAR related lipid transfer domain containing 9"
"451","STAT1","AFFX-HUMISGF3A/M97935_MA_at",5.62e-35,4.95e-37,16.5,73.6052364,3.61,"signal transducer and activator of transcription 1",8057744,0.0017955,2.1e-05,6.4422581,3.06336,0.62040952,"signal transducer and activator of transcription 1"
"452","STAT3","208992_s_at",6.9e-27,1.57e-28,13.5,54.1260512,2.91,"signal transducer and activator of transcription 3",8015607,0.0002047,3.44e-07,9.3916848,7.04161,1.21404524,"signal transducer and activator of transcription 3"
"453","STEAP4","220187_at",6.62e-31,9.15e-33,15,63.8285796,3.05,"STEAP4 metalloreductase",8140840,0.0001965,3.09e-07,9.4793337,7.14271,3.12113762,"STEAP4 metalloreductase"
"454","STK17A","202693_s_at",1.71e-25,4.47e-27,13,50.7966558,1.24,"serine/threonine kinase 17a",8132503,0.0083647,0.000254,4.9601472,0.59415,0.78666071,"serine/threonine kinase 17a"
"455","STRAP","1558002_at",9.52e-07,2.07e-07,-5.42,6.023329,-0.843,"serine/threonine kinase receptor associated protein",7954173,0.0024992,3.89e-05,6.0585504,2.45511,0.74110476,"serine/threonine kinase receptor associated protein"
"456","SURF4","222977_at",3.01e-06,6.97e-07,5.16,4.8461637,0.629,"surfeit 4",8164883,0.0142587,0.000568,4.515359,-0.20583,0.71526524,"surfeit 4"
"457","SYNCRIP","1555427_s_at",1.9e-34,1.78e-36,16.3,72.3344128,3.02,"synaptotagmin binding cytoplasmic RNA interacting protein",8127977,0.0001305,1.5e-07,10.0867614,7.81955,0.58869167,"synaptotagmin binding cytoplasmic RNA interacting protein"
"458","SYNE1","244144_at",3.29e-14,3.04e-15,-8.69,23.7526341,-0.841,"spectrin repeat containing nuclear envelope protein 1",8130211,0.0052611,0.000121,-5.3804881,1.3267,-0.71105357,"spectrin repeat containing nuclear envelope protein 1"
"459","TAF13","227278_at",7.9e-17,5.51e-18,9.71,30.0042211,0.626,"TATA-box binding protein associated factor 13",7918284,0.0004223,1.75e-06,8.1347045,5.48925,0.71071214,"TATA-box binding protein associated factor 13"
"460","TAP1","202307_s_at",1.71e-20,7.88e-22,11.1,38.7892859,0.777,"transporter 1, ATP binding cassette subfamily B member",8125512,0.016729,0.00074,4.371715,-0.46898,0.60724833,"transporter 1, ATP binding cassette subfamily B member"
"461","TARS","201263_at",5.21e-23,1.8e-24,12,44.8345522,0.755,"threonyl-tRNA synthetase",8104760,0.0001305,1.45e-07,10.1146095,7.84961,1.40376738,"threonyl-tRNA synthetase"
"462","TBX18","242107_x_at",8.58e-19,4.81e-20,-10.5,34.7057432,-1.4,"T-box 18",8127932,0.0006785,4.22e-06,-7.5067184,4.63665,-0.69825,"T-box 18"
"463","TCAF1","224030_s_at",6.47e-08,1.23e-08,-5.99,8.7780149,-0.884,"TRPM8 channel associated factor 1",8180403,0.0019638,2.44e-05,-6.3462795,2.91329,-0.63114238,"TRPM8 channel associated factor 1"
"464","TCEB1","202824_s_at",3.94e-39,2.2e-41,18.1,83.5767074,0.651,"transcription elongation factor B subunit 1",8180298,0.0010227,8.48e-06,7.0316165,3.95488,0.64983119,"transcription elongation factor B subunit 1"
"465","TCEB3","202819_s_at",2.38e-37,1.64e-39,17.4,79.2878384,2.07,"transcription elongation factor B subunit 3",7898881,0.0040237,7.97e-05,5.6265234,1.74395,0.68109881,"transcription elongation factor B subunit 3"
"466","TCP11L2","1553861_at",2.18e-18,1.27e-19,10.3,33.742023,1.67,"t-complex 11 like 2",7958262,0.0032632,5.76e-05,-5.8196914,2.06535,-1.31049238,"t-complex 11 like 2"
"467","TFRC","207332_s_at",8.19e-12,9.88e-13,7.72,18.037748,0.71,"transferrin receptor",8093053,0.0256874,0.00148,4.0028423,-1.15341,0.9995869,"transferrin receptor"
"468","TGFBR1","236561_at",1.51e-05,3.8e-06,-4.78,3.20513,-0.96,"transforming growth factor beta receptor 1",8156826,0.0059777,0.000149,5.2621888,1.123,0.97737524,"transforming growth factor beta receptor 1"
"469","THBD","237252_at",3e-26,7.3e-28,13.2,52.5987359,2.18,"thrombomodulin",8065353,0.0091928,0.000292,4.8824112,0.45609,1.23431571,"thrombomodulin"
"470","THBS1","201110_s_at",5.59e-08,1.05e-08,-6.02,8.9291981,-1.32,"thrombospondin 1",7982597,0.0001502,2.16e-07,9.7753882,7.47771,3.44618905,"thrombospondin 1"
"471","TIGAR","219099_at",6.32e-35,5.61e-37,16.5,73.4806863,3.03,"TP53 induced glycolysis regulatory phosphatase",7953211,0.0001265,1.22e-07,10.2695951,8.01541,1.06498952,"TP53 induced glycolysis regulatory phosphatase"
"472","TIMM17A","201821_s_at",2.2e-16,1.6e-17,9.54,28.9457371,0.615,"translocase of inner mitochondrial membrane 17 homolog A (yeast)",7908766,0.0017904,2.08e-05,6.4479344,3.0722,0.81577619,"translocase of inner mitochondrial membrane 17 homolog A (yeast)"
"473","TIMM23B","218119_at",6.65e-10,1.01e-10,6.9,13.4853413,0.731,"translocase of inner mitochondrial membrane 23 homolog B///translocase of inner mitochondrial membrane 23",7933582,0.0005435,2.79e-06,7.7972607,5.03783,0.67027667,"translocase of inner mitochondrial membrane 23 homolog B///translocase of inner mitochondrial membrane 23"
"474","TIMP3","201150_s_at",8.13e-34,8.04e-36,-16.1,70.8311174,-1.17,"TIMP metallopeptidase inhibitor 3",8072626,0.1592925,0.0261,-2.5065142,-3.94001,-0.74615333,"TIMP metallopeptidase inhibitor 3"
"475","TLR1","210176_at",4.84e-05,1.3e-05,4.49,2.0213654,0.809,"toll like receptor 1",8099834,0.0357245,0.00245,3.7376883,-1.65109,0.68922071,"toll like receptor 1"
"476","TLR2","204924_at",8.3e-21,3.71e-22,11.2,39.5378553,1.99,"toll like receptor 2",8097903,0.0572673,0.00522,3.3439681,-2.39349,0.75645429,"toll like receptor 2"
"477","TMED5","202195_s_at",2.16e-15,1.76e-16,9.16,26.5730104,1.01,"transmembrane p24 trafficking protein 5",7917741,0.0072587,0.000205,5.0804953,0.80635,0.69851952,"transmembrane p24 trafficking protein 5"
"478","TMEM159","213272_s_at",1.47e-06,3.26e-07,-5.32,5.5824271,-1.05,"transmembrane protein 159",7993807,0.0740985,0.00778,-3.1373459,-2.78192,-0.6398719,"transmembrane protein 159///transmembrane protein 159"
"479","TMEM165","226827_at",6.46e-07,1.38e-07,5.5,6.4197231,0.981,"transmembrane protein 165",8095148,0.0104312,0.000357,4.770395,0.25579,0.70227095,"transmembrane protein 165"
"480","TMEM167A","226276_at",2.44e-17,1.6e-18,9.91,31.2291258,1.37,"transmembrane protein 167A",8112967,0.0012114,1.17e-05,6.8179464,3.6376,0.63785619,"transmembrane protein 167A"
"481","TMEM185B","219253_at",6.61e-21,2.91e-22,11.3,39.7782498,1.34,"transmembrane protein 185B",8054862,0.0005077,2.49e-06,7.8803084,5.15036,0.61323786,"transmembrane protein 185B"
"482","TMEM30B","213285_at",7.27e-25,2.07e-26,12.7,49.271749,0.842,"transmembrane protein 30B",7979524,0.0053729,0.000125,5.3623149,1.29554,1.00787786,"transmembrane protein 30B"
"483","TMEM47","209656_s_at",4.54e-26,1.12e-27,-13.2,52.1730312,-1.41,"transmembrane protein 47",8172022,0.0353744,0.0024,-3.7483646,-1.63099,-0.78812929,"transmembrane protein 47"
"484","TMTC1","226322_at",7.58e-07,1.63e-07,-5.47,6.2559926,-0.624,"transmembrane and tetratricopeptide repeat containing 1",7962058,0.1063402,0.0137,2.8462381,-3.32354,0.64585643,"transmembrane and tetratricopeptide repeat containing 1"
"485","TNFAIP1","201208_s_at",1.42e-24,4.19e-26,12.6,48.5698476,1.53,"TNF alpha induced protein 1",8005847,0.0020935,2.86e-05,6.2475406,2.75745,0.69406548,"TNF alpha induced protein 1"
"486","TNS1","221748_s_at",2.59e-23,8.62e-25,-12.1,45.5635918,-0.704,"tensin 1",8058869,0.0995866,0.0124,-2.8970611,-3.22967,-0.61902857,"tensin 1"
"487","TOP1","208901_s_at",5.35e-17,3.65e-18,9.78,30.4127133,0.733,"topoisomerase (DNA) I",8062603,0.0023177,3.43e-05,6.135208,2.57839,0.99044024,"topoisomerase (DNA) I"
"488","TPM4","212481_s_at",4.6e-12,5.4e-13,7.82,18.6324332,0.775,"tropomyosin 4",8180349,0.0083647,0.000254,4.9595656,0.59312,0.7275,"tropomyosin 4"
"489","TRA2B","210180_s_at",7.22e-08,1.38e-08,5.97,8.6655821,0.687,"transformer 2 beta homolog (Drosophila)",8092564,0.0012114,1.17e-05,6.8198317,3.64042,0.60937214,"transformer 2 beta homolog (Drosophila)"
"490","TRIM16","204341_at",5.22e-15,4.42e-16,9.01,25.6588175,1.12,"tripartite motif containing 16",8012953,0.0070322,0.000195,5.1100279,0.85812,0.78302071,"tripartite motif containing 16"
"491","TRMT1","210463_x_at",1.02e-12,1.11e-13,8.09,20.1919325,0.797,"tRNA methyltransferase 1",8034615,0.0181632,0.000845,4.3006144,-0.59999,0.63485143,"tRNA methyltransferase 1"
"492","TRMT6","233970_s_at",1.1e-15,8.68e-17,9.27,27.2711123,1.02,"tRNA methyltransferase 6",8064879,0.0003809,1.36e-06,8.3205766,5.7314,0.94354333,"tRNA methyltransferase 6"
"493","TRNT1","222754_at",2.83e-12,3.25e-13,7.91,19.1341724,0.982,"tRNA nucleotidyl transferase 1",8077353,0.0037518,7.09e-05,5.6960465,1.86025,0.60113262,"tRNA nucleotidyl transferase 1"
"494","TRUB2","223109_at",4.78e-21,2.07e-22,11.3,40.1172537,0.677,"TruB pseudouridine synthase family member 2",8164428,0.0047319,0.000102,5.4805057,1.49737,0.67805952,"TruB pseudouridine synthase family member 2///TruB pseudouridine synthase family member 2"
"495","TSC22D3","208763_s_at",3.3e-21,1.4e-22,-11.4,40.5061134,-1.36,"TSC22 domain family member 3",8174361,0.0005586,3.01e-06,-7.7430507,4.96387,-0.940585,"TSC22 domain family member 3"
"496","TSPAN7","202242_at",9.38e-22,3.75e-23,-11.6,41.8143998,-1.04,"tetraspanin 7",8166784,0.0274472,0.00165,-3.9440602,-1.26342,-0.77848571,"tetraspanin 7"
"497","TSPAN8","203824_at",9.09e-20,4.55e-21,-10.8,37.0470587,-2.27,"tetraspanin 8",7964927,0.1577234,0.0257,-2.5158231,-3.92343,-1.0835281,"tetraspanin 8"
"498","TSR1","221987_s_at",4e-30,6.03e-32,14.7,61.9516152,1.47,"TSR1, ribosome maturation factor",8011245,0.0004646,2.2e-06,7.9667225,5.26646,1.26483214,"TSR1, ribosome maturation factor"
"499","TSTA3","36936_at",1.58e-17,1.01e-18,9.98,31.6866941,0.717,"tissue specific transplantation antigen P35B",8153474,0.0787322,0.00856,3.0882221,-2.87389,1.03644714,"tissue specific transplantation antigen P35B"
"500","TUBB6","209191_at",3.82e-37,2.71e-39,17.3,78.7865561,1.15,"tubulin beta 6 class V",8020220,0.0010611,8.92e-06,6.9975329,3.90471,0.8393319,"tubulin beta 6 class V"
"501","TULP3","205854_at",2.49e-10,3.59e-11,-7.09,14.4994178,-0.607,"tubby like protein 3",7953135,0.0525039,0.0046,-3.4094897,-2.26998,-0.6706581,"tubby like protein 3"
"502","TYROBP","204122_at",2.55e-05,6.6e-06,4.65,2.6745319,0.754,"TYRO protein tyrosine kinase binding protein",8036224,0.0481829,0.00403,3.4781446,-2.14047,0.82418,"TYRO protein tyrosine kinase binding protein"
"503","UBE2D1","214590_s_at",4.75e-17,3.21e-18,9.8,30.538629,1.13,"ubiquitin conjugating enzyme E2 D1",7927658,0.0006694,4.09e-06,7.5289059,4.6677,0.88050881,"ubiquitin conjugating enzyme E2 D1"
"504","UBE2J1","222435_s_at",1.59e-22,5.8e-24,11.9,43.6685954,1.12,"ubiquitin conjugating enzyme E2 J1",8128111,0.0036781,6.88e-05,5.713555,1.88943,0.7461969,"ubiquitin conjugating enzyme E2 J1"
"505","UGCG","221765_at",1.07e-12,1.17e-13,8.08,20.144499,1.07,"UDP-glucose ceramide glucosyltransferase",8157216,0.0215417,0.00111,4.1534385,-0.87264,0.73519881,"UDP-glucose ceramide glucosyltransferase"
"506","UGP2","232180_at",2.28e-15,1.85e-16,-9.15,26.5192905,-0.725,"UDP-glucose pyrophosphorylase 2",8042270,0.0473012,0.00392,3.4928608,-2.11271,0.7348381,"UDP-glucose pyrophosphorylase 2"
"507","UMPS","202706_s_at",8.9e-24,2.84e-25,12.3,46.6671784,0.867,"uridine monophosphate synthetase",8082229,0.0098086,0.000323,4.8246161,0.35294,0.62432524,"uridine monophosphate synthetase"
"508","URB1","212996_s_at",1.78e-06,4e-07,5.28,5.38456,0.672,"URB1 ribosome biogenesis 1 homolog (S. cerevisiae)",8069943,0.001102,9.49e-06,6.9568093,3.84456,0.88634643,"URB1 ribosome biogenesis 1 homolog (S. cerevisiae)"
"509","UST","205139_s_at",4.95e-19,2.69e-20,-10.5,35.2829618,-1.79,"uronyl 2-sulfotransferase",8122660,0.0191759,0.00093,-4.2491649,-0.69509,-0.60016643,"uronyl 2-sulfotransferase"
"510","UTP11","218235_s_at",1.18e-27,2.45e-29,13.7,55.9744844,0.824,"UTP11, small subunit processome component homolog (S. cerevisiae)",7900201,0.0014573,1.54e-05,6.6411235,3.36994,0.77043333,"UTP11, small subunit processome component homolog (S. cerevisiae)"
"511","UTP14A","221514_at",1.64e-17,1.05e-18,9.97,31.6464803,0.73,"UTP14A small subunit processome component",8169868,0.0013606,1.4e-05,6.7030708,3.46424,1.06381381,"UTP14A small subunit processome component"
"512","UTP15","228050_at",4.04e-12,4.71e-13,7.85,18.7685166,0.659,"UTP15, small subunit processome component",8106193,0.0003311,1.12e-06,8.4658468,5.91751,1.26188571,"UTP15, small subunit processome component"
"513","UTP4","230656_s_at",5.34e-23,1.85e-24,12,44.8073473,0.721,"UTP4, small subunit processome component",7996891,0.0001305,1.68e-07,9.987583,7.71181,1.72950357,"UTP4, small subunit processome component"
"514","VMP1","1569003_at",6.11e-27,1.39e-28,13.5,54.2513961,1.94,"vacuole membrane protein 1",8008870,0.0005586,3.04e-06,7.7376626,4.9565,0.62546286,"vacuole membrane protein 1"
"515","WARS","200628_s_at",5.19e-32,6.18e-34,15.4,66.5104585,1.93,"tryptophanyl-tRNA synthetase",7981290,0.0007558,5.31e-06,7.3476436,4.41197,2.0263781,"tryptophanyl-tRNA synthetase"
"516","WDR1","200611_s_at",9.03e-32,1.13e-33,15.3,65.9116167,1.34,"WD repeat domain 1",8099340,0.0041961,8.46e-05,5.5915423,1.68516,0.76240095,"WD repeat domain 1"
"517","WDR12","218512_at",1.69e-26,4.03e-28,13.3,53.1892938,1.22,"WD repeat domain 12",8058373,0.000223,4.4e-07,9.1932416,6.80941,1.20324024,"WD repeat domain 12"
"518","WDR36","238677_at",1.26e-16,8.93e-18,9.63,29.5249077,1.3,"WD repeat domain 36",8107282,7.96e-05,3.35e-08,11.4460557,9.19516,0.99963071,"WD repeat domain 36"
"519","WDR4","241937_s_at",1.95e-15,1.57e-16,9.17,26.6832826,1.37,"WD repeat domain 4",8070615,0.0109776,0.000387,4.7257256,0.17549,0.80197857,"WD repeat domain 4"
"520","WDR77","201420_s_at",1.17e-42,4.16e-45,19.5,92.1018497,1.42,"WD repeat domain 77",7918517,0.017938,0.000827,4.3124212,-0.5782,0.75921952,"WD repeat domain 77"
"521","WEE1","215711_s_at",2.2e-09,3.52e-10,-6.67,12.2539725,-1.78,"WEE1 G2 checkpoint kinase",7938366,0.1604041,0.0264,-2.5005208,-3.95067,-0.78318452,"WEE1 G2 checkpoint kinase"
"522","WTAP","210285_x_at",0.000602,0.000189,3.82,-0.5260164,0.615,"Wilms tumor 1 associated protein",8126952,0.0032848,5.81e-05,5.8147175,2.05714,0.60796714,"Wilms tumor 1 associated protein"
"523","XBP1","242021_at",2.31e-21,9.69e-23,-11.4,40.8705721,-1.69,"X-box binding protein 1",8075182,0.0843852,0.00953,3.0324123,-2.97814,0.6630581,"X-box binding protein 1"
"524","XPO5","223057_s_at",6.84e-13,7.32e-14,8.16,20.6056252,1.2,"exportin 5",8126588,0.0004027,1.57e-06,8.2136604,5.59267,0.81715619,"exportin 5"
"525","YARS","212048_s_at",8.76e-28,1.78e-29,13.8,56.2948371,0.774,"tyrosyl-tRNA synthetase",7914563,0.000223,4.62e-07,9.1542078,6.76319,1.48652714,"tyrosyl-tRNA synthetase"
"526","ZBTB20","226250_at",3.81e-27,8.4e-29,-13.6,54.7498711,-0.892,"zinc finger and BTB domain containing 20",8089701,0.0716455,0.00742,-3.1620722,-2.73556,-0.70892738,"zinc finger and BTB domain containing 20"
"527","ZC3H6","241372_at",6.23e-06,1.49e-06,-4.99,4.107635,-0.605,"zinc finger CCCH-type containing 6",8044450,0.0020935,2.87e-05,-6.2459111,2.75487,-0.802605,"zinc finger CCCH-type containing 6"
"528","ZFP36","201531_at",4.04e-21,1.74e-22,11.3,40.2917671,0.895,"ZFP36 ring finger protein",8028652,0.0100821,0.000338,4.8003293,0.30947,1.38300095,"ZFP36 ring finger protein"
"529","ZNF273","215239_x_at",2.1e-06,4.75e-07,-5.24,5.2166393,-0.685,"zinc finger protein 273",8133062,0.0541115,0.00482,-3.3856201,-2.31498,-0.74072619,"zinc finger protein 273"
"530","ZNF521","226677_at",2.74e-18,1.61e-19,-10.3,33.5057913,-0.814,"zinc finger protein 521",8022612,0.0076149,0.000222,-5.034513,0.7255,-0.73679929,"zinc finger protein 521"
"531","ZNFX1","225076_s_at",2.12e-16,1.54e-17,9.55,28.9838018,0.661,"zinc finger NFX1-type containing 1",8066905,0.0106683,0.000371,4.7486082,0.21666,0.74741095,"zinc finger NFX1-type containing 1"
"532","ZPR1","200054_at",7.9e-14,7.65e-15,8.54,22.8380354,0.659,"ZPR1 zinc finger",7951838,0.0003809,1.34e-06,8.3329956,5.74742,0.95654524,"ZPR1 zinc finger"
