"","Gene.symbol","ID.PS","adj.P.Val.PS","P.Value.PS","t.PS","B.PS","logFC.PS","Gene.title.PS","ID.HS","adj.P.Val.HS","P.Value.HS","t.HS","B.HS","logFC.HS","Gene.title.HS"
"1","A2ML1","1553505_at",1.75e-33,1.83e-35,15.9,70.0153484,2.89,"alpha-2-macroglobulin like 1","1564307_a_at",0.017,0.00709,-2.9264961,-3.261128,-0.94093565,"alpha-2-macroglobulin like 1"
"2","AACS","218434_s_at",5.54e-20,2.71e-21,-10.9,37.5616901,-0.688,"acetoacetyl-CoA synthetase","218434_s_at",0.00094,0.000236,-4.2717545,0.022352,-0.94223024,"acetoacetyl-CoA synthetase"
"3","AAGAB","243284_at",4.3e-07,8.99e-08,-5.59,6.8350507,-1.07,"alpha- and gamma-adaptin binding protein","243284_at",0.000206,3.96e-05,-4.9524648,1.779401,-1.2579897,"alpha- and gamma-adaptin binding protein"
"4","ABAT","209459_s_at",1.16e-07,2.27e-08,-5.87,8.1756988,-0.88,"4-aminobutyrate aminotransferase","206527_at",0.028,0.0127,2.6783315,-3.80883,0.60666269,"4-aminobutyrate aminotransferase"
"5","ABCA11P","220159_at",4.98e-12,5.88e-13,-7.81,18.5501133,-1,"ATP binding cassette subfamily A member 11, pseudogene","220159_at",4.32e-06,3.89e-07,-6.7580759,6.38335,-0.87450289,"ATP binding cassette subfamily A member 11, pseudogene"
"6","ABCA12","215465_at",9.27e-33,1.02e-34,15.7,68.2992638,2.78,"ATP binding cassette subfamily A member 12","215465_at",0.00054,0.000123,-4.521878,0.665282,-1.4293459,"ATP binding cassette subfamily A member 12"
"7","ABCA13","1553604_at",0.00414,0.00148,-3.23,-2.4584523,-0.588,"ATP binding cassette subfamily A member 13","1553605_a_at",0.0331,0.0156,-2.5917336,-3.993661,-1.52822682,"ATP binding cassette subfamily A member 13"
"8","ABCA5","241705_at",7.48e-15,6.43e-16,-8.95,25.2876319,-1.34,"ATP binding cassette subfamily A member 5","213353_at",2.76e-08,6.03e-10,-9.5761648,12.844265,-1.06226617,"ATP binding cassette subfamily A member 5"
"9","ABCA6","217504_at",3.21e-09,5.24e-10,-6.6,11.865611,-0.959,"ATP binding cassette subfamily A member 6","217504_at",0.00547,0.00188,-3.4655361,-1.99583,-0.76499987,"ATP binding cassette subfamily A member 6"
"10","ABCA8","204719_at",1.59e-09,2.51e-10,-6.73,12.5885796,-0.678,"ATP binding cassette subfamily A member 8","204719_at",0.00182,0.000517,-3.9699976,-0.745161,-0.9565287,"ATP binding cassette subfamily A member 8"
"11","ABCA9","242541_at",2.84e-11,3.66e-12,-7.49,16.7474945,-1.26,"ATP binding cassette subfamily A member 9","242541_at",0.0115,0.00448,-3.1166594,-2.825331,-0.75749303,"ATP binding cassette subfamily A member 9"
"12","ABCC3","209641_s_at",9.14e-06,2.24e-06,-4.9,3.7164705,-0.63,"ATP binding cassette subfamily C member 3","208161_s_at",0.00494,0.00166,-3.5137038,-1.878708,-0.69521272,"ATP binding cassette subfamily C member 3"
"13","ABCD3","1554878_a_at",3.46e-15,2.88e-16,9.08,26.0850265,2.22,"ATP binding cassette subfamily D member 3","1554878_a_at",0.00441,0.00146,-3.565595,-1.751916,-0.68043346,"ATP binding cassette subfamily D member 3"
"14","ABCF2","209246_at",1.27e-21,5.14e-23,11.5,41.5001614,1.06,"ATP binding cassette subfamily F member 2","207623_at",7.38e-06,7.4e-07,-6.4992817,5.739623,-0.84832228,"ATP binding cassette subfamily F member 2"
"15","ABHD18","219980_at",1.99e-07,3.99e-08,-5.76,7.6253969,-0.834,"abhydrolase domain containing 18","219980_at",0.003,0.000925,-3.7440407,-1.311431,-0.65876601,"abhydrolase domain containing 18"
"16","ABHD2","63825_at",9.69e-08,1.87e-08,-5.91,8.3654912,-0.655,"abhydrolase domain containing 2","228490_at",1.1e-10,1.57e-13,14.0337683,20.988731,1.36564958,"abhydrolase domain containing 2"
"17","ABHD5","218739_at",2.14e-09,3.42e-10,6.67,12.2835016,1.07,"abhydrolase domain containing 5","218739_at",0.0109,0.00417,-3.1451706,-2.758915,-0.68400971,"abhydrolase domain containing 5"
"18","ABHD6","45288_at",3.28e-18,1.94e-19,-10.2,33.322705,-0.749,"abhydrolase domain containing 6","221552_at",1.41e-08,2.43e-10,-10.0113942,13.746805,-1.04941797,"abhydrolase domain containing 6"
"19","ABI3BP","223395_at",1.09e-10,1.5e-11,-7.24,15.3549764,-0.831,"ABI family member 3 binding protein","220518_at",0.00337,0.00106,-3.6905782,-1.444085,-0.86309132,"ABI family member 3 binding protein"
"20","ABL2","231907_at",5.1e-08,9.55e-09,-6.04,9.0221478,-1.06,"ABL proto-oncogene 2, non-receptor tyrosine kinase","206411_s_at",2.74e-07,1.21e-08,8.213196,9.851821,0.88486187,"ABL proto-oncogene 2, non-receptor tyrosine kinase"
"21","ABLIM2","228132_at",1.89e-29,3.1e-31,-14.4,60.3229346,-2.22,"actin binding LIM protein family member 2","228132_at",0.00111,0.000287,-4.1958948,-0.171583,-0.79588965,"actin binding LIM protein family member 2"
"22","ACAA2","241114_s_at",5.98e-10,9e-11,-6.92,13.5950045,-1.15,"acetyl-CoA acyltransferase 2","202002_at",1.71e-07,6.65e-09,8.4762988,10.449222,0.61052869,"acetyl-CoA acyltransferase 2"
"23","ACACB","49452_at",6.17e-21,2.7e-22,-11.3,39.8533166,-1.17,"acetyl-CoA carboxylase beta","43427_at",0.00301,0.000931,-3.7417915,-1.317023,-0.72105329,"acetyl-CoA carboxylase beta"
"24","ACADL","206069_s_at",6.72e-13,7.19e-14,-8.17,20.6245446,-1.42,"acyl-CoA dehydrogenase, long chain","206068_s_at",1.38e-06,9.39e-08,-7.3401515,7.803067,-2.14696429,"acyl-CoA dehydrogenase, long chain"
"25","ACADSB","226030_at",2.62e-17,1.73e-18,-9.89,31.1539122,-1.04,"acyl-CoA dehydrogenase, short/branched chain","205355_at",0.00146,0.000396,-4.0729498,-0.484554,-0.65366484,"acyl-CoA dehydrogenase, short/branched chain"
"26","ACAP1","205213_at",2.65e-10,3.83e-11,7.07,14.4337994,0.788,"ArfGAP with coiled-coil, ankyrin repeat and PH domains 1","205213_at",6.44e-07,3.58e-08,7.7455736,8.766964,1.39667772,"ArfGAP with coiled-coil, ankyrin repeat and PH domains 1"
"27","ACAP3","225542_at",4.59e-05,1.23e-05,4.51,2.076047,0.805,"ArfGAP with coiled-coil, ankyrin repeat and PH domains 3","225529_at",2.87e-05,3.83e-06,-5.852063,4.101147,-0.74539076,"ArfGAP with coiled-coil, ankyrin repeat and PH domains 3"
"28","ACAT1","205412_at",5.67e-29,9.98e-31,-14.2,59.1600076,-0.948,"acetyl-CoA acetyltransferase 1","1559239_s_at",0.000904,0.000225,-4.2894282,0.067615,-0.8693785,"acetyl-CoA acetyltransferase 1"
"29","ACER1","1553929_at",0.102,0.0495,1.98,-5.5981404,0.613,"alkaline ceramidase 1","1553929_at",7.51e-07,4.34e-08,-7.6641064,8.574989,-2.00607422,"alkaline ceramidase 1"
"30","ACER3","222689_at",5.34e-17,3.63e-18,9.78,30.4167449,1.21,"alkaline ceramidase 3","222689_at",4.84e-08,1.29e-09,9.2202897,12.087356,0.9405161,"alkaline ceramidase 3"
"31","ACKR4","220351_at",5e-04,0.000155,-3.87,-0.3391762,-0.669,"atypical chemokine receptor 4","220351_at",0.003,0.000928,-3.7427192,-1.314716,-0.6300033,"atypical chemokine receptor 4"
"32","ACO1","207071_s_at",9.62e-10,1.48e-10,-6.83,13.105413,-0.88,"aconitase 1","207071_s_at",6.07e-05,9.31e-06,5.5075607,3.215945,0.75651709,"aconitase 1"
"33","ACOT11","214763_at",1.2e-15,9.54e-17,9.25,27.1773094,1.5,"acyl-CoA thioesterase 11","214763_at",0.00263,0.000794,3.8036103,-1.162988,0.93753432,"acyl-CoA thioesterase 11"
"34","ACOX1","213501_at",1.62e-15,1.3e-16,9.2,26.8682001,1.76,"acyl-CoA oxidase 1","227962_at",6e-07,3.28e-08,-7.7832259,8.855396,-0.64474223,"acyl-CoA oxidase 1"
"35","ACP5","204638_at",2.99e-25,8.07e-27,12.9,50.2087432,1.75,"acid phosphatase 5, tartrate resistant","204638_at",5.38e-07,2.86e-08,7.8411987,8.991186,1.52187236,"acid phosphatase 5, tartrate resistant"
"36","ACPP","204393_s_at",1.4e-24,4.13e-26,12.6,48.5853147,3.02,"acid phosphatase, prostate","231711_at",0.0051,0.00173,-3.4982001,-1.916467,-0.90435666,"acid phosphatase, prostate"
"37","ACSBG1","206465_at",3e-10,4.36e-11,-7.05,14.3065584,-1.84,"acyl-CoA synthetase bubblegum family member 1","206465_at",0.00715,0.00256,-3.3424855,-2.292357,-1.96410282,"acyl-CoA synthetase bubblegum family member 1"
"38","ACSF2","218844_at",1.34e-15,1.07e-16,-9.24,27.0629238,-1.2,"acyl-CoA synthetase family member 2","218844_at",0.00493,0.00166,-3.5138218,-1.87842,-0.64895525,"acyl-CoA synthetase family member 2"
"39","ACTG1P4","208498_s_at",6e-09,1.01e-09,-6.47,11.2250611,-0.788,"actin gamma 1 pseudogene 4///amylase, alpha 2B (pancreatic)///amylase, alpha 2A (pancreatic)///amylase, alpha 1C (salivary)///amylase, alpha 1B (salivary)///amylase, alpha 1A (salivary)","228023_x_at",5.01e-05,7.4e-06,-5.5961811,3.444313,-0.66874235,"actin gamma 1 pseudogene 4///RNA binding region (RNP1, RRM) containing 3///amylase, alpha 2B (pancreatic)"
"40","ACTR2","1554390_s_at",6.06e-12,7.2e-13,7.77,18.3489861,1.12,"ARP2 actin related protein 2 homolog","1554390_s_at",0.00373,0.0012,3.6439834,-1.559234,0.6100722,"ARP2 actin related protein 2 homolog"
"41","ACVR1B","205209_at",8.46e-08,1.62e-08,-5.94,8.5047275,-0.862,"activin A receptor type 1B","208218_s_at",0.000619,0.000144,-4.4609683,0.5083,-0.71836458,"activin A receptor type 1B"
"42","ACVRL1","210838_s_at",1.14e-05,2.82e-06,-4.85,3.49351,-0.641,"activin A receptor like type 1","226950_at",4.3e-06,3.86e-07,6.7610044,6.390592,0.71294596,"activin A receptor like type 1"
"43","ADAM10","202604_x_at",8.3e-32,1.03e-33,15.3,66.0064065,2.13,"ADAM metallopeptidase domain 10","202604_x_at",4.27e-10,1.21e-12,12.8160407,18.990086,1.26107893,"ADAM metallopeptidase domain 10"
"44","ADAM12","226777_at",2.23e-13,2.28e-14,8.36,21.7597716,1.77,"ADAM metallopeptidase domain 12","226777_at",9.28e-13,1.7e-17,20.6746882,29.66061,4.75001177,"ADAM metallopeptidase domain 12"
"45","ADAM19","209765_at",7.82e-12,9.41e-13,7.73,18.0858942,1.06,"ADAM metallopeptidase domain 19","209765_at",9.64e-09,1.48e-10,10.2558494,14.242721,2.00135852,"ADAM metallopeptidase domain 19"
"46","ADAM22","213411_at",2.02e-12,2.27e-13,-7.97,19.4876642,-1.54,"ADAM metallopeptidase domain 22","213411_at",5.17e-05,7.67e-06,-5.5821675,3.408228,-1.36885105,"ADAM metallopeptidase domain 22"
"47","ADAM23","244463_at",2.09e-38,1.27e-40,17.8,81.8338924,3.41,"ADAM metallopeptidase domain 23","206046_at",1.96e-08,3.8e-10,9.7955386,13.302343,1.30124367,"ADAM metallopeptidase domain 23"
"48","ADAM28","205997_at",0.000135,3.86e-05,4.23,0.9823735,0.799,"ADAM metallopeptidase domain 28","205997_at",1.51e-09,1e-11,11.6417828,16.910136,1.9660678,"ADAM metallopeptidase domain 28"
"49","ADAM8","205180_s_at",4.77e-14,4.48e-15,8.63,23.3684551,1.62,"ADAM metallopeptidase domain 8","205180_s_at",1.91e-07,7.58e-09,8.4179669,10.317587,1.49314437,"ADAM metallopeptidase domain 8"
"50","ADAMDEC1","206134_at",3.59e-41,1.5e-43,18.9,88.5359412,5.11,"ADAM like decysin 1","206134_at",9.63e-13,5.11e-17,19.7519452,28.641371,4.70355955,"ADAM like decysin 1"
"51","ADAMTS12","226997_at",0.00672,0.00249,3.07,-2.9380926,0.75,"ADAM metallopeptidase with thrombospondin type 1 motif 12","226997_at",7.73e-10,3.39e-12,12.2342773,17.979263,3.04394169,"ADAM metallopeptidase with thrombospondin type 1 motif 12"
"52","ADAMTS15","229004_at",2.69e-05,6.98e-06,-4.64,2.6205891,-1.12,"ADAM metallopeptidase with thrombospondin type 1 motif 15","229004_at",6.74e-06,6.63e-07,6.5433978,5.849864,1.17722614,"ADAM metallopeptidase with thrombospondin type 1 motif 15"
"53","ADAMTS2","226311_at",0.0289,0.0121,2.54,-4.3731548,0.636,"ADAM metallopeptidase with thrombospondin type 1 motif 2","226311_at",1.01e-08,1.57e-10,10.2246745,14.179914,2.32999566,"ADAM metallopeptidase with thrombospondin type 1 motif 2"
"54","ADAMTS5","219935_at",1e-10,1.38e-11,-7.26,15.4406718,-1.51,"ADAM metallopeptidase with thrombospondin type 1 motif 5","1558636_s_at",0.00147,4e-04,4.0687516,-0.495208,1.29793404,"ADAM metallopeptidase with thrombospondin type 1 motif 5"
"55","ADAMTS9-AS2","1556364_at",3.43e-16,2.56e-17,-9.47,28.4807278,-1.93,"ADAMTS9 antisense RNA 2","234078_at",1.5e-08,2.63e-10,-9.9729862,13.668172,-1.16787992,"ADAMTS9 antisense RNA 2"
"56","ADAMTSL1","229585_at",8.43e-06,2.06e-06,-4.92,3.7979454,-1.01,"ADAMTS like 1","1552457_a_at",0.00256,0.00077,3.8153099,-1.133759,0.77453242,"ADAMTS like 1"
"57","ADAMTSL3","213974_at",4.25e-13,4.46e-14,-8.25,21.0966349,-1.11,"ADAMTS like 3","213974_at",4.18e-08,1.06e-09,-9.3104348,12.280709,-1.82439999,"ADAMTS like 3"
"58","ADAP2","219358_s_at",1.64e-40,7.61e-43,18.7,86.9223794,3.41,"ArfGAP with dual PH domains 2","219358_s_at",3.98e-05,5.62e-06,5.7027573,3.718386,0.73840213,"ArfGAP with dual PH domains 2"
"59","ADCY2","213217_at",1.62e-22,5.9e-24,-11.9,43.6520761,-1.99,"adenylate cyclase 2","213217_at",2.24e-08,4.59e-10,-9.7056366,13.115398,-1.80503093,"adenylate cyclase 2"
"60","ADCYAP1","230237_at",0.000262,7.79e-05,4.05,0.3124548,1.24,"adenylate cyclase activating polypeptide 1","230237_at",1.11e-09,6.33e-12,11.8893659,17.361873,4.23016246,"adenylate cyclase activating polypeptide 1"
"61","ADD3-AS1","217380_s_at",2.22e-07,4.48e-08,-5.73,7.5133051,-0.678,"ADD3 antisense RNA 1","222072_at",0.00341,0.00108,-3.6848437,-1.458281,-0.59446903,"ADD3 antisense RNA 1"
"62","ADGRF1","238689_at",1.36e-11,1.69e-12,7.63,17.5077594,1.45,"adhesion G protein-coupled receptor F1","238689_at",0.0143,0.00576,3.0128094,-3.064923,1.39931471,"adhesion G protein-coupled receptor F1"
"63","ADGRF5","212951_at",2.48e-06,5.67e-07,-5.2,5.0457253,-0.779,"adhesion G protein-coupled receptor F5","212950_at",4.75e-05,6.93e-06,5.621272,3.508896,0.81081507,"adhesion G protein-coupled receptor F5"
"64","ADGRG1","206582_s_at",0.00073,0.000231,3.76,-0.7193887,0.609,"adhesion G protein-coupled receptor G1","206582_s_at",0.000102,1.73e-05,-5.2684947,2.598191,-0.61505364,"adhesion G protein-coupled receptor G1"
"65","ADGRG6","233887_at",4.27e-06,1.01e-06,-5.08,4.4902857,-0.707,"adhesion G protein-coupled receptor G6","1553025_at",3.18e-07,1.45e-08,-8.1328131,9.667429,-0.89962667,"adhesion G protein-coupled receptor G6"
"66","ADGRL3","236264_at",1.03e-17,6.42e-19,-10.1,32.1353987,-1.72,"adhesion G protein-coupled receptor L3","242186_x_at",0.000397,8.56e-05,-4.6587417,1.018751,-1.22116138,"adhesion G protein-coupled receptor L3"
"67","ADH1B","209614_at",2.87e-08,5.23e-09,-6.16,9.6106608,-0.788,"alcohol dehydrogenase 1B (class I), beta polypeptide","209613_s_at",0.00383,0.00123,-3.6312198,-1.590698,-0.94652813,"alcohol dehydrogenase 1B (class I), beta polypeptide"
"68","ADHFE1","227113_at",3.9e-09,6.41e-10,-6.56,11.6673666,-1.38,"alcohol dehydrogenase, iron containing 1","227113_at",0.000241,4.76e-05,-4.882586,1.598296,-0.85464777,"alcohol dehydrogenase, iron containing 1"
"69","ADORA2B","205891_at",1.18e-09,1.83e-10,6.79,12.8948473,1.05,"adenosine A2b receptor","205891_at",0.000123,2.15e-05,-5.1856878,2.383792,-0.82052799,"adenosine A2b receptor"
"70","ADRA1A","237390_at",1.63e-16,1.17e-17,-9.59,29.2542932,-2.13,"adrenoceptor alpha 1A","235642_at",0.00255,0.000767,-3.8172404,-1.128933,-0.71859153,NA
"71","ADRA2A","209869_at",1.13e-11,1.39e-12,-7.66,17.702551,-0.921,"adrenoceptor alpha 2A","209869_at",0.00197,0.000566,3.9345213,-0.834615,0.81498626,"adrenoceptor alpha 2A"
"72","ADRB1","229309_at",2.07e-21,8.64e-23,-11.4,40.984604,-2.05,"adrenoceptor beta 1","229309_at",0.000172,3.2e-05,-5.0339465,1.990601,-1.7617984,"adrenoceptor beta 1"
"73","AEBP1","201792_at",9.98e-08,1.93e-08,-5.9,8.3341281,-0.599,"AE binding protein 1","201792_at",1.23e-05,1.38e-06,6.2531421,5.120955,0.96034044,"AE binding protein 1"
"74","AEN","219361_s_at",2.14e-29,3.55e-31,14.4,60.1876836,1.97,"apoptosis enhancing nuclease","219361_s_at",1.21e-07,4.2e-09,8.6809553,10.907384,0.9352071,"apoptosis enhancing nuclease"
"75","AFF3","227198_at",7.17e-14,6.9e-15,-8.56,22.9405858,-1.68,"AF4/FMR2 family member 3","227198_at",0.0167,0.00691,-2.9372751,-3.236777,-0.81301847,"AF4/FMR2 family member 3"
"76","AFF4","232865_at",1.75e-06,3.93e-07,-5.28,5.400857,-0.608,"AF4/FMR2 family member 4","232864_s_at",7.1e-05,1.12e-05,-5.4359975,3.031257,-0.7961157,"AF4/FMR2 family member 4"
"77","AGAP11","1557382_x_at",7.49e-17,5.21e-18,-9.72,30.0587336,-1.04,"ArfGAP with GTPase domain, ankyrin repeat and PH domain 11","1557380_at",3.23e-06,2.72e-07,-6.902794,6.740084,-1.28033941,"ArfGAP with GTPase domain, ankyrin repeat and PH domain 11"
"78","AGAP9","240230_s_at",1.84e-14,1.65e-15,-8.79,24.3569005,-1.4,"ArfGAP with GTPase domain, ankyrin repeat and PH domain 9","240230_s_at",0.000814,0.000199,-4.3367998,0.189075,-1.24412035,"ArfGAP with GTPase domain, ankyrin repeat and PH domain 9"
"79","AGFG2","222126_at",2.7e-18,1.58e-19,-10.3,33.5234829,-1.34,"ArfGAP with FG repeats 2","222362_at",4.96e-09,5.56e-11,-10.7460353,15.213746,-1.69429935,"ArfGAP with FG repeats 2"
"80","AGO3","241091_at",1.73e-08,3.07e-09,-6.26,10.1329104,-0.826,"argonaute 3, RISC catalytic component","219426_at",3.49e-05,4.8e-06,5.7641458,3.875941,0.74979164,"argonaute 3, RISC catalytic component"
"81","AGO4","227930_at",4.37e-17,2.94e-18,-9.81,30.6262799,-0.592,"argonaute 4, RISC catalytic component","227930_at",1.85e-07,7.32e-09,-8.4335849,10.352876,-0.73665937,"argonaute 4, RISC catalytic component"
"82","AGPAT1","215535_s_at",2.63e-14,2.4e-15,-8.73,23.9842439,-1.13,"1-acylglycerol-3-phosphate O-acyltransferase 1","32836_at",0.000125,2.19e-05,5.178797,2.365943,0.60786362,"1-acylglycerol-3-phosphate O-acyltransferase 1"
"83","AGPAT4","228667_at",0.002,0.00068,3.46,-1.7316144,0.647,"1-acylglycerol-3-phosphate O-acyltransferase 4","219693_at",9.63e-08,3.11e-09,8.8166069,11.207909,1.10937928,"1-acylglycerol-3-phosphate O-acyltransferase 4"
"84","AGPS","225114_at",4.83e-07,1.02e-07,5.56,6.716301,0.731,"alkylglycerone phosphate synthase","205401_at",3.16e-09,2.89e-11,11.0816721,15.860987,0.98595529,"alkylglycerone phosphate synthase"
"85","AGR3","228241_at",6.69e-10,1.01e-10,-6.9,13.4779022,-1.98,"anterior gradient 3, protein disulphide isomerase family member","228241_at",6.2e-06,5.99e-07,-6.5837415,5.9505,-3.18661413,"anterior gradient 3, protein disulphide isomerase family member"
"86","AGTRAP","225059_at",8.36e-21,3.74e-22,11.2,39.5299528,1.08,"angiotensin II receptor associated protein","225059_at",2.53e-07,1.09e-08,8.2583369,9.954987,1.01778527,"angiotensin II receptor associated protein"
"87","AHI1","244699_at",5.11e-08,9.56e-09,-6.04,9.0213336,-0.703,"Abelson helper integration site 1","244699_at",0.00152,0.000415,-4.0547145,-0.530817,-0.61485601,"Abelson helper integration site 1"
"88","AHNAK","220016_at",1.11e-10,1.54e-11,-7.24,15.3322869,-0.635,"AHNAK nucleoprotein","235281_x_at",0.00403,0.00131,-3.6069661,-1.650391,-1.23036981,"AHNAK nucleoprotein"
"89","AHNAK2","1558378_a_at",3.82e-10,5.62e-11,-7.01,14.057415,-1.68,"AHNAK nucleoprotein 2","212992_at",3.72e-08,9.07e-10,-9.3834626,12.436537,-1.55878133,"AHNAK nucleoprotein 2"
"90","AHRR","229354_at",5.67e-08,1.07e-08,-6.02,8.9139227,-0.95,"aryl-hydrocarbon receptor repressor","229354_at",0.00133,0.000356,-4.1139711,-0.380327,-0.80988,"aryl-hydrocarbon receptor repressor"
"91","AHSA2","212980_at",1.48e-07,2.93e-08,-5.82,7.9272187,-0.631,"AHA1, activator of heat shock 90kDa protein ATPase homolog 2 (yeast)","230148_at",2.98e-06,2.46e-07,-6.9432534,6.839386,-0.78939569,"AHA1, activator of heat shock 90kDa protein ATPase homolog 2 (yeast)"
"92","AIF1","209901_x_at",0.000294,8.82e-05,4.02,0.1945984,0.677,"allograft inflammatory factor 1","213095_x_at",1.36e-07,4.86e-09,8.6154621,10.761388,1.16394457,"allograft inflammatory factor 1"
"93","AIFM2","228445_at",3.83e-12,4.45e-13,-7.86,18.8235532,-1.27,"apoptosis inducing factor, mitochondria associated 2","224461_s_at",7.1e-05,1.12e-05,5.436496,3.032544,0.86370139,"apoptosis inducing factor, mitochondria associated 2"
"94","AIM2","206513_at",8.58e-34,8.5e-36,16.1,70.7755542,3.85,"absent in melanoma 2","206513_at",3.37e-11,2.22e-14,15.280289,22.883634,3.48607957,"absent in melanoma 2"
"95","AKAP1","201674_s_at",1.53e-10,2.15e-11,-7.18,15.0040704,-0.713,"A-kinase anchoring protein 1","201675_at",2.33e-06,1.81e-07,-7.0686644,7.145958,-0.60014465,"A-kinase anchoring protein 1"
"96","AKAP10","236006_s_at",0.000466,0.000144,-3.89,-0.2675754,-0.774,"A-kinase anchoring protein 10","236006_s_at",0.00101,0.000256,-4.239756,-0.059522,-0.80522223,"A-kinase anchoring protein 10"
"97","AKAP11","215336_at",1.65e-09,2.6e-10,-6.73,12.5543036,-0.925,"A-kinase anchoring protein 11","215336_at",0.00428,0.00141,-3.5795625,-1.717682,-0.73269913,"A-kinase anchoring protein 11"
"98","AKAP13","209534_x_at",2.11e-17,1.37e-18,-9.93,31.3815896,-0.814,"A-kinase anchoring protein 13","229783_at",0.0181,0.00762,-2.8966506,-3.32832,-0.61286516,"A-kinase anchoring protein 13"
"99","AKAP9","215483_at",1.19e-11,1.47e-12,-7.65,17.6429917,-1.12,"A-kinase anchoring protein 9","215483_at",0.000278,5.65e-05,-4.8172009,1.42889,-0.98183723,"A-kinase anchoring protein 9"
"100","AKIRIN2","223145_s_at",8.78e-34,8.72e-36,16.1,70.7510782,2.64,"akirin 2","223145_s_at",0.000344,7.25e-05,4.721878,1.182076,0.84982691,"akirin 2"
"101","AKR1B10","206561_s_at",2.53e-50,3.33e-53,22.7,110.6252226,6.77,"aldo-keto reductase family 1 member B10","206561_s_at",0.00425,0.0014,3.5827111,-1.709959,1.77668876,"aldo-keto reductase family 1 member B10"
"102","AKR1C1","217626_at",9.44e-09,1.62e-09,-6.38,10.7572879,-1.4,"aldo-keto reductase family 1 member C1","217626_at",0.00103,0.000263,-4.2292632,-0.086348,-1.24469609,"aldo-keto reductase family 1 member C1"
"103","AKT3","212607_at",3.21e-07,6.59e-08,-5.65,7.1367612,-0.775,"AKT serine/threonine kinase 3","219393_s_at",0.00175,0.000492,3.9887208,-0.697875,0.61264755,"AKT serine/threonine kinase 3"
"104","ALAS1","205633_s_at",1.24e-24,3.63e-26,12.6,48.7125773,1.41,"5'-aminolevulinate synthase 1","205633_s_at",6.56e-05,1.02e-05,5.4721277,3.124529,0.65248487,"5'-aminolevulinate synthase 1"
"105","ALDH1A3","203180_at",1.09e-20,4.93e-22,11.2,39.2556627,1.84,"aldehyde dehydrogenase 1 family member A3","203180_at",2.52e-06,2e-07,7.0273203,7.045098,1.69174441,"aldehyde dehydrogenase 1 family member A3"
"106","ALDH1B1","209646_x_at",4.04e-21,1.74e-22,-11.3,40.2919537,-0.698,"aldehyde dehydrogenase 1 family member B1","209645_s_at",1.38e-08,2.38e-10,10.0214037,13.767265,1.41309534,"aldehyde dehydrogenase 1 family member B1"
"107","ALDH3A1","205623_at",1.07e-08,1.84e-09,6.36,10.6315951,0.924,"aldehyde dehydrogenase 3 family member A1","205623_at",9.86e-05,1.66e-05,-5.2852105,2.64145,-1.20040127,"aldehyde dehydrogenase 3 family member A1"
"108","ALDH3A2","202054_s_at",1.59e-26,3.78e-28,-13.3,53.2536398,-0.867,"aldehyde dehydrogenase 3 family member A2","202053_s_at",3.54e-08,8.43e-10,-9.4180355,12.510058,-1.10051807,"aldehyde dehydrogenase 3 family member A2"
"109","ALDH3B2","204941_s_at",5.55e-05,1.5e-05,4.46,1.8832624,1.16,"aldehyde dehydrogenase 3 family member B2","204942_s_at",0.00751,0.00271,-3.3193488,-2.347657,-0.72154695,"aldehyde dehydrogenase 3 family member B2"
"110","ALDH5A1","203608_at",6.4e-17,4.4e-18,9.75,30.2259544,0.825,"aldehyde dehydrogenase 5 family member A1","203608_at",0.0035,0.00111,-3.6732977,-1.486842,-0.65242388,"aldehyde dehydrogenase 5 family member A1"
"111","ALDH7A1","208950_s_at",1.79e-35,1.49e-37,16.7,74.8012283,0.743,"aldehyde dehydrogenase 7 family member A1","213591_at",5.8e-05,8.82e-06,-5.5284302,3.269759,-0.83353744,"aldehyde dehydrogenase 7 family member A1"
"112","ALDOC","202022_at",6.32e-12,7.53e-13,-7.77,18.3053228,-0.86,"aldolase, fructose-bisphosphate C","202022_at",0.000214,4.14e-05,-4.9358243,1.736271,-0.60290835,"aldolase, fructose-bisphosphate C"
"113","ALOX12","207206_s_at",1.28e-07,2.51e-08,5.85,8.0792644,0.989,"arachidonate 12-lipoxygenase, 12S type","207206_s_at",8.38e-07,4.97e-08,-7.6063365,8.438328,-1.87893832,"arachidonate 12-lipoxygenase, 12S type"
"114","ALOX12B","207381_at",4.8e-30,7.32e-32,14.6,61.7600607,2.34,"arachidonate 12-lipoxygenase, 12R type","207381_at",0.000646,0.000151,-4.4421491,0.459845,-1.3126514,"arachidonate 12-lipoxygenase, 12R type"
"115","ALOX5AP","204174_at",2.95e-06,6.82e-07,5.16,4.8674225,0.938,"arachidonate 5-lipoxygenase activating protein","204174_at",0.000162,2.99e-05,5.0605183,2.059471,0.87011121,"arachidonate 5-lipoxygenase activating protein"
"116","ALOXE3","222383_s_at",7.36e-14,7.09e-15,8.55,22.9133787,1.2,"arachidonate lipoxygenase 3","207708_at",8.68e-08,2.72e-09,-8.8768085,11.340475,-2.00964312,"arachidonate lipoxygenase 3"
"117","ALPK1","227438_at",6.78e-10,1.03e-10,6.9,13.4650878,0.889,"alpha kinase 1","243222_at",0.000233,4.57e-05,-4.8976475,1.637328,-0.60624522,"alpha kinase 1"
"118","ALX1","206837_at",1.55e-08,2.73e-09,-6.28,10.248103,-0.716,"ALX homeobox 1","206837_at",9.75e-10,5.26e-12,-11.9908159,17.544897,-1.53192669,"ALX homeobox 1"
"119","ALYREF","226320_at",4.99e-08,9.33e-09,6.04,9.0446468,0.749,"Aly/REF export factor","226319_s_at",0.0132,0.00524,3.0523267,-2.974193,0.63520599,"Aly/REF export factor"
"120","AMIGO1","226718_at",2.36e-08,4.25e-09,-6.2,9.8137404,-1.25,"adhesion molecule with Ig like domain 1","226718_at",7.91e-05,1.28e-05,-5.3863152,2.902912,-0.78773814,"adhesion molecule with Ig like domain 1"
"121","AMIGO3","219920_s_at",1.56e-28,2.87e-30,14.1,58.1096234,2.11,"adhesion molecule with Ig like domain 3///GDP-mannose pyrophosphorylase B","219920_s_at",9.67e-07,5.95e-08,7.5308886,8.259194,1.1070273,"adhesion molecule with Ig like domain 3///GDP-mannose pyrophosphorylase B"
"122","AMMECR1","236760_at",2.97e-21,1.26e-22,11.4,40.6132204,1.75,"Alport syndrome, mental retardation, midface hypoplasia and elliptocytosis chromosomal region gene 1","236760_at",0.00444,0.00147,-3.5629268,-1.75845,-0.75227536,"Alport syndrome, mental retardation, midface hypoplasia and elliptocytosis chromosomal region gene 1"
"123","AMOTL1","228840_at",5.31e-40,2.6e-42,18.5,85.7019039,2.52,"angiomotin like 1","235277_at",0.000129,2.28e-05,-5.1629947,2.32501,-0.6596078,"angiomotin like 1"
"124","ANAPC5","239651_at",5.64e-11,7.51e-12,-7.36,16.0383514,-0.716,"anaphase promoting complex subunit 5","239651_at",2.52e-05,3.27e-06,-5.913572,4.258382,-1.24501509,"anaphase promoting complex subunit 5"
"125","ANG","205141_at",2.48e-25,6.62e-27,-12.9,50.4057976,-2.02,"angiogenin","205141_at",3.91e-05,5.49e-06,-5.7120543,3.742262,-0.7848366,"angiogenin"
"126","ANGPT1","205609_at",1.3e-07,2.55e-08,-5.85,8.0623883,-0.905,"angiopoietin 1","205609_at",0.000653,0.000153,4.4371887,0.447077,1.206275,"angiopoietin 1"
"127","ANGPTL4","221009_s_at",9.02e-28,1.84e-29,13.8,56.2583662,3.58,"angiopoietin like 4","221009_s_at",0.00175,0.000492,3.9891517,-0.696786,0.86478826,"angiopoietin like 4"
"128","ANGPTL6","223967_at",1.68e-11,2.11e-12,7.59,17.2895427,0.591,"angiopoietin like 6","223967_at",2.1e-07,8.57e-09,8.3638895,10.195138,0.9378448,"angiopoietin like 6"
"129","ANK3","239726_at",1.56e-07,3.09e-08,-5.81,7.8746045,-1.14,"ankyrin 3, node of Ranvier (ankyrin G)","206385_s_at",4.18e-08,1.06e-09,-9.3099542,12.279681,-1.24442441,"ankyrin 3, node of Ranvier (ankyrin G)"
"130","ANKDD1A","229497_at",1.69e-09,2.67e-10,-6.72,12.5249858,-1.2,"ankyrin repeat and death domain containing 1A","237316_at",5.45e-06,5.11e-07,6.6473548,6.108828,0.94260019,"ankyrin repeat and death domain containing 1A"
"131","ANKFN1","1553211_at",8.19e-05,2.27e-05,-4.36,1.4886924,-0.606,"ankyrin repeat and fibronectin type III domain containing 1","1553211_at",1.65e-06,1.17e-07,-7.2495847,7.584873,-2.80199111,"ankyrin repeat and fibronectin type III domain containing 1"
"132","ANKH","223092_at",4.34e-24,1.34e-25,-12.4,47.4128404,-0.619,"ANKH inorganic pyrophosphate transport regulator","223093_at",4.74e-05,6.93e-06,-5.621735,3.510087,-0.62075677,"ANKH inorganic pyrophosphate transport regulator"
"133","ANKHD1-EIF4EBP3","219081_at",3.22e-11,4.17e-12,7.47,16.6175299,0.658,"ANKHD1-EIF4EBP3 readthrough///ankyrin repeat and KH domain containing 1","233292_s_at",0.00842,0.0031,-3.2652048,-2.476475,-0.60688594,"ANKHD1-EIF4EBP3 readthrough///ankyrin repeat and KH domain containing 1"
"134","ANKRD13C","1556361_s_at",1.16e-37,7.81e-40,17.5,80.0250518,3.82,"ankyrin repeat domain 13C","1556361_s_at",0.0083,0.00305,-3.2716426,-2.461203,-0.61391862,"ankyrin repeat domain 13C"
"135","ANKRD18A","244297_at",4.78e-13,5.04e-14,-8.22,20.9745736,-1.62,"ankyrin repeat domain 18A","1559313_at",2.07e-05,2.58e-06,-6.0061125,4.494402,-0.60284076,"ankyrin repeat domain 18A"
"136","ANKRD33B","231963_at",5.12e-20,2.5e-21,-10.9,37.6418246,-2.22,"ankyrin repeat domain 33B","231963_at",1.08e-06,6.89e-08,-7.4693939,8.112644,-1.47466648,"ankyrin repeat domain 33B"
"137","ANKRD36B","220940_at",1.65e-15,1.32e-16,-9.2,26.8542467,-0.792,"ankyrin repeat domain 36B","220940_at",0.000765,0.000185,-4.3645145,0.260224,-0.97253333,"ankyrin repeat domain 36B"
"138","ANKRD36C","1555898_at",4.46e-19,2.41e-20,-10.6,35.3916684,-1.7,"ankyrin repeat domain 36C","1555898_at",0.00175,0.000491,-3.989367,-0.696242,-0.97114338,"ankyrin repeat domain 36C"
"139","ANLN","1552619_a_at",8.14e-16,6.33e-17,9.32,27.5838447,1.36,"anillin actin binding protein","222608_s_at",0.00146,0.000397,-4.0713383,-0.488644,-0.74879019,"anillin actin binding protein"
"140","ANP32A","201051_at",8.02e-16,6.24e-17,-9.32,27.5987768,-0.637,"acidic nuclear phosphoprotein 32 family member A","201043_s_at",1.52e-07,5.68e-09,8.5460847,10.606094,0.67383307,"acidic nuclear phosphoprotein 32 family member A"
"141","ANTXR1","227660_at",3.12e-05,8.17e-06,4.6,2.4690665,0.852,"anthrax toxin receptor 1","227660_at",2.9e-09,2.56e-11,11.1459327,15.983303,1.64969908,"anthrax toxin receptor 1"
"142","ANTXR2","225524_at",1.03e-09,1.59e-10,-6.82,13.0346412,-0.794,"anthrax toxin receptor 2","228573_at",4.9e-05,7.2e-06,5.606768,3.471568,0.68704399,"anthrax toxin receptor 2"
"143","ANXA11","214783_s_at",1.35e-20,6.13e-22,-11.1,39.0386821,-1.04,"annexin A11","228727_at",0.000263,5.27e-05,-4.8432767,1.496442,-0.79289033,"annexin A11"
"144","ANXA6","200982_s_at",1.44e-12,1.6e-13,-8.03,19.8333135,-0.642,"annexin A6","200982_s_at",5.32e-07,2.82e-08,7.8471043,9.004994,0.9247419,"annexin A6"
"145","ANXA9","210085_s_at",4.49e-11,5.91e-12,7.41,16.2744726,2.64,"annexin A9","211712_s_at",0.00012,2.09e-05,-5.1961263,2.410827,-1.36625631,"annexin A9"
"146","AOAH","205639_at",3.76e-07,7.8e-08,5.62,6.9736378,0.606,"acyloxyacyl hydrolase","205639_at",1.21e-08,1.99e-10,10.1104124,13.948625,2.4412661,"acyloxyacyl hydrolase"
"147","AP1M2","65517_at",5.09e-15,4.31e-16,9.01,25.6843105,1.05,"adaptor related protein complex 1 mu 2 subunit","65517_at",0.000191,3.62e-05,-4.9874401,1.870057,-0.86540885,"adaptor related protein complex 1 mu 2 subunit"
"148","AP2B1","200612_s_at",6.26e-07,1.33e-07,-5.51,6.4524733,-0.596,"adaptor related protein complex 2 beta 1 subunit","200615_s_at",3.16e-07,1.44e-08,8.136102,9.674991,1.05064881,"adaptor related protein complex 2 beta 1 subunit"
"149","AP5S1","219706_at",5.25e-17,3.57e-18,9.78,30.4326435,0.973,"adaptor related protein complex 5 sigma 1 subunit","219706_at",3.59e-06,3.1e-07,6.8497004,6.609486,0.70080111,"adaptor related protein complex 5 sigma 1 subunit"
"150","APC","203526_s_at",1.03e-05,2.55e-06,4.87,3.5913317,0.585,"APC, WNT signaling pathway regulator","215310_at",0.000788,0.000192,-4.3509529,0.225401,-0.83557655,"APC, WNT signaling pathway regulator"
"151","APELA","1559280_a_at",6.32e-14,6.03e-15,8.58,23.0736433,2.51,"apelin receptor early endogenous ligand","1559280_a_at",0.000828,0.000203,4.328938,0.168904,1.38793324,"apelin receptor early endogenous ligand"
"152","APH1B","226358_at",4.08e-24,1.26e-25,-12.4,47.4776181,-1.13,"aph-1 homolog B, gamma-secretase subunit","221036_s_at",1.33e-10,2.17e-13,13.8327126,20.669198,1.34269748,"aph-1 homolog B, gamma-secretase subunit"
"153","APLNR","213592_at",3.54e-05,9.33e-06,-4.57,2.3415024,-0.75,"apelin receptor","213592_at",1.43e-07,5.24e-09,8.5824833,10.68765,1.35430511,"apelin receptor"
"154","APOBEC3A_B","210873_x_at",1.21e-15,9.62e-17,9.25,27.1690234,2.61,"APOBEC3A and APOBEC3B deletion hybrid///apolipoprotein B mRNA editing enzyme catalytic subunit 3A","210873_x_at",1.3e-05,1.47e-06,6.227066,5.055072,2.83195664,"APOBEC3A and APOBEC3B deletion hybrid///apolipoprotein B mRNA editing enzyme catalytic subunit 3A"
"155","APOBEC3B","206632_s_at",1.1e-23,3.55e-25,12.3,46.4465341,2.42,"apolipoprotein B mRNA editing enzyme catalytic subunit 3B","206632_s_at",0.00163,0.000454,4.0200047,-0.618756,1.07666831,"apolipoprotein B mRNA editing enzyme catalytic subunit 3B"
"156","APOBEC3G","204205_at",3.12e-06,7.21e-07,5.15,4.8122069,0.848,"apolipoprotein B mRNA editing enzyme catalytic subunit 3G","204205_at",2.66e-10,6.32e-13,13.1938895,19.626772,1.74135656,"apolipoprotein B mRNA editing enzyme catalytic subunit 3G"
"157","APOC1","213553_x_at",1.07e-13,1.05e-14,-8.49,22.5276256,-1.86,"apolipoprotein C1","204416_x_at",5e-05,7.37e-06,5.5975211,3.447763,1.82475217,"apolipoprotein C1"
"158","APOD","201525_at",6.99e-21,3.09e-22,-11.2,39.7184492,-0.881,"apolipoprotein D","201525_at",0.0434,0.0214,-2.4509338,-4.28651,-0.59472934,"apolipoprotein D"
"159","APOE","212884_x_at",3.24e-16,2.41e-17,-9.48,28.5397996,-0.674,"apolipoprotein E","212883_at",0.00269,0.000817,3.7923091,-1.191199,0.98180058,NA
"160","APOL1","209546_s_at",1.12e-37,7.51e-40,17.5,80.063329,2.68,"apolipoprotein L1","209546_s_at",2.4e-06,1.89e-07,7.0510296,7.102962,1.96149377,"apolipoprotein L1"
"161","APOL2","221013_s_at",7.99e-24,2.54e-25,12.3,46.7775457,1.43,"apolipoprotein L2","221653_x_at",1.57e-07,5.93e-09,8.5272796,10.563887,0.88423531,"apolipoprotein L2"
"162","APOL6","219716_at",3.02e-49,4.63e-52,22.3,108.0123168,4.39,"apolipoprotein L6","219716_at",2.39e-07,1.01e-08,8.2905594,10.02846,2.02208204,"apolipoprotein L6"
"163","APOOL","222269_at",1.41e-24,4.18e-26,12.6,48.5722682,1.97,"apolipoprotein O like","213289_at",0.000191,3.63e-05,-4.9863421,1.867211,-0.70300888,"apolipoprotein O like"
"164","APTR","238126_at",2.76e-05,7.18e-06,-4.63,2.5930413,-0.673,"Alu-mediated CDKN1A/p21 transcriptional regulator (non-protein coding)","238126_at",0.00116,0.000303,-4.1760418,-0.222238,-0.61749919,"Alu-mediated CDKN1A/p21 transcriptional regulator (non-protein coding)"
"165","AQR","212583_at",0.00127,0.00042,-3.6,-1.2795217,-0.615,"aquarius intron-binding spliceosomal factor","228694_at",1.4e-05,1.61e-06,-6.1907552,4.963227,-0.6008931,"aquarius intron-binding spliceosomal factor"
"166","AR","211621_at",3.66e-14,3.4e-15,-8.67,23.6402874,-0.629,"androgen receptor","226197_at",0.00197,0.000564,-3.9358778,-0.831199,-0.84481639,"androgen receptor"
"167","ARF3","211622_s_at",3.82e-28,7.42e-30,13.9,57.1635838,2.27,"ADP ribosylation factor 3","211622_s_at",3.95e-06,3.48e-07,6.8026889,6.493577,0.75783611,"ADP ribosylation factor 3"
"168","ARF4","201096_s_at",1.59e-17,1.02e-18,9.98,31.6787872,0.867,"ADP ribosylation factor 4","201096_s_at",1.62e-07,6.18e-09,8.5087248,10.522195,0.77242583,"ADP ribosylation factor 4"
"169","ARFGEF3","228051_at",3.83e-27,8.46e-29,-13.6,54.7422543,-2.5,"ARFGEF family member 3","236037_at",0.00294,0.000906,-3.7524372,-1.290547,-0.6974175,"ARFGEF family member 3"
"170","ARG1","231663_s_at",9.66e-32,1.21e-33,15.3,65.8401353,4.59,"arginase 1","206177_s_at",0.00513,0.00174,-3.4956325,-1.922715,-0.99763775,"arginase 1"
"171","ARG2","203946_s_at",5.91e-28,1.17e-29,13.9,56.7068687,2.57,"arginase 2","203946_s_at",3.44e-05,4.72e-06,5.770725,3.892812,1.0180744,"arginase 2"
"172","ARHGAP18","225173_at",0.000992,0.000321,-3.67,-1.0284884,-0.821,"Rho GTPase activating protein 18","225173_at",0.0015,0.00041,4.0593993,-0.518936,0.72293578,"Rho GTPase activating protein 18"
"173","ARHGAP25","204882_at",5.23e-12,6.19e-13,7.8,18.4990817,0.882,"Rho GTPase activating protein 25","38149_at",4.84e-08,1.29e-09,9.2210561,12.089005,1.21099079,"Rho GTPase activating protein 25"
"174","ARHGAP28","227911_at",3.75e-05,9.93e-06,4.56,2.2814984,0.983,"Rho GTPase activating protein 28","227911_at",3.98e-07,1.95e-08,8.0064286,9.375749,1.7142784,"Rho GTPase activating protein 28"
"175","ARHGAP29","1560318_at",0.000556,0.000173,-3.84,-0.4449599,-0.763,"Rho GTPase activating protein 29","1554736_at",7.05e-05,1.11e-05,-5.4393996,3.040042,-0.91756268,"Rho GTPase activating protein 29"
"176","ARHGAP30","226219_at",3.91e-07,8.12e-08,5.61,6.9340858,0.589,"Rho GTPase activating protein 30","226219_at",2.34e-06,1.82e-07,7.0660291,7.139535,1.11754687,"Rho GTPase activating protein 30"
"177","ARHGAP32","242196_at",2.23e-20,1.04e-21,11.1,38.5111926,0.827,"Rho GTPase activating protein 32","242196_at",2.02e-05,2.5e-06,-6.0175773,4.523595,-0.91626745,"Rho GTPase activating protein 32"
"178","ARHGAP45","212873_at",9.49e-08,1.83e-08,5.91,8.3871278,0.694,"Rho GTPase activating protein 45","212873_at",7.42e-06,7.45e-07,6.4967705,5.733342,1.15869667,"Rho GTPase activating protein 45"
"179","ARHGAP9","224451_x_at",1.4e-12,1.55e-13,8.03,19.8646722,1.19,"Rho GTPase activating protein 9","224451_x_at",3.6e-09,3.51e-11,10.9811578,15.668636,1.63014327,"Rho GTPase activating protein 9"
"180","ARHGEF10","216620_s_at",3.22e-16,2.4e-17,-9.48,28.5466981,-0.893,"Rho guanine nucleotide exchange factor 10","1554213_at",2.68e-05,3.51e-06,-5.8858202,4.187474,-1.14710883,"Rho guanine nucleotide exchange factor 10"
"181","ARHGEF12","234541_s_at",1.74e-08,3.08e-09,-6.26,10.1283169,-1.13,"Rho guanine nucleotide exchange factor 12","234544_at",1.82e-05,2.22e-06,-6.0653073,4.645018,-0.72496844,"Rho guanine nucleotide exchange factor 12"
"182","ARHGEF26","222121_at",4.01e-07,8.36e-08,-5.6,6.9057011,-0.811,"Rho guanine nucleotide exchange factor 26","222121_at",3.7e-08,9.02e-10,-9.3863941,12.442777,-1.83672222,"Rho guanine nucleotide exchange factor 26"
"183","ARHGEF28","1559706_at",1.2e-07,2.35e-08,-5.86,8.1409215,-0.661,"Rho guanine nucleotide exchange factor 28","1560348_at",3.95e-06,3.49e-07,-6.8018383,6.491477,-1.28177015,"Rho guanine nucleotide exchange factor 28"
"184","ARHGEF40","58780_s_at",6.74e-08,1.28e-08,-5.98,8.7362658,-0.771,"Rho guanine nucleotide exchange factor 40","237954_x_at",0.000966,0.000243,-4.2593216,-0.009472,-0.66509623,"Rho guanine nucleotide exchange factor 40"
"185","ARHGEF7","202548_s_at",1.12e-21,4.52e-23,-11.5,41.6288944,-0.596,"Rho guanine nucleotide exchange factor 7","239397_at",0.000225,4.4e-05,-4.9120888,1.674754,-0.73411669,"Rho guanine nucleotide exchange factor 7"
"186","ARID1B","238043_at",1.36e-15,1.08e-16,-9.23,27.0510028,-0.787,"AT-rich interaction domain 1B","238043_at",4.03e-07,1.97e-08,-8.0002025,9.361324,-0.91801962,"AT-rich interaction domain 1B"
"187","ARID2","1553349_at",2.28e-06,5.2e-07,-5.22,5.1287142,-0.871,"AT-rich interaction domain 2","1553349_at",1.17e-07,4.02e-09,-8.7003672,10.950544,-1.58762125,"AT-rich interaction domain 2"
"188","ARIH1","201881_s_at",5.51e-18,3.32e-19,10.2,32.7896301,1.11,"ariadne RBR E3 ubiquitin protein ligase 1","201879_at",0.00148,0.000403,-4.0659689,-0.50227,-0.63106615,"ariadne RBR E3 ubiquitin protein ligase 1"
"189","ARL17B","1554245_x_at",0.0012,0.000396,3.62,-1.2242987,0.595,"ADP ribosylation factor like GTPase 17B///ADP ribosylation factor like GTPase 17A","210435_at",0.0165,0.00683,-2.9420945,-3.225875,-0.59924799,"ADP ribosylation factor like GTPase 17B///ADP ribosylation factor like GTPase 17A"
"190","ARL6IP6","225711_at",6.76e-09,1.14e-09,6.45,11.1008935,0.797,"ADP ribosylation factor like GTPase 6 interacting protein 6","225711_at",1.96e-05,2.42e-06,-6.0306438,4.556854,-0.62021576,"ADP ribosylation factor like GTPase 6 interacting protein 6"
"191","ARMC8","236966_at",6.46e-07,1.38e-07,-5.5,6.4198546,-0.948,"armadillo repeat containing 8","236966_at",2.44e-05,3.14e-06,-5.9286804,4.29696,-1.36085451,"armadillo repeat containing 8"
"192","ARMCX2","203404_at",1.55e-05,3.9e-06,-4.77,3.1813455,-0.625,"armadillo repeat containing, X-linked 2","203404_at",1.07e-06,6.75e-08,7.4777972,8.132699,0.90403762,"armadillo repeat containing, X-linked 2"
"193","ARMCX3","222444_at",1.67e-19,8.59e-21,-10.7,36.4171441,-0.636,"armadillo repeat containing, X-linked 3","217858_s_at",5.32e-09,6.22e-11,10.6891119,15.102567,0.80042701,"armadillo repeat containing, X-linked 3"
"194","ARMCX4","1552327_at",0.000973,0.000315,-3.68,-1.0084959,-0.72,"armadillo repeat containing, X-linked 4","227444_at",0.000744,0.000179,-4.3776875,0.294064,-0.89427329,"armadillo repeat containing, X-linked 4"
"195","ARNT","231016_s_at",5.87e-17,4.02e-18,-9.76,30.3168028,-0.624,"aryl hydrocarbon receptor nuclear translocator","233724_at",8.82e-06,9.16e-07,-6.414109,5.52622,-1.17220628,"aryl hydrocarbon receptor nuclear translocator"
"196","ARRB2","203388_at",1.95e-10,2.77e-11,7.13,14.7520127,0.718,"arrestin beta 2","203388_at",4.46e-07,2.24e-08,7.9462696,9.236155,1.19430716,"arrestin beta 2"
"197","ASF1B","218115_at",1.12e-30,1.57e-32,14.9,63.2901966,2.28,"anti-silencing function 1B histone chaperone","218115_at",0.00093,0.000233,4.2763198,0.034041,0.72173827,"anti-silencing function 1B histone chaperone"
"198","ASH1L","222667_s_at",7.02e-10,1.07e-10,-6.89,13.4288722,-1.14,"ASH1 like histone lysine methyltransferase","222667_s_at",0.00171,0.000481,-3.9980296,-0.674347,-0.71806824,"ASH1 like histone lysine methyltransferase"
"199","ASPA","228807_at",3.67e-26,9.02e-28,-13.2,52.3886335,-1.41,"aspartoacylase","228807_at",1.42e-05,1.63e-06,-6.1855736,4.95011,-1.43427326,"aspartoacylase"
"200","ASPH","225008_at",6.11e-12,7.26e-13,-7.77,18.3408949,-0.729,"aspartate beta-hydroxylase","242037_at",0.000457,0.000101,4.5957263,0.855894,0.65206266,"aspartate beta-hydroxylase"
"201","ASPN","224396_s_at",6.19e-07,1.32e-07,-5.51,6.4647708,-0.944,"asporin","224396_s_at",5.33e-05,7.96e-06,5.5680441,3.37185,2.52706477,"asporin"
"202","ASPRV1","235514_at",2.24e-05,5.77e-06,4.68,2.803252,0.964,"aspartic peptidase, retroviral-like 1","235514_at",0.000121,2.13e-05,-5.1905729,2.396444,-0.94222962,"aspartic peptidase, retroviral-like 1"
"203","ASTN2","215407_s_at",1.26e-16,8.95e-18,-9.63,29.5226532,-1.47,"astrotactin 2","209693_at",0.000144,2.61e-05,5.1119795,2.192835,0.82264836,"astrotactin 2"
"204","ASXL1","212238_at",7.03e-07,1.5e-07,5.48,6.3340548,0.808,"additional sex combs like 1, transcriptional regulator","244519_at",3.39e-07,1.57e-08,8.0986864,9.588881,0.83876215,"additional sex combs like 1, transcriptional regulator"
"205","ATF7","228829_at",3e-17,1.99e-18,9.87,31.0143666,1.27,"activating transcription factor 7","235160_at",0.0202,0.00869,-2.8413559,-3.451886,-0.66991032,"activating transcription factor 7"
"206","ATF7IP","218987_at",3.36e-12,3.89e-13,7.88,18.9574101,0.949,"activating transcription factor 7 interacting protein","231825_x_at",1.87e-05,2.28e-06,-6.053534,4.615084,-0.60756761,"activating transcription factor 7 interacting protein"
"207","ATG13","203363_s_at",8.88e-28,1.81e-29,13.8,56.2756242,1.54,"autophagy related 13","203363_s_at",1.54e-06,1.07e-07,7.2849474,7.670192,0.59964419,"autophagy related 13"
"208","ATG5","202511_s_at",1.34e-23,4.37e-25,12.2,46.2391751,0.805,"autophagy related 5","210639_s_at",0.00012,2.09e-05,5.1977824,2.415116,0.58987019,"autophagy related 5"
"209","ATG7","1569827_at",2.65e-10,3.83e-11,7.07,14.433785,1.29,"autophagy related 7","218673_s_at",1.66e-06,1.18e-07,7.2458681,7.575897,0.62949352,"autophagy related 7"
"210","ATG9B","229252_at",6.77e-13,7.24e-14,8.16,20.6169989,1.19,"autophagy related 9B","229252_at",3.75e-07,1.8e-08,-8.0405335,9.454671,-1.49604688,"autophagy related 9B"
"211","ATL1","223340_at",2.49e-18,1.46e-19,-10.3,33.6044793,-0.859,"atlastin GTPase 1","223340_at",1.02e-05,1.1e-06,-6.3422064,5.345501,-0.80695886,"atlastin GTPase 1"
"212","ATL2","237968_at",0.000142,4.08e-05,4.21,0.9281863,0.635,"atlastin GTPase 2","1553603_s_at",2.5e-06,1.98e-07,-7.0311483,7.054445,-0.71640786,"atlastin GTPase 2"
"213","ATP10B","214070_s_at",3.58e-34,3.43e-36,16.2,71.6781051,2.8,"ATPase phospholipid transporting 10B (putative)","220920_at",7.2e-05,1.14e-05,-5.4294486,3.014345,-1.2264037,"ATPase phospholipid transporting 10B (putative)"
"214","ATP11B","1554556_a_at",1.09e-23,3.52e-25,12.3,46.4541471,2.19,"ATPase phospholipid transporting 11B (putative)","238811_at",0.00309,0.000958,-3.7303164,-1.345537,-0.77977322,"ATPase phospholipid transporting 11B (putative)"
"215","ATP13A1","218052_s_at",5.78e-09,9.67e-10,6.48,11.2636535,0.664,"ATPase 13A1","218052_s_at",0.000378,8.09e-05,4.6800195,1.073778,0.64363174,"ATPase 13A1"
"216","ATP13A3","219558_at",8.32e-07,1.8e-07,5.45,6.1614426,1.07,"ATPase 13A3","219558_at",0.0202,0.00867,2.842645,-3.44902,0.75808891,"ATPase 13A3"
"217","ATP13A4","1557136_at",1.07e-40,4.77e-43,18.7,87.3862645,2.01,"ATPase 13A4","1557136_at",0.00346,0.00109,-3.6783451,-1.474359,-1.06615526,"ATPase 13A4"
"218","ATP13A5","243585_at",3.51e-26,8.61e-28,-13.2,52.4341787,-2.73,"ATPase 13A5","243585_at",0.000175,3.28e-05,-5.0248952,1.967141,-2.78688572,"ATPase 13A5"
"219","ATP1A2","203296_s_at",3.41e-24,1.04e-25,-12.5,47.6628791,-2.44,"ATPase Na+/K+ transporting subunit alpha 2","203295_s_at",0.0202,0.00866,-2.8430099,-3.448208,-0.67116385,"ATPase Na+/K+ transporting subunit alpha 2"
"220","ATP2A3","213036_x_at",4.25e-21,1.83e-22,-11.3,40.2384143,-1.65,"ATPase sarcoplasmic/endoplasmic reticulum Ca2+ transporting 3","207522_s_at",3.14e-05,4.25e-06,5.8113702,3.996976,1.29596685,"ATPase sarcoplasmic/endoplasmic reticulum Ca2+ transporting 3"
"221","ATP2C2","214798_at",6.58e-13,7.03e-14,8.17,20.6460651,0.828,"ATPase secretory pathway Ca2+ transporting 2","214798_at",2.79e-06,2.27e-07,-6.976532,6.920918,-1.10196614,"ATPase secretory pathway Ca2+ transporting 2"
"222","ATP5S","238799_at",4.69e-14,4.4e-15,-8.63,23.3858172,-1.14,"ATP synthase, H+ transporting, mitochondrial Fo complex subunit s (factor B)","239859_x_at",5.53e-06,5.21e-07,-6.6401027,6.0908,-0.63240341,"ATP synthase, H+ transporting, mitochondrial Fo complex subunit s (factor B)"
"223","ATP5SL","1557759_at",2.94e-07,6.02e-08,-5.67,7.2250292,-0.945,"ATP5S like","1557759_at",4.83e-05,7.08e-06,-5.6134625,3.488798,-1.09070612,"ATP5S like"
"224","ATP6V0A2","229572_at",4.45e-13,4.68e-14,-8.24,21.0485393,-0.668,"ATPase H+ transporting V0 subunit a2","217603_at",0.000233,4.58e-05,-4.8967658,1.635043,-0.62462688,"ATPase H+ transporting V0 subunit a2"
"225","ATP6V1B1","205473_at",9.22e-10,1.42e-10,-6.84,13.1491676,-1.06,"ATPase H+ transporting V1 subunit B1","205473_at",0.0233,0.0103,-2.7712687,-3.606728,-0.78928043,"ATPase H+ transporting V1 subunit B1"
"226","ATP6V1C1","202872_at",6.56e-15,5.61e-16,8.97,25.4235979,0.995,"ATPase H+ transporting V1 subunit C1","202872_at",2.44e-06,1.93e-07,7.0434778,7.084539,0.7362041,"ATPase H+ transporting V1 subunit C1"
"227","ATP6V1C2","1553989_a_at",3.2e-11,4.14e-12,7.47,16.6242718,0.778,"ATPase H+ transporting V1 subunit C2","1553989_a_at",3.12e-05,4.23e-06,-5.8133037,4.001928,-1.36073306,"ATPase H+ transporting V1 subunit C2"
"228","ATP8B2","226771_at",1.64e-10,2.31e-11,-7.16,14.9315162,-0.766,"ATPase phospholipid transporting 8B2","216873_s_at",2.01e-07,8.11e-09,8.3884618,10.250827,1.02285366,"ATPase phospholipid transporting 8B2"
"229","ATP8B4","220416_at",1.49e-06,3.32e-07,-5.32,5.5649518,-0.676,"ATPase phospholipid transporting 8B4 (putative)","220416_at",0.00434,0.00143,3.5726991,-1.734509,0.67330596,"ATPase phospholipid transporting 8B4 (putative)"
"230","ATP9A","216129_at",1.29e-11,1.6e-12,-7.64,17.5640944,-1.08,"ATPase phospholipid transporting 9A (putative)","216129_at",1.13e-06,7.27e-08,-7.4466846,8.058402,-1.1276978,"ATPase phospholipid transporting 9A (putative)"
"231","ATXN1","1559249_at",1.02e-12,1.11e-13,8.09,20.1938177,1.33,"ataxin 1","242230_at",6.76e-06,6.65e-07,6.5422056,5.846888,0.66039896,"ataxin 1"
"232","ATXN3","205416_s_at",6.39e-17,4.4e-18,9.75,30.2275721,1.28,"ataxin 3","217321_x_at",6.29e-05,9.71e-06,-5.4911939,3.173726,-0.58643062,"ataxin 3"
"233","ATXN7","204516_at",1.08e-05,2.68e-06,-4.86,3.5421342,-0.596,"ataxin 7","209964_s_at",0.000736,0.000177,-4.3823379,0.306013,-0.61339943,"ataxin 7"
"234","AUNIP","220011_at",1.76e-37,1.19e-39,17.5,79.6070699,2.34,"aurora kinase A and ninein interacting protein","220011_at",0.000194,3.69e-05,4.979261,1.848857,0.89807388,"aurora kinase A and ninein interacting protein"
"235","AURKA","204092_s_at",8e-29,1.43e-30,14.2,58.8038835,3.02,"aurora kinase A","208080_at",0.000359,7.6e-05,4.7039179,1.135602,0.76804333,"aurora kinase A"
"236","AVIL","205539_at",5.2e-08,9.75e-09,6.04,9.0015588,0.825,"advillin","238999_at",0.012,0.0047,-3.0963178,-2.872552,-0.6195723,NA
"237","AVL9","212475_at",2.76e-09,4.47e-10,6.63,12.0211432,0.983,"AVL9 cell migration associated","244355_at",0.00127,0.000335,-4.1365433,-0.322889,-0.61470225,"AVL9 cell migration associated"
"238","AVPI1","218631_at",3e-10,4.35e-11,7.05,14.3085708,0.644,"arginine vasopressin induced 1","218631_at",0.00305,0.000946,-3.7353444,-1.333046,-0.7336253,"arginine vasopressin induced 1"
"239","AVPR1A","242680_at",3.36e-08,6.15e-09,-6.13,9.4526276,-0.904,"arginine vasopressin receptor 1A","238835_at",4.15e-06,3.7e-07,6.7777471,6.43198,0.82755996,"arginine vasopressin receptor 1A"
"240","AXIN2","222696_at",3.46e-17,2.31e-18,-9.85,30.8658472,-0.594,"axin 2","222696_at",4.29e-08,1.1e-09,-9.2949442,12.247561,-0.97966623,"axin 2"
"241","AZGP1P1","217013_at",1.4e-10,1.96e-11,7.19,15.0936081,0.993,"alpha-2-glycoprotein 1, zinc-binding pseudogene 1","217013_at",0.0011,0.000283,-4.2010168,-0.158507,-0.88497288,"alpha-2-glycoprotein 1, zinc-binding pseudogene 1"
"242","AZIN1","201772_at",2.16e-10,3.09e-11,7.11,14.6472478,0.762,"antizyme inhibitor 1","201772_at",3.21e-06,2.7e-07,6.9055623,6.746885,0.66964681,"antizyme inhibitor 1"
"243","B3GALT5","230269_at",5.8e-16,4.43e-17,-9.38,27.9387914,-2.27,"beta-1,3-galactosyltransferase 5","239994_at",0.00104,0.000266,-4.2248651,-0.097589,-0.73260257,"beta-1,3-galactosyltransferase 5"
"244","B3GALT6","1553959_a_at",1.58e-10,2.22e-11,7.17,14.9709789,1.46,"beta-1,3-galactosyltransferase 6","1553959_a_at",0.000134,2.38e-05,5.1473649,2.284519,0.86764586,"beta-1,3-galactosyltransferase 6"
"245","BAG2","230750_at",0.000407,0.000124,-3.93,-0.1296293,-0.692,"BCL2 associated athanogene 2","209406_at",2.4e-06,1.89e-07,7.0510398,7.102987,1.56036966,"BCL2 associated athanogene 2"
"246","BAIAP2","205294_at",9.99e-20,5.03e-21,10.8,36.9488852,1.22,"BAI1 associated protein 2","205294_at",0.000385,8.25e-05,-4.6724668,1.054244,-0.68610725,"BAI1 associated protein 2"
"247","BARD1","205345_at",4e-07,8.33e-08,-5.61,6.909546,-1.15,"BRCA1 associated RING domain 1","227545_at",1.38e-08,2.39e-10,-10.0207565,13.765942,-0.93720784,"BRCA1 associated RING domain 1"
"248","BATF2","228439_at",2.69e-06,6.18e-07,5.18,4.9624727,0.739,"basic leucine zipper ATF-like transcription factor 2","228439_at",1.42e-05,1.64e-06,6.1843356,4.946976,1.98838197,"basic leucine zipper ATF-like transcription factor 2"
"249","BATF3","220358_at",5.29e-15,4.49e-16,9,25.6443283,1.39,"basic leucine zipper ATF-like transcription factor 3","220358_at",2.33e-05,2.97e-06,5.9508037,4.353419,1.29274251,"basic leucine zipper ATF-like transcription factor 3"
"250","BAX","211833_s_at",2.25e-13,2.3e-14,8.36,21.7508227,0.756,"BCL2 associated X, apoptosis regulator","211833_s_at",4.67e-09,5.1e-11,10.7900403,15.299413,1.03046763,"BCL2 associated X, apoptosis regulator"
"251","BBIP1","232885_at",6.04e-14,5.75e-15,-8.59,23.1200016,-1.16,"BBSome interacting protein 1","213220_at",3.17e-07,1.45e-08,8.1345156,9.671344,0.73682404,"BBSome interacting protein 1"
"252","BBS2","223227_at",5.37e-25,1.5e-26,-12.8,49.5910553,-0.905,"Bardet-Biedl syndrome 2","223227_at",1.83e-06,1.33e-07,-7.194615,7.451941,-0.71681713,"Bardet-Biedl syndrome 2"
"253","BBX","213015_at",0.00227,0.000782,-3.42,-1.8623366,-0.602,"BBX, HMG-box containing","1557239_at",1.3e-05,1.47e-06,-6.2264321,5.053469,-1.37262587,"BBX, HMG-box containing"
"254","BCAS4","231584_s_at",2.06e-07,4.13e-08,-5.75,7.5931142,-0.682,"breast carcinoma amplified sequence 4","231584_s_at",2.14e-05,2.68e-06,5.9906436,4.454996,1.23854087,"breast carcinoma amplified sequence 4"
"255","BCHE","205433_at",1.85e-06,4.17e-07,-5.27,5.3448654,-0.953,"butyrylcholinesterase","205433_at",0.002,0.000575,-3.9288291,-0.848951,-1.35978516,"butyrylcholinesterase"
"256","BCL2","203685_at",1.14e-28,2.08e-30,-14.1,58.4281364,-1.17,"BCL2, apoptosis regulator","203685_at",9.66e-06,1.02e-06,-6.3699242,5.415227,-0.6497448,"BCL2, apoptosis regulator"
"257","BCL2A1","205681_at",1.21e-44,3.5e-47,20.3,96.8519049,3.78,"BCL2 related protein A1","205681_at",9.25e-10,4.63e-12,12.0606948,17.670269,3.1673834,"BCL2 related protein A1"
"258","BCL2L10","236491_at",2.9e-06,6.68e-07,5.17,4.8867918,0.66,"BCL2 like 10","236491_at",2.35e-06,1.84e-07,-7.0624956,7.130922,-1.33189038,"BCL2 like 10"
"259","BCL2L13","223664_x_at",4.39e-24,1.36e-25,12.4,47.4021899,1.46,"BCL2 like 13","1560977_a_at",0.000528,0.000119,-4.5314349,0.689933,-1.06853396,"BCL2 like 13"
"260","BCL6B","228311_at",1.22e-05,3.04e-06,-4.83,3.4215306,-0.943,"B-cell CLL/lymphoma 6B","228311_at",1.06e-06,6.72e-08,7.4794065,8.136539,1.0121115,"B-cell CLL/lymphoma 6B"
"261","BDH1","211715_s_at",6.52e-20,3.22e-21,10.9,37.3916821,1.13,"3-hydroxybutyrate dehydrogenase, type 1","211715_s_at",0.00366,0.00117,-3.6520102,-1.539429,-0.80950576,"3-hydroxybutyrate dehydrogenase, type 1"
"262","BGN","201261_x_at",2.93e-11,3.77e-12,-7.49,16.7176538,-0.7,"biglycan","201262_s_at",5.59e-06,5.27e-07,6.6350353,6.0782,1.40761685,"biglycan"
"263","BHLHA15","235965_at",4.68e-05,1.26e-05,-4.5,2.0561225,-0.679,"basic helix-loop-helix family member a15","235965_at",2.92e-09,2.59e-11,11.1400926,15.972208,3.62812462,"basic helix-loop-helix family member a15"
"264","BHLHE41","223185_s_at",4.5e-27,1e-28,-13.5,54.5722121,-1.66,"basic helix-loop-helix family member e41","221530_s_at",5.52e-06,5.19e-07,6.6413481,6.093896,1.11614804,"basic helix-loop-helix family member e41"
"265","BICDL2","235095_at",1.84e-27,3.87e-29,13.7,55.5218457,1.39,"BICD family like cargo adaptor 2","235095_at",0.000738,0.000177,-4.3813864,0.303568,-0.94186375,"BICD family like cargo adaptor 2"
"266","BID","211725_s_at",6.14e-24,1.93e-25,12.4,47.0511492,1.96,"BH3 interacting domain death agonist","211725_s_at",6.19e-11,6.81e-14,14.5546307,21.798205,1.88555475,"BH3 interacting domain death agonist"
"267","BIN1","210202_s_at",3.29e-07,6.77e-08,-5.65,7.1110478,-0.615,"bridging integrator 1","210202_s_at",5.47e-05,8.22e-06,5.5557428,3.340156,0.87003715,"bridging integrator 1"
"268","BIN2","219191_s_at",1.46e-10,2.04e-11,7.19,15.0529508,0.759,"bridging integrator 2","219191_s_at",1.21e-09,7.29e-12,11.8128548,17.223044,1.48756027,"bridging integrator 2"
"269","BIRC3","210538_s_at",4.72e-14,4.43e-15,8.63,23.3785002,1.72,"baculoviral IAP repeat containing 3","210538_s_at",0.000323,6.72e-05,4.7510411,1.257562,0.94904793,"baculoviral IAP repeat containing 3"
"270","BLM","205733_at",9.35e-38,6.19e-40,17.6,80.2554568,2.92,"Bloom syndrome RecQ like helicase","205733_at",2.18e-07,8.95e-09,8.3450712,10.152434,1.72186669,"Bloom syndrome RecQ like helicase"
"271","BLNK","207655_s_at",8.09e-44,2.65e-46,20,94.8406439,1.27,"B-cell linker","207655_s_at",1.36e-05,1.56e-06,6.2038418,4.996342,0.66798362,"B-cell linker"
"272","BMP1","205574_x_at",2.54e-07,5.16e-08,5.7,7.3756687,0.734,"bone morphogenetic protein 1","205574_x_at",2.64e-10,6.24e-13,13.2014932,19.639428,2.34628562,"bone morphogenetic protein 1"
"273","BMP2K","214716_at",7.1e-12,8.49e-13,7.74,18.1863724,1.12,"BMP2 inducible kinase","219546_at",3.01e-05,4.03e-06,5.8317986,4.049286,0.73669633,"BMP2 inducible kinase"
"274","BMP7","209591_s_at",1.02e-10,1.41e-11,7.25,15.4175736,1.71,"bone morphogenetic protein 7","211259_s_at",2.29e-05,2.91e-06,-5.9583463,4.37266,-0.79876832,"bone morphogenetic protein 7"
"275","BMP8B","235275_at",2.94e-10,4.28e-11,-7.05,14.3258945,-0.745,"bone morphogenetic protein 8b","207865_s_at",3.3e-06,2.79e-07,6.8916906,6.712799,1.40967242,"bone morphogenetic protein 8b"
"276","BMPER","241986_at",1.88e-07,3.76e-08,5.77,7.6848804,1.19,"BMP binding endothelial regulator","241986_at",1.79e-06,1.3e-07,7.2047041,7.476367,2.06351292,"BMP binding endothelial regulator"
"277","BMPR1A","242731_x_at",2.74e-16,2.02e-17,-9.5,28.7155139,-1.36,"bone morphogenetic protein receptor type 1A","242731_x_at",0.00126,0.000334,-4.1385366,-0.317814,-0.768423,"bone morphogenetic protein receptor type 1A"
"278","BMS1P5","239151_at",6.73e-15,5.76e-16,-8.96,25.3971517,-1,"BMS1, ribosome biogenesis factor pseudogene 5","239151_at",1.18e-06,7.64e-08,-7.425742,8.008322,-1.30673235,"BMS1, ribosome biogenesis factor pseudogene 5"
"279","BMS1P6","231106_at",1.9e-10,2.7e-11,-7.14,14.7783238,-1.56,"BMS1, ribosome biogenesis factor pseudogene 6","231106_at",5.34e-05,7.97e-06,-5.5674072,3.370209,-1.39603337,"BMS1, ribosome biogenesis factor pseudogene 6"
"280","BNC1","1552487_a_at",3.72e-12,4.33e-13,7.86,18.8511701,0.804,"basonuclin 1","1552487_a_at",0.0375,0.018,-2.5286293,-4.12612,-0.66241346,"basonuclin 1"
"281","BOC","225990_at",5.12e-19,2.79e-20,-10.5,35.2475561,-0.704,"BOC cell adhesion associated, oncogene regulated","224184_s_at",7.64e-06,7.72e-07,-6.4824553,5.697523,-0.81947417,"BOC cell adhesion associated, oncogene regulated"
"282","BOLA2B","209836_x_at",6.83e-17,4.72e-18,9.74,30.157097,0.698,"bolA family member 2B///bolA family member 2","209836_x_at",3.4e-05,4.66e-06,5.7757244,3.90563,0.59993693,"bolA family member 2B///bolA family member 2"
"283","BPIFC","1555773_at",2.47e-16,1.81e-17,9.52,28.8224388,0.688,"BPI fold containing family C","1555773_at",1.31e-05,1.48e-06,-6.2229724,5.044724,-1.35836913,"BPI fold containing family C"
"284","BPTF","231953_at",6.84e-14,6.56e-15,8.56,22.9897775,0.786,"bromodomain PHD finger transcription factor","207186_s_at",0.000813,0.000199,-4.3372554,0.190244,-0.69334198,"bromodomain PHD finger transcription factor"
"285","BRAF","236402_at",5.16e-08,9.66e-09,6.04,9.0109032,0.815,"B-Raf proto-oncogene, serine/threonine kinase","226391_at",6.92e-05,1.09e-05,-5.4475895,3.061188,-0.67177928,"B-Raf proto-oncogene, serine/threonine kinase"
"286","BRWD3","1553252_a_at",1.82e-08,3.24e-09,-6.25,10.0781022,-1.04,"bromodomain and WD repeat domain containing 3","235156_at",3.84e-05,5.37e-06,-5.7202189,3.763226,-0.80304052,"bromodomain and WD repeat domain containing 3"
"287","BSPRY","222746_s_at",5.17e-10,7.74e-11,6.95,13.7434754,0.887,"B-box and SPRY domain containing","222746_s_at",0.000116,2e-05,-5.2130998,2.454783,-1.14376305,"B-box and SPRY domain containing"
"288","BST2","201641_at",0.0352,0.0151,2.46,-4.5677262,0.666,"bone marrow stromal cell antigen 2","201641_at",1.26e-06,8.31e-08,7.3911509,7.925481,1.59702185,"bone marrow stromal cell antigen 2"
"289","BTBD11","238692_at",1.03e-11,1.26e-12,7.68,17.8011349,1.25,"BTB domain containing 11","238692_at",0.0111,0.0043,-3.1332629,-2.786686,-0.76570786,"BTB domain containing 11"
"290","BTBD16","1552566_at",1.35e-23,4.42e-25,-12.2,46.2291925,-2.65,"BTB domain containing 16","1552566_at",9.78e-09,1.51e-10,-10.2459274,14.222746,-2.78073947,"BTB domain containing 16"
"291","BTBD19","1557049_at",1.4e-23,4.57e-25,12.2,46.1958098,2.54,"BTB domain containing 19","1557049_at",0.00016,2.95e-05,5.0657333,2.072987,0.75011322,"BTB domain containing 19"
"292","BTC","207326_at",8.42e-24,2.68e-25,-12.3,46.7246696,-3.13,"betacellulin","207326_at",5.78e-06,5.5e-07,-6.6178029,6.03533,-3.07304188,"betacellulin"
"293","BUB1","209642_at",1.24e-32,1.39e-34,15.6,67.9944837,2.66,"BUB1 mitotic checkpoint serine/threonine kinase","209642_at",0.00199,0.000571,3.9314217,-0.842422,1.05361904,"BUB1 mitotic checkpoint serine/threonine kinase"
"294","BZW1","200776_s_at",2.34e-39,1.25e-41,18.2,84.1386776,1.82,"basic leucine zipper and W2 domains 1","200776_s_at",0.000108,1.86e-05,5.2424303,2.530724,0.58556819,"basic leucine zipper and W2 domains 1"
"295","C10orf10","209183_s_at",2.42e-13,2.48e-14,-8.34,21.6745295,-1.69,"chromosome 10 open reading frame 10","209183_s_at",0.0442,0.0219,2.4404884,-4.307839,0.72552652,"chromosome 10 open reading frame 10"
"296","C10orf99","227735_s_at",7.18e-35,6.4e-37,16.5,73.348925,5.25,"chromosome 10 open reading frame 99","227736_at",0.0249,0.0111,2.7374663,-3.68067,1.23141362,"chromosome 10 open reading frame 99"
"297","C11orf80","204922_at",3.99e-10,5.88e-11,-7,14.012624,-0.774,"chromosome 11 open reading frame 80","238593_at",1.4e-09,9.01e-12,-11.698778,17.014772,-2.15635137,"chromosome 11 open reading frame 80"
"298","C12orf29","228378_at",2.28e-40,1.07e-42,18.6,86.581511,3.07,"chromosome 12 open reading frame 29","213701_at",2.74e-06,2.22e-07,-6.9862318,6.944659,-0.71652297,"chromosome 12 open reading frame 29"
"299","C12orf4","218374_s_at",2.38e-13,2.43e-14,8.35,21.695047,1.19,"chromosome 12 open reading frame 4","218374_s_at",3.98e-05,5.6e-06,5.7039751,3.721514,0.619497,"chromosome 12 open reading frame 4"
"300","C12orf66","235026_at",3.98e-10,5.88e-11,7,14.0139654,0.86,"chromosome 12 open reading frame 66","1554068_s_at",1.21e-05,1.35e-06,-6.2605414,5.139639,-0.65939306,"chromosome 12 open reading frame 66"
"301","C12orf75","225105_at",1.46e-22,5.29e-24,11.9,43.7600168,2.04,"chromosome 12 open reading frame 75","225105_at",7.51e-07,4.34e-08,7.6638365,8.574351,1.32300541,"chromosome 12 open reading frame 75"
"302","C14orf132","218820_at",6.85e-22,2.69e-23,-11.6,42.1441437,-1.27,"chromosome 14 open reading frame 132","218820_at",0.000412,8.94e-05,-4.642228,0.976056,-0.79425595,"chromosome 14 open reading frame 132"
"303","C14orf28","235369_at",5.59e-08,1.05e-08,-6.02,8.9288148,-0.8,"chromosome 14 open reading frame 28","235369_at",2.7e-05,3.54e-06,-5.8820861,4.177929,-0.73279565,"chromosome 14 open reading frame 28"
"304","C15orf48","223484_at",1.93e-17,1.25e-18,9.95,31.4745377,2.15,"chromosome 15 open reading frame 48","223484_at",0.0238,0.0106,2.7585013,-3.634714,0.74546765,"chromosome 15 open reading frame 48"
"305","C15orf59","230475_at",3.6e-06,8.4e-07,-5.12,4.6647443,-0.779,"chromosome 15 open reading frame 59","230475_at",6.29e-05,9.73e-06,-5.4907723,3.172639,-0.69787664,"chromosome 15 open reading frame 59"
"306","C15orf62","1569064_at",6.28e-13,6.71e-14,8.18,20.6925064,1.14,"chromosome 15 open reading frame 62","1569064_at",0.000129,2.29e-05,-5.1618862,2.322138,-0.79457278,"chromosome 15 open reading frame 62"
"307","C17orf96","228066_at",1.76e-38,1.06e-40,17.8,82.0105667,3.59,"chromosome 17 open reading frame 96","228066_at",0.00419,0.00137,3.5897058,-1.692794,0.72752163,"chromosome 17 open reading frame 96"
"308","C19orf18","236847_at",1.85e-23,6.11e-25,-12.2,45.9062423,-1.54,"chromosome 19 open reading frame 18","236847_at",0.00298,0.000919,-3.74653,-1.305241,-0.65894386,"chromosome 19 open reading frame 18"
"309","C19orf66","1555491_a_at",7.02e-34,6.9e-36,16.1,70.9841333,2.12,"chromosome 19 open reading frame 66","1555491_a_at",1.75e-06,1.26e-07,7.2183935,7.50949,0.86850692,"chromosome 19 open reading frame 66"
"310","C1GALT1","219439_at",1.2e-06,2.65e-07,5.36,5.7854361,0.662,"core 1 synthase, glycoprotein-N-acetylgalactosamine 3-beta-galactosyltransferase 1","219439_at",3.6e-05,4.98e-06,5.74992,3.839452,0.95685052,"core 1 synthase, glycoprotein-N-acetylgalactosamine 3-beta-galactosyltransferase 1"
"311","C1GALT1C1","238989_at",4.33e-11,5.68e-12,-7.41,16.3132657,-1.07,"C1GALT1 specific chaperone 1","219283_at",1e-06,6.24e-08,7.5110746,8.212028,0.71641035,"C1GALT1 specific chaperone 1"
"312","C1orf116","219856_at",5.72e-28,1.13e-29,13.9,56.7436304,1.82,"chromosome 1 open reading frame 116","219856_at",0.000711,0.000169,-4.3985989,0.34781,-0.85710386,"chromosome 1 open reading frame 116"
"313","C1orf204","1556633_at",1.62e-11,2.02e-12,-7.59,17.331489,-1.22,"chromosome 1 open reading frame 204","1556633_at",0.000436,9.59e-05,-4.6154769,0.906918,-0.99953142,"chromosome 1 open reading frame 204"
"314","C1orf21","221272_s_at",1.21e-14,1.06e-15,-8.86,24.7929259,-1.04,"chromosome 1 open reading frame 21","223125_s_at",3.41e-06,2.9e-07,-6.8762659,6.674872,-0.64889716,"chromosome 1 open reading frame 21"
"315","C1orf210","1554246_at",1.23e-07,2.41e-08,5.86,8.1181613,1.13,"chromosome 1 open reading frame 210","1554246_at",6.31e-05,9.76e-06,-5.4894567,3.169244,-1.51620468,"chromosome 1 open reading frame 210"
"316","C1orf53","1558508_a_at",1.37e-11,1.7e-12,7.62,17.5041551,0.7,"chromosome 1 open reading frame 53","1558508_a_at",2.81e-06,2.29e-07,6.972383,6.910761,1.02091543,"chromosome 1 open reading frame 53"
"317","C1orf74","231932_at",1.2e-15,9.5e-17,9.26,27.1816271,1.05,"chromosome 1 open reading frame 74","231932_at",0.00111,0.000287,4.1960448,-0.1712,0.64852426,"chromosome 1 open reading frame 74"
"318","C1QB","202953_at",2.44e-06,5.57e-07,5.21,5.0635881,1.29,"complement C1q B chain","202953_at",5.41e-09,6.39e-11,10.6749037,15.074752,2.46964928,"complement C1q B chain"
"319","C1QC","225353_s_at",0.00315,0.00111,3.32,-2.1886397,0.757,"complement C1q C chain","225353_s_at",3.45e-08,8.16e-10,9.4331766,12.542205,1.62884047,"complement C1q C chain"
"320","C1QTNF3","220988_s_at",3.4e-06,7.91e-07,-5.13,4.7231448,-0.797,"C1q and tumor necrosis factor related protein 3","220988_s_at",0.044,0.0218,2.4436846,-4.301318,0.66249458,"C1q and tumor necrosis factor related protein 3"
"321","C1QTNF7","223877_at",8.87e-11,1.21e-11,-7.28,15.5663194,-1.1,"C1q and tumor necrosis factor related protein 7","223877_at",4.17e-05,5.94e-06,-5.6814398,3.663619,-1.46595931,"C1q and tumor necrosis factor related protein 7"
"322","C1QTNF9B-AS1","222277_at",0.000936,0.000302,-3.69,-0.9696459,-0.612,"C1QTNF9B antisense RNA 1","222277_at",1.42e-05,1.64e-06,-6.1843419,4.946992,-1.24692496,"C1QTNF9B antisense RNA 1"
"323","C2","203052_at",0.0019,0.000643,3.48,-1.6796981,0.595,"complement component 2","1554533_at",5.34e-10,1.92e-12,12.5511573,18.534518,2.81920971,"complement component 2"
"324","C20orf196","243508_at",1.94e-16,1.4e-17,9.56,29.076084,1.27,"chromosome 20 open reading frame 196","243508_at",1.03e-06,6.45e-08,7.4968727,8.17819,1.38001024,"chromosome 20 open reading frame 196"
"325","C21orf91","220941_s_at",4.58e-33,4.95e-35,15.8,69.0232021,2.32,"chromosome 21 open reading frame 91","226109_at",2.23e-07,9.25e-09,-8.3306396,10.119652,-0.67231521,"chromosome 21 open reading frame 91"
"326","C2CD2","212875_s_at",3.04e-10,4.42e-11,-7.05,14.2942873,-0.589,"C2 calcium dependent domain containing 2","212875_s_at",3.75e-06,3.28e-07,-6.826413,6.552101,-0.69660631,"C2 calcium dependent domain containing 2"
"327","C2orf40","223623_at",1.96e-18,1.14e-19,-10.3,33.8544354,-1.88,"chromosome 2 open reading frame 40","223623_at",0.00137,0.000367,-4.1016233,-0.411722,-1.53407626,"chromosome 2 open reading frame 40"
"328","C2orf68","238768_at",5.98e-09,1e-09,-6.47,11.2278749,-0.662,"chromosome 2 open reading frame 68","221878_at",2.68e-06,2.16e-07,-6.9973722,6.971911,-0.62212921,"chromosome 2 open reading frame 68"
"329","C2orf88","228195_at",9.16e-14,8.93e-15,-8.51,22.6854483,-0.938,"chromosome 2 open reading frame 88","223754_at",3.3e-07,1.52e-08,8.1128454,9.621489,1.27908667,"chromosome 2 open reading frame 88"
"330","C3AR1","209906_at",0.00151,0.000503,3.55,-1.4490056,0.935,"complement component 3a receptor 1","209906_at",6.25e-08,1.79e-09,9.0681539,11.758531,1.62036819,"complement component 3a receptor 1"
"331","C3orf14","236068_s_at",1.01e-18,5.72e-20,-10.4,34.5348071,-1.15,"chromosome 3 open reading frame 14","236068_s_at",0.00436,0.00144,-3.571003,-1.738666,-0.6550656,"chromosome 3 open reading frame 14"
"332","C3orf52","1559021_at",5.62e-06,1.34e-06,-5.01,4.2119404,-1.15,"chromosome 3 open reading frame 52","219474_at",1.53e-08,2.71e-10,-9.9591346,13.639766,-1.68718979,"chromosome 3 open reading frame 52"
"333","C3orf80","236738_at",0.000449,0.000138,-3.9,-0.230339,-0.615,"chromosome 3 open reading frame 80","236738_at",1.26e-05,1.42e-06,6.2399338,5.087591,2.52476616,"chromosome 3 open reading frame 80"
"334","C4orf46","235088_at",0.000129,3.68e-05,4.24,1.027307,0.616,"chromosome 4 open reading frame 46","235088_at",5.56e-05,8.38e-06,5.548341,3.321082,0.69483498,"chromosome 4 open reading frame 46"
"335","C5AR1","220088_at",0.00243,0.000839,3.4,-1.9287493,0.705,"complement component 5a receptor 1","220088_at",7.36e-09,1.01e-10,10.4428612,14.616833,2.0481896,"complement component 5a receptor 1"
"336","C5orf46","1554195_a_at",1.32e-15,1.05e-16,-9.24,27.0839153,-1.75,"chromosome 5 open reading frame 46","1554195_a_at",0.000181,3.39e-05,-5.0121738,1.934167,-2.25469931,"chromosome 5 open reading frame 46"
"337","C6orf120","221786_at",5.94e-18,3.6e-19,10.1,32.709952,0.787,"chromosome 6 open reading frame 120","221786_at",1.2e-07,4.13e-09,8.6885665,10.924313,0.79210979,"chromosome 6 open reading frame 120"
"338","C6orf141","1554314_at",0.00815,0.00307,3,-3.1283131,0.666,"chromosome 6 open reading frame 141","1554314_at",0.00637,0.00224,-3.3959351,-2.164043,-0.8024246,"chromosome 6 open reading frame 141"
"339","C6orf89","224988_at",1.51e-08,2.65e-09,6.29,10.274638,0.691,"chromosome 6 open reading frame 89","1556359_at",0.00215,0.000627,-3.8951312,-0.933714,-0.7249459,"chromosome 6 open reading frame 89"
"340","C7","202992_at",9.24e-18,5.75e-19,-10.1,32.244271,-2.22,"complement component 7","202992_at",0.0306,0.0142,-2.6329099,-3.906208,-0.64879292,"complement component 7"
"341","C8orf44-SGK3","227627_at",2.65e-24,8.03e-26,-12.5,47.9240957,-0.738,"C8orf44-SGK3 readthrough///serum/glucocorticoid regulated kinase family member 3","243264_s_at",0.000262,5.27e-05,-4.8434677,1.496936,-0.61401615,"C8orf44-SGK3 readthrough///chromosome 8 open reading frame 44///serum/glucocorticoid regulated kinase family member 3"
"342","C8orf88","1557961_s_at",6.18e-09,1.04e-09,-6.47,11.1946325,-1.02,"chromosome 8 open reading frame 88","1557961_s_at",0.0108,0.00415,-3.1473497,-2.753828,-0.7969687,"chromosome 8 open reading frame 88"
"343","C9orf152","229964_at",5.45e-19,2.98e-20,-10.5,35.1802564,-2.1,"chromosome 9 open reading frame 152","229964_at",0.0166,0.00689,-2.9389548,-3.232979,-1.77021429,"chromosome 9 open reading frame 152"
"344","CA6","206873_at",3.16e-14,2.91e-15,-8.7,23.7956652,-1.96,"carbonic anhydrase 6","206873_at",0.0109,0.00421,-3.1417238,-2.766958,-1.82409017,"carbonic anhydrase 6"
"345","CAB39L","221003_s_at",2.1e-12,2.37e-13,-7.96,19.4474751,-1.07,"calcium binding protein 39 like","221003_s_at",1.63e-05,1.93e-06,-6.1201117,4.784201,-0.90842243,"calcium binding protein 39 like"
"346","CABLES1","225531_at",1.32e-10,1.84e-11,-7.21,15.1580287,-0.927,"Cdk5 and Abl enzyme substrate 1","225532_at",3.09e-07,1.4e-08,-8.1485541,9.703607,-0.81124544,"Cdk5 and Abl enzyme substrate 1"
"347","CACHD1","234888_at",4.69e-08,8.75e-09,6.06,9.1077858,0.871,"cache domain containing 1","234888_at",0.00105,0.000269,-4.2206689,-0.108312,-0.95603334,"cache domain containing 1"
"348","CACNA1D","243334_at",1.61e-05,4.07e-06,-4.76,3.1395047,-0.666,"calcium voltage-gated channel subunit alpha1 D","1555993_at",0.00648,0.00229,-3.3872172,-2.185025,-0.71156695,"calcium voltage-gated channel subunit alpha1 D"
"349","CACNA2D3","219714_s_at",1.72e-20,7.93e-22,11.1,38.7821314,1.69,"calcium voltage-gated channel auxiliary subunit alpha2delta 3","219714_s_at",0.000215,4.17e-05,4.9328226,1.728491,1.13635442,"calcium voltage-gated channel auxiliary subunit alpha2delta 3"
"350","CACNB2","1559420_x_at",3.52e-12,4.08e-13,-7.87,18.9087388,-0.818,"calcium voltage-gated channel auxiliary subunit beta 2","215365_at",0.000225,4.39e-05,-4.9130144,1.677153,-0.60717219,"calcium voltage-gated channel auxiliary subunit beta 2"
"351","CACNB4","243244_at",7.83e-24,2.49e-25,12.3,46.7986024,1.13,"calcium voltage-gated channel auxiliary subunit beta 4","243244_at",0.00154,0.000422,-4.0484071,-0.546809,-0.65650473,"calcium voltage-gated channel auxiliary subunit beta 4"
"352","CADM1","209031_at",9.24e-14,9.01e-15,-8.51,22.6761256,-0.585,"cell adhesion molecule 1","209030_s_at",3.59e-07,1.7e-08,8.0660084,9.51352,1.28812529,"cell adhesion molecule 1"
"353","CADM2","240433_x_at",3.21e-05,8.41e-06,-4.6,2.4411082,-0.625,"cell adhesion molecule 2","235118_at",0.00292,9e-04,-3.7547991,-1.28467,-0.76059329,"cell adhesion molecule 2"
"354","CADM3","211677_x_at",5.3e-14,5e-15,-8.61,23.2580437,-0.846,"cell adhesion molecule 3","213948_x_at",8.03e-06,8.2e-07,-6.4581762,5.636724,-1.20160927,"cell adhesion molecule 3"
"355","CADPS","1568604_a_at",4.66e-05,1.25e-05,-4.5,2.0605723,-0.717,"calcium dependent secretion activator","239884_at",0.00274,0.000837,-3.7830297,-1.214347,-1.19011315,"calcium dependent secretion activator"
"356","CALCOCO2","238560_at",2.26e-13,2.31e-14,-8.36,21.7443389,-0.8,"calcium binding and coiled-coil domain 2","238560_at",1.5e-05,1.74e-06,-6.1595066,4.88409,-0.76808097,"calcium binding and coiled-coil domain 2"
"357","CALD1","201615_x_at",1.87e-10,2.65e-11,-7.14,14.7976149,-0.964,"caldesmon 1","201615_x_at",0.00135,0.000361,4.1083492,-0.394624,0.82482663,"caldesmon 1"
"358","CALM3","200622_x_at",6.52e-11,8.76e-12,7.34,15.8864868,0.759,"calmodulin 3///calmodulin 2///calmodulin 1","200622_x_at",1.29e-09,7.97e-12,11.7647666,17.135436,1.01603002,"calmodulin 3///calmodulin 2///calmodulin 1"
"359","CALML5","220414_at",5.02e-10,7.49e-11,6.95,13.7750821,1.44,"calmodulin like 5","220414_at",0.000693,0.000164,-4.4104019,0.37816,-1.06892439,"calmodulin like 5"
"360","CALN1","1555168_a_at",1.58e-13,1.59e-14,8.42,22.1149303,1.01,"calneuron 1","223885_at",0.000463,0.000103,-4.5894201,0.839606,-1.19684879,"calneuron 1"
"361","CAMSAP1","212712_at",6.01e-34,5.85e-36,16.1,71.148628,1.49,"calmodulin regulated spectrin associated protein 1","220409_at",5.35e-05,7.99e-06,-5.5664405,3.367719,-0.85480192,"calmodulin regulated spectrin associated protein 1"
"362","CAMSAP2","217196_s_at",2.38e-24,7.15e-26,12.5,48.0393165,0.905,"calmodulin regulated spectrin associated protein family member 2","217196_s_at",9.55e-06,1.01e-06,-6.3758594,5.430148,-0.60679469,"calmodulin regulated spectrin associated protein family member 2"
"363","CAMSAP3","226494_at",1.92e-09,3.05e-10,-6.7,12.3955186,-0.819,"calmodulin regulated spectrin associated protein family member 3","226494_at",2.72e-09,2.32e-11,-11.1960724,16.078386,-1.19692675,"calmodulin regulated spectrin associated protein family member 3"
"364","CAMTA1","213268_at",1.84e-06,4.14e-07,-5.27,5.3508497,-0.673,"calmodulin binding transcription activator 1","1555370_a_at",6.92e-07,3.91e-08,-7.7075253,8.677413,-0.84415463,"calmodulin binding transcription activator 1"
"365","CAND1","235224_s_at",1.23e-05,3.08e-06,-4.83,3.4097274,-0.647,"cullin associated and neddylation dissociated 1","243910_x_at",2.65e-05,3.47e-06,-5.8900045,4.198169,-0.69819323,"cullin associated and neddylation dissociated 1"
"366","CAPN3","211890_x_at",3.72e-09,6.11e-10,-6.57,11.7135719,-0.686,"calpain 3","210944_s_at",1.68e-07,6.44e-09,-8.490237,10.480606,-1.09557931,"calpain 3"
"367","CAPN5","226292_at",1.01e-12,1.1e-13,-8.09,20.199773,-0.936,"calpain 5","205166_at",1.37e-06,9.33e-08,7.3424861,7.808678,0.58603935,"calpain 5"
"368","CAPZA3","236888_at",3.37e-08,6.18e-09,-6.13,9.4481353,-1.13,"capping actin protein of muscle Z-line alpha subunit 3","236888_at",5.05e-07,2.64e-08,-7.8758712,9.072186,-1.91350348,"capping actin protein of muscle Z-line alpha subunit 3"
"369","CARD14","220599_s_at",8.23e-43,2.89e-45,19.6,92.4640701,2.61,"caspase recruitment domain family member 14","232608_x_at",0.00365,0.00117,-3.6537645,-1.535099,-0.63647757,"caspase recruitment domain family member 14"
"370","CARD16","1552701_a_at",8.98e-10,1.38e-10,6.84,13.177034,1.12,"caspase recruitment domain family member 16","1552701_a_at",4.85e-07,2.5e-08,7.8992788,9.12678,1.18127496,"caspase recruitment domain family member 16"
"371","CARD18","231733_at",9.07e-09,1.56e-09,6.39,10.7977725,1.49,"caspase recruitment domain family member 18","231733_at",0.0264,0.0119,-2.7066192,-3.747716,-0.98371713,"caspase recruitment domain family member 18"
"372","CARD6","224414_s_at",1.25e-39,6.38e-42,18.3,84.8078417,2.96,"caspase recruitment domain family member 6","224414_s_at",1.04e-06,6.57e-08,7.4894423,8.160476,1.15319784,"caspase recruitment domain family member 6"
"373","CARD8-AS1","242521_at",8.81e-09,1.51e-09,6.4,10.8276671,1.03,"CARD8 antisense RNA 1","242521_at",1.98e-09,1.49e-11,11.4286761,16.515456,1.34325756,"CARD8 antisense RNA 1"
"374","CARHSP1","218384_at",3.15e-40,1.51e-42,18.5,86.2407973,2.97,"calcium regulated heat stable protein 1","218384_at",5.78e-06,5.51e-07,6.6171756,6.033769,1.23033926,"calcium regulated heat stable protein 1"
"375","CASK","207620_s_at",1.57e-14,1.39e-15,8.82,24.5235281,0.66,"calcium/calmodulin dependent serine protein kinase","238698_at",1.31e-05,1.48e-06,6.2231253,5.04511,0.87991239,"calcium/calmodulin dependent serine protein kinase"
"376","CASP1","211367_s_at",2.33e-21,9.76e-23,11.4,40.8637824,2.04,"caspase 1","211366_x_at",1.15e-05,1.27e-06,6.2850437,5.201471,0.60193913,"caspase 1"
"377","CASP10","205467_at",1.19e-16,8.48e-18,9.64,29.5763473,0.846,"caspase 10","205467_at",4.85e-05,7.12e-06,5.6112086,3.482997,1.15886075,"caspase 10"
"378","CASP14","231722_at",0.000177,5.13e-05,4.16,0.7095265,1.06,"caspase 14","231722_at",0.00142,0.000384,-4.0839589,-0.456602,-1.35691457,"caspase 14"
"379","CASP5","207500_at",1.75e-11,2.19e-12,7.58,17.2516775,1.99,"caspase 5","207500_at",1.71e-07,6.64e-09,8.4766333,10.449975,2.75932146,"caspase 5"
"380","CAT","201432_at",1.34e-23,4.36e-25,-12.3,46.2421806,-0.814,"catalase","211922_s_at",0.00142,0.000383,-4.085385,-0.45298,-0.71826995,"catalase"
"381","CATSPERB","220293_at",6.73e-07,1.44e-07,5.49,6.3772294,0.833,"cation channel sperm associated auxiliary subunit beta","220293_at",0.0326,0.0153,2.5991106,-3.978051,0.72529694,"cation channel sperm associated auxiliary subunit beta"
"382","CAV2","203323_at",8.44e-26,2.14e-27,-13.1,51.529395,-0.683,"caveolin 2","203323_at",5.44e-05,8.16e-06,-5.5585217,3.347316,-0.60341965,"caveolin 2"
"383","CBFA2T2","238549_at",9.55e-34,9.55e-36,-16,70.6598915,-0.86,"CBFA2/RUNX1 translocation partner 2","207625_s_at",2.41e-07,1.02e-08,-8.2865465,10.019317,-0.71587294,"CBFA2/RUNX1 translocation partner 2"
"384","CBLC","220638_s_at",3.68e-19,1.97e-20,10.6,35.5949624,1.62,"Cbl proto-oncogene C","220638_s_at",0.000121,2.12e-05,-5.1916551,2.399247,-0.99529393,"Cbl proto-oncogene C"
"385","CBR3-AS1","1559501_at",1.9e-21,7.85e-23,11.5,41.0805039,1.17,"CBR3 antisense RNA 1","1559917_a_at",0.00304,0.000942,-3.7369175,-1.329137,-1.12499748,"CBR3 antisense RNA 1"
"386","CBR4","1553693_s_at",4.11e-19,2.21e-20,-10.6,35.4799364,-1.05,"carbonyl reductase 4","1553693_s_at",3.74e-06,3.26e-07,-6.8286885,6.557711,-1.46908098,"carbonyl reductase 4"
"387","CBX3","230998_at",1.13e-07,2.2e-08,-5.87,8.2071557,-0.656,"chromobox 3","201091_s_at",1.65e-08,3e-10,9.9101805,13.539169,0.61112085,"chromobox 3"
"388","CBX5","226085_at",6.67e-09,1.12e-09,-6.45,11.1157574,-1.04,"chromobox 5","209715_at",3.11e-05,4.2e-06,5.8160407,4.008938,0.61247733,"chromobox 5"
"389","CCAR1","239014_at",1.17e-10,1.62e-11,-7.23,15.2811876,-0.944,"cell division cycle and apoptosis regulator 1","239014_at",0.00157,0.000433,-4.0380443,-0.573072,-0.98480477,"cell division cycle and apoptosis regulator 1"
"390","CCBE1","229641_at",2.11e-07,4.24e-08,-5.74,7.5676457,-1.18,"collagen and calcium binding EGF domains 1","243805_at",0.00256,0.000768,-3.8163543,-1.131148,-0.68095091,"collagen and calcium binding EGF domains 1"
"391","CCDC102B","220301_at",0.000201,5.87e-05,4.12,0.5810872,0.81,"coiled-coil domain containing 102B","220301_at",2.94e-07,1.32e-08,8.1750657,9.764462,1.9965839,"coiled-coil domain containing 102B"
"392","CCDC113","222890_at",3.42e-08,6.28e-09,-6.12,9.4323897,-0.714,"coiled-coil domain containing 113","222890_at",2.08e-07,8.47e-09,-8.3695141,10.207893,-1.30548368,"coiled-coil domain containing 113"
"393","CCDC122","1553894_at",5.32e-11,7.06e-12,-7.38,16.0993348,-1.06,"coiled-coil domain containing 122","1553894_at",1.13e-05,1.23e-06,-6.29697,5.231547,-1.10330373,"coiled-coil domain containing 122"
"394","CCDC127","236046_at",2.84e-09,4.6e-10,-6.62,11.9916303,-1.06,"coiled-coil domain containing 127","236046_at",0.00176,0.000496,-3.9861571,-0.704353,-0.77776792,"coiled-coil domain containing 127"
"395","CCDC146","227091_at",1.03e-16,7.25e-18,-9.67,29.732144,-1.6,"coiled-coil domain containing 146","227091_at",6.71e-10,2.69e-12,-12.3628143,18.205857,-1.57669378,"coiled-coil domain containing 146"
"396","CCDC149","226139_at",1.24e-12,1.36e-13,-8.06,19.9910618,-0.649,"coiled-coil domain containing 149","1553840_a_at",8.28e-05,1.35e-05,-5.3645838,2.846742,-1.17354624,"coiled-coil domain containing 149"
"397","CCDC167","225723_at",4.65e-10,6.91e-11,6.97,13.8549866,0.87,"coiled-coil domain containing 167","225723_at",2.09e-07,8.53e-09,8.3663949,10.20082,0.99428111,"coiled-coil domain containing 167"
"398","CCDC18","228022_at",4.36e-06,1.03e-06,5.07,4.4688558,0.706,"coiled-coil domain containing 18","228022_at",1.08e-05,1.17e-06,6.3162405,5.280115,0.92369626,"coiled-coil domain containing 18"
"399","CCDC18-AS1","227074_at",3.99e-31,5.38e-33,-15,64.356758,-1.48,"CCDC18 antisense RNA 1","227074_at",6.02e-06,5.79e-07,-6.5978098,5.985552,-1.31667483,"CCDC18 antisense RNA 1"
"400","CCDC180","229628_s_at",1.33e-07,2.61e-08,-5.84,8.0421199,-0.827,"coiled-coil domain containing 180///LOC100499484-C9orf174 readthrough","229627_at",0.00647,0.00228,3.3878652,-2.183466,0.67517787,"coiled-coil domain containing 180///LOC100499484-C9orf174 readthrough"
"401","CCDC191","228476_at",0.000109,3.06e-05,-4.29,1.2032993,-0.601,"coiled-coil domain containing 191","228476_at",0.000184,3.46e-05,-5.0045082,1.914298,-0.58872643,"coiled-coil domain containing 191"
"402","CCDC71L","229521_at",6.49e-08,1.23e-08,5.99,8.7755684,0.679,"coiled-coil domain containing 71-like","229521_at",7.61e-07,4.42e-08,7.656518,8.557062,1.83655094,"coiled-coil domain containing 71-like"
"403","CCDC8","223495_at",1.11e-08,1.92e-09,-6.35,10.591936,-0.897,"coiled-coil domain containing 8","223495_at",0.000181,3.4e-05,5.0111135,1.931419,0.92795115,"coiled-coil domain containing 8"
"404","CCDC90B","1568834_s_at",8.48e-08,1.63e-08,-5.94,8.5021825,-1.2,"coiled-coil domain containing 90B","1568834_s_at",0.000151,2.76e-05,-5.0906336,2.137519,-1.03140326,"coiled-coil domain containing 90B"
"405","CCDC91","1570571_at",1.11e-05,2.76e-06,-4.85,3.5163041,-0.935,"coiled-coil domain containing 91","1570571_at",0.000305,6.27e-05,-4.777277,1.32549,-0.68335597,"coiled-coil domain containing 91"
"406","CCDC93","209688_s_at",6.61e-19,3.65e-20,-10.5,34.9793013,-0.77,"coiled-coil domain containing 93","219774_at",4.16e-06,3.71e-07,6.7768389,6.429736,0.66969283,"coiled-coil domain containing 93"
"407","CCL18","32128_at",2.41e-07,4.89e-08,5.71,7.429098,2.36,"C-C motif chemokine ligand 18","209924_at",1.47e-06,1.02e-07,7.3058466,7.720541,2.04037002,"C-C motif chemokine ligand 18"
"408","CCL19","210072_at",0.00204,0.000696,3.46,-1.7533869,0.69,"C-C motif chemokine ligand 19","210072_at",0.000387,8.32e-05,4.6696507,1.046961,1.45066092,"C-C motif chemokine ligand 19"
"409","CCL2","216598_s_at",1.81e-19,9.38e-21,10.7,36.3288424,1.31,"C-C motif chemokine ligand 2","216598_s_at",2.56e-05,3.32e-06,5.9073157,4.242402,1.01419715,"C-C motif chemokine ligand 2"
"410","CCL23","210549_s_at",0.000768,0.000244,-3.75,-0.769799,-0.742,"C-C motif chemokine ligand 23","210548_at",0.00565,0.00195,3.4508868,-2.031337,1.11542648,"C-C motif chemokine ligand 23"
"411","CCL27","207955_at",2.06e-25,5.45e-27,-12.9,50.5989843,-3.04,"C-C motif chemokine ligand 27","207955_at",1.18e-06,7.67e-08,-7.4245627,8.0055,-2.03423463,"C-C motif chemokine ligand 27"
"412","CCL28","238750_at",8.48e-14,8.24e-15,-8.53,22.7652535,-1.05,"C-C motif chemokine ligand 28","238750_at",0.00142,0.000382,-4.0861259,-0.451099,-1.21467914,"C-C motif chemokine ligand 28"
"413","CCL3L3","205114_s_at",2.01e-12,2.26e-13,7.97,19.4923133,1.34,"C-C motif chemokine ligand 3 like 3///C-C motif chemokine ligand 3 like 1///C-C motif chemokine ligand 3","205114_s_at",4.34e-07,2.16e-08,7.9616332,9.271851,3.11191651,"C-C motif chemokine ligand 3 like 3///C-C motif chemokine ligand 3 like 1///C-C motif chemokine ligand 3"
"414","CCL4","204103_at",1.19e-08,2.07e-09,6.34,10.5180657,0.731,"C-C motif chemokine ligand 4","204103_at",6.36e-08,1.83e-09,9.0579474,11.736358,2.86902043,"C-C motif chemokine ligand 4"
"415","CCL5","204655_at",1.03e-08,1.79e-09,6.36,10.6621789,1.27,"C-C motif chemokine ligand 5","1405_i_at",8.68e-11,1.14e-13,14.2290541,21.295289,2.0772895,"C-C motif chemokine ligand 5"
"416","CCL7","208075_s_at",1.7e-07,3.39e-08,5.79,7.7860608,0.775,"C-C motif chemokine ligand 7","208075_s_at",0.000114,1.98e-05,5.2180523,2.467607,2.17323624,"C-C motif chemokine ligand 7"
"417","CCL8","214038_at",2.95e-14,2.71e-15,8.71,23.864742,1.88,"C-C motif chemokine ligand 8","214038_at",9.96e-06,1.06e-06,6.3546358,5.376777,1.83209251,"C-C motif chemokine ligand 8"
"418","CCNC","1569126_at",2.47e-13,2.53e-14,-8.34,21.656707,-1.07,"cyclin C","1569126_at",0.000762,0.000184,-4.3666691,0.265758,-1.01284236,"cyclin C"
"419","CCND1","208711_s_at",1.94e-10,2.76e-11,-7.13,14.7571189,-0.794,"cyclin D1","208711_s_at",3.63e-07,1.72e-08,-8.0594715,9.498428,-1.33371092,"cyclin D1"
"420","CCNG2","228081_at",9.61e-14,9.38e-15,-8.51,22.6362355,-1.02,"cyclin G2","228081_at",7.14e-05,1.13e-05,-5.4338518,3.025716,-0.63273295,"cyclin G2"
"421","CCNO","210021_s_at",7.25e-17,5.03e-18,9.73,30.0936898,1.82,"cyclin O","210021_s_at",0.00751,0.00271,-3.3195335,-2.347217,-0.61828058,"cyclin O"
"422","CCNYL1","228810_at",4.93e-23,1.69e-24,12,44.8925442,1.57,"cyclin Y like 1","228810_at",3.25e-08,7.48e-10,9.4740119,12.62875,1.16128671,"cyclin Y like 1"
"423","CCR2","206978_at",2.04e-05,5.22e-06,4.71,2.9012709,0.783,"C-C motif chemokine receptor 2","206978_at",2.78e-05,3.68e-06,5.8674893,4.140607,1.17376994,"C-C motif chemokine receptor 2"
"424","CCR5","206991_s_at",1.87e-14,1.68e-15,8.79,24.3375044,0.77,"C-C motif chemokine receptor 5 (gene/pseudogene)","206991_s_at",4.31e-08,1.1e-09,9.2925167,12.242364,1.5308092,"C-C motif chemokine receptor 5 (gene/pseudogene)"
"425","CD14","201743_at",0.000396,0.000121,3.94,-0.104014,0.93,"CD14 molecule","201743_at",8.6e-10,3.95e-12,12.1490089,17.827909,1.91421331,"CD14 molecule"
"426","CD164","208653_s_at",3.83e-23,1.3e-24,12.1,45.1549068,1.37,"CD164 molecule","208653_s_at",7.67e-06,7.75e-07,6.4807431,5.693237,0.82037602,"CD164 molecule"
"427","CD177","219669_at",2.4e-06,5.48e-07,5.21,5.0785641,0.98,"CD177 molecule","219669_at",5.86e-05,8.93e-06,5.5235736,3.257238,2.75020617,"CD177 molecule"
"428","CD1A","210325_at",4.85e-09,8.06e-10,-6.51,11.4429293,-1.11,"CD1a molecule","210325_at",2.34e-07,9.86e-09,-8.3025724,10.055815,-1.70952399,"CD1a molecule"
"429","CD1B","206749_at",3.83e-06,8.97e-07,5.1,4.601537,1.38,"CD1b molecule","206749_at",0.000104,1.77e-05,-5.2598996,2.575945,-1.2204731,"CD1b molecule"
"430","CD2","205831_at",1.34e-19,6.83e-21,10.8,36.6440156,2.23,"CD2 molecule","205831_at",1.83e-08,3.47e-10,9.8397225,13.393825,1.64138102,"CD2 molecule"
"431","CD200","209582_s_at",2.4e-11,3.07e-12,-7.52,16.921154,-1.46,"CD200 molecule","209583_s_at",1.71e-08,3.14e-10,9.8877413,13.492952,1.71659624,"CD200 molecule"
"432","CD207","220428_at",1.67e-11,2.1e-12,-7.59,17.2954909,-1.55,"CD207 molecule","220428_at",6.54e-07,3.65e-08,-7.7376342,8.748294,-2.09693922,"CD207 molecule"
"433","CD209","207277_at",0.0284,0.0119,2.54,-4.3583503,0.685,"CD209 molecule","207277_at",0.000989,0.00025,4.2491331,-0.035539,1.03320278,"CD209 molecule"
"434","CD248","219025_at",2.17e-07,4.37e-08,-5.74,7.5388355,-0.953,"CD248 molecule","219025_at",0.00049,0.000109,4.5650448,0.776666,0.88990499,"CD248 molecule"
"435","CD274","227458_at",3.45e-59,1.39e-62,26.8,132.041535,5.48,"CD274 molecule","227458_at",1.83e-08,3.48e-10,9.8381327,13.390538,2.40319878,"CD274 molecule"
"436","CD28","206545_at",1.9e-14,1.7e-15,8.79,24.3234676,1.62,"CD28 molecule","206545_at",5.79e-09,7.03e-11,10.6267187,14.98023,2.11270467,"CD28 molecule"
"437","CD3D","213539_at",7.45e-22,2.94e-23,11.6,42.0577166,2.71,"CD3d molecule","213539_at",1.51e-08,2.65e-10,9.9698856,13.661816,1.47425468,"CD3d molecule"
"438","CD44","229221_at",1.82e-06,4.1e-07,-5.27,5.3595854,-0.826,"CD44 molecule (Indian blood group)","234411_x_at",2.32e-06,1.8e-07,-7.0704025,7.150194,-0.64638298,"CD44 molecule (Indian blood group)"
"439","CD47","211075_s_at",6.41e-46,1.58e-48,20.8,99.9304614,1.57,"CD47 molecule","211075_s_at",7.41e-08,2.25e-09,8.9641169,11.531849,0.79263746,"CD47 molecule"
"440","CD48","204118_at",4.2e-09,6.94e-10,6.54,11.5888189,1.61,"CD48 molecule","204118_at",3.42e-09,3.25e-11,11.020778,15.744606,1.82937031,"CD48 molecule"
"441","CD53","203416_at",8.25e-13,8.91e-14,8.13,20.4115407,1.07,"CD53 molecule","203416_at",2.13e-11,1.29e-14,15.6431931,23.408799,1.4696632,"CD53 molecule"
"442","CD6","213958_at",3.24e-11,4.19e-12,7.47,16.6129412,0.922,"CD6 molecule","213958_at",1.17e-05,1.29e-06,6.27786,5.183348,1.2226704,"CD6 molecule"
"443","CD69","209795_at",1.91e-06,4.32e-07,5.26,5.3103596,0.799,"CD69 molecule","209795_at",5.84e-05,8.89e-06,5.5253743,3.261881,0.90987204,"CD69 molecule"
"444","CD83","204440_at",7.12e-24,2.26e-25,12.4,46.8968476,2.29,"CD83 molecule","204440_at",0.00957,0.0036,3.2046984,-2.619404,0.80706342,"CD83 molecule"
"445","CD84","230391_at",0.00064,0.000201,3.8,-0.5881288,0.792,"CD84 molecule","211192_s_at",5.78e-05,8.78e-06,5.5302546,3.274463,1.53022873,"CD84 molecule"
"446","CD86","205686_s_at",1.71e-06,3.83e-07,5.29,5.4264254,0.878,"CD86 molecule","205686_s_at",3.92e-09,3.94e-11,10.9221094,15.55505,1.88965692,"CD86 molecule"
"447","CD8A","205758_at",1.42e-09,2.22e-10,6.75,12.7063239,1.95,"CD8a molecule","205758_at",0.000198,3.78e-05,4.9700448,1.824968,0.93588185,"CD8a molecule"
"448","CD9","233317_at",2e-16,1.45e-17,-9.56,29.0426117,-0.748,"CD9 molecule","233317_at",3.2e-07,1.46e-08,-8.1298673,9.660655,-2.36261104,"CD9 molecule"
"449","CD96","206761_at",3.48e-13,3.62e-14,8.28,21.3013469,1.17,"CD96 molecule","1555120_at",4.65e-09,5.06e-11,10.793755,15.306633,1.76361719,"CD96 molecule"
"450","CD99L2","233825_s_at",1.43e-09,2.25e-10,-6.75,12.6953795,-0.638,"CD99 molecule like 2","223041_at",3.24e-06,2.73e-07,6.9015156,6.736943,0.73742474,"CD99 molecule like 2"
"451","CD99P1","232172_at",7.23e-05,1.99e-05,4.39,1.6145202,0.619,"CD99 molecule pseudogene 1","239247_at",0.00167,0.000466,-4.0098938,-0.644342,-1.08105227,"CD99 molecule pseudogene 1"
"452","CDC14A","210742_at",3.45e-05,9.1e-06,-4.58,2.3655803,-0.663,"cell division cycle 14A","210743_s_at",0.00725,0.0026,-3.3356549,-2.308699,-0.70649962,"cell division cycle 14A"
"453","CDC14B","221555_x_at",6.09e-12,7.25e-13,-7.77,18.3429563,-0.592,"cell division cycle 14B","230887_at",2.82e-05,3.75e-06,5.8600301,4.121529,0.6360966,"cell division cycle 14B"
"454","CDC25A","204695_at",1.29e-26,3.02e-28,13.4,53.4754963,1.77,"cell division cycle 25A","204695_at",0.00072,0.000172,4.3927493,0.332772,0.72872863,"cell division cycle 25A"
"455","CDC25B","201853_s_at",5.78e-26,1.44e-27,13.1,51.922429,0.985,"cell division cycle 25B","201853_s_at",0.000879,0.000218,4.3021352,0.100176,0.69918392,"cell division cycle 25B"
"456","CDC27","217879_at",1.83e-14,1.64e-15,8.79,24.3610293,0.705,"cell division cycle 27","217879_at",1.45e-06,9.96e-08,7.3153516,7.743421,0.68062059,"cell division cycle 27"
"457","CDC42BPA","203794_at",1.11e-17,6.97e-19,-10,32.0537325,-0.653,"CDC42 binding protein kinase alpha","215296_at",0.000248,4.92e-05,-4.8698768,1.565363,-0.96009617,"CDC42 binding protein kinase alpha"
"458","CDC42BPB","217849_s_at",1.15e-06,2.53e-07,5.37,5.8282397,0.881,"CDC42 binding protein kinase beta","1557963_at",0.0018,0.000508,-3.9769734,-0.727549,-0.68002594,"CDC42 binding protein kinase beta"
"459","CDC42EP5","227850_x_at",1.18e-13,1.16e-14,8.47,22.4236182,1.78,"CDC42 effector protein 5","227850_x_at",8.07e-06,8.25e-07,6.456083,5.63148,0.9842692,"CDC42 effector protein 5"
"460","CDC42SE1","222537_s_at",1.04e-29,1.66e-31,14.5,60.9449445,1.52,"CDC42 small effector 1","222537_s_at",0.000297,6.09e-05,4.7882257,1.353843,0.6653981,"CDC42 small effector 1"
"461","CDC42SE2","1552612_at",2.31e-06,5.26e-07,5.22,5.1189353,1.46,"CDC42 small effector 2","1552612_at",0.000114,1.98e-05,5.2179764,2.467411,0.95403074,"CDC42 small effector 2"
"462","CDC6","203967_at",1.78e-20,8.24e-22,11.1,38.7442956,1.22,"cell division cycle 6","203968_s_at",5.84e-05,8.89e-06,5.5255023,3.262211,0.9106904,"cell division cycle 6"
"463","CDCA7","224428_s_at",5.08e-16,3.85e-17,9.4,28.076761,1.02,"cell division cycle associated 7","224428_s_at",9.91e-05,1.67e-05,-5.2826099,2.63472,-0.71428295,"cell division cycle associated 7"
"464","CDCP1","218451_at",1.2e-14,1.05e-15,8.87,24.8032187,0.815,"CUB domain containing protein 1","1554110_at",0.000107,1.82e-05,5.249682,2.549497,0.89322555,"CUB domain containing protein 1"
"465","CDH11","236179_at",1.52e-07,3e-08,-5.81,7.9032189,-1.52,"cadherin 11","207172_s_at",1.82e-09,1.32e-11,11.4948717,16.638637,2.26337349,"cadherin 11"
"466","CDH12","207149_at",4.72e-06,1.12e-06,-5.05,4.3880339,-0.597,"cadherin 12","207149_at",2.7e-06,2.18e-07,-6.9930211,6.961268,-1.24684866,"cadherin 12"
"467","CDH19","206898_at",2.8e-26,6.81e-28,-13.2,52.667926,-2.61,"cadherin 19","206898_at",0.0431,0.0212,-2.4547899,-4.278622,-1.16582633,"cadherin 19"
"468","CDH2","203440_at",3.42e-15,2.84e-16,-9.08,26.0956754,-1.32,"cadherin 2","203440_at",0.00466,0.00156,3.5404509,-1.813431,1.26339442,"cadherin 2"
"469","CDH26","232306_at",1.52e-26,3.59e-28,13.3,53.3045194,2.89,"cadherin 26","232306_at",0.00614,0.00215,3.4123113,-2.124577,0.83451951,"cadherin 26"
"470","CDHR1","1555019_at",0.0561,0.0253,-2.26,-5.0214245,-0.821,"cadherin related family member 1","213369_at",2.61e-08,5.61e-10,-9.6105682,12.916531,-2.39695968,"cadherin related family member 1"
"471","CDK13","210965_x_at",3.98e-10,5.86e-11,-7,14.0161929,-1.08,"cyclin dependent kinase 13","210965_x_at",5.64e-06,5.34e-07,-6.630265,6.066335,-1.34075432,"cyclin dependent kinase 13"
"472","CDK14","204604_at",3.77e-16,2.83e-17,-9.45,28.3826726,-1,"cyclin dependent kinase 14","211502_s_at",6.04e-10,2.3e-12,12.4506974,18.359708,1.48008471,"cyclin dependent kinase 14"
"473","CDK19","235226_at",9.71e-08,1.87e-08,-5.91,8.3632837,-0.848,"cyclin dependent kinase 19","235226_at",2.21e-08,4.46e-10,-9.7189781,13.143209,-1.13860802,"cyclin dependent kinase 19"
"474","CDK2AP2","203252_at",8.55e-18,5.29e-19,10.1,32.327084,0.936,"cyclin dependent kinase 2 associated protein 2","203252_at",8.86e-08,2.79e-09,8.8656057,11.315843,0.85965166,"cyclin dependent kinase 2 associated protein 2"
"475","CDK6","224851_at",0.00199,0.000679,-3.46,-1.7300283,-0.614,"cyclin dependent kinase 6","224851_at",0.0131,0.00519,-3.0556403,-2.96656,-0.59225342,"cyclin dependent kinase 6"
"476","CDKL1","207766_at",1.35e-10,1.88e-11,-7.2,15.1323156,-1.16,"cyclin dependent kinase like 1","235512_at",9.32e-05,1.55e-05,-5.3104393,2.706724,-0.70806558,"cyclin dependent kinase like 1"
"477","CDKN1C","213348_at",1.61e-14,1.42e-15,-8.82,24.5011212,-0.956,"cyclin dependent kinase inhibitor 1C","216894_x_at",4.33e-07,2.15e-08,7.9634233,9.276008,0.71826685,"cyclin dependent kinase inhibitor 1C"
"478","CDKN3","1555758_a_at",3.21e-33,3.42e-35,15.8,69.3911317,3.34,"cyclin dependent kinase inhibitor 3","1555758_a_at",0.00055,0.000125,4.5137294,0.644267,0.91498821,"cyclin dependent kinase inhibitor 3"
"479","CDON","227526_at",1.02e-26,2.36e-28,-13.4,53.7238721,-1.08,"cell adhesion associated, oncogene regulated","207230_at",0.00327,0.00102,-3.7047709,-1.408924,-0.65958141,"cell adhesion associated, oncogene regulated"
"480","CDS1","226187_at",4.5e-20,2.18e-21,10.9,37.7761234,0.676,"CDP-diacylglycerol synthase 1","226187_at",3.47e-05,4.76e-06,-5.7668619,3.882906,-1.15195462,"CDP-diacylglycerol synthase 1"
"481","CDS2","228861_at",3.15e-10,4.59e-11,-7.04,14.2572412,-0.692,"CDP-diacylglycerol synthase 2","212862_at",5.02e-07,2.62e-08,7.8786917,9.078769,1.19172822,"CDP-diacylglycerol synthase 2"
"482","CDSN","206193_s_at",5.01e-10,7.48e-11,6.95,13.776598,2.34,"corneodesmosin","206193_s_at",0.00016,2.95e-05,-5.0647484,2.070435,-1.27854055,"corneodesmosin"
"483","CDV3","213554_s_at",1.11e-18,6.32e-20,10.4,34.4353627,1.28,"CDV3 homolog","213554_s_at",5.36e-07,2.84e-08,7.8435666,8.996723,0.79761828,"CDV3 homolog"
"484","CDYL2","227290_at",2.85e-08,5.19e-09,6.16,9.6175869,0.812,"chromodomain Y-like 2","227290_at",3.62e-09,3.55e-11,10.9757662,15.658283,1.68159104,"chromodomain Y-like 2"
"485","CEACAM1","209498_at",0.000245,7.24e-05,-4.07,0.3817812,-1.07,"carcinoembryonic antigen related cell adhesion molecule 1","211883_x_at",0.000257,5.13e-05,4.8535542,1.523069,1.76924017,"carcinoembryonic antigen related cell adhesion molecule 1"
"486","CEBPA","204039_at",5.47e-06,1.3e-06,5.02,4.2391225,0.61,"CCAAT/enhancer binding protein alpha","204039_at",2e-06,1.5e-07,-7.1470004,7.336494,-0.87734569,"CCAAT/enhancer binding protein alpha"
"487","CEBPD","213006_at",5.4e-32,6.46e-34,15.4,66.4661739,2.92,"CCAAT/enhancer binding protein delta","213006_at",0.0311,0.0145,2.6238714,-3.925472,0.67575005,"CCAAT/enhancer binding protein delta"
"488","CEBPG","204203_at",3.25e-31,4.36e-33,15.1,64.5657757,0.81,"CCAAT/enhancer binding protein gamma","225527_at",1.25e-07,4.39e-09,-8.6609915,10.862943,-0.68742549,"CCAAT/enhancer binding protein gamma"
"489","CECR2","239752_at",4.52e-12,5.3e-13,-7.83,18.6510046,-1.61,"CECR2, histone acetyl-lysine reader","239752_at",0.0175,0.00732,-2.9136435,-3.290106,-0.95059302,"CECR2, histone acetyl-lysine reader"
"490","CELF2","202156_s_at",1.36e-11,1.69e-12,-7.63,17.5072819,-0.656,"CUGBP, Elav-like family member 2","1554569_a_at",3.4e-07,1.58e-08,8.0973214,9.585736,1.63900596,"CUGBP, Elav-like family member 2"
"491","CELF4","243666_at",8.28e-21,3.7e-22,-11.2,39.5406872,-1.37,"CUGBP, Elav-like family member 4","243665_s_at",2.37e-07,1e-08,-8.2964263,10.041822,-1.44428471,"CUGBP, Elav-like family member 4"
"492","CEMIP","212942_s_at",1.74e-30,2.52e-32,14.8,62.8211213,2.19,"cell migration inducing hyaluronan binding protein","212942_s_at",5.74e-07,3.11e-08,7.8061049,8.909039,3.02039901,"cell migration inducing hyaluronan binding protein"
"493","CENPN","228559_at",1.74e-22,6.36e-24,11.8,43.5782638,2.57,"centromere protein N","222118_at",0.000315,6.51e-05,4.7627567,1.287892,1.04638015,"centromere protein N"
"494","CEP126","236325_at",2.44e-09,3.93e-10,-6.65,12.1480539,-0.906,"centrosomal protein 126","236325_at",1.87e-05,2.29e-06,-6.0526683,4.612883,-1.09065089,"centrosomal protein 126"
"495","CEP128","244033_at",0.000137,3.92e-05,4.22,0.9678845,0.878,"centrosomal protein 128","244033_at",0.000192,3.65e-05,4.9839407,1.860986,1.1267764,"centrosomal protein 128"
"496","CEP135","207286_at",3.73e-14,3.46e-15,-8.67,23.6232089,-1.23,"centrosomal protein 135","207286_at",1.37e-05,1.57e-06,-6.200773,4.988578,-0.7641945,"centrosomal protein 135"
"497","CEP170B","213242_x_at",2.02e-11,2.55e-12,7.55,17.1034245,0.769,"centrosomal protein 170B","213242_x_at",5.91e-05,9.01e-06,-5.5200528,3.24816,-0.72249815,"centrosomal protein 170B"
"498","CEP19","230860_at",1.51e-15,1.21e-16,9.22,26.9399042,1.34,"centrosomal protein 19","230860_at",0.000129,2.29e-05,5.1616913,2.321634,0.6483847,"centrosomal protein 19"
"499","CEP68","212675_s_at",2.68e-21,1.13e-22,-11.4,40.7174406,-0.614,"centrosomal protein 68","212677_s_at",4.9e-07,2.54e-08,-7.8926889,9.111418,-0.89728519,"centrosomal protein 68"
"500","CERCAM","224794_s_at",0.0075,0.00281,-3.03,-3.0470089,-0.604,"cerebral endothelial cell adhesion molecule","224794_s_at",7.56e-09,1.05e-10,10.4261371,14.583562,1.88985954,"cerebral endothelial cell adhesion molecule"
"501","CERS3","1554253_a_at",9.18e-22,3.66e-23,11.6,41.8381455,1.85,"ceramide synthase 3","1554252_a_at",0.00162,0.000449,-4.0239061,-0.60888,-0.91379474,"ceramide synthase 3"
"502","CERS6","242019_at",0.000477,0.000147,-3.88,-0.2910192,-0.842,"ceramide synthase 6","212446_s_at",1.17e-06,7.6e-08,-7.4284323,8.014759,-0.75605517,"ceramide synthase 6"
"503","CFAP43","231084_at",7.49e-08,1.43e-08,-5.96,8.6287495,-0.635,"cilia and flagella associated protein 43","231084_at",1.11e-05,1.21e-06,-6.3047411,5.251137,-1.41441211,"cilia and flagella associated protein 43"
"504","CFAP69","1554919_s_at",0.000131,3.74e-05,-4.24,1.0130466,-0.683,"cilia and flagella associated protein 69","219455_at",0.00882,0.00328,3.2432259,-2.528521,0.65185131,"cilia and flagella associated protein 69"
"505","CFAP70","229170_s_at",2.41e-09,3.87e-10,-6.65,12.1618184,-0.899,"cilia and flagella associated protein 70","229170_s_at",9.96e-06,1.06e-06,-6.3549171,5.377485,-0.93273053,"cilia and flagella associated protein 70"
"506","CFB","202357_s_at",1.46e-31,1.86e-33,15.2,65.4163795,1.88,"complement factor B","202357_s_at",9.59e-10,4.94e-12,12.0253988,17.607014,2.44847595,"complement factor B"
"507","CFD","205382_s_at",2.82e-10,4.09e-11,-7.06,14.3700361,-0.972,"complement factor D","205382_s_at",0.00784,0.00285,-3.2991648,-2.395777,-0.82251646,"complement factor D"
"508","CFDP1","236588_at",5.31e-14,5.01e-15,8.61,23.2565785,0.766,"craniofacial development protein 1","210701_at",5.67e-05,8.57e-06,-5.5393339,3.297868,-1.41285563,"craniofacial development protein 1"
"509","CFH","213800_at",2.52e-12,2.87e-13,-7.93,19.2579161,-1.13,"complement factor H","213800_at",2.49e-05,3.21e-06,-5.9202153,4.275347,-0.65547073,"complement factor H"
"510","CFL2","224663_s_at",4.33e-08,8.04e-09,-6.07,9.1905612,-0.82,"cofilin 2","233496_s_at",0.000196,3.73e-05,4.9750716,1.837998,0.78465673,"cofilin 2"
"511","CFLAR","210563_x_at",1.43e-20,6.51e-22,11.1,38.9779784,1.37,"CASP8 and FADD like apoptosis regulator","237367_x_at",2.42e-08,5.06e-10,9.6589411,13.01787,1.52533133,"CASP8 and FADD like apoptosis regulator"
"512","CH25H","206932_at",3.8e-22,1.45e-23,11.7,42.7616598,2.17,"cholesterol 25-hydroxylase","206932_at",1.69e-05,2.02e-06,6.1022035,4.738749,1.68795217,"cholesterol 25-hydroxylase"
"513","CHAC1","219270_at",6.98e-44,2.26e-46,20,94.998865,4.9,"ChaC glutathione specific gamma-glutamylcyclotransferase 1","219270_at",0.000197,3.75e-05,4.9733855,1.833628,2.05001993,"ChaC glutathione specific gamma-glutamylcyclotransferase 1"
"514","CHAC2","235117_at",2.26e-28,4.25e-30,14,57.7173327,2.38,"ChaC cation transport regulator homolog 2","235117_at",5.22e-07,2.75e-08,7.8585491,9.031739,1.67640176,"ChaC cation transport regulator homolog 2"
"515","CHD2","1554014_at",4.16e-09,6.87e-10,6.54,11.5996177,0.598,"chromodomain helicase DNA binding protein 2","243751_at",0.00136,0.000363,-4.1057402,-0.401257,-0.8297611,"chromodomain helicase DNA binding protein 2"
"516","CHD6","234681_s_at",6.13e-11,8.21e-12,-7.35,15.9509293,-0.774,"chromodomain helicase DNA binding protein 6","234681_s_at",0.00188,0.000536,-3.9558335,-0.780898,-0.61467902,"chromodomain helicase DNA binding protein 6"
"517","CHD9","229586_at",4.25e-18,2.53e-19,-10.2,33.0581561,-0.786,"chromodomain helicase DNA binding protein 9","242157_at",6.71e-06,6.58e-07,6.5463354,5.857198,1.10959194,"chromodomain helicase DNA binding protein 9"
"518","CHDH","229954_at",5.15e-07,1.08e-07,-5.55,6.6521627,-1.17,"choline dehydrogenase","228560_at",0.0186,0.00786,-2.8836569,-3.357466,-0.59183223,"choline dehydrogenase"
"519","CHEK1","205393_s_at",3.12e-41,1.3e-43,18.9,88.6822826,2.78,"checkpoint kinase 1","205394_at",0.00418,0.00137,3.590317,-1.691293,0.71358192,"checkpoint kinase 1"
"520","CHI3L2","213060_s_at",1.28e-33,1.31e-35,16,70.346306,3.88,"chitinase 3 like 2","213060_s_at",6.18e-05,9.5e-06,5.4996309,3.195491,2.39895649,"chitinase 3 like 2"
"521","CHM","1569183_a_at",1.05e-07,2.03e-08,5.89,8.2858317,0.6,"CHM, Rab escort protein 1","1569183_a_at",1.54e-06,1.08e-07,7.2823926,7.664033,1.01055207,"CHM, Rab escort protein 1"
"522","CHN1","212624_s_at",2.24e-05,5.76e-06,4.68,2.806444,0.714,"chimerin 1","212624_s_at",6.19e-11,7.12e-14,14.5266991,21.755455,2.07908288,"chimerin 1"
"523","CHP2","206149_at",1.63e-17,1.04e-18,-9.97,31.654709,-1.6,"calcineurin like EF-hand protein 2","206149_at",8.09e-07,4.76e-08,-7.6245539,8.48147,-2.60471523,"calcineurin like EF-hand protein 2"
"524","CHPF2","55093_at",1.11e-07,2.17e-08,5.88,8.2203254,0.855,"chondroitin polymerizing factor 2","55093_at",2.47e-08,5.17e-10,9.6487698,12.996588,1.37982733,"chondroitin polymerizing factor 2"
"525","CHPT1","221675_s_at",6.13e-34,5.98e-36,-16.1,71.1261803,-1.22,"choline phosphotransferase 1","1559739_at",0.00013,2.31e-05,-5.1585367,2.313461,-1.33982171,"choline phosphotransferase 1"
"526","CHRNA3","210221_at",4.27e-09,7.05e-10,6.54,11.5733905,1.27,"cholinergic receptor nicotinic alpha 3 subunit","210221_at",0.0173,0.00721,2.9199088,-3.275988,0.69750903,"cholinergic receptor nicotinic alpha 3 subunit"
"527","CHST1","205567_at",1.24e-13,1.23e-14,8.46,22.3701038,1.84,"carbohydrate sulfotransferase 1","205567_at",3.51e-05,4.83e-06,5.7611761,3.868325,1.39163841,"carbohydrate sulfotransferase 1"
"528","CHST11","226372_at",2.53e-08,4.58e-09,6.18,9.7399563,0.775,"carbohydrate (chondroitin 4) sulfotransferase 11","219634_at",2.42e-09,1.95e-11,11.2868515,16.24975,2.04051615,"carbohydrate (chondroitin 4) sulfotransferase 11"
"529","CHST2","203921_at",0.000407,0.000124,3.93,-0.1313603,0.764,"carbohydrate sulfotransferase 2","203921_at",2.35e-10,5.33e-13,13.2944904,19.793729,2.36760158,"carbohydrate sulfotransferase 2"
"530","CIAPIN1","208424_s_at",4.73e-22,1.82e-23,11.7,42.5330524,1.04,"cytokine induced apoptosis inhibitor 1","230838_s_at",0.000126,2.21e-05,-5.1749507,2.355981,-0.91774607,"cytokine induced apoptosis inhibitor 1"
"531","CIRBP","225191_at",4.69e-41,1.98e-43,-18.9,88.2609574,-0.833,"cold inducible RNA binding protein","230142_s_at",2.95e-05,3.95e-06,-5.8396095,4.069279,-0.87242003,"cold inducible RNA binding protein"
"532","CISD2","226686_at",7.38e-14,7.12e-15,8.55,22.9093706,0.892,"CDGSH iron sulfur domain 2","226686_at",4.47e-07,2.25e-08,7.9435824,9.229908,0.78811692,"CDGSH iron sulfur domain 2"
"533","CITED2","207980_s_at",1.31e-19,6.7e-21,10.8,36.6641002,1.7,"Cbp/p300 interacting transactivator with Glu/Asp rich carboxy-terminal domain 2","207980_s_at",0.00104,0.000267,-4.2241498,-0.099417,-0.77582933,"Cbp/p300 interacting transactivator with Glu/Asp rich carboxy-terminal domain 2"
"534","CIZ1","213976_at",9.96e-07,2.17e-07,-5.41,5.978001,-0.649,"CDKN1A interacting zinc finger protein 1","213976_at",5.01e-07,2.61e-08,-7.8802693,9.08245,-1.05775534,"CDKN1A interacting zinc finger protein 1"
"535","CKAP2","218252_at",7.57e-14,7.31e-15,8.55,22.8828502,0.826,"cytoskeleton associated protein 2","234884_x_at",7.97e-09,1.13e-10,10.3909107,14.513363,3.44552784,"cytoskeleton associated protein 2///immunoglobulin lambda variable cluster///immunoglobulin lambda constant 1"
"536","CKAP4","200998_s_at",2.81e-34,2.65e-36,16.2,71.9340325,1.6,"cytoskeleton associated protein 4","200998_s_at",6.8e-06,6.69e-07,6.5393621,5.839788,0.68731197,"cytoskeleton associated protein 4"
"537","CKB","200884_at",9.78e-20,4.92e-21,-10.8,36.9709549,-0.793,"creatine kinase B","200884_at",1.69e-05,2.02e-06,-6.1026395,4.739856,-1.21789704,"creatine kinase B"
"538","CKMT1A","202712_s_at",1.83e-33,1.91e-35,15.9,69.972089,0.849,"creatine kinase, mitochondrial 1A///creatine kinase, mitochondrial 1B","202712_s_at",0.00343,0.00108,-3.6827144,-1.46355,-0.7469765,"creatine kinase, mitochondrial 1A///creatine kinase, mitochondrial 1B"
"539","CLASP2","212308_at",2.52e-07,5.11e-08,-5.71,7.3850655,-0.705,"cytoplasmic linker associated protein 2","212308_at",2.26e-06,1.75e-07,-7.0829291,7.180709,-0.65852919,"cytoplasmic linker associated protein 2"
"540","CLDN1","222549_at",6.61e-32,8.02e-34,-15.3,66.250657,-1.02,"claudin 1","222549_at",3.73e-08,9.12e-10,-9.3812211,12.431765,-1.78405548,"claudin 1"
"541","CLDN17","221328_at",6.14e-09,1.03e-09,6.47,11.2005999,0.848,"claudin 17","221328_at",0.0261,0.0118,2.7128259,-3.734259,0.98411589,"claudin 17"
"542","CLDN8","214598_at",4.53e-36,3.55e-38,-16.9,76.2275526,-2.91,"claudin 8","214598_at",0.00433,0.00143,-3.5746834,-1.729645,-1.72899047,"claudin 8"
"543","CLEC12B","231600_at",8.23e-08,1.57e-08,-5.94,8.533494,-0.974,"C-type lectin domain family 12 member B","231357_at",3.26e-05,4.43e-06,-5.7948913,3.954758,-1.04664135,"C-type lectin domain family 12 member B"
"544","CLEC2D","228426_at",9.79e-08,1.89e-08,5.91,8.3552428,1.05,"C-type lectin domain family 2 member D","235522_at",2.45e-05,3.15e-06,5.9273518,4.293568,1.18835575,"C-type lectin domain family 2 member D"
"545","CLEC4F","1552410_at",7.74e-05,2.14e-05,-4.37,1.5461097,-0.835,"C-type lectin domain family 4 member F","1552410_at",1.96e-05,2.42e-06,-6.0307608,4.557152,-1.48829003,"C-type lectin domain family 4 member F"
"546","CLEC7A","1555756_a_at",1.47e-51,1.64e-54,23.3,113.6134111,4.87,"C-type lectin domain family 7 member A","1555756_a_at",3.41e-07,1.58e-08,8.095348,9.581189,1.55200532,"C-type lectin domain family 7 member A"
"547","CLIC3","219529_at",8.39e-13,9.07e-14,8.13,20.3940427,1.81,"chloride intracellular channel 3","219529_at",2.55e-05,3.31e-06,-5.9079322,4.243976,-1.16051725,"chloride intracellular channel 3"
"548","CLIC4","221881_s_at",2.79e-07,5.69e-08,-5.68,7.2812045,-0.685,"chloride intracellular channel 4","201559_s_at",1.22e-05,1.36e-06,6.2562167,5.128719,0.82974148,"chloride intracellular channel 4"
"549","CLIC5","213317_at",7.85e-17,5.47e-18,-9.71,30.0107535,-1.75,"chloride intracellular channel 5","243917_at",1.02e-07,3.38e-09,8.7789958,11.124837,1.48127824,"chloride intracellular channel 5"
"550","CLIP3","212358_at",1.68e-06,3.77e-07,-5.29,5.4410763,-0.835,"CAP-Gly domain containing linker protein 3","212358_at",4.09e-05,5.79e-06,5.6910414,3.68829,0.67377325,"CAP-Gly domain containing linker protein 3"
"551","CLIP4","219944_at",1.04e-06,2.27e-07,5.4,5.932505,0.604,"CAP-Gly domain containing linker protein family member 4","219944_at",4.07e-05,5.77e-06,-5.6927706,3.692732,-0.77449426,"CAP-Gly domain containing linker protein family member 4"
"552","CLK4","241403_at",1.56e-06,3.49e-07,-5.31,5.51645,-1.22,"CDC like kinase 4","1568836_at",0.0191,0.0081,-2.8710379,-3.385707,-0.68274631,"CDC like kinase 4"
"553","CLMN","213839_at",6.14e-13,6.54e-14,-8.18,20.7175774,-1.05,"calmin","221042_s_at",0.000104,1.76e-05,5.2621317,2.581722,0.95468534,"calmin"
"554","CLMP","228082_at",2.93e-14,2.69e-15,-8.71,23.8711704,-1.41,"CXADR like membrane protein","228082_at",3.01e-06,2.5e-07,6.9376925,6.825748,0.94569685,"CXADR like membrane protein"
"555","CLN8","222874_s_at",1.72e-31,2.2e-33,15.2,65.2451123,2.39,"ceroid-lipofuscinosis, neuronal 8","229958_at",1.92e-06,1.42e-07,-7.1697628,7.391719,-0.82001861,"ceroid-lipofuscinosis, neuronal 8"
"556","CLNS1A","242492_at",3.16e-14,2.91e-15,-8.7,23.7945084,-1.35,"chloride nucleotide-sensitive channel 1A","242492_at",2e-06,1.49e-07,-7.1477195,7.33824,-1.30317979,"chloride nucleotide-sensitive channel 1A"
"557","CLPB","221845_s_at",9.29e-18,5.78e-19,10.1,32.2389277,1.12,"ClpB homolog, mitochondrial AAA ATPase chaperonin","221845_s_at",2.12e-06,1.62e-07,7.1138171,7.255874,0.83198017,"ClpB homolog, mitochondrial AAA ATPase chaperonin"
"558","CLTC","210498_at",9.68e-07,2.11e-07,-5.41,6.0065351,-0.778,"clathrin heavy chain","210498_at",0.00468,0.00156,-3.5389823,-1.81702,-0.94525259,"clathrin heavy chain"
"559","CLUAP1","235080_at",0.000176,5.11e-05,4.16,0.7132822,0.784,"clusterin associated protein 1","235080_at",5.49e-05,8.25e-06,5.5542017,3.336185,0.81356986,"clusterin associated protein 1"
"560","CMAHP","205518_s_at",1.45e-27,3.01e-29,-13.7,55.7694123,-2,"cytidine monophospho-N-acetylneuraminic acid hydroxylase, pseudogene","229604_at",0.00879,0.00327,3.2444926,-2.525526,0.7834136,"cytidine monophospho-N-acetylneuraminic acid hydroxylase, pseudogene"
"561","CMPK2","226702_at",4.11e-33,4.41e-35,15.8,69.1385806,2.81,"cytidine/uridine monophosphate kinase 2","226702_at",2.31e-08,4.79e-10,9.6856657,13.073722,1.45126477,"cytidine/uridine monophosphate kinase 2"
"562","CMTM4","224998_at",5.77e-15,4.91e-16,-8.99,25.556045,-0.851,"CKLF like MARVEL transmembrane domain containing 4","225009_at",0.018,0.00757,-2.8995386,-3.321834,-0.66611966,"CKLF like MARVEL transmembrane domain containing 4"
"563","CMYA5","237981_at",1.32e-13,1.31e-14,-8.45,22.3055165,-1.27,"cardiomyopathy associated 5","233520_s_at",9.8e-07,6.05e-08,-7.5236299,8.241921,-1.35384203,"cardiomyopathy associated 5"
"564","CNDP2","217752_s_at",1.14e-17,7.13e-19,10,32.030908,0.639,"CNDP dipeptidase 2 (metallopeptidase M20 family)","1562460_at",2.67e-06,2.14e-07,7.0002929,6.979053,1.13533063,"CNDP dipeptidase 2 (metallopeptidase M20 family)"
"565","CNGA1","206417_at",9.42e-16,7.37e-17,-9.3,27.4328726,-1.04,"cyclic nucleotide gated channel alpha 1","206417_at",0.000126,2.21e-05,-5.1748186,2.355639,-1.32445148,"cyclic nucleotide gated channel alpha 1"
"566","CNIH4","228437_at",1.71e-05,4.32e-06,4.75,3.0819689,0.729,"cornichon family AMPA receptor auxiliary protein 4","243051_at",3.88e-08,9.61e-10,-9.3566873,12.379487,-1.81516698,"cornichon family AMPA receptor auxiliary protein 4"
"567","CNKSR2","229116_at",9.35e-22,3.73e-23,-11.6,41.8189549,-2.15,"connector enhancer of kinase suppressor of Ras 2","229116_at",3.7e-11,2.71e-14,-15.1487123,22.690367,-1.8889626,"connector enhancer of kinase suppressor of Ras 2"
"568","CNN1","203951_at",2.62e-07,5.33e-08,-5.7,7.3435988,-0.848,"calponin 1","203951_at",0.0436,0.0215,2.4484554,-4.291576,0.64325256,"calponin 1"
"569","CNNM1","220166_at",1.48e-12,1.64e-13,8.03,19.8073512,1.06,"cyclin and CBS domain divalent metal cation transport mediator 1","220166_at",9.28e-07,5.64e-08,-7.5530116,8.311796,-0.91527764,"cyclin and CBS domain divalent metal cation transport mediator 1"
"570","CNOT7","233019_at",6.19e-16,4.74e-17,-9.37,27.8715163,-1.12,"CCR4-NOT transcription complex subunit 7","1552344_s_at",6.49e-05,1.01e-05,5.4767622,3.136489,0.68627924,"CCR4-NOT transcription complex subunit 7"
"571","CNOT9","1553510_s_at",1.53e-22,5.56e-24,11.9,43.711215,1.89,"CCR4-NOT transcription complex subunit 9","1554080_at",1.73e-05,2.07e-06,6.0916768,4.712019,1.00649005,"CCR4-NOT transcription complex subunit 9"
"572","CNR1","213436_at",0.000106,2.99e-05,-4.29,1.2251697,-0.747,"cannabinoid receptor 1","1560225_at",0.00562,0.00194,3.4531111,-2.025949,1.18304409,"cannabinoid receptor 1"
"573","CNTLN","1559005_s_at",6.46e-06,1.55e-06,-4.98,4.0697012,-0.803,"centlein","239989_at",0.00118,0.000307,4.1705542,-0.236232,0.64050696,"centlein"
"574","CNTN3","229831_at",0.000199,5.82e-05,-4.12,0.5892218,-0.772,"contactin 3","229831_at",0.000587,0.000135,4.4846649,0.569345,0.99772341,"contactin 3"
"575","CNTN4","229084_at",8.29e-10,1.27e-10,-6.86,13.258212,-1.4,"contactin 4","237177_at",3.45e-08,8.16e-10,9.4333182,12.542505,1.9263671,"contactin 4"
"576","CNTNAP3","233202_at",1.51e-11,1.88e-12,-7.61,17.4040446,-1.48,"contactin associated protein-like 3","233202_at",4.96e-10,1.72e-12,-12.614141,18.643543,-2.36769188,"contactin associated protein-like 3"
"577","CNTNAP3B","223796_at",2.65e-13,2.73e-14,-8.33,21.5819984,-1.23,"contactin associated protein-like 3B///contactin associated protein-like 3 pseudogene 2///contactin associated protein-like 3","244065_at",2.33e-07,9.8e-09,-8.3051734,10.061736,-1.76924236,"contactin associated protein-like 3B///contactin associated protein-like 3"
"578","CNTNAP3P2","220436_at",2.37e-09,3.81e-10,-6.65,12.1785701,-1.35,"contactin associated protein-like 3 pseudogene 2","220436_at",5.81e-06,5.54e-07,-6.6148539,6.02799,-1.48993974,"contactin associated protein-like 3 pseudogene 2"
"579","COBL","1552496_a_at",2.05e-10,2.92e-11,-7.12,14.7026581,-1.12,"cordon-bleu WH2 repeat protein","1552496_a_at",2.93e-08,6.55e-10,-9.5368887,12.76157,-2.01003945,"cordon-bleu WH2 repeat protein"
"580","COBLL1","203641_s_at",3.59e-10,5.27e-11,7.02,14.1199927,1.14,"cordon-bleu WH2 repeat protein like 1","229598_at",1.2e-05,1.33e-06,-6.266385,5.15439,-0.9253559,"cordon-bleu WH2 repeat protein like 1"
"581","COCH","1554241_at",9.05e-07,1.96e-07,5.43,6.0749805,0.593,"cochlin","205229_s_at",0.000318,6.59e-05,-4.7580839,1.275794,-1.61365063,"cochlin"
"582","COL12A1","234951_s_at",0.00375,0.00133,-3.26,-2.3602926,-0.608,"collagen type XII alpha 1 chain","234951_s_at",1.25e-05,1.4e-06,6.2462459,5.103538,3.23857947,"collagen type XII alpha 1 chain"
"583","COL17A1","204636_at",1.41e-08,2.47e-09,-6.3,10.3454478,-0.741,"collagen type XVII alpha 1 chain","204636_at",6.71e-10,2.7e-12,-12.3602471,18.201349,-1.95848694,"collagen type XVII alpha 1 chain"
"584","COL21A1","208096_s_at",2.54e-21,1.07e-22,-11.4,40.774932,-1.39,"collagen type XXI alpha 1 chain","208096_s_at",0.000108,1.84e-05,-5.2451912,2.537872,-1.23326017,"collagen type XXI alpha 1 chain"
"585","COL28A1","239921_at",1.8e-20,8.3e-22,-11.1,38.7367953,-1.9,"collagen type XXVIII alpha 1 chain","242345_at",3.57e-06,3.08e-07,-6.8517139,6.614444,-1.21897683,"collagen type XXVIII alpha 1 chain"
"586","COL3A1","232458_at",1.73e-08,3.07e-09,-6.26,10.1312836,-1.36,"collagen type III alpha 1 chain","215077_at",1.65e-05,1.96e-06,6.1139217,4.768494,1.50571654,"collagen type III alpha 1 chain"
"587","COL4A1","211981_at",0.00107,0.000348,3.65,-1.102418,0.794,"collagen type IV alpha 1 chain","211981_at",1.14e-06,7.37e-08,7.4409457,8.044684,2.12823377,"collagen type IV alpha 1 chain"
"588","COL4A4","229779_at",5.5e-07,1.16e-07,5.54,6.5848378,1.76,"collagen type IV alpha 4 chain","229779_at",1.51e-08,2.66e-10,9.967402,13.656723,3.18829831,"collagen type IV alpha 4 chain"
"589","COL6A2","213290_at",3.04e-05,7.95e-06,-4.61,2.4952727,-0.721,"collagen type VI alpha 2 chain","209156_s_at",1.13e-05,1.23e-06,6.2960768,5.229295,1.17325139,"collagen type VI alpha 2 chain"
"590","COL6A6","230867_at",0.0107,0.00412,2.91,-3.3981402,1.04,"collagen type VI alpha 6 chain","230867_at",1.42e-06,9.74e-08,7.3247864,7.766122,2.10945829,"collagen type VI alpha 6 chain"
"591","COL8A1","226237_at",1.02e-11,1.25e-12,-7.68,17.805829,-1.63,"collagen type VIII alpha 1 chain","226237_at",0.000253,5.04e-05,4.8605796,1.541273,2.19272223,"collagen type VIII alpha 1 chain"
"592","COL8A2","221900_at",4.67e-05,1.25e-05,-4.5,2.0587822,-0.706,"collagen type VIII alpha 2 chain","52651_at",0.0121,0.00472,3.0951587,-2.875238,0.70124712,"collagen type VIII alpha 2 chain"
"593","COLGALT2","209883_at",9.47e-06,2.33e-06,-4.89,3.6800288,-0.836,"collagen beta(1-O)galactosyltransferase 2","209883_at",0.0169,0.00703,-2.9306032,-3.251855,-0.74813937,"collagen beta(1-O)galactosyltransferase 2"
"594","COMP","205713_s_at",0.0503,0.0224,2.3,-4.9147216,0.784,"cartilage oligomeric matrix protein","205713_s_at",8.88e-07,5.34e-08,7.5760343,8.366471,2.13890047,"cartilage oligomeric matrix protein"
"595","COPE","201264_at",7.21e-13,7.74e-14,8.15,20.5506888,0.61,"coatomer protein complex subunit epsilon","201264_at",1.08e-07,3.62e-09,8.7479657,11.056155,0.67435133,"coatomer protein complex subunit epsilon"
"596","COPG2IT1","213486_at",6.34e-13,6.77e-14,-8.18,20.6831959,-1.97,"COPG2 imprinted transcript 1 (non-protein coding)","213486_at",0.00148,0.000403,-4.0663266,-0.501362,-1.82942063,"COPG2 imprinted transcript 1 (non-protein coding)"
"597","COPZ1","222386_s_at",8.19e-16,6.37e-17,9.32,27.5773982,0.923,"coatomer protein complex subunit zeta 1","222386_s_at",5.98e-09,7.42e-11,10.599647,14.926995,0.96663465,"coatomer protein complex subunit zeta 1"
"598","CORO1A","209083_at",1.86e-08,3.31e-09,6.25,10.0576338,0.992,"coronin 1A","209083_at",2.54e-07,1.1e-08,8.2540769,9.945263,1.4241105,"coronin 1A"
"599","CORO1B","64486_at",5e-09,8.32e-10,6.51,11.4111115,0.772,"coronin 1B","64486_at",5.63e-07,3.02e-08,7.8177743,8.936373,0.69253392,"coronin 1B"
"600","CORO2A","227177_at",8.73e-29,1.57e-30,14.2,58.70841,1.57,"coronin 2A","205538_at",4.39e-06,3.96e-07,-6.7500892,6.363593,-0.92924062,"coronin 2A"
"601","COTL1","1556346_at",8.77e-11,1.2e-11,7.28,15.5793187,0.924,"coactosin like F-actin binding protein 1","221059_s_at",4.33e-10,1.28e-12,12.7853501,18.937696,1.41011596,"coactosin like F-actin binding protein 1"
"602","COX11","214277_at",2.09e-07,4.21e-08,5.74,7.5742566,0.669,"COX11, cytochrome c oxidase copper chaperone","203551_s_at",1.96e-05,2.42e-06,-6.0310531,4.557896,-0.63866596,"COX11, cytochrome c oxidase copper chaperone"
"603","COX19","235533_at",0.0392,0.017,-2.41,-4.6727612,-0.624,"COX19, cytochrome c oxidase assembly factor","231831_at",1.06e-05,1.15e-06,-6.323805,5.29917,-0.61300166,"COX19, cytochrome c oxidase assembly factor"
"604","CP","227253_at",0.0101,0.00388,-2.93,-3.3427638,-0.732,"ceruloplasmin (ferroxidase)","204846_at",0.00189,0.000539,-3.9537246,-0.786217,-0.9472482,"ceruloplasmin (ferroxidase)"
"605","CPA4","205832_at",4.21e-13,4.42e-14,8.25,21.1052906,0.677,"carboxypeptidase A4","205832_at",0.000429,9.39e-05,-4.6232311,0.926956,-0.95725625,"carboxypeptidase A4"
"606","CPE","201117_s_at",1.28e-19,6.54e-21,-10.8,36.6872408,-0.804,"carboxypeptidase E","201116_s_at",0.00442,0.00146,3.5649289,-1.753547,0.6441936,"carboxypeptidase E"
"607","CPEB2","235479_at",1.49e-32,1.68e-34,15.6,67.8068614,3.34,"cytoplasmic polyadenylation element binding protein 2","226939_at",5.02e-07,2.62e-08,-7.8793965,9.080413,-0.72681248,"cytoplasmic polyadenylation element binding protein 2"
"608","CPEB3","239765_at",1.71e-17,1.1e-18,-9.97,31.5992996,-2.12,"cytoplasmic polyadenylation element binding protein 3","205773_at",4.56e-05,6.61e-06,-5.6397422,3.556415,-0.67034309,"cytoplasmic polyadenylation element binding protein 3"
"609","CPEB4","224829_at",1.9e-21,7.88e-23,11.5,41.0762308,2.04,"cytoplasmic polyadenylation element binding protein 4","224829_at",0.0275,0.0125,2.6868686,-3.790424,0.62800022,"cytoplasmic polyadenylation element binding protein 4"
"610","CPM","235019_at",1.8e-07,3.6e-08,-5.78,7.7279592,-0.826,"carboxypeptidase M","235019_at",0.00255,0.000764,-3.8184359,-1.125945,-0.70208618,"carboxypeptidase M"
"611","CPNE3","202118_s_at",0.000267,7.94e-05,-4.05,0.2939385,-0.829,"copine 3","202118_s_at",0.00667,0.00236,-3.3746393,-2.21526,-0.84926399,"copine 3"
"612","CPSF6","202470_s_at",3.47e-13,3.61e-14,8.28,21.3049699,0.793,"cleavage and polyadenylation specific factor 6","226934_at",1.91e-05,2.34e-06,-6.0435109,4.589592,-0.69027481,"cleavage and polyadenylation specific factor 6"
"613","CPXM1","227860_at",0.00586,0.00215,3.12,-2.803368,0.746,"carboxypeptidase X, M14 family member 1","227860_at",5.55e-10,2.05e-12,12.5158374,18.473187,3.79238457,"carboxypeptidase X, M14 family member 1"
"614","CRCT1","220620_at",1.2e-21,4.87e-23,11.5,41.5551486,2.8,"cysteine rich C-terminal 1","220620_at",0.00342,0.00108,-3.6834458,-1.46174,-1.14828209,"cysteine rich C-terminal 1"
"615","CREB1","237289_at",4.72e-09,7.82e-10,6.52,11.4715299,1.1,"cAMP responsive element binding protein 1","237289_at",2.12e-07,8.66e-09,8.3596646,10.185555,0.63495687,"cAMP responsive element binding protein 1"
"616","CREB3L1","213059_at",1.34e-05,3.35e-06,-4.81,3.3279074,-0.784,"cAMP responsive element binding protein 3 like 1","213059_at",3.21e-07,1.47e-08,8.127365,9.6549,1.4361762,"cAMP responsive element binding protein 3 like 1"
"617","CREBBP","235858_at",3.7e-07,7.68e-08,-5.62,6.9887708,-1.11,"CREB binding protein","228177_at",3.61e-05,4.99e-06,-5.7484707,3.835733,-0.60909791,"CREB binding protein"
"618","CREM","209967_s_at",7.58e-07,1.63e-07,5.47,6.2562185,0.779,"cAMP responsive element modulator","207630_s_at",1.01e-07,3.29e-09,8.790987,11.151343,1.69239338,"cAMP responsive element modulator"
"619","CRIPT","222702_x_at",1.48e-18,8.5e-20,10.4,34.141175,1.2,"CXXC repeat containing interactor of PDZ3 domain","239050_s_at",0.000305,6.27e-05,-4.7774747,1.326002,-0.58785846,"CXXC repeat containing interactor of PDZ3 domain"
"620","CRLS1","241741_at",1.24e-14,1.09e-15,-8.86,24.7668075,-1.32,"cardiolipin synthase 1","241741_at",0.00129,0.000343,-4.1275757,-0.345716,-0.60095031,"cardiolipin synthase 1"
"621","CROT","243283_at",1e-10,1.38e-11,7.26,15.4409163,1.37,"carnitine O-octanoyltransferase","243283_at",0.000103,1.75e-05,-5.2654502,2.590312,-1.14469952,"carnitine O-octanoyltransferase"
"622","CRTAP","201380_at",2.41e-17,1.58e-18,-9.91,31.2438371,-0.767,"cartilage associated protein","227138_at",4.07e-06,3.61e-07,-6.7877445,6.456678,-0.70381426,"cartilage associated protein"
"623","CRYAB","209283_at",6.1e-28,1.21e-29,-13.9,56.673892,-1.33,"crystallin alpha B","209283_at",0.000522,0.000118,-4.536596,0.703248,-0.72159762,"crystallin alpha B"
"624","CRYZL1","1552347_at",2.36e-28,4.44e-30,-14,57.6737482,-1.27,"crystallin zeta like 1","1552347_at",6.07e-06,5.85e-07,-6.593547,5.974933,-0.74459371,"crystallin zeta like 1"
"625","CSF2RA","210340_s_at",3.78e-20,1.82e-21,11,37.9597284,1.33,"colony stimulating factor 2 receptor alpha subunit","207085_x_at",2.38e-06,1.86e-07,7.0574375,7.11859,1.24783278,"colony stimulating factor 2 receptor alpha subunit"
"626","CSF2RB","205159_at",2.06e-15,1.67e-16,9.16,26.625645,1.06,"colony stimulating factor 2 receptor beta common subunit","205159_at",1.39e-06,9.47e-08,7.3363029,7.793816,1.09978604,"colony stimulating factor 2 receptor beta common subunit"
"627","CSNK1A1","243338_at",2.79e-30,4.14e-32,14.7,62.3256991,1.38,"casein kinase 1 alpha 1","235464_at",0.000685,0.000162,-4.4158101,0.39207,-0.62801906,"casein kinase 1 alpha 1"
"628","CSNK1D","207945_s_at",5.38e-25,1.5e-26,12.8,49.5899566,1.38,"casein kinase 1 delta","213522_s_at",6.43e-10,2.52e-12,12.398599,18.268608,3.09140777,"casein kinase 1 delta"
"629","CSPP1","220072_at",8.35e-07,1.8e-07,-5.45,6.1574666,-0.892,"centrosome and spindle pole associated protein 1","242041_at",0.000164,3.04e-05,-5.0536531,2.041678,-0.98402652,"centrosome and spindle pole associated protein 1"
"630","CST7","210140_at",4.66e-25,1.3e-26,12.8,49.7376973,2.74,"cystatin F","210140_at",1.23e-07,4.29e-09,8.6714054,10.886132,1.2643703,"cystatin F"
"631","CTDSPL","213597_s_at",1.1e-10,1.52e-11,-7.24,15.342954,-0.862,"CTD small phosphatase like","214187_x_at",2.56e-07,1.11e-08,-8.2494252,9.934642,-0.78388849,"CTD small phosphatase like"
"632","CTGF","209101_at",8.19e-09,1.4e-09,-6.41,10.9027786,-0.818,"connective tissue growth factor","209101_at",2.45e-05,3.16e-06,5.9264461,4.291256,1.36915328,"connective tissue growth factor"
"633","CTLA4","236341_at",1.83e-39,9.63e-42,18.2,84.3981742,4.09,"cytotoxic T-lymphocyte associated protein 4","234362_s_at",4.4e-07,2.19e-08,7.9548385,9.256068,1.78910389,"cytotoxic T-lymphocyte associated protein 4"
"634","CTNNBIP1","203081_at",3.82e-10,5.63e-11,-7.01,14.056719,-0.841,"catenin beta interacting protein 1","203081_at",3.88e-08,9.61e-10,-9.356643,12.379393,-1.67752794,"catenin beta interacting protein 1"
"635","CTPS1","202613_at",7.84e-34,7.74e-36,16.1,70.8690172,1.65,"CTP synthase 1","202613_at",0.000488,0.000109,4.5664173,0.780209,0.64704628,"CTP synthase 1"
"636","CTPS2","222819_at",1.77e-10,2.5e-11,-7.15,14.8544519,-0.711,"CTP synthase 2","222819_at",5.3e-06,4.95e-07,-6.66017,6.140671,-0.71966897,"CTP synthase 2"
"637","CTSB","213274_s_at",3.89e-22,1.48e-23,11.7,42.7370113,2,"cathepsin B","213274_s_at",2.13e-11,1.22e-14,15.678307,23.459008,1.94550781,"cathepsin B"
"638","CTSC","225647_s_at",2.12e-16,1.54e-17,9.55,28.9840675,1.27,"cathepsin C","225647_s_at",2.54e-08,5.4e-10,9.6283233,12.953763,1.15357428,"cathepsin C"
"639","CTSD","200766_at",5.82e-27,1.31e-28,13.5,54.3055219,1.14,"cathepsin D","200766_at",9.67e-05,1.62e-05,5.2943195,2.66502,0.66805804,"cathepsin D"
"640","CTSL","202087_s_at",1.44e-11,1.79e-12,7.62,17.4533785,0.64,"cathepsin L","202087_s_at",4.96e-09,5.55e-11,10.7465183,15.214688,1.61141701,"cathepsin L"
"641","CTSV","210074_at",0.00556,0.00203,-3.13,-2.7499269,-0.651,"cathepsin V","210074_at",8.08e-05,1.31e-05,-5.3763081,2.877048,-1.51455646,"cathepsin V"
"642","CTTN","214073_at",2.43e-11,3.1e-12,7.52,16.9089923,1.19,"cortactin","214782_at",0.000186,3.51e-05,-4.9984381,1.898564,-1.32235337,"cortactin"
"643","CTTNBP2","232136_s_at",1.71e-13,1.73e-14,-8.4,22.0334373,-1.05,"cortactin binding protein 2","242769_at",0.0458,0.0228,-2.422332,-4.344779,-0.58733718,NA
"644","CTTNBP2NL","231822_at",1.84e-08,3.28e-09,6.25,10.0675731,1.15,"CTTNBP2 N-terminal like","239525_at",1.3e-05,1.47e-06,-6.2268077,5.054419,-0.61482327,"CTTNBP2 N-terminal like"
"645","CUL4A","227757_at",7.06e-13,7.57e-14,8.16,20.5731069,1.42,"cullin 4A","232466_at",2.94e-08,6.59e-10,-9.533894,12.755256,-1.27998316,"cullin 4A"
"646","CWH43","220724_at",2.63e-32,3.05e-34,15.5,67.2122131,1.04,"cell wall biogenesis 43 C-terminal homolog","220723_s_at",0.000692,0.000164,-4.411585,0.381203,-0.98443857,"cell wall biogenesis 43 C-terminal homolog"
"647","CXADR","239155_at",4.48e-14,4.2e-15,8.64,23.4319181,1.66,"coxsackie virus and adenovirus receptor","1555716_a_at",0.00179,0.000505,-3.9792708,-0.721748,-0.68478544,"coxsackie virus and adenovirus receptor"
"648","CXCL1","204470_at",3.16e-41,1.32e-43,18.9,88.6649726,6.18,"C-X-C motif chemokine ligand 1","204470_at",3.83e-09,3.81e-11,10.939144,15.587862,4.30052311,"C-X-C motif chemokine ligand 1"
"649","CXCL10","204533_at",5.69e-27,1.28e-28,13.5,54.3289888,4.62,"C-X-C motif chemokine ligand 10","204533_at",6.51e-08,1.9e-09,9.0418641,11.701389,3.82697961,"C-X-C motif chemokine ligand 10"
"650","CXCL11","210163_at",7.85e-07,1.69e-07,5.46,6.2196969,1.05,"C-X-C motif chemokine ligand 11","211122_s_at",0.000212,4.09e-05,4.94075,1.749038,3.1440888,"C-X-C motif chemokine ligand 11"
"651","CXCL13","205242_at",1.81e-27,3.8e-29,13.7,55.5389946,3.92,"C-X-C motif chemokine ligand 13","205242_at",1.73e-10,3.39e-13,13.5633295,20.234725,6.74412709,"C-X-C motif chemokine ligand 13"
"652","CXCL14","237038_at",1.61e-15,1.29e-16,-9.21,26.8793072,-1.54,"C-X-C motif chemokine ligand 14","218002_s_at",0.0014,0.000377,-4.091729,-0.436866,-0.6686294,"C-X-C motif chemokine ligand 14"
"653","CXCL16","223454_at",5.79e-16,4.42e-17,9.38,27.940768,0.625,"C-X-C motif chemokine ligand 16","223454_at",1.91e-08,3.65e-10,9.8150591,13.342792,0.67269173,"C-X-C motif chemokine ligand 16"
"654","CXCL17","226960_at",2.16e-21,9.03e-23,11.4,40.9410117,2.73,"C-X-C motif chemokine ligand 17","226960_at",0.0026,0.000784,3.8085025,-1.150769,2.59653279,"C-X-C motif chemokine ligand 17"
"655","CXCL2","209774_x_at",1.62e-32,1.83e-34,15.6,67.7201555,3.96,"C-X-C motif chemokine ligand 2","209774_x_at",1.76e-08,3.29e-10,9.8659051,13.447913,3.11028963,"C-X-C motif chemokine ligand 2"
"656","CXCL6","206336_at",8.57e-05,2.38e-05,4.35,1.4419561,0.803,"C-X-C motif chemokine ligand 6","206336_at",1.01e-08,1.58e-10,10.2232129,14.176966,5.11536129,"C-X-C motif chemokine ligand 6"
"657","CXCL8","202859_x_at",2.79e-44,8.56e-47,20.2,95.9634152,6.75,"C-X-C motif chemokine ligand 8","211506_s_at",4.47e-05,6.44e-06,5.6499343,3.582628,3.59963039,"C-X-C motif chemokine ligand 8"
"658","CXCL9","203915_at",7.95e-22,3.15e-23,11.6,41.9878142,3.99,"C-X-C motif chemokine ligand 9","203915_at",3.63e-08,8.78e-10,9.3988326,12.469242,4.01687684,"C-X-C motif chemokine ligand 9"
"659","CXCR2","207008_at",1.75e-46,4.03e-49,21.1,101.2892464,3.39,"C-X-C motif chemokine receptor 2","207008_at",0.0329,0.0154,2.5953665,-3.985977,0.87280007,"C-X-C motif chemokine receptor 2"
"660","CXCR4","209201_x_at",2.1e-09,3.35e-10,6.68,12.3029428,0.801,"C-X-C motif chemokine receptor 4","209201_x_at",2.96e-07,1.33e-08,8.1719069,9.757217,2.71906851,"C-X-C motif chemokine receptor 4"
"661","CXCR6","206974_at",6.02e-21,2.63e-22,11.3,39.8793903,1.54,"C-X-C motif chemokine receptor 6","206974_at",4.1e-08,1.03e-09,9.3228893,12.307336,2.38549488,"C-X-C motif chemokine receptor 6"
"662","CXorf38","230532_at",1.68e-20,7.72e-22,11.1,38.8087561,1.45,"chromosome X open reading frame 38","230532_at",0.00131,0.00035,4.12031,-0.364203,0.73526364,"chromosome X open reading frame 38"
"663","CXorf40B","228809_at",1.54e-11,1.92e-12,7.6,17.3840296,1.21,"chromosome X open reading frame 40B///chromosome X open reading frame 40A","228809_at",0.00037,7.9e-05,4.6893207,1.097837,0.64510419,"chromosome X open reading frame 40B///chromosome X open reading frame 40A"
"664","CYB561D2","209665_at",1.39e-20,6.33e-22,11.1,39.0071011,0.938,"cytochrome b561 family member D2","209665_at",2.74e-07,1.21e-08,8.2124529,9.850121,1.01944016,"cytochrome b561 family member D2"
"665","CYB5R4","219079_at",8.04e-25,2.3e-26,12.7,49.1652322,1.83,"cytochrome b5 reductase 4","219079_at",5.92e-07,3.22e-08,7.7902562,8.871887,0.87916276,"cytochrome b5 reductase 4"
"666","CYBB","203923_s_at",0.000203,5.95e-05,4.12,0.5689623,0.747,"cytochrome b-245 beta chain","203922_s_at",2.15e-08,4.32e-10,9.73412,13.174744,2.33817685,"cytochrome b-245 beta chain"
"667","CYLD","221903_s_at",5.33e-33,5.79e-35,15.8,68.8666269,1.89,"CYLD lysine 63 deubiquitinase","221903_s_at",1.36e-06,9.23e-08,7.3473816,7.820442,0.85637516,"CYLD lysine 63 deubiquitinase"
"668","CYP1A2","207608_x_at",3.45e-05,9.09e-06,-4.58,2.3665485,-0.897,"cytochrome P450 family 1 subfamily A member 2","207608_x_at",0.000695,0.000165,-4.408879,0.374243,-1.29773405,"cytochrome P450 family 1 subfamily A member 2"
"669","CYP1B1","202437_s_at",1.65e-09,2.6e-10,-6.73,12.5539667,-0.982,"cytochrome P450 family 1 subfamily B member 1","202436_s_at",0.00339,0.00107,3.6875865,-1.451492,0.90353469,"cytochrome P450 family 1 subfamily B member 1"
"670","CYP21A1P","214622_at",3.92e-16,2.94e-17,-9.44,28.3427757,-0.947,"cytochrome P450 family 21 subfamily A member 1, pseudogene///cytochrome P450 family 21 subfamily A member 2","214622_at",0.00362,0.00115,-3.6578626,-1.524981,-0.98040165,"cytochrome P450 family 21 subfamily A member 1, pseudogene///cytochrome P450 family 21 subfamily A member 2"
"671","CYP26B1","219825_at",7.83e-13,8.43e-14,-8.14,20.4662174,-0.624,"cytochrome P450 family 26 subfamily B member 1","219825_at",1.06e-06,6.67e-08,-7.4828772,8.144818,-0.9905696,"cytochrome P450 family 26 subfamily B member 1"
"672","CYP27A1","203979_at",1.07e-31,1.35e-33,-15.3,65.7305068,-1.18,"cytochrome P450 family 27 subfamily A member 1","203979_at",0.000245,4.87e-05,4.874046,1.576166,0.75890629,"cytochrome P450 family 27 subfamily A member 1"
"673","CYP27B1","205676_at",1.21e-16,8.58e-18,9.64,29.5641595,2.34,"cytochrome P450 family 27 subfamily B member 1","205676_at",9.75e-10,5.26e-12,11.9912857,17.545742,3.32559928,"cytochrome P450 family 27 subfamily B member 1"
"674","CYP27C1","1568868_at",1.64e-06,3.68e-07,5.29,5.4651898,0.636,"cytochrome P450 family 27 subfamily C member 1","1568868_at",0.000316,6.54e-05,-4.7611596,1.283757,-0.90711917,"cytochrome P450 family 27 subfamily C member 1"
"675","CYP2B7P","210272_at",3.46e-07,7.14e-08,-5.64,7.0594819,-0.679,"cytochrome P450 family 2 subfamily B member 7, pseudogene","210272_at",0.019,0.00806,-2.87328,-3.380694,-1.11390421,"cytochrome P450 family 2 subfamily B member 7, pseudogene"
"676","CYP2C18","208126_s_at",4.66e-25,1.3e-26,12.8,49.7376324,3.18,"cytochrome P450 family 2 subfamily C member 18","215103_at",7.47e-06,7.52e-07,-6.4929652,5.723822,-1.31887076,"cytochrome P450 family 2 subfamily C member 18"
"677","CYP2E1","1431_at",1.65e-14,1.46e-15,8.81,24.4742507,1.85,"cytochrome P450 family 2 subfamily E member 1","1431_at",0.0376,0.0181,-2.5260921,-4.131405,-0.81756142,"cytochrome P450 family 2 subfamily E member 1"
"678","CYP2J2","205073_at",5.38e-17,3.67e-18,-9.78,30.4062656,-1.81,"cytochrome P450 family 2 subfamily J member 2","205073_at",5.85e-06,5.59e-07,-6.6113408,6.019246,-1.99588535,"cytochrome P450 family 2 subfamily J member 2"
"679","CYP39A1","220432_s_at",2e-15,1.62e-16,-9.17,26.6562324,-1.06,"cytochrome P450 family 39 subfamily A member 1","1553977_a_at",2.78e-06,2.26e-07,-6.9786964,6.926217,-1.55841725,"cytochrome P450 family 39 subfamily A member 1"
"680","CYP3A4","231704_at",1.98e-09,3.15e-10,-6.69,12.3654389,-0.616,"cytochrome P450 family 3 subfamily A member 4","208367_x_at",0.0037,0.00118,-3.6474311,-1.550729,-1.21076099,"cytochrome P450 family 3 subfamily A member 4"
"681","CYP3A5","205765_at",9.64e-06,2.37e-06,-4.89,3.6623026,-0.59,"cytochrome P450 family 3 subfamily A member 5","243015_at",7.73e-10,3.42e-12,-12.2286317,17.969268,-0.82633903,"cytochrome P450 family 3 subfamily A member 5"
"682","CYP4F12","206539_s_at",5.58e-12,6.62e-13,-7.79,18.4325471,-1.28,"cytochrome P450 family 4 subfamily F member 12","206539_s_at",6.05e-09,7.69e-11,-10.5819395,14.892123,-1.9039309,"cytochrome P450 family 4 subfamily F member 12"
"683","CYP4F22","244692_at",4.36e-18,2.61e-19,10.2,33.0297066,2.17,"cytochrome P450 family 4 subfamily F member 22","244692_at",0.00341,0.00108,-3.6844618,-1.459226,-0.99407648,"cytochrome P450 family 4 subfamily F member 22"
"684","CYP7B1","207386_at",5.95e-42,2.28e-44,19.2,90.4128098,2.38,"cytochrome P450 family 7 subfamily B member 1","207386_at",1.62e-05,1.91e-06,6.1233264,4.792358,1.6532353,"cytochrome P450 family 7 subfamily B member 1"
"685","CYTIP","209606_at",3.99e-14,3.72e-15,8.66,23.5511653,1.33,"cytohesin 1 interacting protein","209606_at",2.78e-09,2.4e-11,11.1785771,16.045244,1.81614754,"cytohesin 1 interacting protein"
"686","DACT1","219179_at",4.09e-16,3.07e-17,-9.44,28.3004935,-1.81,"dishevelled binding antagonist of beta catenin 1","219179_at",1.36e-06,9.19e-08,7.3491663,7.824729,1.57243908,"dishevelled binding antagonist of beta catenin 1"
"687","DAPK1-IT1","239162_at",7.18e-07,1.54e-07,-5.48,6.3121522,-0.729,"DAPK1 intronic transcript 1","239162_at",0.00344,0.00109,-3.6815995,-1.466308,-1.08494113,"DAPK1 intronic transcript 1"
"688","DAPP1","222859_s_at",2.03e-23,6.72e-25,12.2,45.8116057,1.98,"dual adaptor of phosphotyrosine and 3-phosphoinositides 1","236707_at",0.00958,0.00361,-3.2044538,-2.619979,-0.69488311,"dual adaptor of phosphotyrosine and 3-phosphoinositides 1"
"689","DBT","244687_at",3.23e-14,2.97e-15,-8.69,23.7725297,-0.676,"dihydrolipoamide branched chain transacylase E2","231919_at",1.41e-06,9.66e-08,-7.3283118,7.774602,-0.64875775,"dihydrolipoamide branched chain transacylase E2"
"690","DCAF13","225676_s_at",1.45e-29,2.33e-31,14.5,60.6081908,0.75,"DDB1 and CUL4 associated factor 13","220843_s_at",0.00438,0.00145,-3.569047,-1.743459,-0.70285846,"DDB1 and CUL4 associated factor 13"
"691","DCAF16","219717_at",1.36e-14,1.2e-15,-8.84,24.6685453,-1.96,"DDB1 and CUL4 associated factor 16","219717_at",0.000162,3e-05,-5.0593231,2.056374,-0.72635226,"DDB1 and CUL4 associated factor 16"
"692","DCAF7","209592_s_at",7.35e-07,1.58e-07,5.47,6.2874001,0.615,"DDB1 and CUL4 associated factor 7","236134_at",0.000245,4.85e-05,-4.8752098,1.579182,-0.91416995,"DDB1 and CUL4 associated factor 7"
"693","DCAF8","1554049_s_at",2.9e-19,1.53e-20,10.6,35.8414047,1.83,"DDB1 and CUL4 associated factor 8","243318_at",4.61e-05,6.69e-06,-5.6352046,3.544743,-1.24938112,"DDB1 and CUL4 associated factor 8"
"694","DCLRE1B","219490_s_at",2.37e-19,1.24e-20,10.7,36.0510549,1.17,"DNA cross-link repair 1B","219490_s_at",2.63e-06,2.11e-07,7.0069635,6.995361,0.74023937,"DNA cross-link repair 1B"
"695","DCST2","242988_at",2.14e-09,3.42e-10,-6.67,12.2838023,-0.954,"DC-STAMP domain containing 2","242988_at",5.03e-08,1.36e-09,-9.1947303,12.032333,-0.97030179,"DC-STAMP domain containing 2"
"696","DCT","216512_s_at",0.0171,0.00683,-2.74,-3.8581188,-0.674,"dopachrome tautomerase","216513_at",1.23e-05,1.37e-06,-6.254003,5.123129,-1.3211935,"dopachrome tautomerase"
"697","DCTD","201571_s_at",6.01e-33,6.55e-35,15.7,68.7440013,2.07,"dCMP deaminase","201571_s_at",4.91e-07,2.54e-08,7.8913733,9.10835,0.85324848,"dCMP deaminase"
"698","DCTN5","209231_s_at",3.12e-52,3.14e-55,23.6,115.2571306,3.77,"dynactin subunit 5","209231_s_at",0.000386,8.3e-05,4.6705369,1.049253,0.66204706,"dynactin subunit 5"
"699","DCUN1D1","222678_s_at",4.87e-11,6.43e-12,7.39,16.191622,0.774,"defective in cullin neddylation 1 domain containing 1","222679_s_at",0.00975,0.00368,-3.1960816,-2.639668,-0.62619175,"defective in cullin neddylation 1 domain containing 1"
"700","DCUN1D5","223151_at",9.42e-22,3.77e-23,11.6,41.8101482,0.809,"defective in cullin neddylation 1 domain containing 5","239425_at",2.55e-07,1.11e-08,-8.2518766,9.94024,-0.96879659,"defective in cullin neddylation 1 domain containing 5"
"701","DDAH1","209094_at",2e-36,1.5e-38,-17.1,77.0851172,-1.27,"dimethylarginine dimethylaminohydrolase 1","243711_at",0.00147,0.000399,4.0701241,-0.491725,0.65562792,"dimethylarginine dimethylaminohydrolase 1"
"702","DDB2","203409_at",9.52e-23,3.39e-24,-11.9,44.2039131,-0.726,"damage specific DNA binding protein 2","203409_at",1.86e-09,1.36e-11,-11.4773059,16.606001,-1.14943326,"damage specific DNA binding protein 2"
"703","DDI2","214583_at",3.12e-35,2.67e-37,16.6,74.2185819,1.72,"DNA damage inducible 1 homolog 2///regulatory solute carrier protein, family 1, member 1","238519_at",0.0197,0.00841,-2.8552966,-3.420848,-0.65233283,"DNA damage inducible 1 homolog 2///regulatory solute carrier protein, family 1, member 1"
"704","DDR2","225442_at",7.19e-11,9.7e-12,-7.32,15.7859655,-0.71,"discoidin domain receptor tyrosine kinase 2","205168_at",0.00779,0.00283,3.3020932,-2.388803,0.63724564,"discoidin domain receptor tyrosine kinase 2"
"705","DDX17","213998_s_at",1.83e-11,2.31e-12,-7.57,17.2008297,-1.36,"DEAD-box helicase 17","213998_s_at",0.0158,0.0065,-2.9628646,-3.178792,-0.69120014,"DEAD-box helicase 17"
"706","DDX39A","201584_s_at",3.54e-27,7.76e-29,13.6,54.828393,1.25,"DEAD-box helicase 39A","201584_s_at",6.71e-06,6.59e-07,6.5455664,5.855278,0.76798845,"DEAD-box helicase 39A"
"707","DDX60L","228152_s_at",1.65e-30,2.37e-32,14.8,62.8809366,1.85,"DEAD-box helicase 60-like","228152_s_at",0.000659,0.000155,4.4332538,0.43695,0.6947849,"DEAD-box helicase 60-like"
"708","DEFB4B","207356_at",2.79e-29,4.71e-31,14.4,59.9069173,3.95,"defensin beta 4B///defensin beta 4A","207356_at",4.72e-05,6.89e-06,5.6238113,3.51543,4.81512783,"defensin beta 4B///defensin beta 4A"
"709","DEGS2","236496_at",4.17e-05,1.11e-05,4.53,2.1731836,0.805,"delta 4-desaturase, sphingolipid 2","236496_at",1.95e-05,2.41e-06,-6.0327112,4.562115,-1.45706555,"delta 4-desaturase, sphingolipid 2"
"710","DENND1A","219763_at",5.27e-31,7.2e-33,15,64.0674579,2,"DENN domain containing 1A","219763_at",1.25e-07,4.4e-09,8.6601006,10.860959,1.40097007,"DENN domain containing 1A"
"711","DENND1C","221080_s_at",1.04e-07,2.03e-08,5.89,8.2877661,0.983,"DENN domain containing 1C","221080_s_at",3.32e-07,1.53e-08,8.1097663,9.614401,1.36868292,"DENN domain containing 1C"
"712","DENND4A","1554352_s_at",2.68e-09,4.33e-10,6.63,12.0520644,0.839,"DENN domain containing 4A","214787_at",2.13e-05,2.68e-06,5.9915907,4.457409,0.85802529,"DENN domain containing 4A"
"713","DENND4C","205684_s_at",2.2e-17,1.44e-18,-9.92,31.3344904,-1.03,"DENN domain containing 4C","226867_at",3.86e-08,9.52e-10,-9.3608234,12.388306,-0.75208667,"DENN domain containing 4C"
"714","DENND5B","228551_at",9.86e-09,1.7e-09,-6.37,10.7121725,-0.703,"DENN domain containing 5B","228551_at",1.07e-07,3.56e-09,8.7551879,11.072152,1.78666476,"DENN domain containing 5B"
"715","DENR","234915_s_at",1.05e-23,3.38e-25,12.3,46.4943194,1.8,"density regulated re-initiation and release factor","238982_at",2e-06,1.5e-07,-7.1461136,7.334341,-1.24103818,"density regulated re-initiation and release factor"
"716","DERL1","219402_s_at",2.47e-33,2.6e-35,15.9,69.6635859,1.11,"derlin 1","219402_s_at",6.71e-10,2.69e-12,12.362199,18.204776,1.33934363,"derlin 1"
"717","DET1","1558348_at",3e-14,2.75e-15,-8.71,23.8484806,-0.944,"de-etiolated homolog 1 (Arabidopsis)","1558348_at",1.87e-06,1.37e-07,-7.1841767,7.426656,-1.08751103,"de-etiolated homolog 1 (Arabidopsis)"
"718","DFFA","223518_at",3e-23,1.01e-24,12.1,45.4074835,1.19,"DNA fragmentation factor subunit alpha","223518_at",7.35e-06,7.37e-07,6.5012078,5.74444,0.94593162,"DNA fragmentation factor subunit alpha"
"719","DFNA5","203695_s_at",5.1e-15,4.32e-16,9.01,25.6828416,2.19,"DFNA5, deafness associated tumor suppressor","203695_s_at",4.45e-08,1.15e-09,9.2728126,12.200147,1.69845147,"DFNA5, deafness associated tumor suppressor"
"720","DGAT2","224327_s_at",3.59e-08,6.6e-09,-6.11,9.3835404,-0.707,"diacylglycerol O-acyltransferase 2","224327_s_at",9.47e-05,1.58e-05,-5.3035204,2.688825,-1.17131233,"diacylglycerol O-acyltransferase 2"
"721","DHFR","202533_s_at",2.32e-30,3.38e-32,14.8,62.5286667,2.4,"dihydrofolate reductase","202533_s_at",9.12e-05,1.51e-05,5.3203458,2.73235,0.87190794,"dihydrofolate reductase"
"722","DHRS7","213868_s_at",0.00244,0.000842,3.4,-1.9319207,0.713,"dehydrogenase/reductase 7","213868_s_at",2e-04,3.83e-05,4.9658579,1.814116,0.61090304,"dehydrogenase/reductase 7"
"723","DHRS9","224009_x_at",1.27e-25,3.28e-27,13,51.1028635,4.1,"dehydrogenase/reductase 9","224009_x_at",2.4e-06,1.89e-07,7.0509222,7.102701,1.51146929,"dehydrogenase/reductase 9"
"724","DHX36","1559039_at",1.35e-08,2.35e-09,-6.31,10.3920156,-0.654,"DEAH-box helicase 36","1559039_at",0.000114,1.97e-05,-5.2196778,2.471816,-0.65199846,"DEAH-box helicase 36"
"725","DIDO1","227335_at",1.32e-10,1.84e-11,7.21,15.1577282,0.68,"death inducer-obliterator 1","238920_at",6.83e-06,6.74e-07,-6.5365371,5.832733,-0.91335097,NA
"726","DIO2","203699_s_at",1.34e-35,1.09e-37,16.7,75.1094116,3.93,"deiodinase, iodothyronine, type II","203699_s_at",2.74e-05,3.61e-06,5.8748676,4.159474,1.69778891,"deiodinase, iodothyronine, type II"
"727","DIP2B","1553271_at",1.21e-13,1.2e-14,-8.46,22.3921608,-1.32,"disco interacting protein 2 homolog B","224872_at",1.29e-06,8.62e-08,-7.3758187,7.888714,-0.61766626,"disco interacting protein 2 homolog B"
"728","DKK2","219908_at",6.61e-07,1.41e-07,-5.5,6.3963935,-1.14,"dickkopf WNT signaling pathway inhibitor 2","219908_at",0.000131,2.33e-05,-5.1552833,2.305033,-1.47024459,"dickkopf WNT signaling pathway inhibitor 2"
"729","DLC1","224822_at",2.53e-12,2.88e-13,-7.93,19.2530776,-0.672,"DLC1 Rho GTPase activating protein","220512_at",6.12e-05,9.4e-06,-5.5037788,3.20619,-1.31894894,"DLC1 Rho GTPase activating protein"
"730","DLEU2","216870_x_at",1.88e-08,3.35e-09,6.24,10.0454884,0.809,"deleted in lymphocytic leukemia 2 (non-protein coding)","1556821_x_at",0.0358,0.0171,-2.5512532,-4.078853,-0.69922131,"deleted in lymphocytic leukemia 2 (non-protein coding)"
"731","DLG2","206253_at",3.61e-10,5.3e-11,-7.02,14.1145311,-1.41,"discs large MAGUK scaffold protein 2","228973_at",1.96e-08,3.79e-10,-9.7972587,13.30591,-1.89344234,"discs large MAGUK scaffold protein 2"
"732","DLG3","212729_at",5.67e-32,6.8e-34,15.4,66.415794,2.36,"discs large MAGUK scaffold protein 3","212728_at",0.000152,2.77e-05,-5.0890054,2.1333,-0.78985442,"discs large MAGUK scaffold protein 3"
"733","DLGAP5","203764_at",5.61e-45,1.53e-47,20.5,97.6758847,3.52,"DLG associated protein 5","203764_at",0.0191,0.00814,2.8691705,-3.389881,0.65542735,"DLG associated protein 5"
"734","DLX4","208216_at",0.000909,0.000293,-3.7,-0.9409929,-0.617,"distal-less homeobox 4","208216_at",0.00573,0.00198,-3.4442477,-2.047412,-1.20002944,"distal-less homeobox 4"
"735","DLX5","213707_s_at",2.11e-14,1.9e-15,8.77,24.2153109,1.48,"distal-less homeobox 5","213707_s_at",2.02e-06,1.51e-07,-7.1428028,7.326303,-1.15967902,"distal-less homeobox 5"
"736","DLX6","239309_at",1.48e-09,2.32e-10,6.75,12.6637202,1.44,"distal-less homeobox 6","242940_x_at",2.31e-06,1.79e-07,-7.0724713,7.155235,-1.80370344,"distal-less homeobox 6"
"737","DLX6-AS1","230882_at",2.07e-11,2.62e-12,7.55,17.0767212,0.874,"DLX6 antisense RNA 1","230882_at",4.66e-08,1.23e-09,-9.2432224,12.136649,-1.57985804,"DLX6 antisense RNA 1"
"738","DMD","203881_s_at",1.6e-38,9.58e-41,-17.9,82.1124325,-0.969,"dystrophin","207660_at",4.3e-07,2.14e-08,-7.9663107,9.282713,-0.65929578,"dystrophin"
"739","DMTN","204505_s_at",5.72e-14,5.43e-15,-8.6,23.1766352,-0.788,"dematin actin binding protein","204505_s_at",1.56e-06,1.1e-07,-7.2755516,7.647538,-0.84696274,"dematin actin binding protein"
"740","DMXL1","241472_at",4.41e-11,5.79e-12,-7.41,16.2938905,-1.06,"Dmx like 1","241472_at",7.35e-06,7.36e-07,-6.501236,5.744511,-0.96043475,"Dmx like 1"
"741","DNAJA4","1554333_at",5.97e-05,1.62e-05,4.44,1.8095374,0.653,"DnaJ heat shock protein family (Hsp40) member A4","1554334_a_at",8.75e-06,9.08e-07,-6.4179634,5.535894,-0.895324,"DnaJ heat shock protein family (Hsp40) member A4"
"742","DNAJB9","202843_at",5.81e-07,1.23e-07,5.52,6.5287928,0.764,"DnaJ heat shock protein family (Hsp40) member B9","202843_at",5.66e-08,1.57e-09,9.1284015,11.889127,1.56219394,"DnaJ heat shock protein family (Hsp40) member B9"
"743","DNAJC15","218435_at",1.63e-12,1.82e-13,8.01,19.7051551,0.628,"DnaJ heat shock protein family (Hsp40) member C15","218435_at",4.05e-08,1.02e-09,9.3305514,12.323706,0.66101519,"DnaJ heat shock protein family (Hsp40) member C15"
"744","DNAJC18","238115_at",1.58e-06,3.52e-07,-5.3,5.5086024,-0.687,"DnaJ heat shock protein family (Hsp40) member C18","227166_at",7.34e-07,4.22e-08,7.6758633,8.602747,1.14988149,"DnaJ heat shock protein family (Hsp40) member C18"
"745","DNAJC24","1570048_at",2.9e-12,3.34e-13,-7.9,19.1084058,-0.956,"DnaJ heat shock protein family (Hsp40) member C24","1570048_at",4.9e-05,7.2e-06,-5.6069765,3.472104,-0.8928582,"DnaJ heat shock protein family (Hsp40) member C24"
"746","DNAJC3","208499_s_at",1.92e-10,2.73e-11,7.14,14.7682556,0.618,"DnaJ heat shock protein family (Hsp40) member C3","208499_s_at",5.44e-08,1.5e-09,9.1491758,11.934044,1.39103793,"DnaJ heat shock protein family (Hsp40) member C3"
"747","DNAJC7","215252_at",5.69e-05,1.54e-05,-4.45,1.8589208,-0.759,"DnaJ heat shock protein family (Hsp40) member C7","1556053_at",0.000789,0.000192,-4.3503572,0.223872,-0.85469098,"DnaJ heat shock protein family (Hsp40) member C7"
"748","DNAL1","223958_s_at",5.42e-15,4.6e-16,-9,25.6205502,-1.67,"dynein axonemal light chain 1","226309_at",3.82e-06,3.35e-07,6.8182337,6.531931,0.62305433,"dynein axonemal light chain 1"
"749","DNASE1","241854_at",5.48e-11,7.28e-12,-7.37,16.0691378,-0.979,"deoxyribonuclease 1","240144_at",0.0168,0.00697,-2.9338258,-3.244574,-0.72273813,"deoxyribonuclease 1"
"750","DNER","226281_at",2.79e-12,3.2e-13,-7.91,19.150288,-1.56,"delta/notch like EGF repeat containing","226281_at",0.0295,0.0136,-2.650702,-3.868176,-1.59949923,"delta/notch like EGF repeat containing"
"751","DNM1L","203105_s_at",3.53e-32,4.17e-34,15.4,66.9019167,1.2,"dynamin 1 like","237797_at",0.000168,3.13e-05,-5.0429479,2.013932,-0.6015525,"dynamin 1 like"
"752","DNM2","1555895_at",2.03e-14,1.82e-15,8.78,24.2574495,1.01,"dynamin 2","1555895_at",1.15e-06,7.42e-08,7.4383654,8.038515,0.65279913,"dynamin 2"
"753","DNM3","1558501_at",4.13e-08,7.64e-09,-6.08,9.2400496,-0.789,"dynamin 3","1558501_at",0.00138,0.00037,-4.0991875,-0.417913,-0.66119674,"dynamin 3"
"754","DNM3OS","235891_at",5.74e-06,1.37e-06,-5.01,4.1897872,-0.589,"DNM3 opposite strand/antisense RNA","232090_at",0.000593,0.000137,4.4804656,0.558525,0.82186068,"DNM3 opposite strand/antisense RNA"
"755","DOCK11","238356_at",1.39e-06,3.09e-07,-5.33,5.6331511,-0.848,"dedicator of cytokinesis 11","226875_at",5.4e-05,8.09e-06,5.5615813,3.3552,0.65578106,"dedicator of cytokinesis 11"
"756","DOCK2","213160_at",3.58e-08,6.58e-09,6.11,9.3870316,0.799,"dedicator of cytokinesis 2","213160_at",7.02e-07,4e-08,7.6987853,8.656815,1.53918493,"dedicator of cytokinesis 2"
"757","DOCK8","225502_at",2.12e-05,5.43e-06,4.7,2.8624793,0.633,"dedicator of cytokinesis 8","239027_at",0.000405,8.75e-05,4.6501211,0.996462,1.08795421,"dedicator of cytokinesis 8"
"758","DOCK9","215237_at",2.81e-31,3.7e-33,15.1,64.729013,2.85,"dedicator of cytokinesis 9","215237_at",0.0294,0.0135,-2.6532149,-3.862793,-0.60708105,"dedicator of cytokinesis 9"
"759","DOCK9-AS2","231062_at",1.31e-17,8.32e-19,10,31.8782637,1.96,"DOCK9 antisense RNA 2 (head to head)","231062_at",0.000337,7.05e-05,-4.7326384,1.209925,-0.85638251,"DOCK9 antisense RNA 2 (head to head)"
"760","DOK3","223553_s_at",7.78e-23,2.73e-24,12,44.41753,2.11,"docking protein 3","223553_s_at",8.71e-10,4.08e-12,12.1309274,17.795707,2.28015099,"docking protein 3"
"761","DPAGT1","209509_s_at",4.21e-19,2.26e-20,10.6,35.4541829,0.609,"dolichyl-phosphate N-acetylglucosaminephosphotransferase 1","209509_s_at",2.66e-06,2.14e-07,7.0012587,6.981415,0.61523425,"dolichyl-phosphate N-acetylglucosaminephosphotransferase 1"
"762","DPH3","225195_at",8.59e-32,1.07e-33,15.3,65.9667198,1.96,"diphthamide biosynthesis 3","225195_at",1.13e-05,1.24e-06,6.2938444,5.223666,0.75964663,"diphthamide biosynthesis 3"
"763","DPH6","238662_at",9.37e-10,1.44e-10,6.83,13.1329165,0.675,"diphthamine biosynthesis 6","238744_at",6.06e-09,7.72e-11,-10.5798947,14.888093,-1.41486747,"diphthamine biosynthesis 6"
"764","DPP3","218567_x_at",1.05e-18,5.94e-20,10.4,34.4977467,1.32,"dipeptidyl peptidase 3","218567_x_at",0.000557,0.000127,4.5081866,0.629975,0.67949821,"dipeptidyl peptidase 3"
"765","DPT","213068_at",5.71e-05,1.55e-05,-4.45,1.8549974,-1.02,"dermatopontin","207977_s_at",1.14e-05,1.25e-06,6.2919267,5.21883,1.4409432,"dermatopontin"
"766","DPYSL3","201431_s_at",5.35e-12,6.33e-13,-7.8,18.476939,-1.01,"dihydropyrimidinase like 3","201430_s_at",3.88e-06,3.41e-07,6.8110146,6.514123,1.08987747,"dihydropyrimidinase like 3"
"767","DQX1","236055_at",5e-05,1.35e-05,4.48,1.9884518,0.867,"DEAQ-box RNA dependent ATPase 1","236055_at",0.000143,2.58e-05,-5.1165588,2.204701,-1.1271329,"DEAQ-box RNA dependent ATPase 1"
"768","DR1","216652_s_at",2.8e-29,4.75e-31,14.4,59.8988502,1.92,"down-regulator of transcription 1","235585_at",1.76e-06,1.27e-07,-7.2139494,7.49874,-0.63497512,"down-regulator of transcription 1"
"769","DSC2","231033_at",2.41e-48,4.27e-51,21.9,105.8059502,6.19,"desmocollin 2","204751_x_at",2.14e-05,2.68e-06,5.990305,4.454133,1.85002423,"desmocollin 2"
"770","DSEL","232235_at",1.21e-09,1.88e-10,-6.79,12.8729957,-0.886,"dermatan sulfate epimerase-like","232825_s_at",0.000208,4.01e-05,4.9477978,1.767305,0.93994473,"dermatan sulfate epimerase-like"
"771","DSERG1","217671_at",2.34e-10,3.36e-11,-7.1,14.5631536,-0.981,"Down syndrome encephalopathy related protein 1","217671_at",9.5e-05,1.59e-05,-5.3017994,2.684372,-1.34806717,"Down syndrome encephalopathy related protein 1"
"772","DST","232098_at",5.19e-17,3.53e-18,-9.78,30.4456047,-1.46,"dystonin","204455_at",5.12e-07,2.68e-08,-7.8687291,9.055515,-1.20317647,"dystonin"
"773","DSTN","230933_at",1.98e-09,3.15e-10,-6.69,12.3632885,-0.806,"destrin, actin depolymerizing factor","230933_at",0.00116,0.000302,-4.176288,-0.22161,-0.6330065,"destrin, actin depolymerizing factor"
"774","DTNA","227084_at",3.14e-22,1.18e-23,-11.7,42.9639222,-2.47,"dystrobrevin alpha","205741_s_at",0.000712,0.000169,4.3978853,0.345975,0.58936524,"dystrobrevin alpha"
"775","DTWD1","229984_at",1.42e-11,1.76e-12,-7.62,17.4686907,-1.11,"DTW domain containing 1","1555210_at",0.0132,0.00523,-3.052732,-2.973259,-0.68038992,"DTW domain containing 1"
"776","DTX3L","225415_at",2.27e-31,2.96e-33,15.1,64.9516522,0.95,"deltex E3 ubiquitin ligase 3L","225415_at",0.000186,3.5e-05,4.9999615,1.902513,0.63262656,"deltex E3 ubiquitin ligase 3L"
"777","DTYMK","203270_at",9.5e-15,8.25e-16,8.9,25.0418659,0.626,"deoxythymidylate kinase","1565693_at",6.76e-06,6.65e-07,-6.5420981,5.846619,-1.07849611,"deoxythymidylate kinase"
"778","DUOX1","215800_at",4.97e-14,4.68e-15,8.62,23.3246777,1.14,"dual oxidase 1","215800_at",5.93e-08,1.67e-09,-9.100459,11.828619,-1.00385842,"dual oxidase 1"
"779","DUOXA1","1555404_a_at",3.14e-39,1.72e-41,18.1,83.8209847,1.85,"dual oxidase maturation factor 1","1555404_a_at",0.0193,0.00822,-2.8647656,-3.399721,-0.68078019,"dual oxidase maturation factor 1"
"780","DUSP14","203367_at",2.88e-31,3.81e-33,15.1,64.6995041,1.15,"dual specificity phosphatase 14","203367_at",8.89e-05,1.47e-05,-5.3321755,2.762946,-0.71634662,"dual specificity phosphatase 14"
"781","DUSP18","227098_at",1.82e-07,3.63e-08,5.77,7.7181106,0.699,"dual specificity phosphatase 18","227098_at",0.00209,0.000606,-3.9085992,-0.899858,-0.59519617,"dual specificity phosphatase 18"
"782","DUSP2","204794_at",2.83e-12,3.25e-13,7.91,19.1331478,0.642,"dual specificity phosphatase 2","204794_at",3e-04,6.17e-05,4.7836722,1.342051,0.75471351,"dual specificity phosphatase 2"
"783","DUSP3","201537_s_at",1.08e-14,9.39e-16,8.88,24.9138118,0.816,"dual specificity phosphatase 3","201537_s_at",9.58e-08,3.09e-09,8.8199391,11.21526,0.74417694,"dual specificity phosphatase 3"
"784","DUSP4","204014_at",1.03e-06,2.24e-07,-5.4,5.9463904,-0.94,"dual specificity phosphatase 4","204015_s_at",0.00143,0.000388,4.0800011,-0.466653,0.72028727,"dual specificity phosphatase 4"
"785","DUSP5","209457_at",1.07e-08,1.85e-09,6.36,10.6258202,1.25,"dual specificity phosphatase 5","209457_at",0.00131,0.000349,4.121477,-0.361234,0.78822017,"dual specificity phosphatase 5"
"786","DYM","223171_at",2.03e-13,2.07e-14,8.37,21.856586,0.711,"dymeclin","220774_at",2.79e-05,3.7e-06,-5.8652368,4.134846,-0.87396499,"dymeclin"
"787","DYNC1H1","229115_at",0.000489,0.000151,-3.88,-0.315931,-0.65,"dynein cytoplasmic 1 heavy chain 1","244768_at",0.0018,0.000508,-3.9762941,-0.729264,-0.70394431,"dynein cytoplasmic 1 heavy chain 1"
"788","DYNC1I2","236698_at",2e-07,4.01e-08,-5.75,7.6209345,-0.983,"dynein cytoplasmic 1 intermediate chain 2","236698_at",0.0165,0.00681,-2.9435633,-3.222551,-0.59684407,"dynein cytoplasmic 1 intermediate chain 2"
"789","DYNC2H1","1565149_at",1.39e-13,1.38e-14,-8.44,22.2551437,-0.902,"dynein cytoplasmic 2 heavy chain 1","1565149_at",0.00209,0.000608,-3.9072478,-0.903257,-1.06104944,"dynein cytoplasmic 2 heavy chain 1"
"790","DYNC2LI1","241757_x_at",6.96e-11,9.37e-12,-7.33,15.8202654,-0.596,"dynein cytoplasmic 2 light intermediate chain 1","241757_x_at",1.3e-05,1.47e-06,-6.2266508,5.054022,-0.60201925,"dynein cytoplasmic 2 light intermediate chain 1"
"791","DYNLRB2","238116_at",2.61e-16,1.92e-17,-9.51,28.7648874,-1.35,"dynein light chain roadblock-type 2","238116_at",0.000117,2.03e-05,-5.2077685,2.440977,-1.13265618,"dynein light chain roadblock-type 2"
"792","DYNLT1","201999_s_at",1.99e-17,1.29e-18,9.94,31.4467222,0.588,"dynein light chain Tctex-type 1","201999_s_at",6.37e-07,3.53e-08,7.7510661,8.779876,0.68687175,"dynein light chain Tctex-type 1"
"793","DZIP1","204557_s_at",3.57e-07,7.39e-08,-5.63,7.0256424,-0.896,"DAZ interacting zinc finger protein 1","204556_s_at",5.74e-09,6.92e-11,10.6347413,14.995988,1.06473998,"DAZ interacting zinc finger protein 1"
"794","E2F2","228361_at",6.48e-22,2.53e-23,11.6,42.2034499,1.14,"E2F transcription factor 2","228361_at",0.0128,0.00507,-3.065203,-2.944511,-0.69959979,"E2F transcription factor 2"
"795","E2F3","203692_s_at",4.9e-05,1.32e-05,4.49,2.0103512,0.645,"E2F transcription factor 3","203693_s_at",5.6e-09,6.69e-11,10.6517706,15.02941,0.80487502,"E2F transcription factor 3"
"796","E2F8","219990_at",1.11e-19,5.61e-21,10.8,36.8402166,1.68,"E2F transcription factor 8","219990_at",0.0104,0.00397,-3.1658096,-2.710673,-0.68238387,"E2F transcription factor 8"
"797","EBF2","244885_at",1.46e-16,1.05e-17,-9.61,29.3688044,-1.48,"early B-cell factor 2","244885_at",4.9e-06,4.51e-07,6.6977682,6.233991,1.35332678,"early B-cell factor 2"
"798","ECE2","227103_s_at",1.39e-16,9.95e-18,9.62,29.417664,1.25,"endothelin converting enzyme 2","227103_s_at",0.000357,7.56e-05,4.7061194,1.141298,0.61673788,"endothelin converting enzyme 2"
"799","ECHDC2","235305_s_at",3.73e-19,1.99e-20,-10.6,35.5804288,-0.924,"enoyl-CoA hydratase domain containing 2","218552_at",2.18e-05,2.75e-06,-5.98149,4.431669,-1.02089716,"enoyl-CoA hydratase domain containing 2"
"800","ECM2","206101_at",4.2e-10,6.21e-11,-6.99,13.9598498,-0.831,"extracellular matrix protein 2","1568779_a_at",3.14e-07,1.43e-08,8.1396573,9.683163,1.08269434,"extracellular matrix protein 2"
"801","ECSCR","227779_at",7.64e-11,1.03e-11,-7.31,15.7236434,-0.679,"endothelial cell surface expressed chemotaxis and apoptosis regulator","228339_at",1.45e-05,1.68e-06,6.174557,4.922216,0.79273954,"endothelial cell surface expressed chemotaxis and apoptosis regulator"
"802","EDA","206217_at",2.18e-12,2.46e-13,-7.96,19.4075549,-0.613,"ectodysplasin A","211131_s_at",0.00223,0.000655,-3.8780607,-0.976584,-0.64206228,"ectodysplasin A"
"803","EDAR","220048_at",1.09e-10,1.51e-11,-7.24,15.3529826,-1.24,"ectodysplasin A receptor","220048_at",0.000456,0.000101,-4.596474,0.857825,-1.20953347,"ectodysplasin A receptor"
"804","EFCAB14","201775_s_at",1.1e-05,2.73e-06,4.85,3.5251515,0.878,"EF-hand calcium binding domain 14","1559022_at",0.00109,0.000282,-4.2033974,-0.152428,-0.6915133,"EF-hand calcium binding domain 14"
"805","EFCAB2","233375_at",0.000525,0.000163,-3.86,-0.3877915,-0.72,"EF-hand calcium binding domain 2","211200_s_at",0.00133,0.000354,4.1155815,-0.376231,1.06944046,"EF-hand calcium binding domain 2"
"806","EFEMP2","209356_x_at",2.32e-05,5.97e-06,-4.68,2.7705992,-0.712,"EGF containing fibulin like extracellular matrix protein 2","209356_x_at",5.61e-09,6.72e-11,10.6497642,15.025474,1.34457224,"EGF containing fibulin like extracellular matrix protein 2"
"807","EFHC1","225656_at",8.14e-16,6.33e-17,-9.32,27.5843678,-1.59,"EF-hand domain containing 1","225656_at",1.83e-06,1.33e-07,-7.19542,7.45389,-0.99079301,"EF-hand domain containing 1"
"808","EFHD2","222483_at",1.26e-10,1.75e-11,7.21,15.2058285,0.889,"EF-hand domain family member D2","222483_at",1.86e-07,7.34e-09,8.4322279,10.349812,1.38356748,"EF-hand domain family member D2"
"809","EFNA5","214036_at",3.49e-20,1.67e-21,-11,38.0411609,-0.726,"ephrin A5","214036_at",1.24e-07,4.32e-09,-8.6685811,10.879845,-1.44089819,"ephrin A5"
"810","EGF","206254_at",1e-21,4.01e-23,-11.6,41.7483829,-1.91,"epidermal growth factor","206254_at",0.00163,0.000453,-4.0204177,-0.617711,-2.36467381,"epidermal growth factor"
"811","EGFL6","219454_at",0.0167,0.00666,2.75,-3.8347618,0.919,"EGF like domain multiple 6","219454_at",1.82e-11,7.98e-15,15.9669503,23.867763,4.46194052,"EGF like domain multiple 6"
"812","EGFR","1565483_at",4.12e-05,1.1e-05,-4.53,2.1841901,-0.775,"epidermal growth factor receptor","1565484_x_at",2.45e-05,3.16e-06,-5.9262733,4.290815,-0.59887298,"epidermal growth factor receptor"
"813","EGLN3","222847_s_at",5.1e-11,6.75e-12,7.38,16.1432015,1.15,"egl-9 family hypoxia inducible factor 3","222847_s_at",0.000121,2.13e-05,-5.1904963,2.396246,-1.16500228,"egl-9 family hypoxia inducible factor 3"
"814","EHD3","230740_at",0.00071,0.000225,3.77,-0.6923897,0.658,"EH domain containing 3","218935_at",5.72e-09,6.88e-11,10.6378686,15.002128,1.52661683,"EH domain containing 3"
"815","EHF","222932_at",1.49e-22,5.42e-24,11.9,43.7371087,3.09,"ETS homologous factor","232361_s_at",0.0125,0.00491,-3.0783551,-2.914134,-0.82193942,"ETS homologous factor"
"816","EID3","231292_at",1.75e-18,1.01e-19,10.3,33.9677552,0.998,"EP300 interacting inhibitor of differentiation 3","231292_at",0.000531,0.00012,4.5293251,0.684491,0.62532113,"EP300 interacting inhibitor of differentiation 3"
"817","EIF1","212225_at",2.52e-05,6.52e-06,4.66,2.6869955,0.655,"eukaryotic translation initiation factor 1","212225_at",1.44e-05,1.67e-06,-6.1757793,4.925311,-0.73456258,"eukaryotic translation initiation factor 1"
"818","EIF3B","203462_x_at",8.21e-15,7.08e-16,8.93,25.1923464,0.613,"eukaryotic translation initiation factor 3 subunit B","242550_at",1.3e-05,1.47e-06,-6.2281944,5.057924,-1.03887451,"eukaryotic translation initiation factor 3 subunit B"
"819","EIF3C","236700_at",0.00246,0.000852,-3.4,-1.94228,-0.659,"eukaryotic translation initiation factor 3 subunit C","236700_at",0.00914,0.00341,-3.2265116,-2.568004,-0.79551553,"eukaryotic translation initiation factor 3 subunit C"
"820","EIF3F","230479_at",1.81e-11,2.28e-12,-7.57,17.2127839,-0.586,"eukaryotic translation initiation factor 3 subunit F","230479_at",5.72e-07,3.09e-08,-7.80842,8.914463,-0.99354666,"eukaryotic translation initiation factor 3 subunit F"
"821","EIF3M","239848_at",1.38e-22,4.98e-24,-11.9,43.819905,-1.1,"eukaryotic translation initiation factor 3 subunit M","215190_at",0.00164,0.000454,-4.0196127,-0.619749,-0.84328018,"eukaryotic translation initiation factor 3 subunit M"
"822","EIF4E","201435_s_at",7.38e-14,7.11e-15,8.55,22.9106765,0.728,"eukaryotic translation initiation factor 4E","242674_at",0.00116,0.000303,-4.1757961,-0.222865,-0.6185507,"eukaryotic translation initiation factor 4E"
"823","EIF4EBP1","221539_at",1.14e-33,1.15e-35,16,70.4709883,1.88,"eukaryotic translation initiation factor 4E binding protein 1","221539_at",9.59e-10,5.01e-12,12.0181817,17.594063,1.10731531,"eukaryotic translation initiation factor 4E binding protein 1"
"824","ELF2","242735_x_at",1.33e-18,7.62e-20,-10.4,34.2502015,-0.701,"E74 like ETS transcription factor 2","242735_x_at",1.35e-06,9.17e-08,-7.3500748,7.826912,-1.22397817,"E74 like ETS transcription factor 2"
"825","ELF4","31845_at",3.84e-05,1.02e-05,4.55,2.2580125,0.591,"E74 like ETS transcription factor 4","31845_at",0.000205,3.93e-05,4.9556093,1.787552,0.68136004,"E74 like ETS transcription factor 4"
"826","ELK4","206919_at",1.74e-14,1.55e-15,8.8,24.4153643,1.06,"ELK4, ETS transcription factor","1566569_at",0.000152,2.79e-05,-5.08649,2.126781,-0.64929671,NA
"827","ELL2","214446_at",1.44e-39,7.45e-42,18.3,84.6527529,3.02,"elongation factor for RNA polymerase II 2","214446_at",2.12e-05,2.65e-06,5.9953135,4.466894,0.84350628,"elongation factor for RNA polymerase II 2"
"828","ELMOD2","1553928_at",8.4e-16,6.54e-17,9.32,27.5511235,1.01,"ELMO domain containing 2","1553928_at",1.42e-05,1.64e-06,6.183814,4.945656,0.91391469,"ELMO domain containing 2"
"829","ELMSAN1","235430_at",5.02e-06,1.19e-06,-5.04,4.3269227,-1.16,"ELM2 and Myb/SANT domain containing 1","235430_at",0.00148,0.000402,-4.0668014,-0.500157,-0.58952736,"ELM2 and Myb/SANT domain containing 1"
"830","ELN","212670_at",8.32e-05,2.31e-05,-4.35,1.4724138,-0.909,"elastin","212670_at",0.0373,0.0179,2.5309338,-4.121317,0.80605615,"elastin"
"831","ELOVL4","219532_at",5.39e-10,8.08e-11,6.94,13.700813,0.713,"ELOVL fatty acid elongase 4","219532_at",0.000256,5.12e-05,-4.8547643,1.526205,-1.06567506,"ELOVL fatty acid elongase 4"
"832","ELOVL5","215082_at",3.27e-05,8.6e-06,-4.59,2.4200059,-1.31,"ELOVL fatty acid elongase 5","215082_at",0.00678,0.00241,3.3670707,-2.233433,0.70438642,"ELOVL fatty acid elongase 5"
"833","ELOVL6","210868_s_at",1.02e-11,1.24e-12,7.68,17.8123359,1.14,"ELOVL fatty acid elongase 6","204256_at",2.06e-06,1.55e-07,-7.1322607,7.3007,-0.90547469,"ELOVL fatty acid elongase 6"
"834","ELOVL7","227180_at",2.92e-25,7.86e-27,12.9,50.2354761,1.24,"ELOVL fatty acid elongase 7","227180_at",1.32e-05,1.51e-06,-6.2169847,5.029584,-1.01722944,"ELOVL fatty acid elongase 7"
"835","ELP2","238709_at",1.89e-17,1.22e-18,-9.95,31.4985464,-0.719,"elongator acetyltransferase complex subunit 2","235623_at",1.06e-05,1.15e-06,-6.3248528,5.301809,-0.92536419,"elongator acetyltransferase complex subunit 2"
"836","ELP6","229864_at",1.46e-27,3.04e-29,13.7,55.7612209,1.74,"elongator acetyltransferase complex subunit 6","229864_at",1.94e-07,7.72e-09,8.4099584,10.299478,1.09802215,"elongator acetyltransferase complex subunit 6"
"837","EMC3","215250_at",3.68e-28,7.1e-30,-13.9,57.2077874,-2.26,"ER membrane protein complex subunit 3","215250_at",3.55e-06,3.06e-07,-6.854907,6.622307,-1.97939752,"ER membrane protein complex subunit 3"
"838","EME1","234464_s_at",5.07e-20,2.47e-21,10.9,37.654157,0.786,"essential meiotic structure-specific endonuclease 1","234464_s_at",2.06e-09,1.58e-11,11.3991303,16.460304,0.93904019,"essential meiotic structure-specific endonuclease 1"
"839","EML2","204398_s_at",1.19e-18,6.8e-20,-10.4,34.3629965,-1.02,"echinoderm microtubule associated protein like 2","204397_at",0.000233,4.58e-05,-4.8974158,1.636727,-0.62588817,"echinoderm microtubule associated protein like 2"
"840","EML4","232587_at",2.54e-08,4.59e-09,-6.18,9.7385394,-0.734,"echinoderm microtubule associated protein like 4","1556732_at",5.69e-05,8.61e-06,-5.5376262,3.293466,-1.06957744,"echinoderm microtubule associated protein like 4"
"841","EML6","229656_s_at",4.66e-18,2.79e-19,10.2,32.9606949,1.95,"echinoderm microtubule associated protein like 6","229656_s_at",0.00814,0.00298,3.2809487,-2.439105,0.60060979,"echinoderm microtubule associated protein like 6"
"842","EMP1","229011_at",1.86e-15,1.5e-16,-9.18,26.7275067,-0.719,"epithelial membrane protein 1","213895_at",1.06e-05,1.15e-06,-6.3256969,5.303935,-0.73420635,"epithelial membrane protein 1"
"843","EN1","220559_at",1.83e-16,1.32e-17,-9.57,29.1360429,-0.995,"engrailed homeobox 1","220559_at",0.003,0.000927,-3.7433379,-1.313178,-0.65424827,"engrailed homeobox 1"
"844","ENAH","222433_at",3.59e-30,5.4e-32,14.7,62.0629455,0.837,"enabled homolog (Drosophila)","1553672_at",6.4e-06,6.22e-07,6.5689546,5.913634,0.94160494,"enabled homolog (Drosophila)"
"845","ENC1","201341_at",3.6e-06,8.41e-07,-5.12,4.6636439,-0.775,"ectodermal-neural cortex 1","201341_at",5.39e-05,8.07e-06,5.5626765,3.358021,0.92846452,"ectodermal-neural cortex 1"
"846","ENDOU","206605_at",5.62e-15,4.78e-16,8.99,25.5815231,0.843,"endonuclease, poly(U) specific","206605_at",0.000719,0.000172,-4.3929347,0.333248,-1.37020003,"endonuclease, poly(U) specific"
"847","ENO1","217294_s_at",7.06e-05,1.94e-05,4.4,1.6385482,1.04,"enolase 1","201231_s_at",4.56e-05,6.6e-06,5.6403667,3.558021,0.59930398,"enolase 1"
"848","ENPP3","222938_x_at",1.37e-06,3.05e-07,-5.33,5.6483012,-0.735,"ectonucleotide pyrophosphatase/phosphodiesterase 3","232737_s_at",0.0303,0.014,-2.6373275,-3.896778,-0.93227579,"ectonucleotide pyrophosphatase/phosphodiesterase 3"
"849","ENPP5","227803_at",9.31e-31,1.3e-32,-14.9,63.4760393,-3.09,"ectonucleotide pyrophosphatase/phosphodiesterase 5 (putative)","237054_at",0.00526,0.00179,-3.4837641,-1.951574,-0.64328245,"ectonucleotide pyrophosphatase/phosphodiesterase 5 (putative)"
"850","ENTPD7","235204_at",6.61e-23,2.3e-24,12,44.5886164,0.951,"ectonucleoside triphosphate diphosphohydrolase 7","220153_at",4.7e-10,1.49e-12,12.6981687,18.788313,1.66044197,"ectonucleoside triphosphate diphosphohydrolase 7"
"851","EP400NL","229892_at",8.4e-16,6.55e-17,9.32,27.5505098,1.18,"EP400 N-terminal like","229892_at",0.00503,0.0017,3.5045834,-1.900928,0.60734894,"EP400 N-terminal like"
"852","EPB41L4A-AS1","225698_at",2.45e-16,1.79e-17,-9.52,28.8332036,-0.644,"EPB41L4A antisense RNA 1","228259_s_at",9.38e-07,5.72e-08,-7.5473752,8.298401,-0.99100692,"EPB41L4A antisense RNA 1"
"853","EPB41L4B","220161_s_at",3.03e-20,1.44e-21,-11,38.1890851,-0.759,"erythrocyte membrane protein band 4.1 like 4B","220524_at",1.19e-07,4.08e-09,-8.6936633,10.935644,-0.59554906,"erythrocyte membrane protein band 4.1 like 4B"
"854","EPB41L5","229292_at",1.95e-12,2.2e-13,7.98,19.5203555,0.746,"erythrocyte membrane protein band 4.1 like 5","229292_at",0.00247,0.000736,-3.8328246,-1.089956,-0.70489072,"erythrocyte membrane protein band 4.1 like 5"
"855","EPCAM","201839_s_at",1.58e-16,1.14e-17,-9.6,29.28645,-1.93,"epithelial cell adhesion molecule","201839_s_at",0.022,0.00961,-2.7988658,-3.546001,-1.58044866,"epithelial cell adhesion molecule"
"856","EPDR1","223253_at",2.55e-17,1.67e-18,-9.9,31.1857571,-2.07,"ependymin related 1","223253_at",1.68e-07,6.45e-09,8.4900816,10.480257,1.05952558,"ependymin related 1"
"857","EPG5","227638_at",4.38e-25,1.21e-26,12.8,49.8045268,0.992,"ectopic P-granules autophagy protein 5 homolog","1563471_at",0.000172,3.21e-05,-5.033363,1.989089,-0.7982667,"ectopic P-granules autophagy protein 5 homolog"
"858","EPHA1","205977_s_at",1.02e-16,7.2e-18,9.67,29.7377622,1.37,"EPH receptor A1","205977_s_at",7e-05,1.1e-05,-5.4429039,3.049091,-0.88673265,"EPH receptor A1"
"859","EPHA4","228948_at",8.5e-16,6.63e-17,9.31,27.5388518,1.79,"EPH receptor A4","206114_at",0.000647,0.000151,-4.4416575,0.45858,-0.79636178,"EPH receptor A4"
"860","EPHB1","230425_at",5.79e-09,9.69e-10,-6.48,11.2618187,-1.15,"EPH receptor B1","210753_s_at",9.51e-05,1.59e-05,-5.3014167,2.683382,-0.73250019,"EPH receptor B1"
"861","EPHB2","209588_at",1.04e-51,1.12e-54,23.3,113.9936131,4.64,"EPH receptor B2","209588_at",4.92e-08,1.32e-09,9.2089486,12.062952,1.60169075,"EPH receptor B2"
"862","EPHX2","209368_at",3.63e-11,4.72e-12,-7.45,16.4956959,-0.809,"epoxide hydrolase 2","209368_at",1.21e-08,2e-10,-10.1082121,13.944155,-1.40621961,"epoxide hydrolase 2"
"863","EPHX3","220013_at",6.74e-23,2.35e-24,12,44.5669045,2.03,"epoxide hydrolase 3","220013_at",0.00231,0.000682,-3.8626735,-1.015186,-1.00386815,"epoxide hydrolase 3"
"864","EPN2-IT1","203464_s_at",3.64e-17,2.44e-18,-9.84,30.8130178,-1.04,"EPN2 intronic transcript 1///epsin 2","203464_s_at",1.46e-08,2.56e-10,-9.9869089,13.696699,-1.07373956,"EPN2 intronic transcript 1///epsin 2"
"865","EPN3","220318_at",3.76e-47,7.91e-50,21.4,102.9064783,2.6,"epsin 3","220318_at",0.0105,0.00402,-3.1606928,-2.722646,-0.78605969,"epsin 3"
"866","EPS15L1","243482_at",4.58e-08,8.52e-09,-6.06,9.134007,-1.24,"epidermal growth factor receptor pathway substrate 15 like 1","243482_at",0.000182,3.41e-05,-5.0092788,1.926663,-1.61220264,"epidermal growth factor receptor pathway substrate 15 like 1"
"867","EPSTI1","227609_at",5.03e-49,8.19e-52,22.2,107.4463649,5.13,"epithelial stromal interaction 1 (breast)","227609_at",5.09e-09,5.77e-11,10.7267989,15.176221,2.58008998,"epithelial stromal interaction 1 (breast)"
"868","EPT1","1555274_a_at",1.76e-25,4.62e-27,12.9,50.7632027,1.42,"ethanolaminephosphotransferase 1","1570371_a_at",0.00424,0.00139,-3.5837383,-1.707439,-0.6645456,"ethanolaminephosphotransferase 1"
"869","ERAP1","214012_at",0.000142,4.07e-05,-4.21,0.9310734,-0.801,"endoplasmic reticulum aminopeptidase 1","210385_s_at",6.03e-05,9.24e-06,5.5105215,3.223581,0.78746436,"endoplasmic reticulum aminopeptidase 1"
"870","ERBB4","214053_at",4.98e-38,3.16e-40,-17.7,80.9248467,-4.16,"erb-b2 receptor tyrosine kinase 4","233498_at",2.26e-05,2.86e-06,-5.9658838,4.391883,-0.81895098,"erb-b2 receptor tyrosine kinase 4"
"871","ERC2","213938_at",9.49e-08,1.83e-08,5.91,8.3867348,0.93,"ELKS/RAB6-interacting/CAST family member 2","213938_at",0.0288,0.0132,2.6629926,-3.841819,0.8641134,"ELKS/RAB6-interacting/CAST family member 2"
"872","ERCC1","203719_at",2.61e-08,4.73e-09,6.18,9.7093438,0.605,"ERCC excision repair 1, endonuclease non-catalytic subunit","228131_at",1.01e-06,6.32e-08,-7.5051746,8.197973,-0.91592095,"ERCC excision repair 1, endonuclease non-catalytic subunit"
"873","EREG","205767_at",9.18e-18,5.71e-19,10.1,32.251628,2.03,"epiregulin","205767_at",0.00384,0.00124,-3.6294547,-1.595046,-1.14012025,"epiregulin"
"874","ERO1A","222646_s_at",3.43e-31,4.6e-33,15.1,64.5134002,2.19,"endoplasmic reticulum oxidoreductase 1 alpha","222646_s_at",0.000116,2.01e-05,5.2127818,2.45396,1.29315576,"endoplasmic reticulum oxidoreductase 1 alpha"
"875","ERP44","208958_at",4.43e-19,2.39e-20,-10.6,35.3995854,-0.652,"endoplasmic reticulum protein 44","208958_at",2.74e-06,2.21e-07,-6.9866694,6.945729,-0.84692334,"endoplasmic reticulum protein 44"
"876","ERVK13-1","1563629_a_at",2.28e-05,5.87e-06,4.68,2.7882084,0.775,"endogenous retrovirus group K13 member 1","1566505_at",0.000509,0.000114,-4.547952,0.732549,-0.75835996,"endogenous retrovirus group K13 member 1"
"877","ESAM","225369_at",4.33e-06,1.02e-06,-5.07,4.4765198,-0.64,"endothelial cell adhesion molecule","225369_at",1.3e-05,1.48e-06,6.2254355,5.05095,0.85071022,"endothelial cell adhesion molecule"
"878","ESCO2","235178_x_at",2.6e-11,3.33e-12,7.51,16.838081,0.748,"establishment of sister chromatid cohesion N-acetyltransferase 2","235178_x_at",0.00533,0.00182,3.4778853,-1.965856,0.66362688,"establishment of sister chromatid cohesion N-acetyltransferase 2"
"879","ESPN","223549_s_at",1.13e-19,5.72e-21,-10.8,36.8198058,-1.58,"espin","223549_s_at",4.19e-06,3.74e-07,-6.7739827,6.422677,-1.20926323,"espin"
"880","ESRP1","219121_s_at",3.18e-29,5.42e-31,14.3,59.7674957,1.06,"epithelial splicing regulatory protein 1","225846_at",6.85e-07,3.87e-08,-7.7125558,8.689264,-1.13259301,"epithelial splicing regulatory protein 1"
"881","ESRRG","209966_x_at",3.03e-07,6.21e-08,-5.67,7.1957152,-0.881,"estrogen related receptor gamma","209966_x_at",0.0327,0.0153,-2.5976658,-3.98111,-1.23186013,"estrogen related receptor gamma"
"882","ESYT2","224698_at",1.93e-25,5.09e-27,-12.9,50.6664264,-0.608,"extended synaptotagmin 2","1555829_at",0.000355,7.52e-05,-4.7081723,1.14661,-1.12371251,"extended synaptotagmin 2"
"883","ESYT3","1554912_at",6.39e-46,1.57e-48,20.8,99.9402275,2.6,"extended synaptotagmin 3","1554912_at",6.24e-05,9.61e-06,-5.4952332,3.184147,-1.44882542,"extended synaptotagmin 3"
"884","ETFBKMT","1569792_a_at",1.81e-07,3.61e-08,-5.78,7.7234392,-0.839,"electron transfer flavoprotein beta subunit lysine methyltransferase","1563475_s_at",3.07e-05,4.13e-06,-5.8222999,4.024967,-0.69965358,"electron transfer flavoprotein beta subunit lysine methyltransferase"
"885","ETHE1","204034_at",2.47e-21,1.04e-22,11.4,40.8022911,1.61,"ETHE1, persulfide dioxygenase","204034_at",1.71e-05,2.05e-06,6.0959605,4.722897,1.01107013,"ETHE1, persulfide dioxygenase"
"886","ETNK1","222262_s_at",5.12e-30,7.84e-32,14.6,61.6910595,1.77,"ethanolamine kinase 1","219017_at",3.54e-05,4.88e-06,5.7576018,3.859157,0.69437181,"ethanolamine kinase 1"
"887","ETS2","201329_s_at",8.03e-07,1.73e-07,5.45,6.1965661,0.636,"ETS proto-oncogene 2, transcription factor","241193_at",1.34e-05,1.53e-06,-6.2115871,5.015934,-1.53830637,"ETS proto-oncogene 2, transcription factor"
"888","ETV5","230102_at",1.72e-23,5.67e-25,-12.2,45.981033,-0.656,"ETS variant 5","231083_at",9.47e-05,1.58e-05,5.3031403,2.687841,0.92804477,"ETS variant 5"
"889","EVI2A","204774_at",1.53e-07,3.03e-08,5.81,7.8936049,0.779,"ecotropic viral integration site 2A","204774_at",2.39e-08,4.99e-10,9.6656066,13.03181,1.43164502,"ecotropic viral integration site 2A"
"890","EVI5","208297_s_at",4.46e-06,1.05e-06,-5.07,4.4459124,-0.797,"ecotropic viral integration site 5","240845_at",3.04e-05,4.09e-06,-5.8259448,4.034299,-1.90862446,NA
"891","EXOC3","212630_at",1.27e-16,9.07e-18,9.63,29.5090961,0.982,"exocyst complex component 3","228847_at",2.04e-07,8.26e-09,-8.3801133,10.231916,-0.79220299,"exocyst complex component 3"
"892","EXOC4","240528_s_at",0.00029,8.67e-05,-4.02,0.2109148,-1,"exocyst complex component 4","240528_s_at",0.00244,0.000728,-3.8374754,-1.078316,-0.75463156,"exocyst complex component 4"
"893","EXOG","205521_at",2.71e-11,3.48e-12,7.5,16.7974149,1.57,"endo/exonuclease (5'-3'), endonuclease G-like","205521_at",1.65e-09,1.12e-11,11.5794096,16.795184,1.0974087,"endo/exonuclease (5'-3'), endonuclease G-like"
"894","EXOSC7","212627_s_at",4.89e-18,2.94e-19,-10.2,32.9114802,-0.682,"exosome component 7","212627_s_at",1.19e-07,4.1e-09,-8.691995,10.931936,-0.74430579,"exosome component 7"
"895","EXPH5","214734_at",7.31e-10,1.11e-10,-6.88,13.3876308,-1.07,"exophilin 5","213929_at",1.15e-08,1.86e-10,-10.1434785,14.015734,-1.95963548,"exophilin 5"
"896","EZH1","239197_s_at",8.04e-09,1.37e-09,-6.41,10.922125,-1,"enhancer of zeste 1 polycomb repressive complex 2 subunit","211310_at",0.0037,0.00119,-3.6472785,-1.551105,-0.78723889,"enhancer of zeste 1 polycomb repressive complex 2 subunit"
"897","EZR","208622_s_at",4.64e-17,3.13e-18,9.8,30.5639383,0.866,"ezrin","208622_s_at",0.000794,0.000193,-4.3477033,0.217059,-0.59581559,"ezrin"
"898","F10","205620_at",6.8e-09,1.15e-09,-6.45,11.0953918,-0.915,"coagulation factor X","205620_at",0.000214,4.14e-05,-4.9361378,1.737084,-0.90677747,"coagulation factor X"
"899","F2R","203989_x_at",2.23e-17,1.46e-18,-9.92,31.3217607,-0.963,"coagulation factor II thrombin receptor","203989_x_at",6.09e-07,3.34e-08,-7.7750521,8.836215,-0.6457594,"coagulation factor II thrombin receptor"
"900","FAAH2","230792_at",1.01e-15,7.91e-17,9.28,27.3634035,1.25,"fatty acid amide hydrolase 2","230792_at",0.000261,5.24e-05,-4.8456427,1.502571,-0.8747581,"fatty acid amide hydrolase 2"
"901","FABP3","214285_at",3.71e-16,2.78e-17,-9.45,28.400854,-1.22,"fatty acid binding protein 3","205738_s_at",0.000632,0.000147,4.4518074,0.48471,1.09034293,"fatty acid binding protein 3"
"902","FADS3","204257_at",3.16e-07,6.48e-08,-5.66,7.1531527,-0.887,"fatty acid desaturase 3","216080_s_at",1.25e-05,1.4e-06,6.2449803,5.10034,0.85116267,"fatty acid desaturase 3"
"903","FAHD2A","222056_s_at",4.31e-16,3.25e-17,-9.43,28.2451593,-0.641,"fumarylacetoacetate hydrolase domain containing 2A","235418_at",0.000109,1.88e-05,-5.2380856,2.519476,-0.78765641,"fumarylacetoacetate hydrolase domain containing 2A"
"904","FAIM2","203619_s_at",2.12e-07,4.27e-08,5.74,7.5604071,1.04,"Fas apoptotic inhibitory molecule 2","203619_s_at",0.0251,0.0112,2.7330762,-3.690237,0.92258835,"Fas apoptotic inhibitory molecule 2"
"905","FAM110A","226584_s_at",3.17e-08,5.8e-09,6.14,9.5104218,0.682,"family with sequence similarity 110 member A","226584_s_at",1.61e-08,2.88e-10,-9.9293923,13.578686,-1.09171762,"family with sequence similarity 110 member A"
"906","FAM114A2","222682_s_at",1.47e-07,2.91e-08,5.82,7.933805,0.616,"family with sequence similarity 114 member A2","222682_s_at",7.56e-07,4.38e-08,7.6601613,8.56567,0.6530916,"family with sequence similarity 114 member A2"
"907","FAM118B","230009_at",2.7e-18,1.59e-19,10.3,33.5230531,1.29,"family with sequence similarity 118 member B","223386_at",8.99e-08,2.85e-09,8.8560438,11.294806,0.73916157,"family with sequence similarity 118 member B"
"908","FAM124A","230519_at",2.66e-10,3.85e-11,-7.07,14.4298119,-0.759,"family with sequence similarity 124 member A","241829_at",0.00999,0.00379,3.1846218,-2.666581,0.67048605,"family with sequence similarity 124 member A"
"909","FAM129C","230983_at",1.01e-15,7.9e-17,9.29,27.36472,2.37,"family with sequence similarity 129 member C","230983_at",3.16e-09,2.91e-11,11.0776511,15.853316,3.20216234,"family with sequence similarity 129 member C"
"910","FAM13A-AS1","243020_at",1.79e-19,9.25e-21,-10.7,36.3436669,-1.69,"FAM13A antisense RNA 1","1558711_at",0.000157,2.88e-05,-5.0740819,2.094624,-0.5993697,"FAM13A antisense RNA 1"
"911","FAM150B","238018_at",1.14e-08,1.98e-09,-6.34,10.5631932,-1.47,"family with sequence similarity 150 member B","238018_at",0.0374,0.0179,-2.5296573,-4.123978,-0.77892287,"family with sequence similarity 150 member B"
"912","FAM160A1","242687_at",1.12e-25,2.87e-27,13,51.2364906,1.61,"family with sequence similarity 160 member A1","242687_at",0.000343,7.21e-05,-4.7239076,1.187329,-1.03559667,"family with sequence similarity 160 member A1"
"913","FAM162A","224345_x_at",2.86e-17,1.89e-18,9.88,31.0664513,0.667,"family with sequence similarity 162 member A","235850_at",4.04e-07,1.98e-08,-7.9995991,9.359926,-1.0751137,"family with sequence similarity 162 member A"
"914","FAM162B","228875_at",0.000518,0.000161,-3.86,-0.3734085,-0.626,"family with sequence similarity 162 member B","228875_at",2.8e-06,2.28e-07,6.9752545,6.917791,1.05810885,"family with sequence similarity 162 member B"
"915","FAM167A","233641_s_at",0.00018,5.24e-05,4.15,0.6899112,0.661,"family with sequence similarity 167 member A","233641_s_at",8.75e-06,9.08e-07,-6.4177031,5.53524,-0.9153881,"family with sequence similarity 167 member A"
"916","FAM184A","1558523_at",0.000151,4.35e-05,-4.2,0.8679807,-0.702,"family with sequence similarity 184 member A","220150_s_at",8.37e-05,1.37e-05,-5.3595745,2.833793,-0.63258891,"family with sequence similarity 184 member A"
"917","FAM185A","1556373_a_at",4.25e-18,2.54e-19,-10.2,33.0565702,-1.9,"family with sequence similarity 185 member A","1556373_a_at",8.67e-10,4.04e-12,-12.1364242,17.8055,-2.1073673,"family with sequence similarity 185 member A"
"918","FAM189A2","213900_at",6.86e-18,4.19e-19,-10.1,32.5588307,-1.87,"family with sequence similarity 189 member A2","213900_at",7.42e-07,4.27e-08,-7.6703423,8.589714,-1.99264518,"family with sequence similarity 189 member A2"
"919","FAM196A","244435_at",1.87e-09,2.97e-10,-6.7,12.4235555,-0.656,"family with sequence similarity 196 member A","244435_at",7.41e-07,4.27e-08,-7.670942,8.59113,-1.5294056,"family with sequence similarity 196 member A"
"920","FAM20A","241981_at",9.84e-10,1.52e-10,6.82,13.0827979,1.38,"family with sequence similarity 20 member A","226804_at",1.3e-08,2.2e-10,10.0615347,13.849164,2.25649223,"family with sequence similarity 20 member A"
"921","FAM221A","228600_x_at",6.39e-17,4.39e-18,-9.75,30.2279543,-0.994,"family with sequence similarity 221 member A","228600_x_at",2.22e-06,1.71e-07,-7.0921198,7.203086,-1.00965884,"family with sequence similarity 221 member A"
"922","FAM223A","1552607_at",4.57e-14,4.28e-15,-8.64,23.4129864,-1.45,"family with sequence similarity 223 member A (non-protein coding)///family with sequence similarity 223 member B (non-protein coding)","1552607_at",3.82e-07,1.85e-08,-8.0282661,9.426301,-1.07102279,"family with sequence similarity 223 member A (non-protein coding)///family with sequence similarity 223 member B (non-protein coding)"
"923","FAM223B","244164_at",3.36e-14,3.11e-15,-8.69,23.727153,-0.909,"family with sequence similarity 223 member B (non-protein coding)","244164_at",5.35e-06,5.01e-07,-6.655611,6.129345,-0.90935092,"family with sequence similarity 223 member B (non-protein coding)"
"924","FAM234B","213234_at",3.67e-17,2.45e-18,-9.84,30.8069265,-1.35,"family with sequence similarity 234 member B","213234_at",3.14e-05,4.24e-06,-5.8116433,3.997675,-1.45459401,"family with sequence similarity 234 member B"
"925","FAM26F","229543_at",1.64e-20,7.54e-22,11.1,38.8325986,2.95,"family with sequence similarity 26 member F","229543_at",6.89e-08,2.04e-09,9.0094265,11.630754,2.51848107,"family with sequence similarity 26 member F"
"926","FAM27B","222205_x_at",1.39e-08,2.44e-09,6.3,10.3554663,0.692,"family with sequence similarity 27 member B///family with sequence similarity 27 member C///family with sequence similarity 182 member B","223791_at",0.00044,9.68e-05,4.611766,0.89733,0.79975606,"family with sequence similarity 27 member B///family with sequence similarity 27 member C"
"927","FAM3B","227194_at",4.86e-07,1.02e-07,-5.56,6.7097795,-1.28,"family with sequence similarity 3 member B","227194_at",0.0403,0.0196,-2.4901938,-4.205844,-1.22556478,"family with sequence similarity 3 member B"
"928","FAM3C","236316_at",3.38e-15,2.8e-16,-9.08,26.1097494,-0.743,"family with sequence similarity 3 member C","236316_at",0.00846,0.00312,-3.2629561,-2.481806,-0.69285788,"family with sequence similarity 3 member C"
"929","FAM46B","229518_at",1.34e-09,2.09e-10,6.77,12.7656627,0.805,"family with sequence similarity 46 member B","229518_at",0.0213,0.00921,-2.816812,-3.506341,-0.73428363,"family with sequence similarity 46 member B"
"930","FAM46C","226811_at",1.06e-07,2.05e-08,-5.89,8.2758477,-0.81,"family with sequence similarity 46 member C","220306_at",1.32e-09,8.3e-12,11.7430301,17.095746,3.39514353,"family with sequence similarity 46 member C"
"931","FAM47E-STBD1","203986_at",2.97e-06,6.85e-07,-5.16,4.862207,-0.68,"FAM47E-STBD1 readthrough///family with sequence similarity 47 member E///starch binding domain 1","203986_at",0.00154,0.000423,4.0474209,-0.549309,0.65939851,"FAM47E-STBD1 readthrough///family with sequence similarity 47 member E///starch binding domain 1"
"932","FAM63B","222111_at",7.54e-08,1.44e-08,-5.96,8.6223862,-0.832,"family with sequence similarity 63 member B","222111_at",0.000261,5.23e-05,-4.8463165,1.504317,-0.59056443,"family with sequence similarity 63 member B"
"933","FAM65C","227654_at",8.89e-32,1.11e-33,15.3,65.9299258,2.93,"family with sequence similarity 65 member C","227654_at",1.85e-07,7.31e-09,8.4345566,10.355071,1.80427749,"family with sequence similarity 65 member C"
"934","FAM83A","239586_at",1.79e-45,4.61e-48,20.7,98.8673687,4.97,"family with sequence similarity 83 member A","242944_at",0.0349,0.0165,2.5649933,-4.050024,0.69858107,"family with sequence similarity 83 member A"
"935","FAM83B","232202_at",5.22e-07,1.1e-07,5.55,6.6372194,0.586,"family with sequence similarity 83 member B","232202_at",2.72e-06,2.19e-07,-6.9906352,6.955432,-1.36917354,"family with sequence similarity 83 member B"
"936","FAM83G","228587_at",1.33e-13,1.32e-14,8.45,22.2986922,0.671,"family with sequence similarity 83 member G","228587_at",5.18e-07,2.72e-08,-7.8627048,9.041447,-1.27629711,"family with sequence similarity 83 member G"
"937","FAM84A","231439_at",6.47e-10,9.77e-11,6.9,13.5135326,1.07,"family with sequence similarity 84 member A","234335_s_at",0.0119,0.00466,-3.0997885,-2.864505,-0.65032035,"family with sequence similarity 84 member A"
"938","FANCC","1559513_a_at",4.59e-07,9.62e-08,-5.58,6.7688632,-0.668,"Fanconi anemia complementation group C","242654_at",1.1e-06,7.02e-08,-7.461187,8.09305,-0.65430509,"Fanconi anemia complementation group C"
"939","FARP1","201911_s_at",0.00329,0.00116,-3.3,-2.2302713,-0.679,"FERM, ARH/RhoGEF and pleckstrin domain protein 1","201911_s_at",9.94e-05,1.68e-05,5.2808937,2.630279,0.71532023,"FERM, ARH/RhoGEF and pleckstrin domain protein 1"
"940","FARP2","225652_at",2.1e-22,7.76e-24,11.8,43.3802495,0.912,"FERM, ARH/RhoGEF and pleckstrin domain protein 2","242857_at",0.000259,5.18e-05,-4.8502493,1.514507,-0.63319347,"FERM, ARH/RhoGEF and pleckstrin domain protein 2"
"941","FASTKD2","216996_s_at",4.15e-25,1.14e-26,12.8,49.861065,0.739,"FAST kinase domains 2","205976_at",1.44e-05,1.67e-06,-6.1772131,4.928942,-0.90674435,"FAST kinase domains 2"
"942","FAXDC2","48031_r_at",9.93e-11,1.36e-11,-7.26,15.4505722,-0.658,"fatty acid hydroxylase domain containing 2","48031_r_at",0.00012,2.11e-05,-5.1938991,2.405059,-1.02976516,"fatty acid hydroxylase domain containing 2"
"943","FBLIM1","225258_at",2.49e-11,3.18e-12,7.52,16.8840951,0.906,"filamin binding LIM protein 1","1554795_a_at",7.63e-08,2.33e-09,8.9479467,11.496483,1.62850449,"filamin binding LIM protein 1"
"944","FBLN1","201787_at",0.000111,3.14e-05,-4.28,1.1802864,-0.691,"fibulin 1","207835_at",0.000108,1.84e-05,-5.2451812,2.537846,-0.66424691,"fibulin 1"
"945","FBLN7","229247_at",7.01e-07,1.5e-07,-5.48,6.3364315,-0.936,"fibulin 7","229247_at",0.000953,0.000239,4.2657446,0.006967,0.78702711,"fibulin 7"
"946","FBN1","202765_s_at",0.0682,0.0314,-2.17,-5.2084496,-0.67,"fibrillin 1","202765_s_at",0.0471,0.0236,2.4067184,-4.376408,0.66598392,"fibrillin 1"
"947","FBN2","203184_at",4.23e-19,2.28e-20,10.6,35.4489423,3.15,"fibrillin 2","203184_at",0.0014,0.000376,4.0923683,-0.435241,1.32608919,"fibrillin 2"
"948","FBP1","209696_at",2.05e-09,3.27e-10,-6.68,12.3261119,-1.51,"fructose-bisphosphatase 1","209696_at",8.91e-05,1.47e-05,5.3310186,2.759954,2.02626863,"fructose-bisphosphatase 1"
"949","FBXL20","235089_at",6.89e-27,1.57e-28,13.5,54.1279749,2.09,"F-box and leucine rich repeat protein 20","226842_at",7.02e-06,6.96e-07,-6.5238391,5.801014,-0.81505286,"F-box and leucine rich repeat protein 20"
"950","FBXO16","232693_s_at",2.44e-16,1.78e-17,-9.52,28.8390606,-0.692,"F-box protein 16///zinc finger protein 395","228427_at",2.3e-07,9.63e-09,8.3127577,10.078993,2.23158963,"F-box protein 16"
"951","FBXO22","225736_at",5e-20,2.44e-21,10.9,37.6673214,1.47,"F-box protein 22","1559214_at",6.97e-07,3.96e-08,-7.7029342,8.666594,-1.78904711,"F-box protein 22"
"952","FBXO28","202272_s_at",6.47e-16,4.96e-17,9.36,27.8251288,1.08,"F-box protein 28","202271_at",5.57e-09,6.63e-11,-10.6562009,15.038099,-0.77494563,"F-box protein 28"
"953","FBXO42","221813_at",6.65e-08,1.26e-08,5.99,8.7498941,0.598,"F-box protein 42","221812_at",8.32e-07,4.93e-08,-7.6098771,8.446716,-0.76696212,"F-box protein 42"
"954","FBXO45","225100_at",1.05e-38,6.15e-41,17.9,82.5537366,4.24,"F-box protein 45","225099_at",0.000584,0.000134,-4.4870129,0.575396,-0.63075677,"F-box protein 45"
"955","FBXO5","218875_s_at",7.47e-19,4.15e-20,10.5,34.851863,1.6,"F-box protein 5","218875_s_at",0.000192,3.65e-05,4.9835598,1.859999,0.58603912,"F-box protein 5"
"956","FBXO6","231769_at",1.44e-35,1.18e-37,16.7,75.0282663,2.45,"F-box protein 6","231769_at",3.93e-07,1.91e-08,8.0135517,9.392246,1.30639382,"F-box protein 6"
"957","FBXO9","1566509_s_at",1.93e-31,2.49e-33,15.2,65.1232827,1.18,"F-box protein 9","238472_at",3.58e-05,4.95e-06,-5.7517625,3.844178,-0.8087093,"F-box protein 9"
"958","FBXW7","218751_s_at",1.56e-12,1.74e-13,-8.02,19.7529984,-0.935,"F-box and WD repeat domain containing 7","239494_at",2.57e-05,3.35e-06,5.9041247,4.23425,1.2967152,"F-box and WD repeat domain containing 7"
"959","FCER1G","1554899_s_at",0.000294,8.82e-05,4.02,0.1944203,0.888,"Fc fragment of IgE receptor Ig","1554899_s_at",5.07e-08,1.38e-09,9.1896424,12.021369,1.53352495,"Fc fragment of IgE receptor Ig"
"960","FCF1","215567_at",7.34e-16,5.68e-17,-9.34,27.6919289,-0.774,"FCF1 rRNA-processing protein","215567_at",8.24e-05,1.34e-05,-5.3673519,2.853898,-0.88224796,"FCF1 rRNA-processing protein"
"961","FCGBP","203240_at",4.61e-10,6.85e-11,-6.97,13.8636353,-0.896,"Fc fragment of IgG binding protein","203240_at",7.76e-07,4.51e-08,-7.6471159,8.534841,-1.86075765,"Fc fragment of IgG binding protein"
"962","FCGR1CP","216950_s_at",0.00014,4e-05,4.22,0.9465486,0.585,"Fc fragment of IgG receptor Ic, pseudogene///Fc fragment of IgG receptor Ib///Fc fragment of IgG receptor Ia","216950_s_at",7.67e-11,9.73e-14,14.3299073,21.452159,4.67225398,"Fc fragment of IgG receptor Ic, pseudogene///Fc fragment of IgG receptor Ib///Fc fragment of IgG receptor Ia"
"963","FCGR3B","204007_at",3.14e-14,2.88e-15,8.7,23.8031162,2.36,"Fc fragment of IgG receptor IIIb","204006_s_at",0.000724,0.000173,4.3901395,0.326063,2.19945233,"Fc fragment of IgG receptor IIIb///Fc fragment of IgG receptor IIIa"
"964","FCHSD2","1554360_at",1.45e-21,5.91e-23,-11.5,41.3617729,-2,"FCH and double SH3 domains 2","1554360_at",4.4e-08,1.13e-09,-9.2806874,12.217026,-1.38489564,"FCH and double SH3 domains 2"
"965","FCMR","221601_s_at",3.11e-11,4.02e-12,7.47,16.6538973,1.21,"Fc fragment of IgM receptor","221601_s_at",8.46e-09,1.23e-10,10.3482285,14.428091,2.52964791,"Fc fragment of IgM receptor"
"966","FDPSP2","231366_at",0.000121,3.42e-05,-4.26,1.0965525,-0.951,"farnesyl diphosphate synthase pseudogene 2","231366_at",2.82e-07,1.25e-08,-8.1974689,9.815813,-2.27734855,"farnesyl diphosphate synthase pseudogene 2"
"967","FER","206412_at",8.04e-09,1.37e-09,6.41,10.9222739,0.855,"FER tyrosine kinase","232064_at",0.000776,0.000188,-4.358072,0.243679,-0.66862288,"FER tyrosine kinase"
"968","FERMT2","209210_s_at",2.58e-24,7.8e-26,-12.5,47.9527491,-0.898,"fermitin family member 2","209209_s_at",0.000344,7.25e-05,4.7219815,1.182344,0.66226002,"fermitin family member 2"
"969","FGD3","227811_at",3.96e-19,2.12e-20,10.6,35.5199122,1.26,"FYVE, RhoGEF and PH domain containing 3","227811_at",6.87e-06,6.79e-07,6.5339362,5.826238,1.0604608,"FYVE, RhoGEF and PH domain containing 3"
"970","FGD4","230559_x_at",2.51e-20,1.18e-21,-11,38.3855584,-0.701,"FYVE, RhoGEF and PH domain containing 4","227948_at",6.36e-05,9.85e-06,-5.4858898,3.160041,-0.80972473,"FYVE, RhoGEF and PH domain containing 4"
"971","FGD6","219901_at",1.89e-06,4.27e-07,5.26,5.3207657,0.631,"FYVE, RhoGEF and PH domain containing 6","1555136_at",7.72e-05,1.24e-05,-5.3971813,2.93099,-1.31077919,"FYVE, RhoGEF and PH domain containing 6"
"972","FGF1","205117_at",5.52e-17,3.77e-18,-9.77,30.3799486,-1.9,"fibroblast growth factor 1","1552721_a_at",0.0152,0.00622,2.9811947,-3.137107,0.63414409,"fibroblast growth factor 1"
"973","FGF14","230231_at",1.67e-07,3.33e-08,-5.79,7.8036664,-1.04,"fibroblast growth factor 14","230231_at",0.0263,0.0119,-2.7085012,-3.743637,-0.92927882,"fibroblast growth factor 14"
"974","FGF7P3","231031_at",1.08e-06,2.37e-07,-5.39,5.8909255,-0.711,"fibroblast growth factor 7 pseudogene 3","1554741_s_at",5.71e-05,8.65e-06,5.5359066,3.289033,0.73624838,"fibroblast growth factor 7 pseudogene 3///fibroblast growth factor 7 pseudogene 6///fibroblast growth factor 7"
"975","FGFBP2","223836_at",1.87e-25,4.92e-27,-12.9,50.7005547,-3.09,"fibroblast growth factor binding protein 2","223836_at",0.00107,0.000276,-4.2115699,-0.131557,-1.68454237,"fibroblast growth factor binding protein 2"
"976","FGFR1OP","205588_s_at",2.96e-10,4.3e-11,7.05,14.3205713,0.981,"FGFR1 oncogene partner","1568678_s_at",9.97e-08,3.25e-09,8.7960638,11.162559,0.65344124,"FGFR1 oncogene partner"
"977","FGFR1OP2","1556283_s_at",1.31e-16,9.32e-18,9.63,29.4829288,1.24,"FGFR1 oncogene partner 2","1556283_s_at",7.97e-10,3.55e-12,12.2078108,17.932373,1.19719335,"FGFR1 oncogene partner 2"
"978","FGR","208438_s_at",8.91e-05,2.48e-05,4.34,1.4025787,0.935,"FGR proto-oncogene, Src family tyrosine kinase","208438_s_at",1.73e-08,3.21e-10,9.8777025,13.472254,1.86008688,"FGR proto-oncogene, Src family tyrosine kinase"
"979","FHDC1","226599_at",3.33e-27,7.28e-29,13.6,54.8918485,1.41,"FH2 domain containing 1","226599_at",0.000694,0.000164,-4.409873,0.3768,-0.81575006,"FH2 domain containing 1"
"980","FHL1","201540_at",2.11e-17,1.38e-18,-9.93,31.3782255,-0.823,"four and a half LIM domains 1","210298_x_at",0.0355,0.0169,-2.556123,-4.068646,-0.65819446,"four and a half LIM domains 1"
"981","FIBIN","226769_at",3.47e-17,2.31e-18,-9.85,30.8641563,-1.75,"fin bud initiation factor homolog (zebrafish)","231001_at",0.00163,0.000452,4.0220273,-0.613637,1.28725597,"fin bud initiation factor homolog (zebrafish)"
"982","FIGN","239710_at",2.23e-11,2.83e-12,-7.54,17.000009,-0.901,"fidgetin, microtubule severing factor","239710_at",0.0321,0.015,-2.6069463,-3.961443,-0.58889335,"fidgetin, microtubule severing factor"
"983","FILIP1","1570515_a_at",3.38e-08,6.21e-09,-6.12,9.4434102,-0.62,"filamin A interacting protein 1","231945_at",8.57e-05,1.41e-05,5.3484736,2.805092,0.94966469,"filamin A interacting protein 1"
"984","FILIP1L","1554966_a_at",5.61e-06,1.34e-06,-5.01,4.213439,-0.607,"filamin A interacting protein 1 like","1554966_a_at",2.26e-05,2.87e-06,5.9644226,4.388156,0.58816671,"filamin A interacting protein 1 like"
"985","FKBP10","219249_s_at",0.000104,2.92e-05,-4.3,1.2486207,-0.836,"FK506 binding protein 10","219249_s_at",4.09e-11,3.3e-14,15.0201547,22.500038,1.57990515,"FK506 binding protein 10"
"986","FKBP11","219118_at",5.78e-15,4.92e-16,8.99,25.5533941,1.44,"FK506 binding protein 11","219118_at",5.86e-11,5.71e-14,14.6668647,21.969247,3.18963807,"FK506 binding protein 11"
"987","FKBP1A-SDCBP2","233565_s_at",3.08e-30,4.58e-32,14.7,62.2270943,1.84,"FKBP1A-SDCBP2 readthrough (NMD candidate)///syndecan binding protein 2","233565_s_at",0.00769,0.00279,-3.3079589,-2.374826,-0.67842607,"FKBP1A-SDCBP2 readthrough (NMD candidate)///syndecan binding protein 2"
"988","FKBP7","224002_s_at",1.61e-11,2.02e-12,-7.59,17.3336703,-0.981,"FK506 binding protein 7","224002_s_at",6.35e-09,8.19e-11,10.5498184,14.828764,1.41010861,"FK506 binding protein 7"
"989","FKRP","227882_at",9.17e-09,1.57e-09,6.39,10.7860745,0.86,"fukutin related protein","219853_at",0.000322,6.69e-05,4.7525105,1.261365,0.69866324,"fukutin related protein"
"990","FLG2","1569410_at",5.27e-05,1.42e-05,-4.47,1.9353911,-0.714,"filaggrin family member 2","1569410_at",7.47e-06,7.52e-07,-6.4930517,5.724039,-1.09358708,"filaggrin family member 2"
"991","FLJ32255","235292_at",6.48e-09,1.09e-09,6.46,11.1457862,0.832,"uncharacterized LOC643977","235291_s_at",1.58e-11,5.22e-15,16.2598063,24.275374,2.20527002,"uncharacterized LOC643977"
"992","FLNB","208613_s_at",2.02e-13,2.05e-14,8.38,21.8646076,0.686,"filamin B","208614_s_at",0.00042,9.15e-05,-4.6331797,0.952668,-0.63682167,"filamin B"
"993","FLVCR2","222866_s_at",8.44e-55,5.86e-58,24.7,121.4883947,4.79,"feline leukemia virus subgroup C cellular receptor family member 2","219316_s_at",2.15e-05,2.7e-06,5.9877492,4.447621,0.96079898,"feline leukemia virus subgroup C cellular receptor family member 2"
"994","FMNL3","227844_at",3.31e-05,8.69e-06,4.59,2.4095935,0.683,"formin like 3","230640_at",2.54e-07,1.1e-08,8.2551723,9.947764,1.4518668,"formin like 3"
"995","FMO1","205666_at",5.29e-13,5.6e-14,8.21,20.8699926,1.67,"flavin containing monooxygenase 1","205666_at",9.59e-10,5.06e-12,12.0127052,17.58423,2.46692363,"flavin containing monooxygenase 1"
"996","FMO2","228268_at",0.0529,0.0237,2.28,-4.9640467,0.692,"flavin containing monooxygenase 2","228268_at",0.0048,0.00161,3.5268634,-1.846613,1.27111038,"flavin containing monooxygenase 2"
"997","FMO3","40665_at",0.00277,0.000964,3.36,-2.0581969,0.818,"flavin containing monooxygenase 3","40665_at",0.00274,0.000836,3.7837246,-1.212614,1.80129635,"flavin containing monooxygenase 3"
"998","FMO5","215300_s_at",5.29e-11,7.02e-12,-7.38,16.1050468,-1.14,"flavin containing monooxygenase 5","205776_at",0.00675,0.0024,-3.3689326,-2.228964,-1.35147513,"flavin containing monooxygenase 5"
"999","FN1","210495_x_at",2.37e-09,3.8e-10,-6.65,12.1790658,-0.609,"fibronectin 1","214702_at",1.67e-06,1.19e-07,7.2421967,7.567029,1.05342239,"fibronectin 1"
"1000","FNBP1","230086_at",1.75e-09,2.77e-10,-6.71,12.4919885,-0.771,"formin binding protein 1","230086_at",0.000174,3.25e-05,-5.0284568,1.976372,-0.93268359,"formin binding protein 1"
"1001","FNDC1","226930_at",0.000175,5.09e-05,-4.16,0.7173545,-1.06,"fibronectin type III domain containing 1","226930_at",4.94e-05,7.26e-06,5.6037091,3.463694,0.96714389,"fibronectin type III domain containing 1"
"1002","FNTB","1568865_at",9.13e-06,2.24e-06,-4.9,3.7177312,-0.672,"farnesyltransferase, CAAX box, beta","1568865_at",5.18e-07,2.72e-08,-7.8623543,9.040628,-1.22673898,"farnesyltransferase, CAAX box, beta"
"1003","FOSL1","204420_at",3.78e-38,2.37e-40,17.7,81.2095924,4.1,"FOS like 1, AP-1 transcription factor subunit","204420_at",0.0462,0.023,2.4177127,-4.35415,0.96507093,"FOS like 1, AP-1 transcription factor subunit"
"1004","FOSL2","218880_at",6.54e-32,7.92e-34,15.3,66.2632972,2.45,"FOS like 2, AP-1 transcription factor subunit","218880_at",0.000144,2.61e-05,5.1126361,2.194536,0.8461669,"FOS like 2, AP-1 transcription factor subunit"
"1005","FOXN1","1558687_a_at",1.31e-08,2.29e-09,6.32,10.4196081,1.04,"forkhead box N1","207683_at",1.45e-06,1e-07,-7.3128127,7.737311,-1.08734648,"forkhead box N1"
"1006","FOXP1-IT1","232096_x_at",4.42e-17,2.98e-18,-9.81,30.6132332,-0.825,"FOXP1 intronic transcript 1","232096_x_at",0.000242,4.8e-05,-4.8793072,1.5898,-0.64195807,"FOXP1 intronic transcript 1"
"1007","FPR1","205119_s_at",2.78e-05,7.23e-06,4.63,2.5870448,0.758,"formyl peptide receptor 1","205119_s_at",2.3e-07,9.63e-09,8.3129981,10.07954,3.3008552,"formyl peptide receptor 1"
"1008","FPR3","230422_at",1.37e-11,1.7e-12,7.62,17.5045316,1.52,"formyl peptide receptor 3","214560_at",7.72e-05,1.24e-05,5.3974122,2.931587,1.74162771,"formyl peptide receptor 3"
"1009","FRA10AC1","238596_at",6.67e-14,6.39e-15,-8.57,23.0160705,-0.656,"fragile site, folic acid type, rare, fra(10)(q23.3) or fra(10)(q24.2) candidate 1","238596_at",3.29e-06,2.79e-07,-6.892557,6.714929,-1.44147663,"fragile site, folic acid type, rare, fra(10)(q23.3) or fra(10)(q24.2) candidate 1"
"1010","FREM2","230964_at",1.36e-13,1.35e-14,-8.44,22.2778309,-2.38,"FRAS1 related extracellular matrix protein 2","230964_at",8.32e-05,1.36e-05,-5.3624001,2.841097,-2.03988899,"FRAS1 related extracellular matrix protein 2"
"1011","FRG1HP","232140_at",2.64e-07,5.38e-08,-5.69,7.335394,-0.585,"FSHD region gene 1 family member H, pseudogene","232140_at",2.8e-06,2.27e-07,-6.9758052,6.919139,-0.63293796,"FSHD region gene 1 family member H, pseudogene"
"1012","FRK","207178_s_at",6.34e-09,1.07e-09,6.46,11.1680848,0.916,"fyn related Src family tyrosine kinase","235924_at",0.00219,0.000641,-3.8865196,-0.955347,-0.68302422,"fyn related Src family tyrosine kinase"
"1013","FRMD4A","225168_at",2.62e-18,1.54e-19,-10.3,33.5525479,-0.686,"FERM domain containing 4A","225163_at",5.33e-05,7.96e-06,-5.5678147,3.371259,-0.59428349,"FERM domain containing 4A"
"1014","FRMPD1","206774_at",3.7e-12,4.3e-13,7.86,18.8583635,0.939,"FERM and PDZ domain containing 1","206774_at",6.59e-05,1.03e-05,-5.4692092,3.116997,-0.98325998,"FERM and PDZ domain containing 1"
"1015","FRY","214319_at",3.35e-12,3.87e-13,7.88,18.9615172,1.42,"FRY microtubule binding protein","204072_s_at",0.00025,4.98e-05,-4.8653946,1.553749,-0.64952571,"FRY microtubule binding protein"
"1016","FSCN1","201564_s_at",2.03e-21,8.45e-23,11.4,41.0067964,0.813,"fascin actin-bundling protein 1","201564_s_at",2.29e-05,2.9e-06,5.9596276,4.375928,0.8100793,"fascin actin-bundling protein 1"
"1017","FST","207345_at",1.3e-14,1.15e-15,-8.85,24.71553,-0.833,"follistatin","204948_s_at",0.0025,0.000748,-3.8268279,-1.104959,-0.67875052,"follistatin"
"1018","FTSJ1","213937_s_at",1.72e-22,6.28e-24,11.8,43.5898378,1.31,"FtsJ RNA methyltransferase homolog 1 (E. coli)","213937_s_at",1.04e-06,6.52e-08,7.4920435,8.166678,0.59739481,"FtsJ RNA methyltransferase homolog 1 (E. coli)"
"1019","FTX","242121_at",2.48e-09,3.99e-10,-6.65,12.1316081,-0.989,"FTX transcript, XIST regulator (non-protein coding)","1558515_at",0.000246,4.89e-05,-4.8722995,1.571641,-1.52848048,"FTX transcript, XIST regulator (non-protein coding)"
"1020","FUBP1","214094_at",4.23e-11,5.55e-12,-7.42,16.3360511,-0.888,"far upstream element binding protein 1","214094_at",0.000217,4.21e-05,-4.9293541,1.719501,-0.61388706,"far upstream element binding protein 1"
"1021","FUBP3","239193_at",1.23e-07,2.4e-08,-5.86,8.123188,-0.656,"far upstream element binding protein 3","239193_at",0.00041,8.88e-05,-4.6446129,0.982222,-0.85248248,"far upstream element binding protein 3"
"1022","FUS","231108_at",0.0033,0.00117,-3.3,-2.2342723,-0.723,"FUS RNA binding protein","231108_at",0.000514,0.000116,-4.5439168,0.722137,-1.04977557,"FUS RNA binding protein"
"1023","FUT8","203988_s_at",1.09e-09,1.69e-10,-6.8,12.9761978,-1.02,"fucosyltransferase 8","1554930_a_at",1.12e-05,1.22e-06,6.3001678,5.239609,1.86754734,"fucosyltransferase 8"
"1024","FYB","227266_s_at",3.27e-10,4.77e-11,7.03,14.2192477,1.42,"FYN binding protein","211795_s_at",1.23e-06,8.09e-08,7.402093,7.951702,1.91617586,"FYN binding protein"
"1025","FYN","212486_s_at",7.12e-05,1.96e-05,-4.39,1.629828,-0.689,"FYN proto-oncogene, Src family tyrosine kinase","243006_at",0.0198,0.00845,-2.853353,-3.42518,-0.72243327,"FYN proto-oncogene, Src family tyrosine kinase"
"1026","FZD5","221245_s_at",9.55e-28,1.96e-29,13.8,56.1976161,2.29,"frizzled class receptor 5","221245_s_at",0.000581,0.000133,4.4900554,0.583237,0.77221281,"frizzled class receptor 5"
"1027","G0S2","213524_s_at",0.00019,5.55e-05,-4.14,0.6354106,-0.867,"G0/G1 switch 2","213524_s_at",0.00126,0.000332,4.1401672,-0.313662,1.34957397,"G0/G1 switch 2"
"1028","G3BP1","201514_s_at",0.000671,0.000212,3.79,-0.635995,0.68,"G3BP stress granule assembly factor 1","244396_at",0.0319,0.0149,-2.6099216,-3.955129,-0.66141038,"G3BP stress granule assembly factor 1"
"1029","GAB1","225998_at",4.49e-06,1.06e-06,5.07,4.4381046,0.816,"GRB2 associated binding protein 1","207112_s_at",0.00144,0.000389,-4.0795183,-0.467878,-0.59786219,"GRB2 associated binding protein 1"
"1030","GABBR1","238569_at",7.36e-21,3.27e-22,-11.2,39.6636841,-1.06,"gamma-aminobutyric acid type B receptor subunit 1","203146_s_at",0.000321,6.66e-05,-4.7544833,1.266473,-0.66264087,"gamma-aminobutyric acid type B receptor subunit 1"
"1031","GABPB1","206173_x_at",2.29e-09,3.68e-10,6.66,12.2126452,0.925,"GA binding protein transcription factor beta subunit 1","206173_x_at",2.69e-06,2.16e-07,6.9960893,6.968773,1.0119267,"GA binding protein transcription factor beta subunit 1"
"1032","GABPB1-AS1","231979_at",0.000583,0.000182,-3.83,-0.4929024,-0.594,"GABPB1 antisense RNA 1","235172_at",0.0098,0.0037,-3.1936552,-2.64537,-1.13465133,"GABPB1 antisense RNA 1"
"1033","GABRA4","208463_at",1.36e-14,1.19e-15,8.84,24.6752646,2.03,"gamma-aminobutyric acid type A receptor alpha4 subunit","233437_at",0.0206,0.00886,-2.833503,-3.469336,-0.84838861,"gamma-aminobutyric acid type A receptor alpha4 subunit"
"1034","GALK2","230918_at",6.37e-19,3.51e-20,-10.5,35.018267,-2.14,"galactokinase 2","230918_at",0.000185,3.48e-05,-5.0017386,1.907119,-1.27074422,"galactokinase 2"
"1035","GALNT2","239930_at",7.89e-08,1.51e-08,-5.95,8.5761062,-0.726,"polypeptide N-acetylgalactosaminyltransferase 2","223991_s_at",1.48e-11,3.53e-15,16.5333166,24.649743,1.57452679,"polypeptide N-acetylgalactosaminyltransferase 2"
"1036","GALNT6","219956_at",5.38e-42,2.04e-44,19.2,90.5220842,3.64,"polypeptide N-acetylgalactosaminyltransferase 6","219956_at",0.0216,0.00939,2.8086797,-3.52433,0.65261629,"polypeptide N-acetylgalactosaminyltransferase 6"
"1037","GALNT7","222587_s_at",1.48e-08,2.6e-09,-6.29,10.2959627,-1.24,"polypeptide N-acetylgalactosaminyltransferase 7","218313_s_at",0.00102,0.000258,4.2365796,-0.067644,0.7480276,"polypeptide N-acetylgalactosaminyltransferase 7"
"1038","GALNT8","205616_at",4.45e-10,6.59e-11,-6.98,13.9010555,-1.16,"polypeptide N-acetylgalactosaminyltransferase 8///potassium voltage-gated channel subfamily A member 6","205616_at",1.12e-05,1.23e-06,-6.2973264,5.232445,-1.17346815,"polypeptide N-acetylgalactosaminyltransferase 8///potassium voltage-gated channel subfamily A member 6"
"1039","GAN","228567_at",4.52e-23,1.55e-24,-12.1,44.9817127,-0.928,"gigaxonin","228567_at",1.43e-07,5.27e-09,-8.5797663,10.681569,-1.9545361,"gigaxonin"
"1040","GAPDHP62","238807_at",6.56e-05,1.8e-05,-4.42,1.712959,-0.596,"glyceraldehyde 3 phosphate dehydrogenase pseudogene 62///ankyrin repeat domain 46","238807_at",0.00053,0.00012,-4.5299451,0.68609,-0.68064923,"glyceraldehyde 3 phosphate dehydrogenase pseudogene 62///ankyrin repeat domain 46"
"1041","GAPVD1","214869_x_at",1.37e-25,3.56e-27,13,51.0241057,1.11,"GTPase activating protein and VPS9 domains 1","235553_at",3.41e-06,2.91e-07,-6.8756825,6.673437,-0.72168032,"GTPase activating protein and VPS9 domains 1"
"1042","GAREM1","235065_at",1.93e-12,2.17e-13,7.98,19.5341943,0.939,"GRB2 associated regulator of MAPK1 subtype 1","237262_at",3.8e-05,5.3e-06,-5.7250831,3.775713,-1.2628779,"GRB2 associated regulator of MAPK1 subtype 1"
"1043","GARNL3","223604_at",1.82e-10,2.57e-11,-7.15,14.8256587,-0.872,"GTPase activating Rap/RanGAP domain like 3","223604_at",3.07e-06,2.56e-07,-6.9276699,6.801161,-0.97490543,"GTPase activating Rap/RanGAP domain like 3"
"1044","GART","230766_at",2.15e-07,4.32e-08,5.74,7.5494162,1.12,"phosphoribosylglycinamide formyltransferase, phosphoribosylglycinamide synthetase, phosphoribosylaminoimidazole synthetase","236969_at",0.000276,5.6e-05,-4.8207664,1.438126,-0.86669629,"phosphoribosylglycinamide formyltransferase, phosphoribosylglycinamide synthetase, phosphoribosylaminoimidazole synthetase"
"1045","GAS1RR","1556936_at",2.28e-10,3.27e-11,-7.1,14.5895317,-1.03,"GAS1 adjacent regulatory RNA","1556936_at",0.00123,0.000324,-4.1493504,-0.290273,-1.02888193,"GAS1 adjacent regulatory RNA"
"1046","GATA3","209602_s_at",3.19e-19,1.69e-20,-10.6,35.7444281,-0.927,"GATA binding protein 3","209603_at",9.38e-09,1.42e-10,-10.2760463,14.283344,-1.85875226,"GATA binding protein 3"
"1047","GATA6","210002_at",6.81e-19,3.77e-20,-10.5,34.9472028,-1.78,"GATA binding protein 6","210002_at",0.0122,0.00478,3.0900346,-2.887109,0.81240937,"GATA binding protein 6"
"1048","GATAD2B","238076_at",1e-24,2.91e-26,-12.7,48.9329725,-0.725,"GATA zinc finger domain containing 2B","238076_at",5.05e-07,2.63e-08,-7.876468,9.073579,-0.86876848,"GATA zinc finger domain containing 2B"
"1049","GATB","233593_at",4.07e-35,3.55e-37,16.6,73.9367415,3.07,"glutamyl-tRNA amidotransferase subunit B","233593_at",6.02e-06,5.79e-07,-6.5975252,5.984843,-0.75303932,"glutamyl-tRNA amidotransferase subunit B"
"1050","GATM","231686_at",0.0014,0.000466,-3.57,-1.3787014,-0.667,"glycine amidinotransferase","203178_at",1.08e-05,1.17e-06,-6.3175715,5.283468,-0.83392253,"glycine amidinotransferase"
"1051","GBP1","202269_x_at",4.65e-36,3.66e-38,16.9,76.1970613,3.23,"guanylate binding protein 1","231577_s_at",1.31e-06,8.76e-08,7.3687825,7.871831,2.05610138,"guanylate binding protein 1"
"1052","GBP3","223434_at",3.96e-13,4.14e-14,8.26,21.169086,1.05,"guanylate binding protein 3","223434_at",4.81e-06,4.4e-07,6.7074492,6.257994,0.79744704,"guanylate binding protein 3"
"1053","GBP4","235175_at",1.42e-07,2.8e-08,5.83,7.9711514,0.76,"guanylate binding protein 4","235175_at",2.06e-06,1.56e-07,7.1294653,7.293909,1.6762247,"guanylate binding protein 4"
"1054","GBP5","229625_at",3.86e-27,8.55e-29,13.6,54.732224,1.83,"guanylate binding protein 5","238581_at",2.85e-08,6.3e-10,9.5551132,12.799967,3.39335552,"guanylate binding protein 5"
"1055","GBP6","1559607_s_at",1.14e-16,8.05e-18,9.65,29.6271581,1.93,"guanylate binding protein family member 6","1559606_at",0.0333,0.0157,2.5884658,-4.000567,0.70807921,"guanylate binding protein family member 6"
"1056","GCLM","203925_at",8.31e-07,1.79e-07,5.45,6.1624367,0.963,"glutamate-cysteine ligase modifier subunit","203925_at",0.000732,0.000175,4.3852603,0.313523,0.60186537,"glutamate-cysteine ligase modifier subunit"
"1057","GCNT2","230788_at",1.29e-21,5.26e-23,-11.5,41.4781415,-1.22,"glucosaminyl (N-acetyl) transferase 2, I-branching enzyme (I blood group)","230788_at",0.0364,0.0174,-2.543072,-4.095974,-0.87017514,"glucosaminyl (N-acetyl) transferase 2, I-branching enzyme (I blood group)"
"1058","GDAP2","219473_at",1.65e-16,1.19e-17,9.59,29.2411719,1.09,"ganglioside induced differentiation associated protein 2","1554154_at",9.74e-05,1.64e-05,-5.2908924,2.656152,-0.72400538,"ganglioside induced differentiation associated protein 2"
"1059","GDF7","214238_at",1.37e-09,2.14e-10,-6.76,12.7456088,-0.614,"growth differentiation factor 7","214238_at",5.09e-05,7.53e-06,-5.5892286,3.426412,-0.88317603,"growth differentiation factor 7"
"1060","GDPD2","220291_at",1.73e-20,7.95e-22,-11.1,38.7795966,-1.35,"glycerophosphodiester phosphodiesterase domain containing 2","220291_at",5.28e-08,1.45e-09,-9.1653975,11.969076,-2.22898319,"glycerophosphodiester phosphodiesterase domain containing 2"
"1061","GDPD5","32502_at",1.06e-08,1.84e-09,-6.36,10.6360166,-1.04,"glycerophosphodiester phosphodiesterase domain containing 5","213343_s_at",0.000449,9.89e-05,4.6034271,0.875786,0.61586829,"glycerophosphodiester phosphodiesterase domain containing 5"
"1062","GFPT1","202721_s_at",1.9e-10,2.69e-11,7.14,14.7805363,0.782,"glutamine--fructose-6-phosphate transaminase 1","202721_s_at",1.43e-09,9.26e-12,11.6838551,16.987413,1.08777892,"glutamine--fructose-6-phosphate transaminase 1"
"1063","GFRA1","230163_at",3.63e-08,6.67e-09,-6.11,9.3724415,-0.838,"GDNF family receptor alpha 1","205696_s_at",0.000779,0.000189,-4.3567466,0.240276,-0.96639507,"GDNF family receptor alpha 1"
"1064","GGA2","208913_at",2.22e-11,2.82e-12,-7.54,17.0016033,-0.591,"golgi associated, gamma adaptin ear containing, ARF binding protein 2","208915_s_at",3.58e-07,1.69e-08,8.0683494,9.518924,0.63048423,"golgi associated, gamma adaptin ear containing, ARF binding protein 2"
"1065","GGCX","214005_at",2.88e-10,4.17e-11,7.06,14.3511594,0.764,"gamma-glutamyl carboxylase","214005_at",2.68e-06,2.16e-07,6.9971883,6.971461,0.85413658,"gamma-glutamyl carboxylase"
"1066","GHR","205498_at",7.42e-09,1.26e-09,-6.43,11.0056691,-0.669,"growth hormone receptor","205498_at",0.00352,0.00112,-3.6697039,-1.495726,-0.60238788,"growth hormone receptor"
"1067","GIGYF2","237052_x_at",1.53e-19,7.83e-21,-10.7,36.5085872,-0.743,"GRB10 interacting GYF protein 2","1560133_at",4.91e-07,2.54e-08,-7.891184,9.107909,-1.57928873,NA
"1068","GIMAP1","1552318_at",3.06e-06,7.08e-07,-5.15,4.8300484,-0.603,"GTPase, IMAP family member 1","1552316_a_at",3.64e-06,3.16e-07,6.8419913,6.590496,1.15348595,"GTPase, IMAP family member 1"
"1069","GIMAP6","219777_at",9.29e-11,1.27e-11,-7.27,15.5196479,-0.591,"GTPase, IMAP family member 6","229367_s_at",4.03e-06,3.57e-07,6.7923667,6.468093,0.95961648,"GTPase, IMAP family member 6"
"1070","GIPC2","236548_at",7.38e-06,1.79e-06,-4.95,3.9336117,-0.756,"GIPC PDZ domain containing family member 2","219970_at",4.65e-07,2.36e-08,-7.9233279,9.182793,-1.18139561,"GIPC PDZ domain containing family member 2"
"1071","GJB2","223278_at",1.31e-52,1.15e-55,23.7,116.2494531,1.86,"gap junction protein beta 2","223278_at",0.0053,0.00181,3.4806302,-1.959189,0.8615149,"gap junction protein beta 2"
"1072","GK","217167_x_at",1.17e-34,1.07e-36,16.4,72.8427653,2.62,"glycerol kinase","215977_x_at",4.22e-07,2.09e-08,7.976713,9.306857,2.04622604,"glycerol kinase"
"1073","GK3P","215966_x_at",6.14e-38,3.98e-40,17.6,80.6943502,3.09,"glycerol kinase 3 pseudogene","215966_x_at",5.71e-07,3.09e-08,7.8088205,8.915401,1.81072618,"glycerol kinase 3 pseudogene"
"1074","GLA","214430_at",3.09e-11,3.99e-12,7.48,16.6609168,0.595,"galactosidase alpha","214430_at",1.37e-07,4.94e-09,8.6083196,10.745431,0.78331658,"galactosidase alpha"
"1075","GLB1L2","213713_s_at",4.67e-11,6.16e-12,7.4,16.2341273,0.642,"galactosidase beta 1 like 2","213713_s_at",2.56e-05,3.33e-06,-5.9064687,4.240238,-1.00837239,"galactosidase beta 1 like 2"
"1076","GLB1L3","1569886_a_at",1.01e-29,1.6e-31,14.5,60.9786093,1.43,"galactosidase beta 1 like 3","1569886_a_at",0.000219,4.25e-05,-4.925948,1.710673,-1.26289496,"galactosidase beta 1 like 3"
"1077","GLDC","204836_at",2.17e-10,3.1e-11,-7.11,14.6413499,-2.71,"glycine decarboxylase","204836_at",0.0455,0.0226,2.4257139,-4.337911,1.11225884,"glycine decarboxylase"
"1078","GLDN","230360_at",1.9e-12,2.14e-13,-7.98,19.5486259,-0.79,"gliomedin","230360_at",6.6e-07,3.69e-08,-7.7325631,8.736364,-1.32938212,"gliomedin"
"1079","GLG1","225918_at",1.71e-18,9.89e-20,-10.3,33.991303,-0.644,"golgi glycoprotein 1","214730_s_at",0.00381,0.00123,3.6328283,-1.586734,0.63225607,"golgi glycoprotein 1"
"1080","GLIDR","228040_at",7.1e-15,6.09e-16,-8.95,25.341384,-1.06,"glioblastoma down-regulated RNA","228040_at",4.78e-08,1.27e-09,-9.2281099,12.104174,-1.3318855,"glioblastoma down-regulated RNA"
"1081","GLIPR1","226142_at",0.000463,0.000143,3.89,-0.2617343,0.652,"GLI pathogenesis related 1","204222_s_at",2.37e-07,1e-08,8.295547,10.03982,1.18610585,"GLI pathogenesis related 1"
"1082","GLIPR2","225602_at",1.02e-09,1.57e-10,-6.82,13.0451704,-0.592,"GLI pathogenesis related 2","225604_s_at",1.03e-08,1.62e-10,10.2121059,14.154557,1.79217957,"GLI pathogenesis related 2"
"1083","GLMP","1558692_at",2.78e-23,9.31e-25,-12.1,45.4879463,-0.782,"glycosylated lysosomal membrane protein","1558693_s_at",4.82e-09,5.31e-11,10.7690644,15.258609,0.88723491,"glycosylated lysosomal membrane protein"
"1084","GLRB","205280_at",2.44e-13,2.5e-14,-8.34,21.6671245,-1.44,"glycine receptor beta","205279_s_at",0.0356,0.0169,-2.5543784,-4.072304,-0.71722833,"glycine receptor beta"
"1085","GLRX3","209080_x_at",9.03e-22,3.6e-23,11.6,41.8550773,1.33,"glutaredoxin 3","230095_at",5.7e-07,3.08e-08,-7.8101764,8.918578,-0.98325044,"glutaredoxin 3"
"1086","GLS","203158_s_at",2.48e-14,2.26e-15,8.74,24.0451866,1.16,"glutaminase","203158_s_at",1.17e-06,7.54e-08,7.4316325,8.022414,0.91345684,"glutaminase"
"1087","GLT1D1","229770_at",1.92e-26,4.59e-28,13.3,53.0602536,1.74,"glycosyltransferase 1 domain containing 1","229770_at",0.00216,0.000629,3.894127,-0.936237,0.7778085,"glycosyltransferase 1 domain containing 1"
"1088","GLTP","219267_at",4.3e-18,2.57e-19,10.2,33.0451476,0.787,"glycolipid transfer protein","219267_at",0.000249,4.95e-05,-4.8678669,1.560155,-0.60171473,"glycolipid transfer protein"
"1089","GLUL","217202_s_at",2.94e-36,2.26e-38,17,76.6762322,3.46,"glutamate-ammonia ligase","242281_at",3.44e-07,1.6e-08,8.0903575,9.569687,2.13000556,"glutamate-ammonia ligase"
"1090","GLYCTK","238518_x_at",5.77e-12,6.85e-13,7.78,18.3993474,0.818,"glycerate kinase","238518_x_at",8.19e-06,8.39e-07,6.4492319,5.614311,0.76209046,"glycerate kinase"
"1091","GM2A","215891_s_at",1.14e-38,6.79e-41,17.9,82.4549693,4.14,"GM2 ganglioside activator","215890_at",0.00201,0.000579,3.9262001,-0.85557,0.97190181,"GM2 ganglioside activator"
"1092","GMFB","202543_s_at",1.45e-29,2.34e-31,14.5,60.6044862,2.44,"glia maturation factor beta","202543_s_at",1.68e-07,6.45e-09,8.4900547,10.480196,0.99644741,"glia maturation factor beta"
"1093","GMIP","218913_s_at",3.21e-14,2.96e-15,8.7,23.777545,1.08,"GEM interacting protein","218913_s_at",4.9e-06,4.51e-07,6.698143,6.23492,1.05141106,"GEM interacting protein"
"1094","GNAS","228173_at",1.88e-08,3.34e-09,-6.24,10.049062,-0.871,"GNAS complex locus","214157_at",0.00169,0.000473,4.0038359,-0.659665,0.64249922,"GNAS complex locus"
"1095","GNB1","200744_s_at",5.25e-17,3.57e-18,9.78,30.4330608,0.804,"G protein subunit beta 1","200744_s_at",7e-08,2.09e-09,8.9982566,11.606398,0.93434825,"G protein subunit beta 1"
"1096","GNB5","204000_at",6.28e-15,5.36e-16,8.98,25.4686264,0.748,"G protein subunit beta 5","207124_s_at",9.73e-06,1.03e-06,6.3663934,5.406349,0.83823033,"G protein subunit beta 5"
"1097","GNL1","228857_at",2.59e-07,5.27e-08,-5.7,7.3550853,-0.873,"G protein nucleolar 1 (putative)","228857_at",4.5e-05,6.5e-06,-5.6465721,3.573981,-0.79971491,"G protein nucleolar 1 (putative)"
"1098","GNLY","37145_at",1.82e-13,1.84e-14,8.39,21.9725524,1.47,"granulysin","205495_s_at",1.74e-06,1.25e-07,7.2214366,7.51685,2.02086967,"granulysin"
"1099","GNRH1","207987_s_at",3.6e-07,7.46e-08,-5.63,7.0164369,-0.694,"gonadotropin releasing hormone 1","207987_s_at",7.36e-09,1.01e-10,-10.4438317,14.618763,-1.36106814,"gonadotropin releasing hormone 1"
"1100","GOLGA2P10","223326_s_at",4.09e-08,7.57e-09,6.09,9.2492005,0.712,"golgin A2 pseudogene 10","223326_s_at",0.00074,0.000178,-4.3801015,0.300266,-0.89679714,"golgin A2 pseudogene 10"
"1101","GOLGA4","215203_at",4.19e-11,5.49e-12,-7.42,16.3471137,-1.1,"golgin A4","215203_at",2.05e-06,1.54e-07,-7.1342751,7.305593,-1.7114034,"golgin A4"
"1102","GOLGA8A","208797_s_at",8.41e-14,8.17e-15,-8.53,22.773251,-0.894,"golgin A8 family member A","208798_x_at",7.37e-05,1.17e-05,-5.4188298,2.986918,-0.76332633,"golgin A8 family member A"
"1103","GOLT1B","218193_s_at",3.03e-12,3.49e-13,7.9,19.0645952,0.766,"golgi transport 1B","218193_s_at",5.72e-09,6.87e-11,10.6384994,15.003367,1.10560703,"golgi transport 1B"
"1104","GON4L","1555913_at",2e-08,3.57e-09,-6.23,9.9856465,-1.29,"gon-4 like","219846_at",0.00096,0.000242,-4.2621919,-0.002126,-1.00755368,"gon-4 like"
"1105","GOSR1","213021_at",2.69e-12,3.08e-13,7.92,19.1879315,0.636,"golgi SNAP receptor complex member 1","1555199_at",0.000974,0.000246,-4.2557524,-0.018605,-0.91601755,"golgi SNAP receptor complex member 1"
"1106","GOSR2","210009_s_at",8.36e-18,5.16e-19,10.1,32.3512425,1.99,"golgi SNAP receptor complex member 2","210009_s_at",3.22e-07,1.47e-08,8.1266272,9.653203,1.08915704,"golgi SNAP receptor complex member 2"
"1107","GPALPP1","220171_x_at",2.66e-09,4.3e-10,6.63,12.0585836,0.718,"GPALPP motifs containing 1","226429_at",0.000143,2.58e-05,-5.1163589,2.204183,-0.8476212,"GPALPP motifs containing 1"
"1108","GPAT2","235557_at",6.3e-05,1.72e-05,-4.43,1.7538921,-1,"glycerol-3-phosphate acyltransferase 2, mitochondrial","235557_at",0.00223,0.000654,3.8789514,-0.974348,0.77833008,"glycerol-3-phosphate acyltransferase 2, mitochondrial"
"1109","GPATCH2","219078_at",7.9e-11,1.07e-11,7.3,15.6881114,1.06,"G-patch domain containing 2","1556126_s_at",0.00166,0.000463,-4.0120794,-0.638813,-0.672285,NA
"1110","GPATCH2L","229514_at",3.61e-10,5.29e-11,-7.02,14.1169799,-0.8,"G-patch domain containing 2 like","239478_x_at",0.00161,0.000446,-4.0267413,-0.601702,-0.64327008,"G-patch domain containing 2 like"
"1111","GPBP1L1","1569320_at",0.00085,0.000272,-3.72,-0.8726702,-0.629,"GC-rich promoter binding protein 1 like 1","1569320_at",5.21e-05,7.75e-06,-5.5784059,3.39854,-1.48732091,"GC-rich promoter binding protein 1 like 1"
"1112","GPC2","239422_at",6.26e-26,1.56e-27,-13.1,51.8410022,-1.15,"glypican 2","239422_at",2e-09,1.52e-11,-11.4199343,16.499149,-1.50015381,"glypican 2"
"1113","GPC6","227059_at",9.69e-20,4.86e-21,-10.8,36.9819465,-2,"glypican 6","227059_at",1.84e-07,7.23e-09,8.4388955,10.364869,2.59007336,"glypican 6"
"1114","GPCPD1","230492_s_at",2.56e-34,2.41e-36,16.3,72.0313105,2.72,"glycerophosphocholine phosphodiesterase 1","230492_s_at",7.64e-07,4.44e-08,7.6544404,8.552153,1.22043181,"glycerophosphocholine phosphodiesterase 1"
"1115","GPD1L","212510_at",9.42e-32,1.18e-33,-15.3,65.8682068,-0.864,"glycerol-3-phosphate dehydrogenase 1-like","212510_at",7.78e-06,7.88e-07,-6.474311,5.677135,-0.76865177,"glycerol-3-phosphate dehydrogenase 1-like"
"1116","GPD2","210007_s_at",3.17e-16,2.35e-17,-9.48,28.5644785,-0.586,"glycerol-3-phosphate dehydrogenase 2","210007_s_at",0.00336,0.00106,-3.6913144,-1.442262,-0.63722565,"glycerol-3-phosphate dehydrogenase 2"
"1117","GPLD1","206265_s_at",1.78e-24,5.32e-26,12.6,48.332984,2.76,"glycosylphosphatidylinositol specific phospholipase D1","206265_s_at",0.000275,5.58e-05,-4.8220089,1.441344,-1.44988424,"glycosylphosphatidylinositol specific phospholipase D1"
"1118","GPR143","206696_at",9.07e-05,2.53e-05,4.33,1.3851837,0.7,"G protein-coupled receptor 143","206696_at",0.000165,3.05e-05,-5.0519041,2.037145,-0.94576066,"G protein-coupled receptor 143"
"1119","GPR155","239533_at",1.99e-14,1.78e-15,-8.78,24.278007,-0.894,"G protein-coupled receptor 155","239533_at",1.4e-05,1.62e-06,-6.1897656,4.960722,-0.82190363,"G protein-coupled receptor 155"
"1120","GPR160","223423_at",1.43e-09,2.24e-10,-6.75,12.700276,-1.19,"G protein-coupled receptor 160","223423_at",0.00249,0.000745,3.8283825,-1.10107,1.16840063,"G protein-coupled receptor 160"
"1121","GPR171","207651_at",2.75e-09,4.46e-10,6.63,12.0236506,1.55,"G protein-coupled receptor 171","207651_at",0.000434,9.52e-05,4.6181597,0.913851,0.76711769,"G protein-coupled receptor 171"
"1122","GPR18","210279_at",2.34e-05,6.03e-06,4.67,2.760958,0.698,"G protein-coupled receptor 18","210279_at",4.73e-07,2.43e-08,7.9116957,9.15571,1.80042306,"G protein-coupled receptor 18"
"1123","GPR183","205419_at",2.32e-20,1.09e-21,11,38.4680056,1.88,"G protein-coupled receptor 183","205419_at",5.39e-09,6.32e-11,10.6804826,15.085676,1.2454184,"G protein-coupled receptor 183"
"1124","GPR27","227769_at",1.69e-12,1.89e-13,-8,19.6711149,-0.961,"G protein-coupled receptor 27","227769_at",0.00011,1.89e-05,-5.2355992,2.513039,-0.62027948,"G protein-coupled receptor 27"
"1125","GPR39","208600_s_at",2.75e-05,7.16e-06,4.63,2.5957233,0.607,"G protein-coupled receptor 39","208600_s_at",2.24e-05,2.84e-06,5.9685565,4.398698,2.05752844,"G protein-coupled receptor 39"
"1126","GPR65","214467_at",7.09e-17,4.91e-18,9.73,30.117412,1.62,"G protein-coupled receptor 65","214467_at",1.7e-09,1.18e-11,11.5519637,16.744454,2.04531921,"G protein-coupled receptor 65"
"1127","GPR68","229055_at",2.96e-44,9.19e-47,20.2,95.8929903,2.4,"G protein-coupled receptor 68","229055_at",0.000109,1.87e-05,5.2386557,2.520952,0.98909099,"G protein-coupled receptor 68"
"1128","GPR78","211062_s_at",0.0112,0.00435,-2.89,-3.4487205,-0.676,"G protein-coupled receptor 78///carboxypeptidase Z","211062_s_at",0.00261,0.000789,3.8060517,-1.156891,0.91991403,"G protein-coupled receptor 78///carboxypeptidase Z"
"1129","GPR87","219936_s_at",7.4e-26,1.86e-27,13.1,51.6671197,0.939,"G protein-coupled receptor 87","219936_s_at",0.000425,9.3e-05,-4.6271389,0.937055,-1.04169165,"G protein-coupled receptor 87"
"1130","GPR89B","1562412_at",3.9e-05,1.04e-05,-4.55,2.2420339,-0.673,"G protein-coupled receptor 89B","1562412_at",6.59e-07,3.68e-08,-7.7338546,8.739403,-1.19639752,"G protein-coupled receptor 89B"
"1131","GPRASP1","204793_at",1.81e-13,1.83e-14,-8.39,21.9764005,-1.51,"G protein-coupled receptor associated sorting protein 1","204793_at",0.00272,0.000827,-3.7879648,-1.202038,-0.63994402,"G protein-coupled receptor associated sorting protein 1"
"1132","GPRC5A","203108_at",7.93e-08,1.52e-08,-5.95,8.570337,-1.56,"G protein-coupled receptor class C group 5 member A","203108_at",0.0159,0.00652,2.961631,-3.181593,1.40029657,"G protein-coupled receptor class C group 5 member A"
"1133","GPRIN2","206747_at",7.08e-07,1.52e-07,-5.48,6.3259824,-0.908,"G protein regulated inducer of neurite outgrowth 2","1554541_a_at",2.98e-05,3.99e-06,-5.8358514,4.05966,-0.82555601,"G protein regulated inducer of neurite outgrowth 2"
"1134","GPRIN3","240173_at",9.75e-10,1.5e-10,6.83,13.0917804,1.14,"GPRIN family member 3","1556698_a_at",3.06e-09,2.77e-11,11.1048216,15.90511,1.80796025,"GPRIN family member 3"
"1135","GPSM2","233058_at",3.75e-05,9.94e-06,4.56,2.2805617,0.809,"G-protein signaling modulator 2","233058_at",0.000253,5.04e-05,-4.8604325,1.540891,-0.58862468,"G-protein signaling modulator 2"
"1136","GPSM3","204265_s_at",1.43e-07,2.82e-08,5.83,7.9644015,0.734,"G-protein signaling modulator 3","204265_s_at",2.64e-09,2.19e-11,11.2265676,16.136065,1.55734956,"G-protein signaling modulator 3"
"1137","GRAMD3","238049_at",1.4e-07,2.75e-08,-5.83,7.9891404,-0.598,"GRAM domain containing 3","218706_s_at",4.85e-06,4.45e-07,-6.7031845,6.247421,-0.87481979,"GRAM domain containing 3"
"1138","GRB14","206204_at",2.11e-07,4.24e-08,-5.74,7.5660481,-1.71,"growth factor receptor bound protein 14","206204_at",0.0471,0.0236,-2.4075142,-4.374799,-1.37707707,"growth factor receptor bound protein 14"
"1139","GRB7","210761_s_at",8.79e-06,2.15e-06,4.91,3.7562391,0.588,"growth factor receptor bound protein 7","210761_s_at",7.92e-07,4.63e-08,-7.636669,8.510137,-1.09402036,"growth factor receptor bound protein 7"
"1140","GREB1L","243907_at",1.84e-28,3.44e-30,-14.1,57.9287087,-2.17,"growth regulation by estrogen in breast cancer 1 like","220340_at",2.18e-05,2.74e-06,-5.9818797,4.432662,-0.7789704,"growth regulation by estrogen in breast cancer 1 like"
"1141","GREM2","235504_at",2.28e-05,5.88e-06,-4.68,2.7850924,-0.599,"gremlin 2, DAN family BMP antagonist","220794_at",2.57e-07,1.12e-08,-8.247127,9.929394,-2.23248466,"gremlin 2, DAN family BMP antagonist"
"1142","GRHL1","1552685_a_at",6.48e-14,6.2e-15,8.57,23.0466567,2.02,"grainyhead like transcription factor 1","222830_at",2.28e-05,2.9e-06,-5.960417,4.377941,-1.01237858,"grainyhead like transcription factor 1"
"1143","GRHL3","232116_at",1.69e-36,1.26e-38,17.1,77.2594812,2.56,"grainyhead like transcription factor 3","232116_at",1.88e-05,2.3e-06,-6.0501436,4.606462,-1.40007308,"grainyhead like transcription factor 3"
"1144","GRIK2","213845_at",5.24e-05,1.41e-05,-4.47,1.9421172,-0.772,"glutamate ionotropic receptor kainate type subunit 2","213845_at",0.000127,2.25e-05,-5.1694203,2.341655,-0.98105962,"glutamate ionotropic receptor kainate type subunit 2"
"1145","GRIN2A","231384_at",7.81e-08,1.49e-08,-5.95,8.5859217,-1.11,"glutamate ionotropic receptor NMDA type subunit 2A","242286_at",0.0418,0.0204,-2.4715748,-4.244197,-0.6703122,"glutamate ionotropic receptor NMDA type subunit 2A"
"1146","GRK3","228771_at",1.15e-06,2.52e-07,-5.37,5.8315176,-0.642,"G protein-coupled receptor kinase 3","204183_s_at",1.01e-05,1.07e-06,6.3507465,5.366992,0.7795654,"G protein-coupled receptor kinase 3"
"1147","GRK6","210981_s_at",1.62e-08,2.85e-09,6.27,10.2033814,0.723,"G protein-coupled receptor kinase 6","210981_s_at",5.17e-05,7.67e-06,5.5824821,3.409038,0.72383986,"G protein-coupled receptor kinase 6"
"1148","GRN","211284_s_at",2.05e-20,9.54e-22,11.1,38.5993795,1.12,"granulin","216041_x_at",3.61e-07,1.71e-08,8.0619831,9.504227,0.79772438,"granulin"
"1149","GSDMB","219233_s_at",1.15e-20,5.19e-22,-11.2,39.2041405,-1.24,"gasdermin B","219233_s_at",0.00166,0.000462,-4.0136242,-0.634904,-0.67850542,"gasdermin B"
"1150","GSDMC","234305_s_at",4.71e-17,3.19e-18,9.8,30.5463366,1.02,"gasdermin C","234305_s_at",0.00415,0.00136,-3.5943981,-1.681273,-0.9443651,"gasdermin C"
"1151","GSE1","212056_at",8.17e-10,1.25e-10,-6.86,13.2746388,-0.585,"Gse1 coiled-coil protein","212057_at",4.13e-06,3.67e-07,-6.7806228,6.439085,-0.69523571,"Gse1 coiled-coil protein"
"1152","GSK3B","209945_s_at",1.39e-16,9.97e-18,9.62,29.4159575,0.984,"glycogen synthase kinase 3 beta","226183_at",5.39e-05,8.08e-06,-5.5622837,3.357009,-0.66998424,"glycogen synthase kinase 3 beta"
"1153","GSN","1564525_at",6.19e-08,1.17e-08,-6,8.8235271,-0.688,"gelsolin","214040_s_at",0.017,0.0071,-2.9261382,-3.261936,-0.6359075,"gelsolin"
"1154","GSPT1","201912_s_at",6.73e-41,2.92e-43,18.8,87.8761047,1.19,"G1 to S phase transition 1","234975_at",0.0292,0.0134,-2.6555491,-3.85779,-0.64018896,"G1 to S phase transition 1"
"1155","GSPT2","205541_s_at",1.63e-06,3.64e-07,-5.3,5.4758886,-0.961,"G1 to S phase transition 2","205541_s_at",2.45e-05,3.14e-06,5.9284969,4.296492,0.72896677,"G1 to S phase transition 2"
"1156","GSR","225609_at",2.36e-20,1.1e-21,-11,38.4531832,-0.662,"glutathione-disulfide reductase","205770_at",0.00017,3.17e-05,5.0378743,2.000782,0.58682719,"glutathione-disulfide reductase"
"1157","GSTA3","222102_at",1.03e-20,4.61e-22,-11.2,39.3207379,-3.19,"glutathione S-transferase alpha 3","222102_at",2.58e-06,2.05e-07,-7.0171621,7.020285,-2.33847669,"glutathione S-transferase alpha 3"
"1158","GSTM1","204550_x_at",2.09e-08,3.74e-09,-6.22,9.9403056,-0.602,"glutathione S-transferase mu 1","204550_x_at",0.0204,0.0088,-2.8363994,-3.462903,-0.90701945,"glutathione S-transferase mu 1"
"1159","GSTM2","204418_x_at",4.85e-12,5.71e-13,-7.81,18.5777675,-0.742,"glutathione S-transferase mu 2 (muscle)","204418_x_at",0.00983,0.00372,-3.19229,-2.648577,-0.98272175,"glutathione S-transferase mu 2 (muscle)"
"1160","GSTM3","235867_at",4.74e-16,3.58e-17,-9.41,28.1484962,-1.97,"glutathione S-transferase mu 3","235867_at",6.72e-07,3.77e-08,-7.7233624,8.714711,-1.4877973,"glutathione S-transferase mu 3"
"1161","GSTM5","205752_s_at",1.42e-17,9.05e-19,-10,31.7949451,-2,"glutathione S-transferase mu 5","205752_s_at",0.00731,0.00263,-3.331919,-2.317631,-1.50581136,"glutathione S-transferase mu 5"
"1162","GSTO1","201470_at",2.21e-18,1.29e-19,10.3,33.725302,0.594,"glutathione S-transferase omega 1","1557915_s_at",3.09e-08,6.99e-10,9.5060846,12.696567,0.86186381,"glutathione S-transferase omega 1"
"1163","GSTO2","229155_at",1.11e-12,1.22e-13,-8.08,20.1030069,-0.908,"glutathione S-transferase omega 2","227163_at",1.13e-06,7.26e-08,-7.4473073,8.059891,-1.54501245,"glutathione S-transferase omega 2"
"1164","GSTT2","205439_at",0.0758,0.0354,-2.12,-5.3114637,-0.722,"glutathione S-transferase theta 2 (gene/pseudogene)","205439_at",0.019,0.00805,-2.8734057,-3.380413,-2.57259677,"glutathione S-transferase theta 2 (gene/pseudogene)"
"1165","GTF2H2B","215470_at",2.98e-06,6.9e-07,-5.16,4.8555687,-0.674,"general transcription factor IIH subunit 2B (pseudogene)","215470_at",0.00115,0.000299,-4.1802059,-0.211617,-0.97729901,"general transcription factor IIH subunit 2B (pseudogene)"
"1166","GTF2H5","244294_at",4.38e-12,5.13e-13,-7.83,18.6844124,-0.885,"general transcription factor IIH subunit 5","1558934_a_at",0.00255,0.000766,-3.8174572,-1.128391,-0.74953122,"general transcription factor IIH subunit 5"
"1167","GTF2IRD2","228765_at",2.49e-13,2.56e-14,8.34,21.6460518,0.9,"GTF2I repeat domain containing 2","1557289_s_at",0.00433,0.00143,-3.5744139,-1.730306,-0.94060005,"GTF2I repeat domain containing 2"
"1168","GUCY1A3","221942_s_at",2.9e-10,4.21e-11,-7.06,14.3425313,-1.11,"guanylate cyclase 1 soluble subunit alpha","221942_s_at",1.45e-06,9.95e-08,7.3157643,7.744415,1.27907883,"guanylate cyclase 1 soluble subunit alpha"
"1169","GUCY1B3","203817_at",9.07e-06,2.22e-06,-4.9,3.7243708,-0.694,"guanylate cyclase 1 soluble subunit beta","203817_at",1.02e-10,1.37e-13,14.1146684,21.116179,1.65959723,"guanylate cyclase 1 soluble subunit beta"
"1170","GULP1","204235_s_at",1.39e-08,2.44e-09,-6.3,10.3566753,-0.997,"GULP, engulfment adaptor PTB domain containing 1","223837_at",0.00636,0.00224,-3.3964406,-2.162826,-0.67626743,"GULP, engulfment adaptor PTB domain containing 1"
"1171","GUSBP1","226947_at",5.23e-11,6.93e-12,7.38,16.1169702,0.825,"glucuronidase, beta pseudogene 1///glucuronidase, beta pseudogene 4","235888_at",0.002,0.000575,-3.9284166,-0.84999,-0.60801329,"glucuronidase, beta pseudogene 1///glucuronidase, beta pseudogene 4"
"1172","GUSBP9","215599_at",4.74e-18,2.84e-19,-10.2,32.9439561,-1.53,"glucuronidase, beta pseudogene 9///glucuronidase, beta pseudogene 3","215599_at",4.69e-05,6.83e-06,-5.6270789,3.523838,-1.52262869,"glucuronidase, beta pseudogene 9///glucuronidase, beta pseudogene 3"
"1173","GXYLT2","235733_at",3.25e-07,6.69e-08,-5.65,7.1222272,-1.43,"glucoside xylosyltransferase 2","235733_at",2.81e-05,3.72e-06,5.8626323,4.128185,1.41212426,"glucoside xylosyltransferase 2"
"1174","GYG1","201554_x_at",7.26e-07,1.56e-07,5.48,6.3000958,0.609,"glycogenin 1","201554_x_at",1.35e-08,2.29e-10,10.0406753,13.806621,0.91088771,"glycogenin 1"
"1175","GYPC","202947_s_at",3.01e-14,2.76e-15,-8.71,23.8459446,-1.9,"glycophorin C (Gerbich blood group)","202947_s_at",3.56e-06,3.07e-07,6.8532807,6.618303,0.94612376,"glycophorin C (Gerbich blood group)"
"1176","GZMA","205488_at",7.07e-19,3.92e-20,10.5,34.908654,2.68,"granzyme A","205488_at",7.67e-10,3.32e-12,12.2449076,17.998074,1.86656829,"granzyme A"
"1177","GZMB","210164_at",5.48e-58,2.61e-61,26.2,129.1372838,5.92,"granzyme B","210164_at",1.09e-09,6.19e-12,11.9021359,17.384977,3.56533589,"granzyme B"
"1178","GZMK","206666_at",0.000124,3.51e-05,4.25,1.071156,1.08,"granzyme K","206666_at",4.48e-08,1.16e-09,9.2671497,12.188004,1.79302746,"granzyme K"
"1179","H2AFJ","228213_at",2.76e-17,1.82e-18,-9.89,31.102,-0.785,"H2A histone family member J","220936_s_at",3.05e-07,1.38e-08,-8.1568872,9.722745,-1.04721767,"H2A histone family member J"
"1180","H2AFV","202487_s_at",8.75e-23,3.09e-24,12,44.2954117,1.13,"H2A histone family member V","202487_s_at",1.59e-06,1.12e-07,7.2661348,7.624822,0.64867842,"H2A histone family member V"
"1181","H2AFX","213344_s_at",3.71e-32,4.39e-34,15.4,66.8509721,1.58,"H2A histone family member X","213344_s_at",0.00185,0.000526,3.9635018,-0.761554,0.664048,"H2A histone family member X"
"1182","H2AFY","229593_at",4.88e-09,8.11e-10,6.51,11.4369253,0.889,"H2A histone family member Y","226840_at",0.000798,0.000194,-4.3456649,0.211827,-0.79395049,"H2A histone family member Y"
"1183","HAL","217521_at",2.28e-23,7.57e-25,12.2,45.6926871,2.11,"histidine ammonia-lyase","206643_at",0.0109,0.00417,-3.1452092,-2.758825,-0.65022145,"histidine ammonia-lyase"
"1184","HAND2-AS1","236141_at",6.11e-06,1.46e-06,-4.99,4.1275384,-1.14,"HAND2 antisense RNA 1 (head to head)","236141_at",0.00135,0.000363,-4.1062955,-0.399845,-0.77628881,"HAND2 antisense RNA 1 (head to head)"
"1185","HAPLN3","227262_at",3.62e-19,1.93e-20,10.6,35.6119517,1.49,"hyaluronan and proteoglycan link protein 3","227262_at",9.54e-09,1.45e-10,10.2651035,14.261341,2.10170904,"hyaluronan and proteoglycan link protein 3"
"1186","HAUS2","229208_at",5.72e-10,8.59e-11,6.93,13.6400541,1.05,"HAUS augmin like complex subunit 2","229181_s_at",0.000276,5.58e-05,4.8218324,1.440887,0.72878646,"HAUS augmin like complex subunit 2"
"1187","HAVCR2","235458_at",6.22e-06,1.49e-06,4.99,4.108676,0.771,"hepatitis A virus cellular receptor 2","235458_at",3.94e-08,9.83e-10,9.3461649,12.357041,1.63082952,"hepatitis A virus cellular receptor 2"
"1188","HBA2","214414_x_at",0.000348,0.000105,-3.97,0.0253997,-1.38,"hemoglobin subunit alpha 2///hemoglobin subunit alpha 1","214414_x_at",0.00374,0.0012,-3.6425726,-1.562714,-1.47878874,"hemoglobin subunit alpha 2///hemoglobin subunit alpha 1"
"1189","HBB","211696_x_at",0.0783,0.0367,-2.11,-5.3419635,-0.669,"hemoglobin subunit beta","211696_x_at",0.0174,0.00728,-2.9157578,-3.285343,-1.14530265,"hemoglobin subunit beta"
"1190","HBG2","213515_x_at",0.0352,0.0151,-2.46,-4.5669139,-0.601,"hemoglobin subunit gamma 2///hemoglobin subunit gamma 1","204848_x_at",0.0476,0.0239,-2.4013302,-4.387293,-1.09148119,"hemoglobin subunit gamma 2///hemoglobin subunit gamma 1"
"1191","HBS1L","209315_at",2.77e-06,6.37e-07,-5.18,4.9326154,-1.02,"HBS1 like translational GTPase","240602_at",0.00567,0.00196,-3.449088,-2.035694,-0.67315651,"HBS1 like translational GTPase"
"1192","HCG18","242618_at",8.77e-08,1.68e-08,5.93,8.4677093,0.852,"HLA complex group 18 (non-protein coding)","216527_at",0.000712,0.00017,-4.3975761,0.34518,-0.79974303,"HLA complex group 18 (non-protein coding)"
"1193","HCK","208018_s_at",5.37e-10,8.05e-11,6.94,13.704585,0.791,"HCK proto-oncogene, Src family tyrosine kinase","208018_s_at",1.76e-08,3.3e-10,9.864654,13.445331,1.83866461,"HCK proto-oncogene, Src family tyrosine kinase"
"1194","HCLS1","202957_at",3.61e-10,5.3e-11,7.02,14.1147464,0.815,"hematopoietic cell-specific Lyn substrate 1","202957_at",9.59e-10,5.06e-12,12.0126488,17.584129,1.54354246,"hematopoietic cell-specific Lyn substrate 1"
"1195","HCN3","228741_s_at",5.17e-10,7.72e-11,-6.95,13.744894,-0.612,"hyperpolarization activated cyclic nucleotide gated potassium channel 3","228741_s_at",3.18e-07,1.45e-08,-8.133145,9.668192,-1.07241419,"hyperpolarization activated cyclic nucleotide gated potassium channel 3"
"1196","HCRP1","216176_at",2.97e-06,6.87e-07,-5.16,4.8595454,-1.08,"hepatocellular carcinoma-related HCRP1","216176_at",1.25e-06,8.24e-08,-7.3942586,7.93293,-1.87761808,"hepatocellular carcinoma-related HCRP1"
"1197","HDAC9","230968_at",6.4e-06,1.54e-06,-4.98,4.0798227,-0.683,"histone deacetylase 9","230968_at",0.00378,0.00121,-3.6376048,-1.574962,-0.62582519,"histone deacetylase 9"
"1198","HDLBP","225012_at",5.8e-13,6.16e-14,-8.19,20.7761992,-0.6,"high density lipoprotein binding protein","200643_at",0.000166,3.08e-05,5.0487392,2.028942,0.60311625,"high density lipoprotein binding protein"
"1199","HEATR3","1554478_a_at",2.76e-19,1.46e-20,10.6,35.8923803,1.58,"HEAT repeat containing 3","1554478_a_at",0.00271,0.000825,3.7886473,-1.200336,0.97404603,"HEAT repeat containing 3"
"1200","HEG1","212822_at",5.77e-11,7.69e-12,-7.36,16.0153261,-0.937,"heart development protein with EGF like domains 1","212822_at",0.00274,0.000834,3.7844983,-1.210684,0.67345141,"heart development protein with EGF like domains 1"
"1201","HELLS","223556_at",2.83e-28,5.41e-30,14,57.4788526,2.45,"helicase, lymphoid-specific","220085_at",0.0104,0.00395,-3.1678091,-2.705991,-0.66043593,"helicase, lymphoid-specific"
"1202","HEPH","203903_s_at",1.52e-07,3.01e-08,-5.81,7.9025419,-0.968,"hephaestin","203903_s_at",1.4e-07,5.08e-09,8.5959735,10.717831,0.89940058,"hephaestin"
"1203","HERC5","219863_at",5.77e-14,5.49e-15,8.59,23.1664557,1.53,"HECT and RLD domain containing E3 ubiquitin protein ligase 5","219863_at",3.29e-05,4.49e-06,5.7901612,3.942636,0.82158168,"HECT and RLD domain containing E3 ubiquitin protein ligase 5"
"1204","HERC6","219352_at",6.97e-47,1.54e-49,21.2,102.2433456,4.04,"HECT and RLD domain containing E3 ubiquitin protein ligase family member 6","219352_at",0.0105,0.00402,3.1605023,-2.723091,0.62336585,"HECT and RLD domain containing E3 ubiquitin protein ligase family member 6"
"1205","HES1","203394_s_at",1.17e-19,5.92e-21,-10.8,36.7854569,-0.84,"hes family bHLH transcription factor 1","203394_s_at",0.000962,0.000242,-4.2614908,-0.003921,-1.03659105,"hes family bHLH transcription factor 1"
"1206","HEY2","219743_at",6.55e-06,1.58e-06,-4.98,4.0551083,-0.938,"hes related family bHLH transcription factor with YRPW motif 2","222921_s_at",0.000261,5.23e-05,4.8467967,1.505561,0.92663363,"hes related family bHLH transcription factor with YRPW motif 2"
"1207","HIC1","235887_at",1.33e-15,1.06e-16,-9.24,27.0738116,-1.18,NA,"235887_at",1.17e-05,1.29e-06,6.2781512,5.184083,1.13798132,NA
"1208","HIF3A","222123_s_at",4.55e-10,6.75e-11,-6.97,13.8773401,-1.1,"hypoxia inducible factor 3 alpha subunit","222123_s_at",5.5e-05,8.25e-06,-5.5540453,3.335782,-0.89779774,"hypoxia inducible factor 3 alpha subunit"
"1209","HINT3","226533_at",6.29e-08,1.19e-08,-6,8.8077859,-1.17,"histidine triad nucleotide binding protein 3","226533_at",0.000125,2.21e-05,-5.1759345,2.358529,-1.3003545,"histidine triad nucleotide binding protein 3"
"1210","HIST1H2BJ","215779_s_at",0.0016,0.000535,3.53,-1.5082564,0.876,"histone cluster 1, H2bj///histone cluster 1, H2bg","214502_at",0.00341,0.00107,3.6855593,-1.45651,0.61284746,"histone cluster 1, H2bj"
"1211","HK2","202934_at",1.85e-36,1.38e-38,17.1,77.1689593,1.07,"hexokinase 2","222305_at",1.25e-05,1.4e-06,6.2459259,5.102729,1.05337923,"hexokinase 2"
"1212","HLA-DOB","205671_s_at",2.7e-08,4.9e-09,6.17,9.674474,1.03,"major histocompatibility complex, class II, DO beta","205671_s_at",6.13e-10,2.35e-12,12.4374994,18.336659,1.78469148,"major histocompatibility complex, class II, DO beta"
"1213","HLA-DPA1","213537_at",0.00412,0.00147,3.23,-2.4528491,0.882,"major histocompatibility complex, class II, DP alpha 1","213537_at",4.14e-05,5.89e-06,5.6846929,3.671978,1.04000725,"major histocompatibility complex, class II, DP alpha 1"
"1214","HLA-DQB2","215536_at",9.06e-10,1.39e-10,-6.84,13.1675966,-1.14,"major histocompatibility complex, class II, DQ beta 2","215536_at",1.49e-05,1.73e-06,-6.1631734,4.893381,-1.51245506,"major histocompatibility complex, class II, DQ beta 2"
"1215","HLF","204754_at",1.75e-14,1.57e-15,-8.8,24.4078461,-1.02,"HLF, PAR bZIP transcription factor","204753_s_at",1.41e-07,5.15e-09,-8.590292,10.705123,-1.51253483,"HLF, PAR bZIP transcription factor"
"1216","HM13","224615_x_at",2.9e-11,3.73e-12,7.49,16.7285477,0.755,"histocompatibility minor 13","224615_x_at",2.4e-10,5.49e-13,13.2770406,19.764845,1.07925584,"histocompatibility minor 13"
"1217","HMBOX1","219269_at",0.0113,0.00438,-2.89,-3.4538107,-0.732,"homeobox containing 1","225504_at",0.000121,2.12e-05,-5.1915504,2.398976,-0.75876426,"homeobox containing 1"
"1218","HMBS","203040_s_at",4.03e-20,1.94e-21,11,37.891612,1.76,"hydroxymethylbilane synthase","203040_s_at",4.46e-05,6.42e-06,5.6508782,3.585055,0.66001752,"hydroxymethylbilane synthase"
"1219","HMGCR","202539_s_at",3.64e-10,5.35e-11,7.01,14.1054755,0.77,"3-hydroxy-3-methylglutaryl-CoA reductase","202540_s_at",3.34e-05,4.57e-06,-5.7831503,3.924667,-0.67083422,"3-hydroxy-3-methylglutaryl-CoA reductase"
"1220","HMGN2P46","242649_x_at",6.81e-09,1.15e-09,6.45,11.0945365,0.923,"high mobility group nucleosomal binding domain 2 pseudogene 46","242649_x_at",0.00363,0.00116,3.6568141,-1.52757,0.89468091,"high mobility group nucleosomal binding domain 2 pseudogene 46"
"1221","HMOX1","203665_at",1.22e-18,6.94e-20,10.4,34.3433075,1.9,"heme oxygenase 1","203665_at",0.00466,0.00155,3.5410811,-1.811891,0.67236521,"heme oxygenase 1"
"1222","HN1","217755_at",7.03e-29,1.24e-30,14.2,58.9404158,1.62,"hematological and neurological expressed 1","217755_at",5.05e-07,2.64e-08,7.8753152,9.070889,0.9246695,"hematological and neurological expressed 1"
"1223","HNMT","228772_at",7.39e-07,1.59e-07,-5.47,6.2827744,-0.629,"histamine N-methyltransferase","204110_at",0.0073,0.00262,3.3326661,-2.315845,0.70666584,"histamine N-methyltransferase"
"1224","HNRNPLL","225386_s_at",1.65e-09,2.6e-10,6.73,12.5517661,0.665,"heterogeneous nuclear ribonucleoprotein L like","1554453_at",9.86e-05,1.66e-05,5.2850652,2.641074,0.67474023,"heterogeneous nuclear ribonucleoprotein L like"
"1225","HNRNPM","214918_at",8.14e-10,1.24e-10,-6.86,13.2783275,-1.11,"heterogeneous nuclear ribonucleoprotein M","214918_at",0.00312,0.000969,-3.725863,-1.356597,-0.80042283,"heterogeneous nuclear ribonucleoprotein M"
"1226","HNRNPU","235603_at",1.51e-28,2.78e-30,-14.1,58.1399629,-1.24,"heterogeneous nuclear ribonucleoprotein U","235603_at",0.000192,3.64e-05,-4.9844972,1.862429,-0.65127646,"heterogeneous nuclear ribonucleoprotein U"
"1227","HOMER2","217080_s_at",3.18e-07,6.54e-08,5.65,7.1451734,0.694,"homer scaffolding protein 2","217080_s_at",4.66e-06,4.24e-07,-6.7227476,6.295904,-1.18155596,"homer scaffolding protein 2"
"1228","HOMER3","204647_at",7.36e-14,7.1e-15,8.55,22.91256,0.805,"homer scaffolding protein 3","204647_at",1.13e-06,7.25e-08,7.4478874,8.061277,0.88996518,"homer scaffolding protein 3"
"1229","HOOK1","225792_at",4.23e-09,6.99e-10,6.54,11.5824349,0.585,"hook microtubule tethering protein 1","225792_at",4.02e-05,5.68e-06,-5.6988548,3.708362,-0.91822667,"hook microtubule tethering protein 1"
"1230","HOTAIRM1","1557050_at",3.06e-05,8e-06,-4.61,2.4892693,-0.786,"HOXA transcript antisense RNA, myeloid-specific 1","228642_at",0.00115,3e-04,-4.1791536,-0.214301,-0.65094092,"HOXA transcript antisense RNA, myeloid-specific 1"
"1231","HPCAL1","212552_at",4.11e-15,3.44e-16,9.05,25.9069426,0.936,"hippocalcin like 1","212552_at",2.38e-06,1.86e-07,7.0571808,7.117964,0.82128793,"hippocalcin like 1"
"1232","HPGD","203913_s_at",0.00241,0.000831,3.4,-1.9189875,0.602,"hydroxyprostaglandin dehydrogenase 15-(NAD)","203914_x_at",0.00864,0.0032,-3.2532419,-2.504821,-0.62304584,"hydroxyprostaglandin dehydrogenase 15-(NAD)"
"1233","HPRT1","202854_at",6.29e-13,6.71e-14,8.18,20.6919178,0.607,"hypoxanthine phosphoribosyltransferase 1","202854_at",5.33e-06,4.99e-07,6.6573328,6.133623,0.62033858,"hypoxanthine phosphoribosyltransferase 1"
"1234","HPS1","210112_at",8.72e-22,3.47e-23,11.6,41.8919163,1.57,"HPS1, biogenesis of lysosomal organelles complex 3 subunit 1","210112_at",2.01e-07,8.1e-09,8.388984,10.25201,1.14434354,"HPS1, biogenesis of lysosomal organelles complex 3 subunit 1"
"1235","HR","241355_at",3.63e-21,1.55e-22,11.3,40.4050047,1.26,"hair growth associated","241355_at",0.00018,3.38e-05,-5.0130375,1.936406,-1.03312897,"hair growth associated"
"1236","HS2ST1","203283_s_at",2.96e-11,3.81e-12,7.48,16.7057426,0.753,"heparan sulfate 2-O-sulfotransferase 1","230465_at",1.62e-05,1.92e-06,6.1220257,4.789057,0.68532275,"heparan sulfate 2-O-sulfotransferase 1"
"1237","HS3ST1","205466_s_at",2.41e-11,3.08e-12,7.52,16.9170917,1.45,"heparan sulfate-glucosamine 3-sulfotransferase 1","205466_s_at",6.45e-08,1.87e-09,9.0476913,11.714063,1.80702148,"heparan sulfate-glucosamine 3-sulfotransferase 1"
"1238","HS3ST3A1","219985_at",5.38e-34,5.22e-36,16.1,71.2612788,2.7,"heparan sulfate-glucosamine 3-sulfotransferase 3A1","219985_at",1.57e-07,5.95e-09,8.5258594,10.560697,1.74766983,"heparan sulfate-glucosamine 3-sulfotransferase 3A1"
"1239","HS3ST3B1","227361_at",3.46e-18,2.05e-19,10.2,33.2668571,1.42,"heparan sulfate-glucosamine 3-sulfotransferase 3B1","227361_at",3.8e-06,3.32e-07,6.8214727,6.539919,1.24526824,"heparan sulfate-glucosamine 3-sulfotransferase 3B1"
"1240","HS3ST6","239547_at",1.14e-20,5.17e-22,-11.2,39.207103,-2.16,"heparan sulfate-glucosamine 3-sulfotransferase 6","239547_at",1.59e-08,2.84e-10,-9.9357866,13.591827,-1.63418127,"heparan sulfate-glucosamine 3-sulfotransferase 6"
"1241","HSD11B1","205404_at",7.29e-25,2.08e-26,-12.7,49.2682106,-4.64,"hydroxysteroid 11-beta dehydrogenase 1","205404_at",0.0199,0.00853,-2.8495016,-3.43376,-0.72834869,"hydroxysteroid 11-beta dehydrogenase 1"
"1242","HSPA12A","214434_at",8.2e-08,1.57e-08,-5.94,8.5370195,-1,"heat shock protein family A (Hsp70) member 12A","214434_at",3.75e-05,5.22e-06,-5.7311056,3.791172,-0.69916567,"heat shock protein family A (Hsp70) member 12A"
"1243","HSPA12B","229172_at",9.22e-06,2.26e-06,-4.9,3.7076092,-0.846,"heat shock protein family A (Hsp70) member 12B","229172_at",0.000501,0.000112,4.5549324,0.750564,0.72479652,"heat shock protein family A (Hsp70) member 12B"
"1244","HSPA1L","200800_s_at",1.8e-07,3.6e-08,-5.78,7.7273826,-0.708,"heat shock protein family A (Hsp70) member 1 like///heat shock protein family A (Hsp70) member 1B///heat shock protein family A (Hsp70) member 1A","200800_s_at",7.37e-05,1.17e-05,-5.418731,2.986663,-0.62424303,"heat shock protein family A (Hsp70) member 1 like///heat shock protein family A (Hsp70) member 1B///heat shock protein family A (Hsp70) member 1A"
"1245","HSPA2","211538_s_at",9.62e-14,9.4e-15,-8.5,22.6341806,-0.788,"heat shock protein family A (Hsp70) member 2","211538_s_at",0.000141,2.53e-05,-5.1234933,2.222669,-0.77069825,"heat shock protein family A (Hsp70) member 2"
"1246","HSPA4L","205543_at",1.51e-40,6.88e-43,18.7,87.0219656,2.16,"heat shock protein family A (Hsp70) member 4 like","205543_at",0.00571,0.00198,-3.4457864,-2.043687,-0.82384639,"heat shock protein family A (Hsp70) member 4 like"
"1247","HSPA6","213418_at",7.69e-12,9.25e-13,7.73,18.1022281,1.21,"heat shock protein family A (Hsp70) member 6","117_at",0.00115,0.000299,4.179952,-0.212264,0.92024758,"heat shock protein family A (Hsp70) member 6"
"1248","HSPB2-C11orf52","238805_at",9.03e-32,1.13e-33,-15.3,65.9122263,-2.47,"HSPB2-C11orf52 readthrough (NMD candidate)///chromosome 11 open reading frame 52///heat shock protein family B (small) member 2","238805_at",9.9e-05,1.67e-05,-5.282818,2.635259,-1.43267891,"HSPB2-C11orf52 readthrough (NMD candidate)///chromosome 11 open reading frame 52///heat shock protein family B (small) member 2"
"1249","HSPB8","221667_s_at",2.09e-17,1.36e-18,9.93,31.3927809,1.05,"heat shock protein family B (small) member 8","221667_s_at",7.17e-07,4.11e-08,-7.6870518,8.629147,-1.06060098,"heat shock protein family B (small) member 8"
"1250","HTATIP2","229102_at",3.55e-11,4.62e-12,7.45,16.5169525,1.04,"HIV-1 Tat interactive protein 2","210253_at",0.000436,9.57e-05,-4.6161618,0.908688,-0.60685315,"HIV-1 Tat interactive protein 2"
"1251","HTR3A","216615_s_at",1.51e-08,2.66e-09,6.29,10.2726199,1.52,"5-hydroxytryptamine receptor 3A","216615_s_at",0.0161,0.00664,2.9538836,-3.199171,0.87043099,"5-hydroxytryptamine receptor 3A"
"1252","HUS1","204883_s_at",1.82e-21,7.51e-23,11.5,41.1244533,1.59,"HUS1 checkpoint clamp component","204883_s_at",2.66e-06,2.13e-07,7.0015744,6.982186,0.68740204,"HUS1 checkpoint clamp component"
"1253","HYMAI","215513_at",1.81e-13,1.83e-14,-8.39,21.9759583,-2.03,"hydatidiform mole associated and imprinted (non-protein coding)","215513_at",0.000161,2.96e-05,-5.0634477,2.067064,-1.92831995,"hydatidiform mole associated and imprinted (non-protein coding)"
"1254","HYOU1","200825_s_at",5.44e-17,3.71e-18,9.77,30.3957958,0.976,"hypoxia up-regulated 1","200825_s_at",6.45e-07,3.58e-08,7.7449895,8.765591,1.07774487,"hypoxia up-regulated 1"
"1255","IBA57","1558896_at",5.48e-15,4.66e-16,-9,25.6080479,-0.886,"IBA57 homolog, iron-sulfur cluster assembly","1558896_at",0.00023,4.51e-05,-4.9030116,1.651229,-0.84612902,"IBA57 homolog, iron-sulfur cluster assembly"
"1256","ICAM1","202638_s_at",3.08e-06,7.14e-07,5.15,4.8222868,0.885,"intercellular adhesion molecule 1","202637_s_at",3.58e-07,1.69e-08,8.0675273,9.517026,1.73991393,"intercellular adhesion molecule 1"
"1257","ICAM2","213620_s_at",2.39e-05,6.17e-06,-4.67,2.7401959,-0.648,"intercellular adhesion molecule 2","204683_at",6.02e-09,7.62e-11,10.5863881,14.900887,1.57506458,"intercellular adhesion molecule 2"
"1258","ICOS","210439_at",1.61e-20,7.36e-22,11.1,38.8562435,1.85,"inducible T-cell costimulator","210439_at",1.33e-06,8.9e-08,7.362216,7.856069,1.87369036,"inducible T-cell costimulator"
"1259","ID1","208937_s_at",2.1e-27,4.47e-29,13.7,55.3763217,2.61,"inhibitor of DNA binding 1, HLH protein","208937_s_at",0.0344,0.0163,2.5724584,-4.034324,0.62605013,"inhibitor of DNA binding 1, HLH protein"
"1260","ID4","209291_at",1.75e-41,7.03e-44,-19,89.2914907,-0.854,"inhibitor of DNA binding 4, HLH protein","209291_at",1.96e-06,1.46e-07,-7.1585917,7.364624,-0.88169458,"inhibitor of DNA binding 4, HLH protein"
"1261","IDE","203328_x_at",3.03e-19,1.6e-20,10.6,35.7993906,1.67,"insulin degrading enzyme","203327_at",2.06e-07,8.34e-09,-8.3758905,10.222347,-0.89470564,"insulin degrading enzyme"
"1262","IDNK","239086_at",7.73e-07,1.66e-07,-5.46,6.2363087,-0.59,"IDNK, gluconokinase","239086_at",3.72e-06,3.25e-07,-6.8307763,6.562858,-0.86075101,"IDNK, gluconokinase"
"1263","IDO1","210029_at",1.87e-10,2.65e-11,7.14,14.7974411,1.18,"indoleamine 2,3-dioxygenase 1","210029_at",3.76e-07,1.81e-08,8.0386355,9.450283,3.13937608,"indoleamine 2,3-dioxygenase 1"
"1264","IDS","211782_at",2.67e-09,4.31e-10,6.63,12.0558266,0.701,"iduronate 2-sulfatase","236823_at",0.000207,4e-05,-4.9492124,1.770971,-0.63532229,"iduronate 2-sulfatase"
"1265","IDUA","213723_s_at",0.0128,0.005,2.84,-3.5750687,0.706,"iduronidase, alpha-L-","205059_s_at",0.00206,0.000597,3.9145133,-0.884982,0.65086624,"iduronidase, alpha-L-"
"1266","IER5L","226552_at",3.69e-05,9.77e-06,4.56,2.2974538,0.617,"immediate early response 5 like","226552_at",0.00124,0.000326,4.1472811,-0.295544,0.90656841,"immediate early response 5 like"
"1267","IFI27","202411_at",1.93e-35,1.62e-37,16.7,74.719216,2.21,"interferon alpha inducible protein 27","202411_at",0.000372,7.93e-05,4.687783,1.093859,1.12703023,"interferon alpha inducible protein 27"
"1268","IFI30","201422_at",7.98e-17,5.57e-18,9.71,29.9933642,0.862,"IFI30, lysosomal thiol reductase///phosphoinositide-3-kinase regulatory subunit 2","201422_at",1.21e-09,7.22e-12,11.8184859,17.233285,1.52853802,"IFI30, lysosomal thiol reductase///phosphoinositide-3-kinase regulatory subunit 2"
"1269","IFI35","209417_s_at",5.09e-08,9.53e-09,6.04,9.0241318,1.22,"interferon induced protein 35","209417_s_at",3.03e-08,6.83e-10,9.5170525,12.719726,1.27805091,"interferon induced protein 35"
"1270","IFI44","214059_at",6.89e-25,1.95e-26,12.7,49.3292942,2.38,"interferon induced protein 44","214453_s_at",1.67e-06,1.19e-07,7.2420415,7.566654,0.8564992,"interferon induced protein 44"
"1271","IFI44L","204439_at",2.87e-20,1.36e-21,11,38.2439886,2.7,"interferon induced protein 44 like","204439_at",0.012,0.00469,3.0976038,-2.869571,0.6325459,"interferon induced protein 44 like"
"1272","IFI6","204415_at",1.38e-35,1.13e-37,16.7,75.0758015,3.56,"interferon alpha inducible protein 6","204415_at",2.2e-07,9.06e-09,8.3394975,10.139777,1.42487165,"interferon alpha inducible protein 6"
"1273","IFIH1","219209_at",4.17e-39,2.34e-41,18.1,83.5165521,1.93,"interferon induced with helicase C domain 1","216020_at",5.84e-05,8.89e-06,5.5253744,3.261881,0.7290456,"interferon induced with helicase C domain 1"
"1274","IFIT3","229450_at",1.69e-36,1.26e-38,17.1,77.2577696,2.38,"interferon induced protein with tetratricopeptide repeats 3","204747_at",1.38e-05,1.58e-06,6.1973881,4.980013,1.1574455,"interferon induced protein with tetratricopeptide repeats 3"
"1275","IFITM1","214022_s_at",2.81e-16,2.07e-17,9.5,28.690035,0.598,"interferon induced transmembrane protein 1","214022_s_at",1.21e-06,7.88e-08,7.4131169,7.978104,0.77739142,"interferon induced transmembrane protein 1"
"1276","IFITM2","201601_x_at",7.37e-17,5.12e-18,9.72,30.0772403,0.648,"interferon induced transmembrane protein 2///interferon induced transmembrane protein 1","201601_x_at",6.69e-07,3.75e-08,7.7259299,8.720754,0.74275586,"interferon induced transmembrane protein 2///interferon induced transmembrane protein 1"
"1277","IFNAR2","204785_x_at",1.9e-05,4.86e-06,4.72,2.970229,0.951,"interferon alpha and beta receptor subunit 2","204785_x_at",4.27e-10,1.25e-12,12.7972017,18.957939,1.93042171,"interferon alpha and beta receptor subunit 2"
"1278","IFNGR1","211676_s_at",1.93e-08,3.44e-09,6.24,10.0194595,0.804,"interferon gamma receptor 1","242903_at",0.00843,0.00311,-3.26474,-2.477577,-0.82854387,"interferon gamma receptor 1"
"1279","IFT27","205037_at",1.65e-07,3.28e-08,-5.79,7.8178556,-0.66,"intraflagellar transport 27","213784_at",4.86e-05,7.12e-06,-5.6109006,3.482205,-0.80875994,"intraflagellar transport 27"
"1280","IGDCC4","227870_at",6.63e-05,1.82e-05,-4.41,1.7024002,-0.766,"immunoglobulin superfamily DCC subclass member 4","227870_at",1.7e-06,1.21e-07,7.2342913,7.547927,1.15931698,"immunoglobulin superfamily DCC subclass member 4"
"1281","IGF1R","203628_at",4.67e-06,1.11e-06,-5.06,4.3988133,-0.741,"insulin like growth factor 1 receptor","225330_at",9.92e-07,6.14e-08,-7.5172111,8.226641,-1.02020599,"insulin like growth factor 1 receptor"
"1282","IGFBP3","212143_s_at",3.78e-07,7.84e-08,5.62,6.9681348,1.01,"insulin like growth factor binding protein 3","212143_s_at",0.000161,2.98e-05,-5.0614824,2.06197,-0.80934423,"insulin like growth factor binding protein 3"
"1283","IGFL1","239430_at",1.91e-44,5.71e-47,20.2,96.3666637,5.54,"IGF like family member 1","239430_at",0.00682,0.00242,3.3642697,-2.240154,2.21663057,"IGF like family member 1"
"1284","IGFL2","231148_at",2.13e-10,3.05e-11,-7.12,14.6595129,-1.52,"IGF like family member 2","231148_at",0.000488,0.000109,-4.5660657,0.779302,-2.09271415,"IGF like family member 2"
"1285","IGH","1558438_a_at",1.41e-06,3.14e-07,-5.33,5.6186968,-1.93,"immunoglobulin heavy locus","1558438_a_at",4.59e-06,4.16e-07,6.7304318,6.314936,2.29067473,"immunoglobulin heavy locus"
"1286","IGSF10","1556579_s_at",5.18e-05,1.4e-05,-4.48,1.9532943,-1.04,"immunoglobulin superfamily member 10","230670_at",0.00135,0.000361,-4.107726,-0.396208,-1.18850084,"immunoglobulin superfamily member 10"
"1287","IGSF11","228375_at",1.98e-20,9.17e-22,-11.1,38.6378014,-1.81,"immunoglobulin superfamily member 11","228375_at",0.0481,0.0242,-2.3956341,-4.398783,-0.66817638,"immunoglobulin superfamily member 11"
"1288","IGSF22","1553857_at",1.25e-19,6.35e-21,10.8,36.7162929,1.2,"immunoglobulin superfamily member 22","1553857_at",0.000283,5.76e-05,-4.8098751,1.409914,-0.6574942,"immunoglobulin superfamily member 22"
"1289","IGSF6","206420_at",4.65e-08,8.65e-09,6.06,9.1188579,0.978,"immunoglobulin superfamily member 6","241068_at",4.91e-08,1.32e-09,9.2105721,12.066447,1.96394068,"immunoglobulin superfamily member 6"
"1290","IKZF1","227346_at",3.28e-08,6e-09,6.13,9.4768725,1.08,"IKAROS family zinc finger 1","227344_at",2.69e-07,1.18e-08,8.2224234,9.872932,1.45108721,"IKAROS family zinc finger 1"
"1291","IL10RA","204912_at",6.06e-08,1.14e-08,6,8.8458177,0.886,"interleukin 10 receptor subunit alpha","204912_at",3.45e-08,8.16e-10,9.4331711,12.542193,1.33793238,"interleukin 10 receptor subunit alpha"
"1292","IL11RA","204773_at",2.38e-09,3.82e-10,-6.65,12.1745445,-0.629,"interleukin 11 receptor subunit alpha","1552646_at",2.84e-08,6.29e-10,-9.5561921,12.802239,-1.1623148,"interleukin 11 receptor subunit alpha"
"1293","IL12B","207901_at",3.78e-15,3.16e-16,9.06,25.9916442,2.21,"interleukin 12B","207901_at",0.00142,0.000383,4.0855095,-0.452664,1.29489252,"interleukin 12B"
"1294","IL12RB1","1552584_at",9.02e-22,3.59e-23,11.6,41.85763,2.52,"interleukin 12 receptor subunit beta 1","1552584_at",3.3e-10,8.29e-13,13.0349688,19.360848,1.68902399,"interleukin 12 receptor subunit beta 1"
"1295","IL13RA1","210904_s_at",6.91e-23,2.41e-24,12,44.5409502,2.18,"interleukin 13 receptor subunit alpha 1","210904_s_at",1.37e-07,4.94e-09,8.6088298,10.746571,1.17352107,"interleukin 13 receptor subunit alpha 1"
"1296","IL15","205992_s_at",1.93e-07,3.86e-08,5.76,7.6594788,0.894,"interleukin 15","217371_s_at",0.000261,5.24e-05,4.8455797,1.502408,0.7757202,"interleukin 15"
"1297","IL15RA","207375_s_at",1.24e-09,1.94e-10,6.78,12.8417273,0.856,"interleukin 15 receptor subunit alpha","207375_s_at",3.74e-05,5.2e-06,5.7328446,3.795636,0.99854009,"interleukin 15 receptor subunit alpha"
"1298","IL17A","216876_s_at",1.83e-11,2.3e-12,7.57,17.2037177,1.19,"interleukin 17A","216876_s_at",0.00117,0.000304,4.1747152,-0.225621,2.22774725,"interleukin 17A"
"1299","IL17D","227401_at",1.71e-12,1.92e-13,-8,19.6554283,-1.22,"interleukin 17D","227401_at",0.00842,0.0031,-3.2651014,-2.47672,-0.85836024,"interleukin 17D"
"1300","IL17RD","227997_at",4.69e-14,4.4e-15,-8.63,23.3860968,-0.869,"interleukin 17 receptor D","227997_at",0.00274,0.000837,-3.7833284,-1.213602,-0.77689931,"interleukin 17 receptor D"
"1301","IL17RE","229401_at",2.46e-20,1.15e-21,-11,38.411143,-1.34,"interleukin 17 receptor E","229401_at",5.27e-07,2.78e-08,-7.8528062,9.018321,-1.33280283,"interleukin 17 receptor E"
"1302","IL18RAP","207072_at",2e-13,2.03e-14,8.38,21.875404,1.51,"interleukin 18 receptor accessory protein","207072_at",3.18e-05,4.32e-06,5.8051943,3.981156,1.94955254,"interleukin 18 receptor accessory protein"
"1303","IL19","220745_at",1.74e-26,4.15e-28,13.3,53.1612469,4.28,"interleukin 19","220745_at",0.0287,0.0131,2.6652324,-3.837009,2.0635434,"interleukin 19"
"1304","IL1B","39402_at",8.67e-19,4.87e-20,10.5,34.6946328,2.78,"interleukin 1 beta","205067_at",2.18e-05,2.74e-06,5.9816338,4.432035,3.20751574,"interleukin 1 beta"
"1305","IL1F10","224262_at",3.13e-06,7.24e-07,5.15,4.8083838,1.1,"interleukin 1 family member 10 (theta)","224262_at",0.00711,0.00254,-3.3450291,-2.286269,-1.71091525,"interleukin 1 family member 10 (theta)"
"1306","IL20","224071_at",3.9e-07,8.11e-08,5.61,6.9353009,0.795,"interleukin 20","224071_at",0.0293,0.0135,2.6548385,-3.859313,0.69427811,"interleukin 20"
"1307","IL21R","237753_at",3.65e-10,5.36e-11,7.01,14.1033699,0.994,"interleukin 21 receptor","237753_at",6.2e-08,1.77e-09,9.0723758,11.767699,2.31534903,"interleukin 21 receptor"
"1308","IL22RA1","220056_at",6.59e-14,6.3e-15,8.57,23.0301158,0.846,"interleukin 22 receptor subunit alpha 1","220056_at",6.5e-07,3.62e-08,-7.7408923,8.755957,-1.83020892,"interleukin 22 receptor subunit alpha 1"
"1309","IL24","206569_at",2.82e-10,4.09e-11,7.06,14.3699629,1.42,"interleukin 24","206569_at",6.24e-09,8.01e-11,10.5611774,14.851184,3.92202699,"interleukin 24"
"1310","IL26","221111_at",7.54e-22,2.97e-23,11.6,42.0451753,1.86,"interleukin 26","221111_at",3.78e-05,5.28e-06,5.7270132,3.780668,2.09167566,"interleukin 26"
"1311","IL2RG","204116_at",1.54e-14,1.36e-15,8.82,24.5440794,1.77,"interleukin 2 receptor subunit gamma","204116_at",2.29e-08,4.73e-10,9.69137,13.085632,1.43487146,"interleukin 2 receptor subunit gamma"
"1312","IL31RA","243541_at",6.36e-08,1.2e-08,-5.99,8.7961501,-1.32,"interleukin 31 receptor A","243541_at",0.0048,0.00161,-3.5271272,-1.845969,-1.22997694,"interleukin 31 receptor A"
"1313","IL36A","221404_at",2.15e-16,1.56e-17,9.54,28.9697375,2.46,"interleukin 36, alpha","221404_at",0.0161,0.00664,2.9541856,-3.198486,1.02151416,"interleukin 36, alpha"
"1314","IL36B","231755_at",1.07e-41,4.18e-44,19.1,89.8077902,3.29,"interleukin 36, beta","231755_at",0.000216,4.18e-05,-4.9322347,1.726967,-1.40904842,"interleukin 36, beta"
"1315","IL37","224555_x_at",1.02e-10,1.41e-11,-7.25,15.4208136,-2.4,"interleukin 37","224555_x_at",1.23e-06,8.1e-08,-7.4017484,7.950877,-2.94304309,"interleukin 37"
"1316","IL4R","203233_at",2.96e-32,3.46e-34,15.5,67.0872949,2.41,"interleukin 4 receptor","203233_at",5.77e-05,8.77e-06,5.5307845,3.275829,1.15603624,"interleukin 4 receptor"
"1317","IL6","205207_at",0.00357,0.00127,3.28,-2.3105426,0.612,"interleukin 6","205207_at",1.69e-06,1.21e-07,7.2361933,7.552523,3.83809213,"interleukin 6"
"1318","IL6ST","234967_at",0.00192,0.000652,-3.47,-1.6930419,-0.68,"interleukin 6 signal transducer","234474_x_at",0.0181,0.0076,-2.8976257,-3.326131,-0.64808228,"interleukin 6 signal transducer"
"1319","IL7R","226218_at",4.23e-28,8.22e-30,13.9,57.0620116,2.34,"interleukin 7 receptor","205798_at",1.2e-06,7.84e-08,7.4150298,7.982684,2.05839729,"interleukin 7 receptor"
"1320","IMPA2","203126_at",5.83e-16,4.45e-17,9.38,27.9339939,0.606,"inositol monophosphatase 2","203126_at",0.00406,0.00132,-3.6044064,-1.656683,-0.73689948,"inositol monophosphatase 2"
"1321","IMPAD1","218516_s_at",3.68e-20,1.77e-21,11,37.9857311,0.961,"inositol monophosphatase domain containing 1","218516_s_at",9.82e-09,1.52e-10,10.2433661,14.217587,1.0539973,"inositol monophosphatase domain containing 1"
"1322","INHBA","227140_at",2.19e-09,3.51e-10,-6.67,12.2584264,-0.686,"inhibin beta A subunit","210511_s_at",8.52e-06,8.79e-07,6.4309124,5.56838,2.26157841,"inhibin beta A subunit"
"1323","INPP4A","208364_at",0.00152,0.000507,-3.55,-1.4568949,-0.684,"inositol polyphosphate-4-phosphatase type I A","208363_s_at",1.78e-05,2.15e-06,6.0768308,4.674304,1.05259962,"inositol polyphosphate-4-phosphatase type I A"
"1324","INS-IGF2","202409_at",6.42e-09,1.08e-09,-6.46,11.1540077,-1.29,"INS-IGF2 readthrough///insulin like growth factor 2","202409_at",1.35e-06,9.16e-08,7.3504069,7.82771,2.02539261,"INS-IGF2 readthrough///insulin like growth factor 2"
"1325","INSR","226450_at",6.56e-21,2.88e-22,-11.3,39.7871393,-0.678,"insulin receptor","226212_s_at",0.00737,0.00265,-3.3281425,-2.326657,-0.71020385,"insulin receptor"
"1326","INTS10","1560172_at",1.58e-08,2.79e-09,-6.28,10.224235,-1.23,"integrator complex subunit 10","237504_at",4.25e-06,3.8e-07,-6.7672776,6.406103,-0.77621372,"integrator complex subunit 10"
"1327","IPPK","219092_s_at",1.24e-30,1.76e-32,14.9,63.1801072,0.72,"inositol-pentakisphosphate 2-kinase","222823_at",4.39e-06,3.96e-07,-6.7506989,6.365101,-0.70353239,"inositol-pentakisphosphate 2-kinase"
"1328","IQCG","1553757_at",1.78e-07,3.56e-08,-5.78,7.738003,-1.13,"IQ motif containing G","221185_s_at",0.00164,0.000456,4.0184578,-0.622672,0.85423506,"IQ motif containing G"
"1329","IRAK3","220034_at",2.31e-15,1.88e-16,9.14,26.5043923,1.45,"interleukin 1 receptor associated kinase 3","220034_at",1.68e-08,3.07e-10,9.8995346,13.517251,1.44592598,"interleukin 1 receptor associated kinase 3"
"1330","IREB2","242261_at",5.05e-06,1.2e-06,-5.04,4.3205493,-0.599,"iron responsive element binding protein 2","242261_at",0.000749,0.00018,-4.3741117,0.284877,-0.98234446,"iron responsive element binding protein 2"
"1331","IRF1","238725_at",2.64e-28,5.02e-30,14,57.5523121,2.51,"interferon regulatory factor 1","238725_at",9.72e-07,5.99e-08,7.527715,8.251643,1.9463746,"interferon regulatory factor 1"
"1332","IRF7","208436_s_at",5.02e-41,2.14e-43,18.9,88.184805,2.82,"interferon regulatory factor 7","208436_s_at",8.34e-06,8.56e-07,6.4411303,5.594003,1.28265631,"interferon regulatory factor 7"
"1333","IRF8","204057_at",2.26e-14,2.04e-15,8.76,24.1460128,1.08,"interferon regulatory factor 8","204057_at",2.12e-06,1.62e-07,7.1150684,7.258916,0.98125984,"interferon regulatory factor 8"
"1334","IRF9","203882_at",1.02e-33,1.03e-35,16,70.5893772,1.11,"interferon regulatory factor 9","203882_at",0.000119,2.07e-05,5.2007029,2.422679,0.63902585,"interferon regulatory factor 9"
"1335","IRS1","204686_at",8.75e-23,3.09e-24,-12,44.2954113,-0.772,"insulin receptor substrate 1","238933_at",0.00222,0.000649,-3.8817359,-0.967358,-0.59840825,"insulin receptor substrate 1"
"1336","IRS2","209184_s_at",1.15e-23,3.71e-25,-12.3,46.4027152,-1.03,"insulin receptor substrate 2","209185_s_at",2.23e-06,1.72e-07,-7.0899656,7.197842,-0.68069715,"insulin receptor substrate 2"
"1337","IRX4","220225_at",1.25e-06,2.77e-07,5.35,5.7405188,0.662,"iroquois homeobox 4","220225_at",6.41e-06,6.23e-07,-6.5679478,5.911124,-1.26007289,"iroquois homeobox 4"
"1338","ISG15","205483_s_at",7.68e-38,5.02e-40,17.6,80.4653435,4.01,"ISG15 ubiquitin-like modifier","205483_s_at",7.09e-10,2.96e-12,12.3096825,18.11242,1.83881579,"ISG15 ubiquitin-like modifier"
"1339","ISG20","204698_at",7.54e-39,4.33e-41,18,82.9021062,3.24,"interferon stimulated exonuclease gene 20","204698_at",9.32e-10,4.69e-12,12.0543341,17.65888,2.76803323,"interferon stimulated exonuclease gene 20"
"1340","ISL1","206104_at",6.62e-09,1.12e-09,6.45,11.1226638,1.59,"ISL LIM homeobox 1","206104_at",0.00225,0.00066,-3.8752208,-0.983712,-1.11578577,"ISL LIM homeobox 1"
"1341","ISLR","207191_s_at",5.08e-10,7.59e-11,-6.95,13.7616093,-1.25,"immunoglobulin superfamily containing leucine rich repeat","207191_s_at",0.000354,7.49e-05,4.7096254,1.15037,0.80809235,"immunoglobulin superfamily containing leucine rich repeat"
"1342","ISM1","235182_at",1.96e-17,1.27e-18,-9.94,31.4613337,-0.946,"isthmin 1, angiogenesis inhibitor","232888_at",2.25e-06,1.74e-07,-7.0852752,7.186423,-0.94514055,"isthmin 1, angiogenesis inhibitor"
"1343","ISOC2","218893_at",2.71e-11,3.48e-12,7.5,16.7950568,0.868,"isochorismatase domain containing 2","218893_at",7.35e-06,7.36e-07,6.5013468,5.744788,0.65478071,"isochorismatase domain containing 2"
"1344","ITGA4","213416_at",4.19e-15,3.51e-16,9.04,25.886595,1.45,"integrin subunit alpha 4","205884_at",1.09e-09,6.15e-12,11.9056005,17.391242,2.63414216,"integrin subunit alpha 4"
"1345","ITGA7","209663_s_at",3.91e-10,5.77e-11,-7,14.0319919,-0.762,"integrin subunit alpha 7","209663_s_at",0.000173,3.22e-05,5.0315334,1.984347,0.78783549,"integrin subunit alpha 7"
"1346","ITGA8","235666_at",0.00052,0.000161,-3.86,-0.3772243,-0.75,"integrin subunit alpha 8","239092_at",0.000114,1.97e-05,5.2187085,2.469306,1.03119845,"integrin subunit alpha 8"
"1347","ITGAL","213475_s_at",2.34e-15,1.91e-16,9.14,26.4922271,1.78,"integrin subunit alpha L","1554240_a_at",2.76e-08,6.06e-10,9.5736128,12.838898,1.72560558,"integrin subunit alpha L"
"1348","ITGAM","205786_s_at",0.00372,0.00132,3.27,-2.3512353,0.738,"integrin subunit alpha M","205786_s_at",0.00112,0.000291,4.1912846,-0.183349,0.77269654,"integrin subunit alpha M"
"1349","ITGAX","210184_at",7.96e-08,1.52e-08,5.95,8.5662596,0.745,"integrin subunit alpha X","210184_at",1.01e-07,3.33e-09,8.7855127,11.139245,1.76925944,"integrin subunit alpha X"
"1350","ITGB1","1553530_a_at",0.00417,0.00149,-3.23,-2.464717,-0.636,"integrin subunit beta 1","1553530_a_at",0.00785,0.00286,3.298516,-2.397322,0.714118,"integrin subunit beta 1"
"1351","ITGB2-AS1","229041_s_at",2.62e-07,5.32e-08,5.7,7.3451986,1.15,"ITGB2 antisense RNA 1","229041_s_at",4.47e-05,6.44e-06,5.6501651,3.583222,0.76344909,"ITGB2 antisense RNA 1"
"1352","ITGBL1","231993_at",6.77e-07,1.45e-07,-5.49,6.3719596,-0.974,"integrin subunit beta like 1","214927_at",0.0384,0.0185,-2.5155223,-4.153389,-0.89134435,"integrin subunit beta like 1"
"1353","ITK","211339_s_at",2.09e-15,1.69e-16,9.16,26.6089172,1.64,"IL2 inducible T-cell kinase","211339_s_at",1.74e-06,1.25e-07,7.2222632,7.518849,1.31875206,"IL2 inducible T-cell kinase"
"1354","ITM2C","221004_s_at",3.9e-11,5.1e-12,-7.43,16.4202844,-1.01,"integral membrane protein 2C","221004_s_at",1.71e-09,1.2e-11,11.543776,16.729302,1.98324265,"integral membrane protein 2C"
"1355","ITPR1","211323_s_at",3.86e-09,6.35e-10,-6.56,11.6757346,-0.969,"inositol 1,4,5-trisphosphate receptor type 1","216944_s_at",0.000148,2.69e-05,5.1007933,2.163848,0.71128142,"inositol 1,4,5-trisphosphate receptor type 1"
"1356","ITPR2","202662_s_at",3.1e-09,5.05e-10,-6.6,11.9005959,-0.703,"inositol 1,4,5-trisphosphate receptor type 2","202660_at",7.28e-05,1.16e-05,-5.4243221,3.001105,-0.68896881,"inositol 1,4,5-trisphosphate receptor type 2"
"1357","ITPRIPL2","227954_at",1.05e-11,1.28e-12,-7.67,17.7791072,-0.96,"inositol 1,4,5-trisphosphate receptor interacting protein like 2","1568619_s_at",0.00294,0.000905,-3.752615,-1.290105,-0.6349025,"inositol 1,4,5-trisphosphate receptor interacting protein like 2"
"1358","JAK3","227677_at",2.54e-15,2.08e-16,9.13,26.4068267,1.34,"Janus kinase 3","227677_at",2.23e-08,4.55e-10,9.7095671,13.123593,2.0860517,"Janus kinase 3"
"1359","JAML","228094_at",2.86e-07,5.83e-08,5.68,7.2563888,0.938,"junction adhesion molecule like","228094_at",2.07e-05,2.58e-06,6.0051179,4.491869,0.8921065,"junction adhesion molecule like"
"1360","JRK","214692_s_at",9.53e-11,1.31e-11,-7.27,15.4932211,-0.868,"Jrk helix-turn-helix protein","216309_x_at",0.000958,0.000241,-4.2631822,0.000408,-0.62650674,"Jrk helix-turn-helix protein"
"1361","KALRN","227750_at",7.17e-10,1.09e-10,6.89,13.4068665,0.734,"kalirin, RhoGEF kinase","206078_at",2.88e-06,2.37e-07,6.9595493,6.879327,0.86024827,"kalirin, RhoGEF kinase"
"1362","KANSL1","243589_at",6.95e-06,1.68e-06,-4.96,3.9945675,-1.18,"KAT8 regulatory NSL complex subunit 1","243589_at",4.82e-05,7.05e-06,-5.6146976,3.491977,-1.42556357,"KAT8 regulatory NSL complex subunit 1"
"1363","KAT6A","202423_at",4.25e-11,5.57e-12,-7.42,16.3325536,-0.638,"lysine acetyltransferase 6A","202423_at",0.000809,0.000198,-4.339223,0.195293,-0.72661605,"lysine acetyltransferase 6A"
"1364","KAT6B","1562236_at",3.59e-14,3.33e-15,-8.68,23.6598157,-0.79,"lysine acetyltransferase 6B","1562236_at",2.48e-05,3.2e-06,-5.9221243,4.280222,-0.84683408,"lysine acetyltransferase 6B"
"1365","KATNBL1","232094_at",2.3e-05,5.92e-06,-4.68,2.7794381,-0.821,"katanin regulatory subunit B1 like 1","1559658_at",7.78e-05,1.25e-05,-5.393715,2.922034,-0.98590514,"katanin regulatory subunit B1 like 1"
"1366","KAZN","229144_at",1.5e-14,1.33e-15,8.83,24.5688671,0.794,"kazrin, periplakin interacting protein","213478_at",0.00238,0.000705,-3.8499199,-1.047152,-0.70286387,"kazrin, periplakin interacting protein"
"1367","KBTBD12","244771_at",1.45e-08,2.54e-09,-6.3,10.3181026,-0.618,"kelch repeat and BTB domain containing 12","244771_at",1.19e-05,1.32e-06,-6.2706673,5.165198,-1.36498014,"kelch repeat and BTB domain containing 12"
"1368","KBTBD8","239835_at",6.5e-25,1.84e-26,12.7,49.3895295,1.76,"kelch repeat and BTB domain containing 8","239835_at",1.98e-08,3.88e-10,9.7863786,13.283345,1.71740137,"kelch repeat and BTB domain containing 8"
"1369","KCNJ13","210179_at",8.84e-12,1.07e-12,-7.7,17.9572802,-1.22,"potassium voltage-gated channel subfamily J member 13","211427_s_at",4.71e-07,2.4e-08,-7.9157407,9.16513,-2.50051693,"potassium voltage-gated channel subfamily J member 13"
"1370","KCNJ15","210119_at",3.03e-39,1.65e-41,18.2,83.8610882,4.43,"potassium voltage-gated channel subfamily J member 15","210119_at",8.46e-06,8.71e-07,6.4345863,5.577594,1.65432078,"potassium voltage-gated channel subfamily J member 15"
"1371","KCNJ8","205303_at",0.000783,0.000249,-3.74,-0.7892096,-0.786,"potassium voltage-gated channel subfamily J member 8","205303_at",5.96e-08,1.68e-09,9.0974268,11.822047,1.409581,"potassium voltage-gated channel subfamily J member 8"
"1372","KCNK1","204678_s_at",7.88e-19,4.4e-20,10.5,34.7941338,1.77,"potassium two pore domain channel subfamily K member 1","204679_at",0.000196,3.73e-05,-4.9753074,1.838609,-0.70653072,"potassium two pore domain channel subfamily K member 1"
"1373","KCNK5","219615_s_at",1.25e-16,8.92e-18,-9.63,29.5262918,-1.69,"potassium two pore domain channel subfamily K member 5","219615_s_at",0.03,0.0139,-2.6423274,-3.886095,-0.81132902,"potassium two pore domain channel subfamily K member 5"
"1374","KCNMA1","221584_s_at",6.38e-09,1.07e-09,-6.46,11.1612937,-0.984,"potassium calcium-activated channel subfamily M alpha 1","221584_s_at",5.75e-06,5.47e-07,6.620468,6.041962,1.03258779,"potassium calcium-activated channel subfamily M alpha 1"
"1375","KCNT2","244455_at",1.2e-05,2.98e-06,-4.83,3.4401464,-1.06,"potassium sodium-activated channel subfamily T member 2","244455_at",0.000585,0.000134,-4.4866738,0.574522,-0.75522013,"potassium sodium-activated channel subfamily T member 2"
"1376","KCTD1","226246_at",8.3e-18,5.12e-19,10.1,32.3597736,0.796,"potassium channel tetramerization domain containing 1","226245_at",1.56e-05,1.82e-06,-6.1418875,4.839432,-0.79609384,"potassium channel tetramerization domain containing 1"
"1377","KCTD21","229873_at",8.93e-20,4.47e-21,10.8,37.0655627,2.12,"potassium channel tetramerization domain containing 21","229873_at",3.92e-05,5.5e-06,5.7109086,3.73932,0.68924839,"potassium channel tetramerization domain containing 21"
"1378","KCTD4","239787_at",1.25e-13,1.23e-14,8.46,22.3651408,2.67,"potassium channel tetramerization domain containing 4","239787_at",0.000147,2.67e-05,-5.1025759,2.168467,-1.65658675,"potassium channel tetramerization domain containing 4"
"1379","KDELR1","200922_at",0.00647,0.0024,-3.08,-2.9009799,-0.587,"KDEL endoplasmic reticulum protein retention receptor 1","200922_at",1.75e-08,3.26e-10,9.8702116,13.456801,0.70717307,"KDEL endoplasmic reticulum protein retention receptor 1"
"1380","KDELR2","200700_s_at",5.33e-19,2.91e-20,10.5,35.2048388,0.967,"KDEL endoplasmic reticulum protein retention receptor 2","200700_s_at",8.25e-09,1.19e-10,10.3649422,14.46151,1.2883158,"KDEL endoplasmic reticulum protein retention receptor 2"
"1381","KDELR3","204017_at",0.003,0.00105,-3.33,-2.137633,-0.72,"KDEL endoplasmic reticulum protein retention receptor 3","207265_s_at",2.05e-06,1.55e-07,7.1337954,7.304428,1.81966381,"KDEL endoplasmic reticulum protein retention receptor 3"
"1382","KDM4C","214861_at",1.02e-13,9.99e-15,-8.49,22.5740405,-0.985,"lysine demethylase 4C","244385_at",0.00929,0.00348,3.2188345,-2.586111,0.99115622,"lysine demethylase 4C"
"1383","KDM5A","226367_at",3.09e-14,2.84e-15,-8.7,23.8177705,-0.893,"lysine demethylase 5A","215698_at",7.45e-05,1.19e-05,-5.4136599,2.973564,-0.63245657,"lysine demethylase 5A"
"1384","KDM5B","201548_s_at",1.34e-14,1.18e-15,8.85,24.6898088,0.756,"lysine demethylase 5B","211202_s_at",1.46e-05,1.69e-06,-6.1710959,4.91345,-0.60413907,"lysine demethylase 5B"
"1385","KDM5C","202383_at",1.42e-16,1.01e-17,9.61,29.3988215,0.673,"lysine demethylase 5C","239207_at",0.000192,3.64e-05,-4.9852456,1.864369,-0.77920954,"lysine demethylase 5C"
"1386","KIAA0040","203143_s_at",9.95e-08,1.92e-08,-5.9,8.3375924,-0.621,"KIAA0040","203144_s_at",7.66e-07,4.45e-08,7.6532228,8.549276,1.20743033,"KIAA0040"
"1387","KIAA0101","202503_s_at",1.17e-35,9.46e-38,16.8,75.2519191,2.47,"KIAA0101","202503_s_at",0.00437,0.00144,3.5696458,-1.741992,0.63104461,"KIAA0101"
"1388","KIAA0226L","219471_at",2.84e-08,5.17e-09,6.16,9.6231209,0.986,"KIAA0226 like","44790_s_at",1.26e-10,1.94e-13,13.9025478,20.78064,2.45664687,"KIAA0226 like"
"1389","KIAA0368","236368_at",3.74e-07,7.76e-08,-5.62,6.9787961,-0.977,"KIAA0368","212427_at",3.41e-06,2.9e-07,-6.8762484,6.674829,-0.85927573,"KIAA0368"
"1390","KIAA0513","204546_at",7.88e-23,2.77e-24,12,44.4032657,1.19,"KIAA0513","1554440_at",0.00483,0.00162,3.5236413,-1.854475,0.78158517,"KIAA0513"
"1391","KIAA0754","215268_at",1.1e-09,1.71e-10,-6.8,12.9664921,-0.749,"KIAA0754","215268_at",4.53e-06,4.1e-07,-6.7363009,6.329468,-1.9322546,"KIAA0754"
"1392","KIAA0895","213424_at",8.87e-19,4.98e-20,-10.5,34.6714715,-1.33,"KIAA0895","213424_at",6.41e-08,1.85e-09,-9.0529381,11.72547,-1.75551608,"KIAA0895"
"1393","KIAA1109","233096_at",1.21e-12,1.33e-13,-8.06,20.0165957,-0.815,"KIAA1109","216294_s_at",0.00197,0.000567,-3.9341468,-0.835559,-0.62889128,"KIAA1109"
"1394","KIAA1217","1554438_at",2.2e-25,5.83e-27,12.9,50.5322269,0.865,"KIAA1217","232046_at",0.000764,0.000184,-4.3654731,0.262686,-0.81704235,"KIAA1217"
"1395","KIAA1324L","235301_at",5.03e-15,4.25e-16,-9.01,25.6981793,-1.61,"KIAA1324 like","235301_at",0.0145,0.00587,3.0048971,-3.083023,0.63771611,"KIAA1324 like"
"1396","KIAA1462","213316_at",3.32e-10,4.85e-11,-7.03,14.2032178,-0.645,"KIAA1462","231841_s_at",1.36e-07,4.87e-09,8.6151239,10.760633,1.4781461,"KIAA1462"
"1397","KIAA1468","225508_at",5.42e-22,2.09e-23,11.7,42.3928328,0.808,"KIAA1468","225508_at",6.33e-06,6.14e-07,-6.5742516,5.926843,-0.73071723,"KIAA1468"
"1398","KIAA1524","231855_at",5.01e-14,4.72e-15,8.62,23.3163102,0.948,"KIAA1524","1553810_a_at",8.05e-05,1.3e-05,5.3785012,2.882717,1.1024009,"KIAA1524"
"1399","KIAA1549","206044_s_at",0.00913,0.00347,2.96,-3.2422667,0.616,"KIAA1549///B-Raf proto-oncogene, serine/threonine kinase","206044_s_at",0.000966,0.000243,-4.2594815,-0.009063,-0.59673034,"KIAA1549///B-Raf proto-oncogene, serine/threonine kinase"
"1400","KIAA2022","244370_at",5.48e-10,8.22e-11,-6.94,13.6842513,-1.23,"KIAA2022","244370_at",0.000656,0.000154,-4.4355285,0.442805,-1.02431339,"KIAA2022"
"1401","KIDINS220","212162_at",6.85e-14,6.58e-15,-8.56,22.9879582,-0.878,"kinase D-interacting substrate 220kDa","1557246_at",2.38e-06,1.87e-07,-7.0561835,7.115532,-1.64357349,"kinase D-interacting substrate 220kDa"
"1402","KIF13A","220777_at",2.82e-10,4.09e-11,-7.06,14.3697688,-1.26,"kinesin family member 13A","220777_at",9.04e-07,5.48e-08,-7.5656527,8.341825,-2.19682667,"kinesin family member 13A"
"1403","KIF13B","202962_at",4.89e-12,5.76e-13,7.81,18.570427,0.675,"kinesin family member 13B","202962_at",5.4e-05,8.09e-06,-5.5618947,3.356007,-0.68702711,"kinesin family member 13B"
"1404","KIF1B","225878_at",6.89e-16,5.32e-17,9.35,27.7571873,1.01,"kinesin family member 1B","209234_at",5.19e-06,4.83e-07,-6.6704299,6.166152,-0.7655982,"kinesin family member 1B"
"1405","KIF21A","231875_at",2.96e-11,3.81e-12,-7.48,16.7056471,-0.97,"kinesin family member 21A","226003_at",8.72e-09,1.29e-10,-10.3244701,14.380523,-1.20396888,"kinesin family member 21A"
"1406","KIF21B","204411_at",3.51e-07,7.25e-08,5.63,7.0449469,1.07,"kinesin family member 21B","204411_at",1.33e-06,8.93e-08,7.3608346,7.852752,1.58013469,"kinesin family member 21B"
"1407","KIF23","204709_s_at",7.82e-28,1.58e-29,13.8,56.4127999,2.19,"kinesin family member 23","244427_at",0.000107,1.82e-05,-5.2495397,2.549128,-0.71429809,"kinesin family member 23"
"1408","KIF2A","203087_s_at",2.84e-29,4.82e-31,14.4,59.8832461,1.76,"kinesin family member 2A","203087_s_at",5.61e-07,3.01e-08,7.8193703,8.94011,0.65128559,"kinesin family member 2A"
"1409","KIZ","233241_at",6.49e-10,9.81e-11,-6.9,13.5103673,-0.659,"kizuna centrosomal protein","228290_at",0.000337,7.07e-05,-4.7317655,1.207666,-0.68858195,"kizuna centrosomal protein"
"1410","KLB","235708_at",2.73e-07,5.55e-08,-5.69,7.3040942,-1.12,"klotho beta","235708_at",0.0299,0.0138,-2.6446216,-3.881189,-0.92434513,"klotho beta"
"1411","KLF2","219371_s_at",2.49e-10,3.58e-11,-7.09,14.5007822,-0.585,"Kruppel like factor 2","219371_s_at",0.000581,0.000133,4.48937,0.581471,0.7448869,"Kruppel like factor 2"
"1412","KLF3","225140_at",7.64e-11,1.04e-11,7.31,15.7223585,1.34,"Kruppel like factor 3","225133_at",8.18e-08,2.53e-09,-8.9105663,11.414593,-0.59782067,"Kruppel like factor 3"
"1413","KLF7","238482_at",1.8e-14,1.61e-15,8.8,24.3797466,1.22,"Kruppel like factor 7","238482_at",1.4e-07,5.12e-09,8.5927541,10.710631,1.18381955,"Kruppel like factor 7"
"1414","KLF8","230986_at",7.37e-13,7.92e-14,-8.15,20.5288898,-0.674,"Kruppel like factor 8","219930_at",1.02e-09,5.59e-12,-11.957224,17.484428,-0.99896004,"Kruppel like factor 8"
"1415","KLHDC7B","236285_at",1.4e-36,1.03e-38,17.1,77.4576612,4.76,"kelch domain containing 7B","236285_at",1.88e-05,2.29e-06,6.0518225,4.610732,2.42946351,"kelch domain containing 7B"
"1416","KLHL18","1557165_s_at",1.31e-17,8.31e-19,10,31.8799251,1.36,"kelch like family member 18","212882_at",9.78e-06,1.04e-06,-6.3635572,5.399217,-0.70209741,"kelch like family member 18"
"1417","KLHL31","239398_at",3.31e-09,5.4e-10,-6.59,11.8350022,-1,"kelch like family member 31","239398_at",0.000425,9.27e-05,-4.6280293,0.939356,-1.69035449,"kelch like family member 31"
"1418","KLHL36","238523_at",1.96e-08,3.5e-09,-6.24,10.0042868,-0.731,"kelch like family member 36","238523_at",0.000102,1.73e-05,-5.2701266,2.602415,-0.64916469,"kelch like family member 36"
"1419","KLHL5","220682_s_at",4.38e-19,2.36e-20,10.6,35.4122054,1.17,"kelch like family member 5","226001_at",8.53e-08,2.66e-09,8.8878751,11.364789,1.2538663,"kelch like family member 5"
"1420","KLK11","205470_s_at",9.98e-14,9.78e-15,8.5,22.5957277,0.586,"kallikrein related peptidase 11","205470_s_at",0.000284,5.78e-05,-4.808306,1.40585,-1.17170626,"kallikrein related peptidase 11"
"1421","KLK13","205783_at",1.21e-61,3.76e-65,27.9,137.8910339,6.58,"kallikrein related peptidase 13","216670_at",0.0116,0.00449,3.1156557,-2.827664,1.77275964,"kallikrein related peptidase 13"
"1422","KLK5","222242_s_at",2.04e-07,4.09e-08,5.75,7.6021331,1.01,"kallikrein related peptidase 5","222242_s_at",0.00025,4.97e-05,-4.8660352,1.555409,-1.41652583,"kallikrein related peptidase 5"
"1423","KLK6","204733_at",6.49e-31,8.97e-33,15,63.848847,5.74,"kallikrein related peptidase 6","204733_at",0.00645,0.00228,3.3893705,-2.179844,2.51244136,"kallikrein related peptidase 6"
"1424","KLK7","205778_at",1.39e-15,1.11e-16,9.23,27.0284488,1.35,"kallikrein related peptidase 7","205778_at",0.0159,0.00654,-2.9605935,-3.183949,-0.81823671,"kallikrein related peptidase 7"
"1425","KLK8","206125_s_at",5.69e-25,1.6e-26,12.8,49.5312226,1.66,"kallikrein related peptidase 8","206125_s_at",0.0249,0.0111,-2.7357572,-3.684395,-0.79803694,"kallikrein related peptidase 8"
"1426","KLRB1","214470_at",2.74e-28,5.21e-30,14,57.5156506,2.99,"killer cell lectin like receptor B1","214470_at",3.66e-06,3.18e-07,6.8392058,6.583633,1.59238399,"killer cell lectin like receptor B1"
"1427","KLRC2","206785_s_at",5.52e-07,1.17e-07,5.54,6.5817791,0.86,"killer cell lectin like receptor C2///killer cell lectin like receptor C1","206785_s_at",3.81e-05,5.33e-06,5.7234875,3.771617,2.21868975,"killer cell lectin like receptor C2///killer cell lectin like receptor C1"
"1428","KLRC4-KLRK1","205821_at",0.00318,0.00112,3.32,-2.1975856,0.758,"KLRC4-KLRK1 readthrough///killer cell lectin like receptor K1","205821_at",0.000174,3.24e-05,5.0294942,1.979061,0.7983529,"KLRC4-KLRK1 readthrough///killer cell lectin like receptor K1"
"1429","KLRG2","231195_at",1.82e-13,1.84e-14,-8.39,21.9695717,-1.46,"killer cell lectin like receptor G2","244264_at",6.74e-06,6.62e-07,-6.543854,5.851003,-0.74771283,"killer cell lectin like receptor G2"
"1430","KMT2A","1565436_s_at",2.93e-06,6.77e-07,-5.16,4.8732701,-0.624,"lysine methyltransferase 2A","212079_s_at",0.0469,0.0235,-2.409546,-4.370689,-0.59629784,"lysine methyltransferase 2A"
"1431","KMT2C","222413_s_at",2.2e-08,3.95e-09,-6.21,9.8845496,-1.16,"lysine methyltransferase 2C","232940_s_at",0.00783,0.00285,-3.2996434,-2.394637,-0.73747108,"lysine methyltransferase 2C"
"1432","KMT2E","223190_s_at",3.08e-28,5.89e-30,-14,57.3934484,-0.741,"lysine methyltransferase 2E","223189_x_at",0.000331,6.92e-05,-4.739895,1.228708,-0.66704986,"lysine methyltransferase 2E"
"1433","KPNA5","227934_at",2.17e-08,3.89e-09,-6.21,9.9004153,-0.924,"karyopherin subunit alpha 5","227934_at",0.000598,0.000138,-4.4765446,0.548422,-0.720966,"karyopherin subunit alpha 5"
"1434","KRR1","232441_at",1.91e-10,2.7e-11,-7.14,14.7769997,-0.965,"KRR1, small subunit processome component homolog","232441_at",7.36e-06,7.38e-07,-6.5005797,5.742869,-0.88793862,"KRR1, small subunit processome component homolog"
"1435","KRT15","204734_at",3.78e-16,2.84e-17,-9.45,28.3797712,-1.14,"keratin 15","204734_at",0.006,0.00209,-3.4229173,-2.09898,-0.90669826,"keratin 15"
"1436","KRT16","209800_at",8.98e-50,1.27e-52,22.5,109.301356,3.2,"keratin 16","209800_at",2.56e-06,2.03e-07,7.0211076,7.029924,2.29204841,"keratin 16"
"1437","KRT17","205157_s_at",1.07e-19,5.42e-21,10.8,36.8741869,1.57,"keratin 17///junction plakoglobin","205157_s_at",0.00976,0.00369,3.1954981,-2.641039,1.25342546,"keratin 17///junction plakoglobin"
"1438","KRT24","220267_at",3.79e-09,6.23e-10,6.56,11.694749,1.26,"keratin 24","220267_at",0.0414,0.0202,2.4763472,-4.234383,2.02868516,"keratin 24"
"1439","KRT6A","209125_at",2.74e-35,2.32e-37,16.6,74.3578048,1.73,"keratin 6A","209125_at",2.44e-05,3.13e-06,5.9299684,4.300248,1.36720756,"keratin 6A"
"1440","KRT6B","209126_x_at",3.48e-38,2.17e-40,17.7,81.2989788,1.75,"keratin 6B","209126_x_at",0.000216,4.19e-05,4.9312966,1.724536,1.05478823,"keratin 6B"
"1441","KRT6C","214580_x_at",5.24e-38,3.36e-40,17.7,80.8626277,1.6,"keratin 6C///keratin 6B///keratin 6A","214580_x_at",5.29e-06,4.94e-07,6.6613546,6.143613,1.50793869,"keratin 6C///keratin 6B///keratin 6A"
"1442","KRT77","237120_at",4.46e-44,1.42e-46,-20.1,95.4625091,-2.21,"keratin 77","237120_at",0.000188,3.54e-05,-4.9953825,1.890644,-2.78535566,"keratin 77"
"1443","KRT78","1553212_at",1.08e-18,6.09e-20,10.4,34.472008,1.55,"keratin 78","1553212_at",4.48e-05,6.46e-06,-5.6488198,3.579762,-1.49839985,"keratin 78"
"1444","KRT80","231849_at",1.03e-10,1.42e-11,7.25,15.4135385,0.712,"keratin 80","231849_at",1.66e-06,1.18e-07,-7.2446397,7.57293,-1.53852925,"keratin 80"
"1445","KYAT1","206037_at",4.88e-08,9.11e-09,-6.05,9.068345,-0.693,"kynurenine aminotransferase 1","206037_at",1.4e-06,9.52e-08,-7.3343988,7.789238,-0.60175007,"kynurenine aminotransferase 1"
"1446","KYNU","210663_s_at",4.44e-78,3.25e-82,36.6,176.6052097,7.31,"kynureninase","204385_at",1.75e-06,1.26e-07,7.2186865,7.510199,2.03339933,"kynureninase"
"1447","L3MBTL1","210306_at",7.94e-05,2.2e-05,-4.37,1.5191527,-0.671,"l(3)mbt-like 1 (Drosophila)","210306_at",5.52e-05,8.29e-06,-5.5521283,3.330842,-0.89482464,"l(3)mbt-like 1 (Drosophila)"
"1448","L3MBTL4","228557_at",2.45e-19,1.28e-20,-10.7,36.0195628,-0.863,"l(3)mbt-like 4 (Drosophila)","228557_at",8.63e-07,5.16e-08,-7.5905668,8.400947,-1.23238727,"l(3)mbt-like 4 (Drosophila)"
"1449","LACTB","1552485_at",1.45e-09,2.28e-10,6.75,12.6831139,0.963,"lactamase beta","226354_at",9.84e-05,1.65e-05,5.2864145,2.644566,0.64001143,"lactamase beta"
"1450","LAD1","216641_s_at",2.11e-15,1.71e-16,9.16,26.5980176,1.81,"ladinin 1","216641_s_at",0.000272,5.49e-05,-4.8281693,1.457303,-0.83179076,"ladinin 1"
"1451","LAIR1","210644_s_at",0.00482,0.00175,3.18,-2.6095438,0.643,"leukocyte associated immunoglobulin like receptor 1","210644_s_at",4.26e-10,1.18e-12,12.8283986,19.011153,2.28399492,"leukocyte associated immunoglobulin like receptor 1"
"1452","LAIR2","207509_s_at",5.51e-07,1.16e-07,5.54,6.5831911,1.17,"leukocyte associated immunoglobulin like receptor 2","207509_s_at",8.53e-06,8.81e-07,6.4298338,5.565674,1.68981225,"leukocyte associated immunoglobulin like receptor 2"
"1453","LAMB2P1","230616_at",8.08e-09,1.38e-09,-6.41,10.917296,-0.672,"laminin subunit beta 2 pseudogene 1","230616_at",2.51e-06,1.99e-07,-7.0304483,7.052736,-0.66514283,"laminin subunit beta 2 pseudogene 1"
"1454","LAMB4","215516_at",1.3e-29,2.09e-31,-14.5,60.7172696,-1.67,"laminin subunit beta 4","216622_at",1.23e-06,8.08e-08,-7.4025692,7.952843,-1.47547275,"laminin subunit beta 4"
"1455","LAMC2","202267_at",7.42e-25,2.12e-26,-12.7,49.2493602,-1.61,"laminin subunit gamma 2","202267_at",0.0105,0.00401,-3.1616679,-2.720365,-0.71030338,"laminin subunit gamma 2"
"1456","LAMC3","219407_s_at",2.14e-10,3.05e-11,-7.12,14.658737,-1.42,"laminin subunit gamma 3","219407_s_at",0.000419,9.14e-05,-4.633487,0.953462,-0.76787441,"laminin subunit gamma 3"
"1457","LAMP3","205569_at",5.89e-31,8.07e-33,15,63.9532503,1.69,"lysosomal associated membrane protein 3","205569_at",0.00163,0.000452,4.021497,-0.614979,0.62930613,"lysosomal associated membrane protein 3"
"1458","LAP3","217933_s_at",1.29e-14,1.13e-15,8.85,24.7290946,0.672,"leucine aminopeptidase 3","217933_s_at",8.5e-09,1.23e-10,10.3450019,14.421635,1.04681246,"leucine aminopeptidase 3"
"1459","LARP4","214155_s_at",9.92e-23,3.53e-24,11.9,44.1623934,1.53,"La ribonucleoprotein domain family member 4","214155_s_at",1.62e-05,1.92e-06,6.1215682,4.787897,0.61358136,"La ribonucleoprotein domain family member 4"
"1460","LARP7","241385_at",0.000289,8.64e-05,-4.02,0.2139583,-0.612,"La ribonucleoprotein domain family member 7","241385_at",0.00467,0.00156,-3.5393147,-1.816208,-0.65921462,"La ribonucleoprotein domain family member 7"
"1461","LAT2","221581_s_at",4.63e-15,3.9e-16,9.03,25.7833755,0.638,"linker for activation of T-cells family member 2","221581_s_at",1.49e-09,9.77e-12,11.6550023,16.93444,1.69863317,"linker for activation of T-cells family member 2"
"1462","LBH","221011_s_at",1.33e-21,5.42e-23,-11.5,41.4484513,-0.891,"limb bud and heart development","221011_s_at",3.64e-05,5.05e-06,5.7441976,3.82477,0.77047594,"limb bud and heart development"
"1463","LCK","204891_s_at",2.15e-17,1.4e-18,9.93,31.3612845,1.74,"LCK proto-oncogene, Src family tyrosine kinase","204891_s_at",9.3e-07,5.66e-08,7.5520051,8.309404,1.56014304,"LCK proto-oncogene, Src family tyrosine kinase"
"1464","LCMT2","204012_s_at",8.85e-14,8.61e-15,8.52,22.7215372,0.817,"leucine carboxyl methyltransferase 2","204013_s_at",0.0346,0.0164,-2.5697858,-4.039948,-0.60533801,"leucine carboxyl methyltransferase 2"
"1465","LCORL","240592_at",3.49e-07,7.22e-08,-5.63,7.0491516,-0.675,"ligand dependent nuclear receptor corepressor like","235970_at",0.00238,0.000705,-3.8499762,-1.047011,-0.67779195,"ligand dependent nuclear receptor corepressor like"
"1466","LCP1","208885_at",1.45e-05,3.64e-06,4.79,3.248243,0.625,"lymphocyte cytosolic protein 1","208885_at",0.000121,2.11e-05,5.193417,2.40381,0.6123466,"lymphocyte cytosolic protein 1"
"1467","LCP2","205269_at",2.62e-12,3e-13,7.92,19.2134707,1.27,"lymphocyte cytosolic protein 2","205269_at",3.42e-09,3.24e-11,11.0225513,15.748002,1.76111242,"lymphocyte cytosolic protein 2"
"1468","LDB2","242360_at",3.85e-17,2.58e-18,-9.83,30.7573646,-0.934,"LIM domain binding 2","242360_at",0.0131,0.00522,-3.0534798,-2.971537,-0.65946504,"LIM domain binding 2"
"1469","LEPR","1556919_at",2.19e-12,2.48e-13,-7.96,19.4031405,-1.36,"leptin receptor","1556919_at",1.37e-07,4.97e-09,-8.6058049,10.739811,-2.72823358,"leptin receptor"
"1470","LEPROT","207255_at",2.45e-05,6.35e-06,-4.66,2.7124698,-0.907,"leptin receptor overlapping transcript///leptin receptor","1556996_at",4.97e-05,7.32e-06,-5.6001548,3.454544,-1.08295301,"leptin receptor overlapping transcript"
"1471","LGALS1","201105_at",1.47e-12,1.63e-13,-8.03,19.813965,-1.25,"galectin 1","201105_at",7.06e-09,9.53e-11,10.4740958,14.678875,0.71118573,"galectin 1"
"1472","LGALS2","208450_at",1.22e-08,2.11e-09,6.33,10.4971343,1.52,"galectin 2","208450_at",0.00138,0.000371,4.0980506,-0.420803,1.03739744,"galectin 2"
"1473","LGALS3","208949_s_at",7.04e-32,8.6e-34,-15.3,66.1817132,-0.63,"lectin, galactoside binding soluble 3","1557197_a_at",6.33e-07,3.51e-08,-7.7542993,8.787475,-1.57848083,"lectin, galactoside binding soluble 3"
"1474","LGALS3BP","200923_at",1.33e-29,2.13e-31,14.5,60.696262,1.55,"galectin 3 binding protein","200923_at",1.7e-07,6.6e-09,8.479836,10.457189,1.1992605,"galectin 3 binding protein"
"1475","LGALS9","203236_s_at",2.05e-15,1.66e-16,9.17,26.631337,0.843,"galectin 9","203236_s_at",9.86e-10,5.37e-12,11.9793475,17.524268,1.58763073,"galectin 9"
"1476","LGALSL","219998_at",9.55e-11,1.31e-11,7.27,15.4904145,0.871,"galectin like","226188_at",3.56e-07,1.68e-08,-8.0708804,9.524765,-1.00931598,"galectin like"
"1477","LGI1","206349_at",1.47e-06,3.26e-07,-5.32,5.5822017,-0.696,"leucine rich glioma inactivated 1","206349_at",0.0124,0.00486,-3.0827018,-2.904082,-1.22957223,"leucine rich glioma inactivated 1"
"1478","LGR6","227819_at",2.33e-05,6e-06,-4.67,2.766863,-0.761,"leucine rich repeat containing G protein-coupled receptor 6","227819_at",6.44e-05,9.98e-06,-5.4806508,3.146524,-1.30416978,"leucine rich repeat containing G protein-coupled receptor 6"
"1479","LIFR","205876_at",1.22e-27,2.53e-29,-13.7,55.9447959,-1.03,"leukemia inhibitory factor receptor alpha","225575_at",0.00422,0.00139,-3.5857922,-1.702399,-0.79308015,"leukemia inhibitory factor receptor alpha"
"1480","LILRA4","210313_at",3.16e-05,8.28e-06,4.6,2.4567491,0.627,"leukocyte immunoglobulin like receptor A4","210313_at",1.08e-05,1.17e-06,6.3159442,5.279368,1.96913673,"leukocyte immunoglobulin like receptor A4"
"1481","LILRB2","210146_x_at",1.27e-14,1.11e-15,8.86,24.7439275,2.22,"leukocyte immunoglobulin like receptor B2","210146_x_at",4.13e-08,1.04e-09,9.3178978,12.296667,2.41182431,"leukocyte immunoglobulin like receptor B2"
"1482","LIMA1","222456_s_at",1.88e-17,1.21e-18,-9.95,31.5046653,-1.39,"LIM domain and actin binding 1","222456_s_at",0.00456,0.00152,-3.5503406,-1.789253,-0.59709305,"LIM domain and actin binding 1"
"1483","LIMCH1","212325_at",8.6e-07,1.86e-07,5.44,6.126711,0.708,"LIM and calponin homology domains 1","232457_at",1.71e-05,2.05e-06,-6.0956533,4.722117,-0.66110233,"LIM and calponin homology domains 1"
"1484","LINC00173","1563369_at",0.00621,0.00229,-3.1,-2.8600819,-0.681,"long intergenic non-protein coding RNA 173","1563369_at",2.92e-08,6.51e-10,-9.5393825,12.766827,-1.28052344,"long intergenic non-protein coding RNA 173"
"1485","LINC00202-1","231196_x_at",3.16e-14,2.91e-15,8.7,23.7954524,1.32,"long intergenic non-protein coding RNA 202-1","231196_x_at",0.000293,6e-05,-4.7944413,1.36994,-0.60464864,"long intergenic non-protein coding RNA 202-1"
"1486","LINC00260","210711_at",1.42e-13,1.41e-14,-8.44,22.2334209,-0.95,"long intergenic non-protein coding RNA 260","210711_at",1.1e-07,3.71e-09,-8.7366548,11.031086,-1.35899116,"long intergenic non-protein coding RNA 260"
"1487","LINC00302","216935_at",9.28e-06,2.28e-06,4.9,3.7011097,1.4,"long intergenic non-protein coding RNA 302","216935_at",7.95e-07,4.65e-08,-7.6344373,8.504858,-2.16467221,"long intergenic non-protein coding RNA 302"
"1488","LINC00342","213703_at",9.53e-12,1.16e-12,-7.69,17.8796431,-0.816,"long intergenic non-protein coding RNA 342","1560659_at",5.73e-05,8.68e-06,-5.5344241,3.285211,-0.77084253,"long intergenic non-protein coding RNA 342"
"1489","LINC00472","235771_at",8.77e-06,2.14e-06,-4.91,3.7582844,-0.711,"long intergenic non-protein coding RNA 472","235771_at",0.00153,0.00042,-4.04956,-0.543887,-0.80281681,"long intergenic non-protein coding RNA 472"
"1490","LINC00515","1556414_at",1.63e-17,1.05e-18,-9.97,31.6497762,-0.945,"long intergenic non-protein coding RNA 515","1556414_at",6.27e-05,9.68e-06,-5.4926875,3.17758,-0.96715981,"long intergenic non-protein coding RNA 515"
"1491","LINC00518","244829_at",2.58e-20,1.21e-21,11,38.3596918,1.96,"long intergenic non-protein coding RNA 518","244829_at",0.00077,0.000186,-4.3614536,0.252363,-0.95642323,"long intergenic non-protein coding RNA 518"
"1492","LINC00597","208109_s_at",4.38e-12,5.13e-13,-7.83,18.6841659,-0.859,"long intergenic non-protein coding RNA 597","208109_s_at",0.00922,0.00345,-3.2226517,-2.57711,-0.92051138,"long intergenic non-protein coding RNA 597"
"1493","LINC00665","243924_at",1.44e-07,2.84e-08,-5.82,7.9593992,-0.84,"long intergenic non-protein coding RNA 665","242462_at",3.52e-05,4.86e-06,-5.7593391,3.863613,-0.60675743,"long intergenic non-protein coding RNA 665"
"1494","LINC00886","230780_at",2.08e-08,3.73e-09,-6.22,9.9414512,-1,"long intergenic non-protein coding RNA 886","230780_at",0.000155,2.84e-05,-5.0802817,2.110692,-1.3915446,"long intergenic non-protein coding RNA 886"
"1495","LINC00894","215057_at",8.9e-11,1.22e-11,-7.28,15.5630054,-0.663,"long intergenic non-protein coding RNA 894","1569315_s_at",2.21e-05,2.79e-06,-5.974577,4.414047,-1.06629325,"long intergenic non-protein coding RNA 894"
"1496","LINC00899","232088_x_at",8.05e-06,1.96e-06,-4.93,3.8438399,-0.809,"long intergenic non-protein coding RNA 899","1556304_s_at",0.000378,8.09e-05,-4.6802242,1.074307,-0.58837683,"long intergenic non-protein coding RNA 899"
"1497","LINC00921","232089_at",5.17e-08,9.69e-09,-6.04,9.008231,-0.648,"long intergenic non-protein coding RNA 921///tigger transposable element derived 7///zinc finger protein 263","243547_at",5.82e-05,8.85e-06,-5.527129,3.266405,-0.59075659,"long intergenic non-protein coding RNA 921///zinc finger protein 263"
"1498","LINC00938","242523_at",6.67e-12,7.96e-13,-7.76,18.2502264,-0.827,"long intergenic non-protein coding RNA 938","242523_at",6.22e-07,3.44e-08,-7.762818,8.807489,-0.81555517,"long intergenic non-protein coding RNA 938"
"1499","LINC00969","1557293_at",4.6e-12,5.4e-13,-7.82,18.6341417,-1.16,"long intergenic non-protein coding RNA 969","229820_at",4.57e-05,6.62e-06,-5.6393645,3.555443,-1.06043935,"long intergenic non-protein coding RNA 969"
"1500","LINC00992","239319_at",6.96e-06,1.68e-06,-4.96,3.9943294,-0.644,"long intergenic non-protein coding RNA 992","239319_at",0.000232,4.56e-05,-4.8987466,1.640176,-1.01241579,"long intergenic non-protein coding RNA 992"
"1501","LINC01000","227129_x_at",2.27e-17,1.48e-18,9.92,31.3040493,1.03,"long intergenic non-protein coding RNA 1000","238678_at",0.000112,1.92e-05,-5.2290675,2.496128,-0.88040253,"long intergenic non-protein coding RNA 1000"
"1502","LINC01091","1563462_at",2.37e-15,1.94e-16,-9.14,26.4771941,-1.8,"long intergenic non-protein coding RNA 1091","1563462_at",5.42e-09,6.41e-11,-10.6735167,15.072035,-1.97584194,"long intergenic non-protein coding RNA 1091"
"1503","LINC01094","229635_at",4.87e-49,7.83e-52,22.2,107.491151,3.52,"long intergenic non-protein coding RNA 1094","229635_at",3.17e-08,7.25e-10,9.4886074,12.659629,1.34161277,"long intergenic non-protein coding RNA 1094"
"1504","LINC01140","215039_at",2.04e-10,2.9e-11,-7.12,14.7067456,-1.63,"long intergenic non-protein coding RNA 1140","215039_at",0.000195,3.71e-05,4.9773999,1.844033,1.18300836,"long intergenic non-protein coding RNA 1140"
"1505","LINC01215","236198_at",1.32e-22,4.73e-24,11.9,43.8722826,2.37,"long intergenic non-protein coding RNA 1215","236198_at",4.9e-10,1.68e-12,12.6298516,18.67067,3.17011811,"long intergenic non-protein coding RNA 1215"
"1506","LINC01278","212957_s_at",2.25e-13,2.29e-14,-8.36,21.7523742,-0.833,"long intergenic non-protein coding RNA 1278","216838_at",3.67e-05,5.09e-06,-5.7407515,3.815927,-1.02600982,"long intergenic non-protein coding RNA 1278"
"1507","LINC01315","229930_at",2.47e-07,5e-08,-5.71,7.4060488,-0.673,"long intergenic non-protein coding RNA 1315","229930_at",4.81e-06,4.41e-07,-6.7068787,6.25658,-1.01346597,"long intergenic non-protein coding RNA 1315"
"1508","LINC01410","243824_at",5.14e-08,9.63e-09,6.04,9.0144256,0.855,"long intergenic non-protein coding RNA 1410","1559835_at",0.000128,2.27e-05,5.1655794,2.331705,0.97728506,"long intergenic non-protein coding RNA 1410"
"1509","LINC01503","229296_at",3.83e-12,4.46e-13,7.86,18.8222071,1.02,"long intergenic non-protein coding RNA 1503","229296_at",0.00486,0.00163,3.5208789,-1.861213,0.64616904,"long intergenic non-protein coding RNA 1503"
"1510","LINC01550","1564211_at",1.3e-14,1.14e-15,-8.85,24.7214484,-0.813,"long intergenic non-protein coding RNA 1550","1560499_at",0.00011,1.88e-05,-5.2373765,2.517641,-0.70821474,"long intergenic non-protein coding RNA 1550"
"1511","LINC01578","244443_at",9.22e-05,2.58e-05,-4.33,1.3679042,-0.709,"long intergenic non-protein coding RNA 1578","244443_at",2.62e-05,3.43e-06,-5.8949737,4.210869,-1.40343528,"long intergenic non-protein coding RNA 1578"
"1512","LIPG","219181_at",5.37e-26,1.33e-27,13.1,51.9999087,3.83,"lipase G, endothelial type","219181_at",1.44e-06,9.89e-08,7.3185142,7.751032,2.41762775,"lipase G, endothelial type"
"1513","LMCD1","227317_at",1.12e-16,7.91e-18,-9.65,29.6454275,-1.53,"LIM and cysteine rich domains 1","242767_at",0.000658,0.000154,4.4342408,0.43949,1.55861219,"LIM and cysteine rich domains 1"
"1514","LMF1","227984_at",0.0705,0.0326,-2.15,-5.2410015,-0.664,"lipase maturation factor 1","1569871_at",4.7e-06,4.29e-07,6.7183864,6.2851,0.64574479,"lipase maturation factor 1"
"1515","LMLN","244881_at",7.06e-06,1.71e-06,-4.96,3.9786635,-0.691,"leishmanolysin like peptidase","238037_at",0.00768,0.00279,-3.3085162,-2.373497,-0.63040829,"leishmanolysin like peptidase"
"1516","LMO4","241922_at",7.13e-17,4.94e-18,-9.73,30.1122002,-1.23,"LIM domain only 4","241922_at",0.00232,0.000686,-3.8603223,-1.021081,-0.67585323,"LIM domain only 4"
"1517","LMO7","242722_at",2.43e-06,5.55e-07,5.21,5.0660658,1.29,"LIM domain 7","242722_at",0.000367,7.81e-05,-4.6937933,1.109408,-1.16724286,"LIM domain 7"
"1518","LMTK2","235307_at",9.81e-25,2.84e-26,12.7,48.9576168,1.75,"lemur tyrosine kinase 2","235307_at",0.000453,1e-04,4.5991671,0.864781,0.95541545,"lemur tyrosine kinase 2"
"1519","LNPEP","207904_s_at",4.96e-22,1.91e-23,11.7,42.4852336,1.8,"leucyl and cystinyl aminopeptidase","207904_s_at",0.00281,0.00086,3.7723604,-1.240942,0.59242229,"leucyl and cystinyl aminopeptidase"
"1520","LNPK","225718_at",8.04e-05,2.23e-05,-4.36,1.507244,-1.23,"lunapark, ER junction formation factor","225718_at",0.0131,0.00521,-3.0541062,-2.970094,-0.62664948,"lunapark, ER junction formation factor"
"1521","LOC100129518","215223_s_at",1.12e-38,6.59e-41,17.9,82.4837668,2.58,"uncharacterized LOC100129518///superoxide dismutase 2, mitochondrial","215078_at",1.39e-05,1.59e-06,6.1957119,4.975771,2.35969705,"uncharacterized LOC100129518///superoxide dismutase 2, mitochondrial"
"1522","LOC100130429","241851_x_at",5.4e-17,3.68e-18,-9.77,30.403474,-1.17,"uncharacterized LOC100130429","241851_x_at",8.42e-06,8.67e-07,-6.4362564,5.581782,-1.18767542,"uncharacterized LOC100130429"
"1523","LOC100130468","240211_at",1.36e-17,8.59e-19,-10,31.8465365,-1.47,"uncharacterized LOC100130468///APC down-regulated 1","240211_at",1.37e-07,4.97e-09,-8.6054108,10.73893,-1.47048205,"uncharacterized LOC100130468///APC down-regulated 1"
"1524","LOC100130476","243871_at",5.92e-06,1.42e-06,-5,4.1597927,-1.23,"uncharacterized LOC100130476","243871_at",1.22e-06,8.02e-08,-7.4059277,7.960888,-2.75606532,"uncharacterized LOC100130476"
"1525","LOC100130872","218638_s_at",2.6e-08,4.7e-09,-6.18,9.71477,-0.903,"uncharacterized LOC100130872///spondin 2","218638_s_at",1.29e-06,8.59e-08,7.3772641,7.892181,1.23365721,"uncharacterized LOC100130872///spondin 2"
"1526","LOC100131541","1558569_at",1.47e-30,2.09e-32,-14.8,63.0045376,-2.32,"uncharacterized LOC100131541","1558569_at",1.28e-05,1.44e-06,-6.2346949,5.074353,-1.34819637,"uncharacterized LOC100131541"
"1527","LOC100134445","236841_at",2.06e-06,4.68e-07,-5.24,5.2323388,-0.997,"uncharacterized LOC100134445","236841_at",0.00067,0.000157,-4.4261062,0.418558,-0.96350778,"uncharacterized LOC100134445"
"1528","LOC100134937","229685_at",2.45e-06,5.61e-07,-5.2,5.0555591,-0.847,"uncharacterized LOC100134937","229685_at",3.04e-05,4.09e-06,-5.8263443,4.035322,-0.98776693,"uncharacterized LOC100134937"
"1529","LOC100190986","235060_at",2.89e-08,5.25e-09,-6.16,9.6064622,-0.869,"uncharacterized LOC100190986","235060_at",0.000354,7.5e-05,-4.7091417,1.149118,-0.9902776,"uncharacterized LOC100190986"
"1530","LOC100272216","213089_at",9.66e-12,1.18e-12,-7.69,17.8644705,-1.45,"uncharacterized LOC100272216","213089_at",4.97e-05,7.31e-06,-5.6006902,3.455922,-1.05753824,"uncharacterized LOC100272216"
"1531","LOC100288860","239127_at",1.06e-21,4.28e-23,11.5,41.6821694,1.86,"uncharacterized LOC100288860","239127_at",2.45e-05,3.15e-06,-5.9280458,4.29534,-1.15097235,"uncharacterized LOC100288860"
"1532","LOC100289090","1556839_s_at",8.74e-06,2.14e-06,-4.91,3.7619146,-1.17,"uncharacterized LOC100289090","1556839_s_at",0.0441,0.0218,2.442685,-4.303358,0.65813687,"uncharacterized LOC100289090"
"1533","LOC100291323","1564639_at",0.000155,4.46e-05,-4.19,0.8438503,-0.615,"uncharacterized LOC100291323","1564639_at",8.8e-06,9.14e-07,-6.4153522,5.52934,-1.28277499,"uncharacterized LOC100291323"
"1534","LOC100505851","1568647_at",0.000829,0.000265,-3.73,-0.8466203,-0.603,"uncharacterized LOC100505851","1568648_a_at",0.0159,0.00654,-2.9606522,-3.183815,-0.92340193,"uncharacterized LOC100505851"
"1535","LOC100505915","81737_at",2.36e-07,4.78e-08,-5.72,7.4511658,-1.36,"uncharacterized LOC100505915","81737_at",0.000209,4.03e-05,-4.946338,1.763521,-1.04968013,"uncharacterized LOC100505915"
"1536","LOC100505984","226535_at",2.3e-07,4.64e-08,5.72,7.4789478,0.873,"uncharacterized LOC100505984///integrin subunit beta 6","226535_at",0.0208,0.00898,2.8276664,-3.482289,1.29456113,"uncharacterized LOC100505984///integrin subunit beta 6"
"1537","LOC100506098","227985_at",8.92e-10,1.37e-10,-6.84,13.184117,-0.942,"uncharacterized LOC100506098","227985_at",0.00857,0.00317,-3.2567974,-2.4964,-0.81235464,"uncharacterized LOC100506098"
"1538","LOC100506100","228773_at",1.02e-21,4.08e-23,11.6,41.7308391,1.18,"uncharacterized LOC100506100","228773_at",9.69e-05,1.63e-05,5.2932268,2.662192,0.77362698,"uncharacterized LOC100506100"
"1539","LOC100506124","220064_at",8.21e-13,8.87e-14,-8.13,20.4165657,-1.38,"uncharacterized LOC100506124///tetratricopeptide repeat domain 21B","220064_at",0.00188,0.000535,-3.9568662,-0.778294,-1.02765464,"uncharacterized LOC100506124///tetratricopeptide repeat domain 21B"
"1540","LOC100506282","220572_at",1.76e-12,1.97e-13,-7.99,19.6279963,-0.623,"uncharacterized LOC100506282","220572_at",8.67e-05,1.43e-05,-5.3431697,2.791377,-0.61169342,"uncharacterized LOC100506282"
"1541","LOC100506411","1565836_at",2.5e-45,6.59e-48,20.6,98.5115798,3.89,"uncharacterized LOC100506411","1565836_at",0.00246,0.000736,-3.8332853,-1.088803,-1.21546617,"uncharacterized LOC100506411"
"1542","LOC100506497","1557434_at",4.37e-13,4.59e-14,8.24,21.0671463,0.989,"uncharacterized LOC100506497","1557434_at",0.00398,0.00129,-3.6126013,-1.636533,-0.70016055,"uncharacterized LOC100506497"
"1543","LOC100506548","224767_at",1.1e-16,7.76e-18,-9.66,29.6639342,-0.712,"uncharacterized LOC100506548///ribosomal protein L37","224767_at",1.47e-06,1.02e-07,-7.3075678,7.724685,-0.80620994,"uncharacterized LOC100506548///ribosomal protein L37"
"1544","LOC100506558","202350_s_at",1.07e-33,1.07e-35,-16,70.5438451,-0.912,"uncharacterized LOC100506558///matrilin 2","202350_s_at",4.85e-07,2.5e-08,-7.8986388,9.125288,-1.10393531,"uncharacterized LOC100506558///matrilin 2"
"1545","LOC100506603","213569_at",2.05e-07,4.12e-08,5.75,7.5962759,0.686,"uncharacterized LOC100506603","213569_at",7.07e-08,2.12e-09,8.9908945,11.590335,0.80864069,"uncharacterized LOC100506603"
"1546","LOC100506606","1557410_at",8.9e-05,2.48e-05,-4.34,1.4035323,-0.855,"uncharacterized LOC100506606","1557410_at",0.00495,0.00167,-3.512398,-1.88189,-0.62706267,"uncharacterized LOC100506606"
"1547","LOC100506639","1557384_at",0.000162,4.66e-05,-4.18,0.8014113,-0.764,"uncharacterized LOC100506639///zinc finger protein 131","1557384_at",9.07e-05,1.5e-05,-5.3230119,2.739246,-1.28190224,"uncharacterized LOC100506639///zinc finger protein 131"
"1548","LOC100506730","1562013_a_at",4.46e-09,7.39e-10,-6.53,11.5275275,-0.83,"uncharacterized LOC100506730","1562013_a_at",1.2e-05,1.34e-06,-6.2646086,5.149906,-0.80568998,"uncharacterized LOC100506730"
"1549","LOC100506990","227917_at",4.77e-20,2.32e-21,-10.9,37.7178173,-0.956,"uncharacterized LOC100506990","227917_at",8.98e-08,2.85e-09,-8.8567719,11.296409,-1.20376039,"uncharacterized LOC100506990"
"1550","LOC100507022","235789_at",1.27e-08,2.22e-09,-6.32,10.4513886,-1.29,"FLJ00291 protein///lysine demethylase 4B","235789_at",2.87e-06,2.36e-07,-6.9612115,6.883399,-1.40377901,"FLJ00291 protein///lysine demethylase 4B"
"1551","LOC100507258","231270_at",2.01e-20,9.33e-22,-11.1,38.6213291,-1.27,"uncharacterized LOC100507258///carbonic anhydrase 13","235899_at",1.64e-05,1.94e-06,-6.1174811,4.777526,-1.26620698,"uncharacterized LOC100507258///carbonic anhydrase 13"
"1552","LOC100507311","244655_at",1.5e-11,1.87e-12,-7.61,17.4074686,-0.927,"uncharacterized LOC100507311","244655_at",0.000143,2.57e-05,-5.1174426,2.206991,-1.27462255,"uncharacterized LOC100507311"
"1553","LOC100507577","223098_s_at",6.47e-17,4.46e-18,9.74,30.2139658,1.05,"uncharacterized LOC100507577///lon peptidase 2, peroxisomal","221833_at",8.62e-09,1.27e-10,-10.3311987,14.394002,-1.21220682,"uncharacterized LOC100507577///lon peptidase 2, peroxisomal///siah E3 ubiquitin protein ligase 1"
"1554","LOC100653057","209616_s_at",1.88e-15,1.52e-16,-9.18,26.7192744,-2.27,"liver carboxylesterase 1-like///carboxylesterase 1","209616_s_at",0.0045,0.00149,-3.5559853,-1.775443,-0.81316897,"liver carboxylesterase 1-like///carboxylesterase 1"
"1555","LOC100653086","231672_at",6.92e-16,5.34e-17,-9.35,27.7523588,-2.57,"uncharacterized LOC100653086","231672_at",0.0104,0.00396,-3.1668411,-2.708258,-0.75486965,"uncharacterized LOC100653086"
"1556","LOC100996286","1559205_s_at",2.93e-11,3.77e-12,7.49,16.7178661,0.865,"uncharacterized LOC100996286","1559205_s_at",3.3e-05,4.5e-06,5.7884744,3.938313,0.79920098,"uncharacterized LOC100996286"
"1557","LOC100996843","232289_at",9.91e-06,2.44e-06,-4.88,3.6345657,-0.623,"ATP-sensitive inward rectifier potassium channel 12-like///potassium voltage-gated channel subfamily J member 18///potassium voltage-gated channel subfamily J member 12","208567_s_at",6.96e-06,6.89e-07,-6.5280881,5.81163,-0.58852987,"ATP-sensitive inward rectifier potassium channel 12-like///potassium voltage-gated channel subfamily J member 18///potassium voltage-gated channel subfamily J member 12"
"1558","LOC100996902","237871_x_at",1.94e-05,4.96e-06,-4.72,2.9505383,-0.777,"uncharacterized LOC100996902","237871_x_at",0.00764,0.00277,-3.3112084,-2.367079,-0.6952425,"uncharacterized LOC100996902"
"1559","LOC101060386","210057_at",2.58e-06,5.91e-07,-5.19,5.0052383,-1.23,"putative uncharacterized SMG1-like protein///bolA family member 2///SMG1, nonsense mediated mRNA decay associated PI3K related kinase","210057_at",0.00581,0.00202,-3.437428,-2.063911,-1.04144548,"putative uncharacterized SMG1-like protein///bolA family member 2///SMG1, nonsense mediated mRNA decay associated PI3K related kinase"
"1560","LOC101060391","241535_at",0.0629,0.0287,-2.21,-5.1305405,-0.601,"uncharacterized LOC101060391","241535_at",0.0096,0.00362,-3.2032785,-2.622745,-0.92423696,"uncharacterized LOC101060391"
"1561","LOC101060399","209501_at",1.67e-05,4.24e-06,-4.75,3.1014702,-0.78,"cerebellar degeneration-related protein 2///cerebellar degeneration related protein 2","209501_at",5.03e-05,7.43e-06,5.594778,3.440701,0.65803939,"cerebellar degeneration-related protein 2///cerebellar degeneration related protein 2"
"1562","LOC101060405","238412_at",1.61e-21,6.62e-23,-11.5,41.2497199,-1.34,"putative RRN3-like protein RRN3P1///RRN3 homolog, RNA polymerase I transcription factor pseudogene 3","238412_at",0.000153,2.79e-05,-5.085968,2.125428,-0.71085045,"putative RRN3-like protein RRN3P1///RRN3 homolog, RNA polymerase I transcription factor pseudogene 3"
"1563","LOC101060424","242114_at",1.65e-06,3.7e-07,-5.29,5.4592722,-0.724,"otoancorin-like","1553432_s_at",3.22e-07,1.48e-08,8.1255242,9.650666,0.95706348,"otoancorin-like///otoancorin pseudogene///otoancorin"
"1564","LOC101926921","201280_s_at",1.59e-08,2.8e-09,-6.28,10.2216385,-0.783,"uncharacterized LOC101926921///DAB2, clathrin adaptor protein","240873_x_at",8.39e-06,8.62e-07,6.4382977,5.586901,1.38500949,"uncharacterized LOC101926921///DAB2, clathrin adaptor protein"
"1565","LOC101926951","232054_at",3.61e-11,4.69e-12,-7.45,16.5017796,-1.17,"uncharacterized LOC101926951///protocadherin 20","232054_at",0.0114,0.00442,-3.1214004,-2.814306,-1.28788115,"uncharacterized LOC101926951///protocadherin 20"
"1566","LOC101927069","1560169_at",5.72e-10,8.59e-11,-6.93,13.640828,-0.93,"uncharacterized LOC101927069","1560169_at",0.0109,0.00418,-3.1448481,-2.759668,-0.68787043,"uncharacterized LOC101927069"
"1567","LOC101927137","236487_at",2.15e-12,2.43e-13,7.96,19.4209161,0.746,"uncharacterized LOC101927137///sodium channel and clathrin linker 1","227002_at",1.02e-07,3.34e-09,8.7842093,11.136364,1.61377904,"uncharacterized LOC101927137///family with sequence similarity 78 member A"
"1568","LOC101927382","244524_at",0.000213,6.24e-05,-4.11,0.5235724,-1.23,"uncharacterized LOC101927382///PAX8 antisense RNA 1","244524_at",1.4e-06,9.59e-08,-7.3313631,7.781939,-1.75623154,"uncharacterized LOC101927382///PAX8 antisense RNA 1"
"1569","LOC101927391","244116_at",9.5e-08,1.83e-08,-5.91,8.385922,-1.02,"uncharacterized LOC101927391","244116_at",8.92e-07,5.39e-08,-7.572216,8.357408,-1.48970267,"uncharacterized LOC101927391"
"1570","LOC101927402","238559_at",3.57e-30,5.36e-32,14.7,62.0701718,1.4,"uncharacterized LOC101927402","238559_at",0.000749,0.00018,4.3742171,0.285147,0.7937017,"uncharacterized LOC101927402"
"1571","LOC101927587","1562341_at",4.74e-09,7.86e-10,-6.52,11.4665403,-0.75,"uncharacterized LOC101927587///uncharacterized LOC101927560","1562341_at",2.25e-07,9.34e-09,-8.3264729,10.110182,-1.38440386,"uncharacterized LOC101927587///uncharacterized LOC101927560"
"1572","LOC101927699","244308_at",6.07e-11,8.12e-12,-7.35,15.9614884,-1.09,"uncharacterized LOC101927699","244307_s_at",0.00111,0.000288,-4.194843,-0.174267,-1.05292628,"uncharacterized LOC101927699"
"1573","LOC101927933","228314_at",2.86e-21,1.21e-22,-11.4,40.6493215,-0.799,"uncharacterized LOC101927933///leucine rich repeat containing 8 family member C","223533_at",0.00154,0.000422,4.0481967,-0.547343,0.81842783,"uncharacterized LOC101927933///leucine rich repeat containing 8 family member C"
"1574","LOC101927972","240361_at",7.27e-15,6.25e-16,8.95,25.3163166,2.21,"uncharacterized LOC101927972","240361_at",0.00804,0.00294,-3.2867728,-2.425262,-0.88559126,"uncharacterized LOC101927972"
"1575","LOC101928195","225520_at",1e-11,1.22e-12,7.68,17.8275424,1.18,"methylenetetrahydrofolate dehydrogenase (NADP+ dependent) 1-like pseudogene///monofunctional C1-tetrahydrofolate synthase, mitochondrial-like///methylenetetrahydrofolate dehydrogenase (NADP+ dependent) 1-like","231094_s_at",1.34e-06,9.03e-08,7.3560855,7.841349,1.22432079,"methylenetetrahydrofolate dehydrogenase (NADP+ dependent) 1-like pseudogene///monofunctional C1-tetrahydrofolate synthase, mitochondrial-like///methylenetetrahydrofolate dehydrogenase (NADP+ dependent) 1-like"
"1576","LOC101928231","1557287_at",1.13e-12,1.24e-13,8.07,20.0873537,1.46,"uncharacterized LOC101928231","1557287_at",0.00949,0.00357,3.2087479,-2.609873,0.78009771,"uncharacterized LOC101928231"
"1577","LOC101928274","226485_at",3.15e-22,1.18e-23,-11.7,42.9613366,-1.25,"uncharacterized LOC101928274///V-set and immunoglobulin domain containing 10","226485_at",3.18e-07,1.46e-08,-8.1317908,9.665079,-0.94593708,"uncharacterized LOC101928274///V-set and immunoglobulin domain containing 10"
"1578","LOC101928386","1560538_at",5.8e-07,1.23e-07,-5.53,6.5315561,-0.754,"uncharacterized LOC101928386","1560538_at",0.001,0.000254,-4.2438751,-0.048988,-0.98670421,"uncharacterized LOC101928386"
"1579","LOC101928524","232473_at",2.06e-21,8.56e-23,-11.4,40.9943109,-2.12,"uncharacterized LOC101928524","223685_s_at",0.000174,3.25e-05,-5.0284926,1.976465,-0.61530027,"uncharacterized LOC101928524///pre-mRNA processing factor 18"
"1580","LOC101928589","223201_s_at",1.04e-09,1.61e-10,-6.81,13.0247804,-0.59,"uncharacterized LOC101928589///transmembrane protein 164","223201_s_at",9.82e-05,1.65e-05,-5.2871147,2.646377,-0.65034275,"uncharacterized LOC101928589///transmembrane protein 164"
"1581","LOC101928605","1555890_at",0.000142,4.08e-05,-4.21,0.9288407,-0.846,"uncharacterized LOC101928605///OR2A1 antisense RNA 1///olfactory receptor family 2 subfamily A member 9 pseudogene///olfactory receptor family 2 subfamily A member 20 pseudogene","1555890_at",5.21e-07,2.74e-08,-7.8592806,9.033448,-0.96198733,"uncharacterized LOC101928605///OR2A1 antisense RNA 1///olfactory receptor family 2 subfamily A member 9 pseudogene///olfactory receptor family 2 subfamily A member 20 pseudogene"
"1582","LOC101928623","1563781_at",6.71e-07,1.43e-07,-5.49,6.3808255,-0.618,"uncharacterized LOC101928623///uncharacterized LOC401320","1558859_at",1.18e-05,1.3e-06,-6.2748107,5.175654,-0.61404167,"uncharacterized LOC101928623///uncharacterized LOC401320"
"1583","LOC101928817","1556004_at",0.015,0.00595,-2.79,-3.7322853,-0.609,"uncharacterized LOC101928817","1556003_a_at",3.99e-08,9.96e-10,-9.3400709,12.344034,-2.42683183,"uncharacterized LOC101928817"
"1584","LOC101928837","1557147_a_at",8.66e-07,1.87e-07,-5.44,6.120255,-0.668,"uncharacterized LOC101928837","1557147_a_at",6.49e-05,1.01e-05,-5.4772957,3.137866,-1.00150382,"uncharacterized LOC101928837"
"1585","LOC101929115","220546_at",1.13e-18,6.42e-20,-10.4,34.4192584,-0.977,"uncharacterized LOC101929115///lysine methyltransferase 2A","220546_at",0.00169,0.000473,-4.0040582,-0.659103,-0.6743045,"uncharacterized LOC101929115///lysine methyltransferase 2A"
"1586","LOC101929368","210187_at",2.36e-11,3.01e-12,7.52,16.938506,1.28,"uncharacterized LOC101929368///FK506 binding protein 1A","210187_at",0.00084,0.000206,4.3226413,0.152752,1.58876269,"uncharacterized LOC101929368///FK506 binding protein 1A"
"1587","LOC101929774","1559284_at",2.45e-09,3.95e-10,-6.65,12.1424569,-1.36,"uncharacterized LOC101929774","1559284_at",1.31e-07,4.65e-09,-8.6354872,10.80609,-1.5154036,"uncharacterized LOC101929774"
"1588","LOC101929964","228686_at",9.85e-11,1.35e-11,-7.26,15.4594743,-1,"uncharacterized LOC101929964///long intergenic non-protein coding RNA 1184","228686_at",0.0108,0.00415,-3.1471707,-2.754246,-0.58995287,"uncharacterized LOC101929964///long intergenic non-protein coding RNA 1184"
"1589","LOC101929988","241901_at",2.1e-06,4.76e-07,5.24,5.2145369,0.776,"uncharacterized LOC101929988","241901_at",0.00072,0.000172,-4.3924044,0.331885,-0.87164914,"uncharacterized LOC101929988"
"1590","LOC101930114","237154_at",1.32e-06,2.93e-07,-5.34,5.6871613,-1.01,"uncharacterized LOC101930114","237154_at",0.00326,0.00102,3.7057765,-1.406431,1.00771076,"uncharacterized LOC101930114"
"1591","LOC101930123","225545_at",1.12e-29,1.79e-31,-14.5,60.8671153,-0.879,"eukaryotic elongation factor 2 kinase///eukaryotic elongation factor 2 kinase","225545_at",4.85e-08,1.29e-09,-9.2193291,12.08529,-1.16368693,"eukaryotic elongation factor 2 kinase///eukaryotic elongation factor 2 kinase"
"1592","LOC101930343","217588_at",5.04e-15,4.26e-16,-9.01,25.6961925,-1.11,"uncharacterized LOC101930343///cation channel sperm associated 2 pseudogene 1///cation channel sperm associated 2","1553323_a_at",6.13e-07,3.37e-08,-7.7711886,8.827145,-1.15897127,"uncharacterized LOC101930343///cation channel sperm associated 2 pseudogene 1///cation channel sperm associated 2"
"1593","LOC101930349","225817_at",6.59e-23,2.29e-24,-12,44.5921368,-1.67,"uncharacterized LOC101930349///uncharacterized LOC101930344///cingulin like 1","225817_at",1.23e-05,1.38e-06,-6.2517202,5.117364,-1.17317626,"uncharacterized LOC101930349///uncharacterized LOC101930344///cingulin like 1"
"1594","LOC101930363","214945_at",2.81e-15,2.31e-16,-9.11,26.3034579,-2.23,"uncharacterized LOC101930363///uncharacterized LOC101928349///uncharacterized LOC100507387///family with sequence similarity 153, member C///family with sequence similarity 153 member A///family with sequence similarity 153 member B","214945_at",3.61e-07,1.71e-08,-8.0621217,9.504547,-2.19674882,"uncharacterized LOC101930363///uncharacterized LOC101928349///uncharacterized LOC100507387///family with sequence similarity 153, member C///family with sequence similarity 153 member A///family with sequence similarity 153 member B"
"1595","LOC101930388","236930_at",1.74e-30,2.52e-32,-14.8,62.8218976,-1.38,"uncharacterized LOC101930388///uncharacterized LOC101928143///NUMB, endocytic adaptor protein","236930_at",0.000169,3.14e-05,-5.0411079,2.009163,-1.31484108,"uncharacterized LOC101930388///uncharacterized LOC101928143///NUMB, endocytic adaptor protein"
"1596","LOC101930400","211653_x_at",4.11e-10,6.06e-11,-6.99,13.9826992,-0.595,"aldo-keto reductase family 1 member C2-like///aldo-keto reductase family 1, member C2","1555854_at",0.000742,0.000178,-4.3785765,0.296348,-1.21406422,"aldo-keto reductase family 1 member C2-like///aldo-keto reductase family 1, member C2///aldo-keto reductase family 1 member C1"
"1597","LOC101930404","213447_at",1.47e-07,2.91e-08,-5.82,7.935757,-0.599,"uncharacterized LOC101930404///small nucleolar RNA, C/D box 116-28///small nucleolar RNA, C/D box 115-26///small nucleolar RNA, C/D box 115-13///small nucleolar RNA, C/D box 115-7///small nucleolar RNA, C/D box 116-22///small nucleolar RNA, C/D box 116-4///Prader Willi/Angelman region RNA, SNRPN neighbor///small nucleolar RNA, C/D box 107///small nuclear ribonucleoprotein polypeptide N///imprinted in Prader-Willi syndrome (non-protein coding)","228370_at",1.17e-05,1.29e-06,-6.279832,5.188324,-0.72619465,"uncharacterized LOC101930404///small nucleolar RNA, C/D box 116-28///small nucleolar RNA, C/D box 115-26///small nucleolar RNA, C/D box 115-13///small nucleolar RNA, C/D box 115-7///small nucleolar RNA, C/D box 116-22///small nucleolar RNA, C/D box 116-4///Prader Willi/Angelman region RNA, SNRPN neighbor///small nucleolar RNA, C/D box 107///imprinted in Prader-Willi syndrome (non-protein coding)"
"1598","LOC101930415","239742_at",2.26e-05,5.81e-06,-4.68,2.7977812,-0.839,"uncharacterized LOC101930415","239742_at",0.000213,4.11e-05,-4.9386557,1.74361,-1.04739076,"uncharacterized LOC101930415"
"1599","LOC101930416","212390_at",4.85e-12,5.71e-13,-7.81,18.5784663,-0.874,"myomegalin-like///uncharacterized LOC101929792///phosphodiesterase 4D interacting protein-like///phosphodiesterase 4D interacting protein","214099_s_at",5.52e-05,8.3e-06,5.5516546,3.329621,0.8774899,"myomegalin-like///uncharacterized LOC101929792///phosphodiesterase 4D interacting protein-like///phosphodiesterase 4D interacting protein"
"1600","LOC101930583","213650_at",4.17e-13,4.37e-14,-8.25,21.1156987,-0.797,"uncharacterized LOC101930583///golgin A8 family member B///golgin A8 family member A","213650_at",0.00132,0.000351,-4.1189247,-0.367728,-0.71570825,"uncharacterized LOC101930583///golgin A8 family member B///golgin A8 family member A"
"1601","LOC101930630","1561306_s_at",2.08e-10,2.96e-11,-7.12,14.6870639,-1.94,"putative stereocilin-like protein-like///stereocilin","1561306_s_at",8.06e-06,8.23e-07,-6.456866,5.633441,-1.19048362,"putative stereocilin-like protein-like///stereocilin"
"1602","LOC102723845","235898_at",1.03e-06,2.26e-07,-5.4,5.939709,-0.756,"uncharacterized LOC102723845","235898_at",0.0271,0.0123,-2.6938022,-3.775451,-0.80655401,"uncharacterized LOC102723845"
"1603","LOC102724030","240346_at",1.95e-06,4.4e-07,-5.26,5.2923394,-0.602,"uncharacterized LOC102724030","240346_at",0.00164,0.000456,-4.01827,-0.623147,-0.96341838,"uncharacterized LOC102724030"
"1604","LOC102724229","212706_at",1.63e-11,2.04e-12,-7.59,17.3212319,-0.653,"uncharacterized LOC102724229///RAS p21 protein activator 4B///RAS p21 protein activator 4","212706_at",0.00564,0.00195,-3.4512301,-2.030506,-0.62999971,"uncharacterized LOC102724229///RAS p21 protein activator 4B///RAS p21 protein activator 4"
"1605","LOC102724250","1569519_at",3.91e-09,6.43e-10,-6.56,11.6647126,-0.752,"neuroblastoma breakpoint family member 1///neuroblastoma breakpoint family member 26///neuroblastoma breakpoint family member 10///neuroblastoma breakpoint family member 8///neuroblastoma breakpoint family member 9///neuroblastoma breakpoint family member 15///neuroblastoma breakpoint family member 11///neuroblastoma breakpoint family member 12///neuroblastoma breakpoint family member 1///neuroblastoma breakpoint family member 14","230712_at",2.65e-05,3.47e-06,-5.8897692,4.197568,-1.02689325,"neuroblastoma breakpoint family member 1///uncharacterized LOC101930059///neuroblastoma breakpoint family member 15///neuroblastoma breakpoint family member 11///neuroblastoma breakpoint family member 1"
"1606","LOC102724788","214203_s_at",1.37e-22,4.93e-24,-11.9,43.8302771,-1.46,"proline dehydrogenase 1, mitochondrial///proline dehydrogenase 1","214203_s_at",4.72e-10,1.55e-12,-12.6730685,18.74515,-2.06889808,"proline dehydrogenase 1, mitochondrial///proline dehydrogenase 1"
"1607","LOC102724851","230187_s_at",1.33e-09,2.08e-10,-6.77,12.7727546,-1.32,"uncharacterized LOC102724851","230187_s_at",2.28e-05,2.89e-06,-5.9611363,4.379776,-1.05031008,"uncharacterized LOC102724851"
"1608","LOC102725051","1569607_s_at",5.63e-18,3.4e-19,-10.2,32.7668685,-2.35,"uncharacterized LOC102725051///ankyrin repeat domain-containing protein 20B-like///ankyrin repeat domain 20 family member A4///ankyrin repeat domain 20 family member A2///ankyrin repeat domain 20 family member A3///ankyrin repeat domain 20 family member A5, pseudogene///ankyrin repeat domain 20 family member A11, pseudogene///ankyrin repeat domain 20 family member A9, pseudogene///ankyrin repeat domain 20 family member A1","1569607_s_at",0.00726,0.00261,-3.3352612,-2.30964,-0.85621856,"uncharacterized LOC102725051///ankyrin repeat domain-containing protein 20B-like///ankyrin repeat domain 20 family member A4///ankyrin repeat domain 20 family member A2///ankyrin repeat domain 20 family member A3///ankyrin repeat domain 20 family member A5, pseudogene///ankyrin repeat domain 20 family member A11, pseudogene///ankyrin repeat domain 20 family member A9, pseudogene///ankyrin repeat domain 20 family member A1"
"1609","LOC102725213","215133_s_at",8.12e-11,1.1e-11,-7.3,15.6587742,-2.02,"uncharacterized LOC102725213///uncharacterized LOC100507387///family with sequence similarity 153 member A///family with sequence similarity 153 member B","215133_s_at",7.04e-08,2.1e-09,-8.9944754,11.598149,-1.88147271,"uncharacterized LOC102725213///uncharacterized LOC100507387///family with sequence similarity 153 member A///family with sequence similarity 153 member B"
"1610","LOC102725383","232047_at",6.63e-07,1.41e-07,-5.5,6.3937192,-0.869,"uncharacterized LOC102725383","232047_at",2.48e-06,1.96e-07,-7.0369135,7.068519,-1.30959396,"uncharacterized LOC102725383"
"1611","LOC102725451","1569348_at",3.82e-09,6.27e-10,-6.56,11.6886491,-1.08,"uncharacterized LOC102725451///transmembrane phosphatase with tensin homology pseudogene 1","1569348_at",0.00591,0.00205,-3.4304032,-2.080895,-0.70697545,"uncharacterized LOC102725451///transmembrane phosphatase with tensin homology pseudogene 1"
"1612","LOC105372255","241941_at",2.26e-05,5.82e-06,-4.68,2.7950932,-0.735,"uncharacterized LOC105372255","241941_at",0.000164,3.03e-05,-5.0551142,2.045465,-1.12654077,"uncharacterized LOC105372255"
"1613","LOC105372607","1556867_at",3.47e-08,6.38e-09,6.12,9.4167569,1.03,"uncharacterized LOC105372607","1556867_at",8.1e-05,1.31e-05,-5.3752662,2.874355,-1.3060621,"uncharacterized LOC105372607"
"1614","LOC105373942","233038_at",1.24e-09,1.92e-10,-6.78,12.8478887,-1.02,"uncharacterized LOC105373942","233038_at",5.8e-06,5.54e-07,-6.615545,6.02971,-1.39727473,"uncharacterized LOC105373942"
"1615","LOC105375677","1568656_at",4.19e-13,4.38e-14,-8.25,21.1127081,-0.983,"uncharacterized LOC105375677","1568656_at",2.99e-07,1.35e-08,-8.1663168,9.74439,-1.29338569,"uncharacterized LOC105375677"
"1616","LOC105379045","236836_at",5.95e-05,1.62e-05,-4.44,1.8131177,-0.872,"uncharacterized LOC105379045","236836_at",8.84e-06,9.19e-07,-6.4129472,5.523304,-1.35327302,"uncharacterized LOC105379045"
"1617","LOC105379426","1569608_x_at",7.91e-16,6.14e-17,-9.33,27.6142335,-1.58,"ankyrin repeat domain-containing protein 20A2","1569608_x_at",0.00645,0.00227,-3.3897089,-2.17903,-0.88951141,"ankyrin repeat domain-containing protein 20A2"
"1618","LOC106146153","236439_at",6.59e-11,8.86e-12,-7.34,15.8758572,-1.38,"uncharacterized lncRNA LOC106146153","236439_at",0.00994,0.00377,-3.186666,-2.661783,-0.75365862,"uncharacterized lncRNA LOC106146153"
"1619","LOC143286","1556078_at",0.00032,9.62e-05,-4,0.1120831,-0.916,"uncharacterized LOC143286","1556078_at",3.69e-07,1.76e-08,-8.0499301,9.476388,-2.03273194,"uncharacterized LOC143286"
"1620","LOC145783","229013_at",0.000561,0.000175,-3.84,-0.4548309,-0.729,"uncharacterized LOC145783///zinc finger protein 280D","1568951_at",1.74e-05,2.09e-06,6.0883711,4.703622,0.80044032,"uncharacterized LOC145783///zinc finger protein 280D"
"1621","LOC149401","232670_at",9.45e-15,8.2e-16,-8.91,25.0476789,-1.04,"uncharacterized LOC149401","232670_at",2.43e-07,1.04e-08,-8.2797987,10.003939,-0.95715765,"uncharacterized LOC149401"
"1622","LOC157562","213776_at",1.65e-26,3.91e-28,-13.3,53.2192762,-2.1,"uncharacterized LOC157562","213776_at",1.66e-08,3.02e-10,-9.9064969,13.531587,-1.09799795,"uncharacterized LOC157562"
"1623","LOC202181","231375_at",1.22e-10,1.69e-11,-7.22,15.237436,-0.786,"SUMO interacting motifs containing 1 pseudogene","220609_at",0.000991,0.000251,-4.2480384,-0.03834,-0.86158357,"SUMO interacting motifs containing 1 pseudogene"
"1624","LOC283861","1554520_at",1.62e-08,2.87e-09,-6.27,10.1979795,-0.916,"uncharacterized LOC283861","1554520_at",0.000233,4.58e-05,-4.8969178,1.635437,-0.62657339,"uncharacterized LOC283861"
"1625","LOC284242","1560250_s_at",0.000201,5.89e-05,4.12,0.5793814,0.644,"uncharacterized LOC284242","1560250_s_at",7.97e-07,4.67e-08,-7.6328674,8.501144,-1.39511634,"uncharacterized LOC284242"
"1626","LOC284578","1557474_at",8.91e-28,1.82e-29,-13.8,56.2718911,-2.93,"uncharacterized LOC284578","1557474_at",1.15e-06,7.42e-08,-7.4384813,8.038792,-2.33950022,"uncharacterized LOC284578"
"1627","LOC285147","236166_at",0.000118,3.34e-05,-4.26,1.119793,-0.689,"uncharacterized LOC285147","242852_at",1.17e-05,1.3e-06,-6.2765243,5.179978,-0.87960447,"uncharacterized LOC285147"
"1628","LOC285902","243661_at",2.96e-11,3.82e-12,-7.48,16.7048391,-0.918,"uncharacterized LOC285902///zinc finger protein 273","243661_at",2.1e-08,4.21e-10,-9.7470065,13.201558,-1.83536801,"uncharacterized LOC285902///zinc finger protein 273"
"1629","LOC286161","228615_at",5.36e-16,4.07e-17,-9.39,28.0212553,-0.73,"uncharacterized LOC286161","228615_at",1.06e-06,6.7e-08,-7.4808386,8.139955,-0.91788889,"uncharacterized LOC286161"
"1630","LOC286272","232182_at",1.5e-12,1.67e-13,-8.02,19.7935584,-1.01,"uncharacterized LOC286272","238536_at",0.00566,0.00195,-3.4503612,-2.03261,-0.71899536,"uncharacterized LOC286272"
"1631","LOC338667","1564786_at",2.74e-17,1.81e-18,-9.89,31.1097469,-3,"V-set and immunoglobulin domain-containing protein 10-like","1564786_at",9.14e-06,9.58e-07,-6.3966181,5.482306,-2.03788532,"V-set and immunoglobulin domain-containing protein 10-like"
"1632","LOC401261","1559964_at",7.97e-15,6.87e-16,-8.93,25.2225233,-1.65,"uncharacterized LOC401261","229914_at",0.00122,0.00032,-4.1550801,-0.275675,-0.60363835,"uncharacterized LOC401261"
"1633","LOC401317","229228_at",2.31e-09,3.71e-10,-6.66,12.2031463,-0.904,"uncharacterized LOC401317///cAMP responsive element binding protein 5","242329_at",0.00983,0.00372,3.19207,-2.649094,0.75936279,"uncharacterized LOC401317///cAMP responsive element binding protein 5"
"1634","LOC441178","1561685_a_at",9.87e-05,2.77e-05,4.31,1.3003382,0.87,"uncharacterized LOC441178","1561685_a_at",0.041,0.02,2.4810702,-4.224659,0.64656657,"uncharacterized LOC441178"
"1635","LOC642533","1556129_at",1.83e-11,2.3e-12,7.57,17.2061237,0.799,"uncharacterized LOC642533","220730_at",7.66e-05,1.23e-05,-5.4010777,2.941058,-0.60752716,"uncharacterized LOC642533"
"1636","LOC645513","1561759_at",1.14e-07,2.22e-08,5.87,8.1992005,1.67,"septin 7 pseudogene","1556257_at",9.51e-07,5.82e-08,-7.5398647,8.280544,-1.70312665,"septin 7 pseudogene"
"1637","LOC654342","214110_s_at",2.06e-05,5.27e-06,-4.7,2.8909121,-0.693,"lymphocyte-specific protein 1 pseudogene///lymphocyte-specific protein 1 pseudogene","242133_s_at",0.0491,0.0248,-2.3843759,-4.421443,-0.69894841,"lymphocyte-specific protein 1 pseudogene///lymphocyte-specific protein 1 pseudogene"
"1638","LOC692247","1569453_a_at",0.00036,0.000109,-3.96,-0.0085262,-1.21,"uncharacterized LOC692247","1569453_a_at",2.33e-07,9.77e-09,-8.306296,10.06429,-1.64787917,"uncharacterized LOC692247"
"1639","LOC728730","242835_s_at",7.99e-09,1.36e-09,-6.42,10.9290884,-0.606,"uncharacterized LOC728730","242313_at",0.000561,0.000128,-4.5055318,0.623131,-0.72197858,"uncharacterized LOC728730"
"1640","LOC729732","1564426_x_at",1.01e-06,2.21e-07,-5.4,5.9608801,-1.13,"uncharacterized LOC729732","1564426_x_at",0.0145,0.00585,-3.0065469,-3.079251,-0.64411631,"uncharacterized LOC729732"
"1641","LOC729970","235362_at",2.93e-06,6.77e-07,-5.16,4.873574,-0.905,"hCG2028352-like","235691_at",1.5e-05,1.75e-06,6.1586333,4.881877,0.78648314,"hCG2028352-like"
"1642","LOC730102","241607_at",3.75e-19,2e-20,-10.6,35.5770172,-1.39,"quinone oxidoreductase-like protein 2 pseudogene","241607_at",4.56e-06,4.14e-07,-6.7327063,6.320568,-0.82233958,"quinone oxidoreductase-like protein 2 pseudogene"
"1643","LONRF1","226038_at",1.61e-30,2.31e-32,-14.8,62.9086115,-1.07,"LON peptidase N-terminal domain and ring finger 1","226038_at",1.26e-09,7.68e-12,-11.7845923,17.171588,-1.16072184,"LON peptidase N-terminal domain and ring finger 1"
"1644","LONRF2","225996_at",4.95e-19,2.69e-20,-10.5,35.2816753,-1.61,"LON peptidase N-terminal domain and ring finger 2","235977_at",0.00174,0.000489,-3.9914755,-0.690914,-1.10554782,"LON peptidase N-terminal domain and ring finger 2"
"1645","LOX","215446_s_at",0.000152,4.38e-05,-4.2,0.8620256,-0.879,"lysyl oxidase","204298_s_at",1.39e-07,5.07e-09,8.5966148,10.719265,1.5265169,"lysyl oxidase"
"1646","LOXL4","227145_at",1.16e-17,7.31e-19,-10,32.006552,-1.64,"lysyl oxidase like 4","227145_at",0.00301,0.00093,-3.7421141,-1.316221,-0.83075617,"lysyl oxidase like 4"
"1647","LPAR1","204038_s_at",3.56e-06,8.29e-07,-5.12,4.6770729,-0.628,"lysophosphatidic acid receptor 1","204038_s_at",0.00147,0.000399,4.0697132,-0.492768,0.63561637,"lysophosphatidic acid receptor 1"
"1648","LPAR3","231192_at",8.89e-12,1.08e-12,7.7,17.9519204,0.768,"lysophosphatidic acid receptor 3","231192_at",3.29e-05,4.48e-06,-5.7908664,3.944443,-1.27102809,"lysophosphatidic acid receptor 3"
"1649","LPGAT1","227476_at",3.01e-16,2.23e-17,-9.49,28.6177197,-0.599,"lysophosphatidylglycerol acyltransferase 1","1555058_a_at",0.00101,0.000255,4.2409599,-0.056444,0.79195712,"lysophosphatidylglycerol acyltransferase 1"
"1650","LPIN2","202460_s_at",3.3e-10,4.82e-11,7.03,14.2083543,0.804,"lipin 2","202459_s_at",0.000169,3.14e-05,5.0416503,2.010569,0.83391615,"lipin 2"
"1651","LPXN","242778_at",2.53e-14,2.3e-15,-8.74,24.0270292,-1.23,"leupaxin","216250_s_at",8.25e-10,3.76e-12,12.1766832,17.877123,1.55844795,"leupaxin"
"1652","LRCH3","229387_at",0.00013,3.7e-05,-4.24,1.0232124,-0.69,"leucine rich repeats and calponin homology domain containing 3","228119_at",0.0131,0.00521,-3.054495,-2.969198,-0.62296866,"leucine rich repeats and calponin homology domain containing 3"
"1653","LRFN5","230644_at",9.57e-12,1.16e-12,-7.69,17.8751675,-1.07,"leucine rich repeat and fibronectin type III domain containing 5","230644_at",0.00305,0.000945,-3.7358043,-1.331904,-0.84703307,"leucine rich repeat and fibronectin type III domain containing 5"
"1654","LRG1","228648_at",2.75e-30,4.07e-32,14.7,62.3443629,4.08,"leucine rich alpha-2-glycoprotein 1","228648_at",0.0358,0.017,2.5520301,-4.077225,1.0755858,"leucine rich alpha-2-glycoprotein 1"
"1655","LRP10","227252_at",2.82e-17,1.86e-18,9.88,31.0811913,0.806,"LDL receptor related protein 10","227252_at",0.000113,1.95e-05,-5.2238471,2.482612,-0.6134802,"LDL receptor related protein 10"
"1656","LRP4","212850_s_at",1.84e-29,3.01e-31,-14.4,60.3533531,-1.05,"LDL receptor related protein 4","212850_s_at",9.25e-10,4.63e-12,-12.0604658,17.669859,-1.55512492,"LDL receptor related protein 4"
"1657","LRP8","205282_at",2.01e-47,4.12e-50,21.5,103.5542913,3.58,"LDL receptor related protein 8","205282_at",0.000351,7.42e-05,4.7129928,1.159083,0.77016619,"LDL receptor related protein 8"
"1658","LRPAP1","242705_x_at",9.64e-12,1.17e-12,7.69,17.8671061,1.6,"LDL receptor related protein associated protein 1","235505_s_at",0.00353,0.00112,-3.669159,-1.497073,-0.73654966,"LDL receptor related protein associated protein 1"
"1659","LRRC1","207790_at",0.000416,0.000127,-3.92,-0.153217,-0.745,"leucine rich repeat containing 1","218816_at",8.73e-07,5.23e-08,-7.5846478,8.386909,-0.66657106,"leucine rich repeat containing 1"
"1660","LRRC17","205381_at",1.18e-15,9.3e-17,-9.26,27.2030493,-1.71,"leucine rich repeat containing 17","205381_at",0.0222,0.00972,2.7941923,-3.556308,0.69187774,"leucine rich repeat containing 17"
"1661","LRRC2","219949_at",3.03e-08,5.52e-09,-6.15,9.5578718,-1.03,"leucine rich repeat containing 2","231781_s_at",0.0239,0.0106,-2.7567225,-3.638607,-0.70045163,"leucine rich repeat containing 2"
"1662","LRRC28","227423_at",3.58e-08,6.59e-09,6.11,9.3847662,0.699,"leucine rich repeat containing 28","239471_at",0.000394,8.48e-05,-4.6622834,1.027909,-0.78863757,"leucine rich repeat containing 28"
"1663","LRRC32","203835_at",0.00324,0.00114,-3.31,-2.2151248,-0.665,"leucine rich repeat containing 32","203835_at",8.21e-07,4.85e-08,7.616558,8.46254,1.55459977,"leucine rich repeat containing 32"
"1664","LRRC37A2","221740_x_at",1.03e-17,6.46e-19,-10,32.1291815,-0.761,"leucine rich repeat containing 37 member A2","224686_x_at",0.000138,2.48e-05,-5.1320859,2.244933,-0.71330929,"leucine rich repeat containing 37 member A2"
"1665","LRRC37A3","229962_at",6.03e-09,1.01e-09,-6.47,11.2186236,-0.905,"leucine rich repeat containing 37 member A3","206088_at",1.87e-05,2.28e-06,-6.0546418,4.617901,-1.60185996,"leucine rich repeat containing 37 member A3"
"1666","LRRC39","1559580_at",0.000433,0.000133,-3.91,-0.1940616,-0.764,"leucine rich repeat containing 39","1559580_at",2.68e-05,3.51e-06,-5.8855361,4.186748,-0.89001318,"leucine rich repeat containing 39"
"1667","LRRC59","222231_s_at",2.83e-27,6.12e-29,13.6,55.0645345,1.12,"leucine rich repeat containing 59","222231_s_at",7.49e-10,3.16e-12,12.272048,18.046042,1.09082444,"leucine rich repeat containing 59"
"1668","LRRC70","238488_at",1.96e-05,5.01e-06,-4.72,2.9401845,-0.65,"leucine rich repeat containing 70///importin 11","238488_at",0.00014,2.52e-05,5.1259531,2.229043,0.74526129,"leucine rich repeat containing 70///importin 11"
"1669","LRRC8D","218684_at",3.92e-15,3.28e-16,9.06,25.9551347,0.613,"leucine rich repeat containing 8 family member D","218684_at",1.14e-06,7.3e-08,7.4449906,8.054354,0.63342636,"leucine rich repeat containing 8 family member D"
"1670","LRRFIP1","215375_x_at",1.24e-08,2.15e-09,-6.33,10.4790211,-0.744,"LRR binding FLII interacting protein 1","238534_at",0.00671,0.00238,-3.3720634,-2.221446,-0.60555833,"LRR binding FLII interacting protein 1"
"1671","LRRFIP2","232673_at",1.61e-14,1.43e-15,-8.81,24.4955295,-1.24,"LRR binding FLII interacting protein 2","232673_at",2.98e-06,2.46e-07,-6.9428092,6.838296,-1.38464801,"LRR binding FLII interacting protein 2"
"1672","LRRN4CL","1556427_s_at",0.00976,0.00373,-2.94,-3.307642,-0.637,"LRRN4 C-terminal like","1556427_s_at",0.0207,0.00894,-2.8294411,-3.478352,-0.60876883,"LRRN4 C-terminal like"
"1673","LRRTM2","206408_at",1.98e-08,3.53e-09,-6.23,9.9949017,-1.13,"leucine rich repeat transmembrane neuronal 2","206408_at",0.00272,0.000827,-3.7878158,-1.20241,-0.72908393,"leucine rich repeat transmembrane neuronal 2"
"1674","LRTOMT","1568882_at",0.000329,9.93e-05,-3.99,0.0819256,-0.621,"leucine rich transmembrane and O-methyltransferase domain containing","1568882_at",0.00198,0.000568,-3.9335187,-0.837141,-0.63955097,"leucine rich transmembrane and O-methyltransferase domain containing"
"1675","LSAMP","235494_at",5.79e-11,7.72e-12,-7.36,16.010785,-0.706,"limbic system-associated membrane protein","214460_at",0.00474,0.00159,3.5322595,-1.83344,0.61164156,"limbic system-associated membrane protein"
"1676","LSM10","225593_at",4.56e-11,6.01e-12,7.4,16.2579197,0.861,"LSM10, U7 small nuclear RNA associated","225593_at",1e-06,6.23e-08,7.5113628,8.212714,0.95020298,"LSM10, U7 small nuclear RNA associated"
"1677","LSS","211018_at",1.94e-12,2.18e-13,-7.98,19.5288337,-1.36,"lanosterol synthase (2,3-oxidosqualene-lanosterol cyclase)","211018_at",2.47e-06,1.95e-07,-7.0388212,7.073175,-0.88232134,"lanosterol synthase (2,3-oxidosqualene-lanosterol cyclase)"
"1678","LTB4R","216388_s_at",6.01e-21,2.62e-22,11.3,39.8815485,1.56,"leukotriene B4 receptor","210128_s_at",0.0294,0.0135,-2.6537421,-3.861663,-0.64939727,"leukotriene B4 receptor"
"1679","LTBP2","223690_at",7.59e-12,9.12e-13,-7.73,18.1165338,-0.949,"latent transforming growth factor beta binding protein 2","204682_at",9.55e-05,1.6e-05,5.2996469,2.678803,0.97248676,"latent transforming growth factor beta binding protein 2"
"1680","LTBP4","204442_x_at",5.97e-06,1.43e-06,-5,4.1493751,-0.694,"latent transforming growth factor beta binding protein 4","204442_x_at",5.43e-06,5.1e-07,-6.6487857,6.112384,-0.84935657,"latent transforming growth factor beta binding protein 4"
"1681","LTF","202018_s_at",3.42e-21,1.45e-22,11.4,40.4696136,3.9,"lactotransferrin","202018_s_at",0.00147,0.000399,4.069269,-0.493895,2.25036781,"lactotransferrin"
"1682","LUC7L","1557066_at",1.24e-12,1.37e-13,-8.06,19.9871117,-0.788,"LUC7 like","1557066_at",0.00951,0.00358,-3.2079406,-2.611773,-0.78633618,"LUC7 like"
"1683","LVRN","235382_at",1.42e-08,2.49e-09,-6.3,10.3373682,-1.58,"laeverin","235382_at",0.000981,0.000248,-4.2525228,-0.026868,-1.64574132,"laeverin"
"1684","LY6D","206276_at",6.65e-17,4.59e-18,9.74,30.1850387,0.731,"lymphocyte antigen 6 complex, locus D","206276_at",0.00358,0.00114,-3.6625954,-1.513292,-0.76955549,"lymphocyte antigen 6 complex, locus D"
"1685","LY6G6C","207114_at",0.000148,4.25e-05,4.2,0.8900485,0.672,"lymphocyte antigen 6 complex, locus G6C","207114_at",2.36e-06,1.84e-07,-7.0616678,7.128904,-1.43276252,"lymphocyte antigen 6 complex, locus G6C"
"1686","LY86","205859_at",0.00194,0.000659,3.47,-1.7033942,0.613,"lymphocyte antigen 86","205859_at",1.7e-09,1.19e-11,11.5501682,16.741132,2.13882136,"lymphocyte antigen 86"
"1687","LYAR","223413_s_at",8.37e-18,5.17e-19,10.1,32.3494189,1.43,"Ly1 antibody reactive","223414_s_at",2.17e-06,1.67e-07,7.1032331,7.230131,0.66241706,"Ly1 antibody reactive"
"1688","LYN","202626_s_at",6.03e-38,3.9e-40,17.6,80.715084,2.51,"LYN proto-oncogene, Src family tyrosine kinase","202626_s_at",2.73e-08,5.94e-10,9.5826742,12.857951,1.65800618,"LYN proto-oncogene, Src family tyrosine kinase"
"1689","LYNX1","1554179_s_at",2.59e-17,1.7e-18,9.9,31.1676248,2.2,"Ly6/neurotoxin 1","226305_at",0.000138,2.47e-05,-5.1324939,2.24599,-1.02148283,"Ly6/neurotoxin 1"
"1690","LYPD1","212909_at",2.68e-06,6.15e-07,5.18,4.9662146,0.723,"LY6/PLAUR domain containing 1","212909_at",1.42e-05,1.63e-06,6.186051,4.951319,2.06317261,"LY6/PLAUR domain containing 1"
"1691","LYPD3","204952_at",2.08e-17,1.35e-18,9.93,31.3970013,0.712,"LY6/PLAUR domain containing 3","204952_at",0.00506,0.00172,-3.5014479,-1.908562,-0.70770027,"LY6/PLAUR domain containing 3"
"1692","LYPD5","236039_at",1.14e-35,9.2e-38,16.8,75.2802556,3.59,"LY6/PLAUR domain containing 5","236039_at",0.00262,0.000792,-3.804691,-1.160289,-0.9958278,"LY6/PLAUR domain containing 5"
"1693","LYPD6B","228360_at",3.47e-21,1.48e-22,-11.4,40.4530873,-1.13,"LY6/PLAUR domain containing 6B","228360_at",4.09e-07,2.01e-08,-7.9927454,9.344041,-2.12336399,"LY6/PLAUR domain containing 6B"
"1694","LYRM9","213195_at",1.79e-27,3.75e-29,-13.7,55.5512302,-1.12,"LYR motif containing 9","1560703_at",0.000544,0.000123,-4.5189301,0.657679,-0.94824848,"LYR motif containing 9"
"1695","LYSMD2","226748_at",7.2e-19,4e-20,10.5,34.8893049,0.838,"LysM domain containing 2","226748_at",3.56e-07,1.67e-08,8.0723699,9.528202,0.99092854,"LysM domain containing 2"
"1696","LYST","210943_s_at",0.000368,0.000112,-3.96,-0.0295025,-1.02,"lysosomal trafficking regulator","1562511_at",0.000632,0.000147,-4.4517879,0.48466,-0.73863609,"lysosomal trafficking regulator"
"1697","LYZ","1555745_a_at",7.15e-08,1.36e-08,5.97,8.6754705,2.07,"lysozyme","1555745_a_at",5.7e-06,5.4e-07,6.6255449,6.054594,2.35344604,"lysozyme"
"1698","MAATS1","236222_at",5.75e-08,1.08e-08,-6.02,8.9003735,-0.778,"MYCBP associated and testis expressed 1","236222_at",7.67e-05,1.23e-05,-5.4004104,2.939334,-0.76873428,"MYCBP associated and testis expressed 1"
"1699","MACF1","232168_x_at",9.97e-14,9.76e-15,-8.5,22.5971421,-1.24,"microtubule-actin crosslinking factor 1","214894_x_at",3.44e-06,2.94e-07,-6.8715378,6.66324,-0.69117489,"microtubule-actin crosslinking factor 1"
"1700","MACROD1","219188_s_at",5.74e-07,1.22e-07,-5.53,6.5406186,-0.703,"MACRO domain containing 1","219188_s_at",0.000152,2.78e-05,-5.0883029,2.131479,-0.59368669,"MACRO domain containing 1"
"1701","MACROD2","1563209_a_at",1.83e-06,4.12e-07,-5.27,5.3553141,-0.6,"MACRO domain containing 2","1553564_at",1.63e-05,1.93e-06,-6.1188306,4.780951,-0.97251637,"MACRO domain containing 2"
"1702","MAF","1566323_at",0.000379,0.000115,-3.95,-0.0594033,-0.677,"MAF bZIP transcription factor","1566324_a_at",8.94e-05,1.48e-05,-5.3294635,2.755932,-1.14490098,"MAF bZIP transcription factor"
"1703","MAGI1","1566539_at",5.49e-12,6.5e-13,-7.79,18.4499125,-0.905,"membrane associated guanylate kinase, WW and PDZ domain containing 1","232859_s_at",1.84e-07,7.24e-09,-8.4383173,10.363563,-0.7322489,"membrane associated guanylate kinase, WW and PDZ domain containing 1"
"1704","MAGI2-AS3","227554_at",0.00602,0.00221,-3.11,-2.8287016,-0.605,"MAGI2 antisense RNA 3","235267_at",0.00033,6.88e-05,4.7416997,1.23338,1.01540917,"MAGI2 antisense RNA 3"
"1705","MAGOHB","218894_s_at",6.75e-11,9.09e-12,7.33,15.8505368,0.754,"mago homolog B, exon junction complex core component","218894_s_at",5.38e-07,2.87e-08,7.8400972,8.98861,0.74048794,"mago homolog B, exon junction complex core component"
"1706","MAK","220302_at",2.73e-09,4.42e-10,-6.63,12.0315038,-0.771,"male germ cell associated kinase","220302_at",0.00149,0.000408,-4.0614321,-0.513779,-0.82443585,"male germ cell associated kinase"
"1707","MAMDC2","228885_at",1.67e-13,1.68e-14,-8.41,22.0582905,-1.22,"MAM domain containing 2","228885_at",0.000224,4.37e-05,-4.9149999,1.682299,-1.58649518,"MAM domain containing 2"
"1708","MAN1C1","214180_at",0.000291,8.71e-05,-4.02,0.2069662,-0.683,"mannosidase alpha class 1C member 1","214180_at",0.000105,1.79e-05,5.2558042,2.565344,0.92091199,"mannosidase alpha class 1C member 1"
"1709","MAN2A1","235103_at",6.9e-06,1.67e-06,4.97,4.002023,0.995,"mannosidase alpha class 2A member 1","235103_at",0.00506,0.00172,3.5015516,-1.908309,0.71682184,"mannosidase alpha class 2A member 1"
"1710","MANF","202655_at",2.92e-14,2.67e-15,8.71,23.8779127,0.624,"mesencephalic astrocyte derived neurotrophic factor","202655_at",2.59e-08,5.55e-10,9.6154399,12.926751,0.67598751,"mesencephalic astrocyte derived neurotrophic factor"
"1711","MAOA","204388_s_at",3.8e-08,7e-09,6.1,9.3264798,0.989,"monoamine oxidase A","204389_at",0.00296,0.000912,-3.7497124,-1.297326,-0.67259012,"monoamine oxidase A"
"1712","MAP1B","212233_at",8.59e-24,2.74e-25,-12.3,46.7035418,-0.785,"microtubule associated protein 1B","214577_at",0.0269,0.0122,-2.6972383,-3.768022,-0.59881826,"microtubule associated protein 1B"
"1713","MAP2","210015_s_at",3.8e-21,1.62e-22,11.3,40.3582034,1.86,"microtubule associated protein 2","210015_s_at",2.02e-06,1.51e-07,-7.142763,7.326207,-1.21575159,"microtubule associated protein 2"
"1714","MAP2K5","211370_s_at",5.81e-05,1.58e-05,-4.45,1.8370806,-0.634,"mitogen-activated protein kinase kinase 5","216765_at",2.1e-05,2.62e-06,-6.0000553,4.478974,-1.25306743,"mitogen-activated protein kinase kinase 5"
"1715","MAP3K13","1562440_at",6.83e-09,1.15e-09,-6.45,11.0909159,-0.859,"mitogen-activated protein kinase kinase kinase 13","206249_at",1.77e-05,2.13e-06,-6.0802863,4.683084,-0.5859011,"mitogen-activated protein kinase kinase kinase 13"
"1716","MAP3K9","213927_at",9.97e-38,6.64e-40,17.6,80.1863719,1.61,"mitogen-activated protein kinase kinase kinase 9","213927_at",5.7e-05,8.63e-06,-5.5366105,3.290848,-1.33924416,"mitogen-activated protein kinase kinase kinase 9"
"1717","MAP4K1","214219_x_at",1.02e-10,1.4e-11,7.25,15.4249222,1.18,"mitogen-activated protein kinase kinase kinase kinase 1","206296_x_at",1.86e-06,1.37e-07,7.1848532,7.428295,1.37155815,"mitogen-activated protein kinase kinase kinase kinase 1"
"1718","MAP4K4","206571_s_at",4.39e-36,3.43e-38,16.9,76.2628402,1.06,"mitogen-activated protein kinase kinase kinase kinase 4","206571_s_at",4.1e-09,4.21e-11,10.8875622,15.488391,1.09336264,"mitogen-activated protein kinase kinase kinase kinase 4"
"1719","MAP4K5","203553_s_at",4.21e-08,7.79e-09,6.08,9.2207893,0.663,"mitogen-activated protein kinase kinase kinase kinase 5","211081_s_at",5.62e-05,8.48e-06,-5.5435419,3.308714,-0.7170734,"mitogen-activated protein kinase kinase kinase kinase 5"
"1720","MAP7","202889_x_at",1.33e-35,1.08e-37,16.7,75.1229144,2.46,"microtubule associated protein 7","202889_x_at",0.000719,0.000172,-4.393396,0.334434,-0.78037976,"microtubule associated protein 7"
"1721","MAPK6","207121_s_at",1.1e-33,1.11e-35,16,70.5096628,0.776,"mitogen-activated protein kinase 6","243831_at",0.000548,0.000125,-4.5148134,0.647063,-0.63557224,"mitogen-activated protein kinase 6"
"1722","MAPKAP1","217808_s_at",2.03e-18,1.18e-19,10.3,33.8129742,1.29,"mitogen-activated protein kinase associated protein 1","217808_s_at",2.04e-07,8.26e-09,8.3805427,10.232889,0.64456514,"mitogen-activated protein kinase associated protein 1"
"1723","MAPKAPK5","212871_at",4e-12,4.66e-13,7.85,18.7788296,0.851,"mitogen-activated protein kinase-activated protein kinase 5","228925_at",4.11e-05,5.83e-06,-5.6884626,3.681664,-0.66560677,NA
"1724","MAPRE1","200712_s_at",6.44e-28,1.29e-29,13.8,56.6171504,1.55,"microtubule associated protein RP/EB family member 1","200712_s_at",1.71e-08,3.14e-10,9.8875686,13.492597,0.88436493,"microtubule associated protein RP/EB family member 1"
"1725","MAPRE3","203842_s_at",2.35e-14,2.13e-15,-8.75,24.1051173,-0.641,"microtubule associated protein RP/EB family member 3","203842_s_at",7.01e-06,6.96e-07,-6.5240098,5.801441,-0.79962183,"microtubule associated protein RP/EB family member 3"
"1726","MAPT","203929_s_at",1.19e-21,4.8e-23,-11.5,41.5692847,-1.73,"microtubule associated protein tau","203928_x_at",2.07e-05,2.59e-06,-6.0047537,4.490941,-0.92208825,"microtubule associated protein tau"
"1727","MARCHF1","219574_at",9.37e-05,2.62e-05,4.32,1.3519009,0.694,"membrane associated ring-CH-type finger 1","229383_at",1.6e-07,6.06e-09,8.5174552,10.541818,1.47987929,"membrane associated ring-CH-type finger 1"
"1728","MARCHF7","202654_x_at",4.6e-10,6.83e-11,6.97,13.8663938,0.78,"membrane associated ring-CH-type finger 7","232371_at",6.32e-06,6.12e-07,-6.5753663,5.929622,-1.12049333,"membrane associated ring-CH-type finger 7"
"1729","MARK1","221047_s_at",5.31e-19,2.9e-20,10.5,35.2094443,1.53,"microtubule affinity regulating kinase 1","1560407_at",1.22e-05,1.37e-06,6.2560972,5.128417,1.12742621,"microtubule affinity regulating kinase 1"
"1730","MARK3","202568_s_at",1.57e-13,1.57e-14,8.42,22.1264118,0.743,"microtubule affinity regulating kinase 3","232537_x_at",0.000803,0.000196,-4.3427711,0.204399,-1.02470169,"microtubule affinity regulating kinase 3"
"1731","MASP1","232224_at",3.67e-05,9.72e-06,4.56,2.3025262,0.818,"mannan binding lectin serine peptidase 1","213749_at",0.0125,0.00492,3.0782614,-2.914351,0.64785187,"mannan binding lectin serine peptidase 1"
"1732","MAST4","210958_s_at",6.47e-11,8.68e-12,7.34,15.8952674,0.83,"microtubule associated serine/threonine kinase family member 4","40016_g_at",0.00509,0.00172,-3.4995518,-1.913177,-0.6303665,"microtubule associated serine/threonine kinase family member 4"
"1733","MATN4","207123_s_at",8.36e-06,2.04e-06,-4.92,3.8061859,-0.788,"matrilin 4","207123_s_at",4.13e-05,5.87e-06,-5.685964,3.675244,-0.83517043,"matrilin 4"
"1734","MBD1","241813_at",1.22e-21,4.96e-23,11.5,41.5369279,1.37,"methyl-CpG binding domain protein 1","241813_at",5.89e-05,8.97e-06,-5.5218969,3.252915,-0.74430957,"methyl-CpG binding domain protein 1"
"1735","MBNL1","1558111_at",1.34e-11,1.66e-12,-7.63,17.5283574,-0.738,"muscleblind like splicing regulator 1","1558111_at",3.43e-08,8.07e-10,-9.4383328,12.553145,-1.14007825,"muscleblind like splicing regulator 1"
"1736","MBNL2","205018_s_at",2.55e-06,5.85e-07,-5.19,5.0152195,-0.798,"muscleblind like splicing regulator 2","232138_at",0.00015,2.73e-05,-5.0948889,2.148547,-1.26203653,"muscleblind like splicing regulator 2"
"1737","MBOAT2","226726_at",7.66e-26,1.93e-27,13.1,51.6312551,0.644,"membrane bound O-acyltransferase domain containing 2","226726_at",0.000831,0.000204,-4.3274332,0.165044,-0.69761995,"membrane bound O-acyltransferase domain containing 2"
"1738","MBP","209072_at",9.15e-15,7.93e-16,-8.91,25.0808526,-1.4,"myelin basic protein","228938_at",0.0162,0.00668,-2.9515655,-3.204426,-0.61373831,"myelin basic protein"
"1739","MCC","226225_at",1.49e-30,2.12e-32,-14.8,62.992678,-0.774,"mutated in colorectal cancers","206132_at",4.51e-05,6.51e-06,-5.6457025,3.571745,-0.847666,"mutated in colorectal cancers"
"1740","MCF2L","35147_at",3.84e-21,1.64e-22,-11.3,40.3463557,-0.942,"MCF.2 cell line derived transforming sequence like","239636_at",2.21e-05,2.8e-06,-5.9744194,4.413645,-0.69217963,"MCF.2 cell line derived transforming sequence like"
"1741","MCFD2","212246_at",9.15e-27,2.11e-28,13.4,53.8343149,1.82,"multiple coagulation factor deficiency 2","212246_at",6.47e-08,1.88e-09,9.0456267,11.709573,1.11197964,"multiple coagulation factor deficiency 2"
"1742","MCL1","200798_x_at",3.77e-37,2.67e-39,17.3,78.8030465,1.83,"BCL2 family apoptosis regulator","227175_at",0.00293,0.000904,3.7532703,-1.288474,0.79684844,"BCL2 family apoptosis regulator"
"1743","MCM10","223570_at",1.84e-28,3.43e-30,14.1,57.9322677,1.8,"minichromosome maintenance 10 replication initiation factor","223570_at",0.00217,0.000633,3.8916544,-0.942449,0.59615556,"minichromosome maintenance 10 replication initiation factor"
"1744","MCOLN2","230110_at",1.69e-09,2.67e-10,6.72,12.5253287,1.57,"mucolipin 2","1555465_at",0.0011,0.000284,4.2001173,-0.160803,0.81167392,"mucolipin 2"
"1745","MCOLN3","229797_at",9.95e-06,2.45e-06,-4.88,3.6296972,-0.648,"mucolipin 3","242308_at",1.85e-06,1.35e-07,-7.1893219,7.439121,-0.87032493,"mucolipin 3"
"1746","MCPH1-AS1","239642_at",0.000177,5.13e-05,-4.16,0.7111077,-0.668,"MCPH1 antisense RNA 1///microcephalin 1","239642_at",0.000679,0.00016,-4.4200987,0.403102,-0.93370902,"MCPH1 antisense RNA 1///microcephalin 1"
"1747","MCTP2","220603_s_at",3.24e-31,4.34e-33,15.1,64.5708083,1.97,"multiple C2 and transmembrane domain containing 2","220603_s_at",0.000454,1e-04,4.5980852,0.861987,0.85055064,"multiple C2 and transmembrane domain containing 2"
"1748","MCTS1","218163_at",5.61e-25,1.57e-26,12.8,49.5469302,0.807,"MCTS1, re-initiation and release factor","230235_at",4.85e-06,4.46e-07,-6.702834,6.246552,-0.88120466,"MCTS1, re-initiation and release factor"
"1749","MCUB","218802_at",1.81e-28,3.36e-30,14.1,57.9510357,0.85,"mitochondrial calcium uniporter dominant negative beta subunit","218802_at",2.37e-06,1.86e-07,7.0584226,7.120992,0.76480165,"mitochondrial calcium uniporter dominant negative beta subunit"
"1750","MCUR1","220094_s_at",3.46e-24,1.06e-25,12.5,47.6471335,0.755,"mitochondrial calcium uniporter regulator 1","227451_s_at",1.3e-07,4.61e-09,-8.6389602,10.813837,-1.14551667,"mitochondrial calcium uniporter regulator 1"
"1751","MDFI","205375_at",4.37e-20,2.12e-21,10.9,37.8072471,1.57,"MyoD family inhibitor","205375_at",1.39e-06,9.47e-08,7.3366785,7.794719,1.16784623,"MyoD family inhibitor"
"1752","MDM4","225742_at",0.00489,0.00177,-3.18,-2.6229489,-0.81,"MDM4, p53 regulator","236814_at",0.000474,0.000105,-4.5791549,0.813096,-0.75942447,"MDM4, p53 regulator"
"1753","ME2","210154_at",5.67e-05,1.54e-05,4.45,1.8630234,0.659,"malic enzyme 2","210154_at",4.95e-06,4.56e-07,6.6933001,6.222909,0.94879071,"malic enzyme 2"
"1754","MEAF6","230293_at",2.15e-13,2.18e-14,-8.36,21.8016587,-0.875,"MYST/Esa1 associated factor 6","230293_at",6.36e-06,6.18e-07,-6.5716037,5.920241,-0.72192302,"MYST/Esa1 associated factor 6"
"1755","MED13","223780_s_at",9.33e-09,1.6e-09,6.38,10.7690333,0.644,"mediator complex subunit 13","244611_at",0.0161,0.00666,-2.952862,-3.201487,-0.5934109,"mediator complex subunit 13"
"1756","MED17","223115_at",1.94e-08,3.46e-09,-6.24,10.0160015,-0.654,"mediator complex subunit 17","232483_at",0.000693,0.000164,-4.4100804,0.377333,-0.95207512,"mediator complex subunit 17"
"1757","MED28","218438_s_at",1.44e-06,3.19e-07,5.32,5.603517,0.846,"mediator complex subunit 28","227504_s_at",4.79e-05,7e-06,-5.6175086,3.499211,-0.64681179,"mediator complex subunit 28"
"1758","MED31","219318_x_at",2.2e-07,4.42e-08,5.73,7.5259614,0.796,"mediator complex subunit 31","236241_at",1.47e-06,1.02e-07,-7.3062278,7.721459,-1.12544387,"mediator complex subunit 31"
"1759","MED6","210104_at",2.99e-11,3.86e-12,7.48,16.6946968,0.651,"mediator complex subunit 6","207078_at",7.81e-05,1.26e-05,-5.391935,2.917434,-1.1238908,"mediator complex subunit 6"
"1760","MEF2A","242176_at",5.02e-08,9.38e-09,-6.04,9.0399488,-0.641,"myocyte enhancer factor 2A","242176_at",5.32e-06,4.98e-07,-6.658028,6.13535,-0.89619248,"myocyte enhancer factor 2A"
"1761","MEF2C","209199_s_at",1.08e-13,1.06e-14,-8.49,22.516847,-0.614,"myocyte enhancer factor 2C","209199_s_at",4.32e-09,4.56e-11,10.8465999,15.40916,0.80787577,"myocyte enhancer factor 2C"
"1762","MEG3","212732_at",0.00125,0.000412,-3.6,-1.2621022,-0.625,"maternally expressed 3 (non-protein coding)","210794_s_at",0.00454,0.00151,3.5520588,-1.78505,0.65464447,"maternally expressed 3 (non-protein coding)"
"1763","MEGF6","213942_at",2.58e-13,2.65e-14,-8.33,21.6110115,-0.81,"multiple EGF like domains 6","226869_at",0.0128,0.00509,-3.0642588,-2.946689,-0.58658217,"multiple EGF like domains 6"
"1764","MEGF9","212831_at",1.44e-10,2.01e-11,-7.19,15.067,-1.04,"multiple EGF like domains 9","212830_at",4.79e-07,2.46e-08,-7.9054617,9.141188,-0.88794327,"multiple EGF like domains 9"
"1765","MEOX1","205619_s_at",4.74e-05,1.27e-05,-4.5,2.0440017,-0.694,"mesenchyme homeobox 1","205619_s_at",0.000581,0.000133,4.4900161,0.583136,0.77795025,"mesenchyme homeobox 1"
"1766","MERTK","206028_s_at",2.34e-16,1.71e-17,-9.53,28.8808632,-1.23,"MER proto-oncogene, tyrosine kinase","206028_s_at",9.67e-05,1.62e-05,5.2939824,2.664148,1.02841691,"MER proto-oncogene, tyrosine kinase"
"1767","MESDC1","1556321_a_at",1.24e-10,1.72e-11,7.22,15.2248103,1.15,"mesoderm development candidate 1","223264_at",2.41e-05,3.09e-06,5.9347803,4.312531,0.9804235,"mesoderm development candidate 1"
"1768","MESDC2","224679_at",6.12e-24,1.93e-25,12.4,47.0540971,0.928,"mesoderm development candidate 2","224679_at",3.23e-07,1.48e-08,8.1236697,9.6464,0.59646959,"mesoderm development candidate 2"
"1769","MEST","202016_at",3.37e-07,6.94e-08,-5.64,7.0866128,-1.16,"mesoderm specific transcript","202016_at",0.0408,0.0199,2.4843582,-4.217883,0.75188182,"mesoderm specific transcript"
"1770","METTL1","204027_s_at",6.67e-18,4.07e-19,10.1,32.5884059,1.09,"methyltransferase like 1","204027_s_at",2.69e-06,2.17e-07,6.9948375,6.965711,0.87896245,"methyltransferase like 1"
"1771","METTL21A","235177_at",7.98e-11,1.08e-11,7.3,15.6767474,0.954,"methyltransferase like 21A","235177_at",3.83e-06,3.36e-07,6.8164395,6.527506,1.04937063,"methyltransferase like 21A"
"1772","METTL3","242111_at",2.06e-12,2.32e-13,-7.97,19.4677593,-1.1,"methyltransferase like 3","213653_at",9.21e-07,5.6e-08,-7.5564755,8.320027,-0.88507048,"methyltransferase like 3"
"1773","METTL6","1553689_s_at",4.63e-19,2.51e-20,10.6,35.3534939,1.45,"methyltransferase like 6","232102_at",0.000436,9.57e-05,-4.6160994,0.908527,-0.73551664,"methyltransferase like 6"
"1774","METTL8","1554667_s_at",1.45e-18,8.34e-20,10.4,34.1600591,1.24,"methyltransferase like 8","220007_at",1.77e-05,2.13e-06,-6.0802862,4.683084,-0.6562143,"methyltransferase like 8"
"1775","MFAP3","1552312_a_at",6.02e-11,8.05e-12,7.35,15.9699824,0.784,"microfibrillar associated protein 3","1552312_a_at",1.99e-05,2.47e-06,6.0233909,4.538395,0.86630476,"microfibrillar associated protein 3"
"1776","MFAP3L","210843_s_at",9.7e-06,2.39e-06,4.89,3.6556185,1.07,"microfibrillar associated protein 3 like","210493_s_at",0.000155,2.83e-05,-5.080677,2.111716,-0.86612083,"microfibrillar associated protein 3 like"
"1777","MFSD2A","225316_at",5.63e-09,9.42e-10,-6.49,11.2895081,-0.662,"major facilitator superfamily domain containing 2A","225316_at",2.23e-07,9.22e-09,-8.3319427,10.122614,-1.3988138,"major facilitator superfamily domain containing 2A"
"1778","MFSD4A","229254_at",6.09e-27,1.38e-28,-13.5,54.2541682,-2.11,"major facilitator superfamily domain containing 4A","238862_at",2.91e-05,3.89e-06,-5.8453029,4.08385,-0.86756888,"major facilitator superfamily domain containing 4A"
"1779","MFSD4B","232139_s_at",2.91e-15,2.4e-16,9.11,26.2648713,1.12,"major facilitator superfamily domain containing 4B","242851_at",9.5e-06,1e-06,-6.3781524,5.435911,-0.71761468,"major facilitator superfamily domain containing 4B"
"1780","MFSD8","229509_at",4.17e-09,6.9e-10,6.54,11.5953568,0.836,"major facilitator superfamily domain containing 8","243407_at",8.65e-07,5.17e-08,-7.589535,8.3985,-0.97670785,"major facilitator superfamily domain containing 8"
"1781","MGAT2","211061_s_at",1.85e-09,2.94e-10,6.7,12.4307873,0.809,"mannosyl (alpha-1,6-)-glycoprotein beta-1,2-N-acetylglucosaminyltransferase","211061_s_at",4e-07,1.95e-08,8.0046572,9.371646,1.12710638,"mannosyl (alpha-1,6-)-glycoprotein beta-1,2-N-acetylglucosaminyltransferase"
"1782","MGAT3","209764_at",1.42e-13,1.42e-14,-8.44,22.2291479,-0.91,"mannosyl (beta-1,4-)-glycoprotein beta-1,4-N-acetylglucosaminyltransferase","209764_at",0.000765,0.000185,4.3647367,0.260795,0.79157432,"mannosyl (beta-1,4-)-glycoprotein beta-1,4-N-acetylglucosaminyltransferase"
"1783","MGC57346","1568987_at",2.79e-08,5.07e-09,6.16,9.6404832,0.936,"ADP-ribosylation factor pseudogene///CRHR1 intronic transcript 1","1568987_at",0.0105,0.004,-3.1621313,-2.71928,-0.60346396,"ADP-ribosylation factor pseudogene///CRHR1 intronic transcript 1"
"1784","MGEA5","223494_at",1.94e-16,1.41e-17,-9.56,29.0747641,-1.03,"meningioma expressed antigen 5 (hyaluronidase)","235868_at",0.00366,0.00117,-3.6526207,-1.537923,-0.84665115,"meningioma expressed antigen 5 (hyaluronidase)"
"1785","MIAT","227168_at",2.58e-19,1.35e-20,10.7,35.9653001,2.06,"myocardial infarction associated transcript (non-protein coding)","227168_at",1.94e-06,1.43e-07,7.1644557,7.378849,1.75448884,"myocardial infarction associated transcript (non-protein coding)"
"1786","MIB2","228261_at",1.29e-08,2.25e-09,6.32,10.4349673,0.952,"mindbomb E3 ubiquitin protein ligase 2","226644_at",2.55e-06,2.02e-07,-7.0232555,7.035171,-0.6856371,"mindbomb E3 ubiquitin protein ligase 2"
"1787","MICAL2","212472_at",1.21e-06,2.67e-07,5.36,5.7777968,0.612,"microtubule associated monooxygenase, calponin and LIM domain containing 2","212472_at",3.76e-08,9.22e-10,9.3759676,12.420577,1.52494521,"microtubule associated monooxygenase, calponin and LIM domain containing 2"
"1788","MICAL3","231553_s_at",4.9e-14,4.61e-15,-8.62,23.3386014,-0.698,"microtubule associated monooxygenase, calponin and LIM domain containing 3","231985_at",8.7e-06,9.03e-07,-6.4202115,5.541535,-0.79198837,"microtubule associated monooxygenase, calponin and LIM domain containing 3"
"1789","MICB","206247_at",8.36e-07,1.81e-07,5.44,6.1562985,1.07,"MHC class I polypeptide-related sequence B","206247_at",1.37e-07,4.93e-09,8.6093404,10.747712,1.90872079,"MHC class I polypeptide-related sequence B"
"1790","MID1","203636_at",1.19e-17,7.47e-19,10,31.9847789,1.07,"midline 1","210694_s_at",0.000366,7.8e-05,-4.6941734,1.110391,-0.86328244,"midline 1"
"1791","MID2","208384_s_at",9.35e-23,3.32e-24,11.9,44.224434,2.55,"midline 2","209733_at",1.46e-07,5.39e-09,-8.5698621,10.659391,-1.07278929,"midline 2"
"1792","MIEF2","235896_s_at",0.0275,0.0115,-2.55,-4.3261175,-0.606,"mitochondrial elongation factor 2","235896_s_at",1.21e-05,1.34e-06,-6.2631555,5.146238,-0.74096708,"mitochondrial elongation factor 2"
"1793","MINCR","235428_at",2.88e-08,5.24e-09,-6.16,9.6090811,-1.28,"MYC-induced long noncoding RNA","235428_at",0.00012,2.1e-05,-5.1959597,2.410395,-1.07884659,"MYC-induced long noncoding RNA"
"1794","MINOS1P1","215318_at",2.66e-10,3.84e-11,-7.07,14.4309335,-1.04,"mitochondrial inner membrane organizing system 1 pseudogene 1","215318_at",2.56e-05,3.32e-06,-5.9067724,4.241014,-1.20156822,"mitochondrial inner membrane organizing system 1 pseudogene 1"
"1795","MIOS","206860_s_at",8.2e-11,1.12e-11,7.29,15.6482476,0.592,"meiosis regulator for oocyte development","209672_s_at",1.9e-06,1.4e-07,-7.1758883,7.406569,-0.86096125,"meiosis regulator for oocyte development"
"1796","MIR100HG","225381_at",3.34e-13,3.47e-14,-8.29,21.3448926,-0.861,"mir-100-let-7a-2 cluster host gene","241975_at",8.42e-05,1.38e-05,-5.3569155,2.826918,-1.75423504,"mir-100-let-7a-2 cluster host gene"
"1797","MIR1182","226448_at",2.38e-14,2.16e-15,8.75,24.0904637,1.17,"microRNA 1182///family with sequence similarity 89 member A","226448_at",5.52e-05,8.3e-06,-5.5518608,3.330153,-0.79302458,"microRNA 1182///family with sequence similarity 89 member A"
"1798","MIR1199","1558412_at",1.36e-08,2.38e-09,-6.31,10.3797118,-0.786,"microRNA 1199///MISP family member 3","1558412_at",1.06e-05,1.14e-06,-6.3276551,5.308866,-0.9195705,"microRNA 1199///MISP family member 3"
"1799","MIR1306","219811_at",1.62e-06,3.63e-07,-5.3,5.4775624,-0.885,"microRNA 1306///DGCR8 microprocessor complex subunit","219811_at",1.09e-05,1.19e-06,-6.3108895,5.266632,-0.77485357,"microRNA 1306///DGCR8 microprocessor complex subunit"
"1800","MIR146A","232504_at",3.18e-34,3.03e-36,16.2,71.8011112,2.99,"microRNA 146a","232504_at",0.0134,0.00533,3.0451004,-2.990825,0.59088947,"microRNA 146a"
"1801","MIR155","229437_at",1.13e-30,1.59e-32,14.9,63.2807855,3.1,"microRNA 155///MIR155 host gene","229437_at",6.23e-11,7.58e-14,14.4868198,21.69429,2.57857613,"microRNA 155///MIR155 host gene"
"1802","MIR181A2HG","232478_at",8.98e-17,6.29e-18,-9.69,29.8721706,-1.44,"MIR181A2 host gene","232478_at",1.35e-08,2.3e-10,-10.0383585,13.801892,-2.10296328,"MIR181A2 host gene"
"1803","MIR21","224917_at",1.38e-39,7.09e-42,18.3,84.7025546,2.17,"microRNA 21///vacuole membrane protein 1","224917_at",1.54e-06,1.08e-07,7.2831614,7.665886,1.54998575,"microRNA 21///vacuole membrane protein 1"
"1804","MIR22","214696_at",5.01e-14,4.72e-15,8.62,23.3165843,0.829,"microRNA 22///MIR22 host gene","214696_at",1.15e-05,1.27e-06,6.2855916,5.202853,0.80872801,"microRNA 22///MIR22 host gene"
"1805","MIR3682","229926_at",4.47e-11,5.88e-12,7.41,16.2788221,0.828,"microRNA 3682","229926_at",0.000902,0.000225,-4.2902119,0.069623,-0.62154246,"microRNA 3682"
"1806","MIR4454","237974_at",6.47e-06,1.56e-06,-4.98,4.0677206,-1.42,"microRNA 4454///abhydrolase domain containing 12B","231381_at",0.00263,0.000793,-3.8038848,-1.162303,-0.93629861,"microRNA 4454///embryonic stem cell related (non-protein coding)"
"1807","MIR4458","236591_at",7.89e-05,2.18e-05,-4.37,1.5258332,-0.74,"microRNA 4458///MIR4458 host gene","236591_at",0.000313,6.48e-05,-4.7649334,1.293528,-0.7069535,"microRNA 4458///MIR4458 host gene"
"1808","MIR4467","225680_at",1.6e-12,1.78e-13,8.01,19.7280497,0.793,"microRNA 4467///leucine rich repeats and WD repeat domain containing 1","225680_at",2.28e-05,2.9e-06,5.9603924,4.377878,0.61190673,"microRNA 4467///leucine rich repeats and WD repeat domain containing 1"
"1809","MIR4657","235711_at",6.11e-10,9.2e-11,6.92,13.5730384,1.36,"microRNA 4657///purine rich element binding protein B","226762_at",0.000108,1.85e-05,-5.2437392,2.534113,-0.69483681,"microRNA 4657///purine rich element binding protein B"
"1810","MIR4680","212594_at",8.18e-20,4.07e-21,-10.8,37.1581523,-0.626,"microRNA 4680///programmed cell death 4 (neoplastic transformation inhibitor)","212594_at",3.57e-06,3.08e-07,-6.8516873,6.614379,-0.6460564,"microRNA 4680///programmed cell death 4 (neoplastic transformation inhibitor)"
"1811","MIR4697","229734_at",5.28e-12,6.25e-13,-7.8,18.4898472,-1.23,"microRNA 4697///MIR4697 host gene","232123_at",0.00011,1.88e-05,-5.2368612,2.516307,-0.77303187,"microRNA 4697///MIR4697 host gene"
"1812","MIR4738","211998_at",2.09e-15,1.7e-16,-9.16,26.6075124,-0.865,"microRNA 4738///H3 histone, family 3B///H3 histone, family 3A","211998_at",5.87e-07,3.19e-08,-7.794016,8.880704,-0.90427407,"microRNA 4738///H3 histone, family 3B///H3 histone, family 3A"
"1813","MIR612","220983_s_at",0.000338,0.000102,3.98,0.0566418,0.694,"microRNA 612///nuclear paraspeckle assembly transcript 1 (non-protein coding)","224565_at",8.09e-05,1.31e-05,-5.3757634,2.87564,-0.59746142,"microRNA 612///nuclear paraspeckle assembly transcript 1 (non-protein coding)"
"1814","MIR6732","218810_at",6.03e-55,4.08e-58,24.8,121.8481876,4.29,"microRNA 6732///zinc finger CCCH-type containing 12A","218810_at",0.0144,0.00581,3.0094765,-3.07255,0.82400248,"microRNA 6732///zinc finger CCCH-type containing 12A"
"1815","MIR6756","209086_x_at",3.26e-06,7.56e-07,-5.14,4.7671298,-0.696,"microRNA 6756///melanoma cell adhesion molecule","210869_s_at",9.72e-06,1.03e-06,6.3670014,5.407878,1.08253349,"microRNA 6756///melanoma cell adhesion molecule"
"1816","MIR6773","219395_at",1.79e-34,1.67e-36,16.3,72.394848,1.32,"microRNA 6773///epithelial splicing regulatory protein 2","219395_at",0.00201,0.000578,-3.9267812,-0.854107,-0.92830228,"microRNA 6773///epithelial splicing regulatory protein 2"
"1817","MIR6787","217691_x_at",7.89e-11,1.07e-11,7.3,15.6896882,0.713,"microRNA 6787///solute carrier family 16 member 3","202856_s_at",5.37e-10,1.95e-12,12.5429546,18.520287,2.93194182,"microRNA 6787///solute carrier family 16 member 3"
"1818","MIR6837","222429_at",8.32e-26,2.1e-27,13.1,51.5453912,1.78,"microRNA 6837///drebrin like","222429_at",0.00182,0.000514,3.9721673,-0.739684,0.6103112,"microRNA 6837///drebrin like"
"1819","MIR6883","36829_at",1.24e-07,2.42e-08,-5.86,8.1124526,-1.16,"microRNA 6883///period circadian clock 1","244677_at",0.00255,0.000767,-3.8168549,-1.129897,-1.64720531,"microRNA 6883///period circadian clock 1"
"1820","MIR7703","201762_s_at",3.81e-29,6.58e-31,14.3,59.5736619,0.6,"microRNA 7703///proteasome activator subunit 2","201762_s_at",9e-08,2.85e-09,8.8556859,11.294018,0.81853219,"microRNA 7703///proteasome activator subunit 2"
"1821","MIR8071-2","211430_s_at",0.0932,0.0446,2.02,-5.5098725,0.918,"microRNA 8071-2///microRNA 8071-1///immunoglobulin heavy variable 4-31///immunoglobulin heavy constant mu///immunoglobulin heavy constant gamma 2 (G2m marker)///immunoglobulin heavy constant gamma 1 (G1m marker)","211430_s_at",2.38e-06,1.86e-07,7.0567407,7.116891,2.13355349,"microRNA 8071-2///microRNA 8071-1///immunoglobulin heavy variable 4-31///immunoglobulin heavy constant mu///immunoglobulin heavy constant gamma 2 (G2m marker)///immunoglobulin heavy constant gamma 1 (G1m marker)"
"1822","MIR8085","204908_s_at",3.72e-22,1.41e-23,11.7,42.7843847,1.31,"microRNA 8085///B-cell CLL/lymphoma 3","204908_s_at",0.000506,0.000114,4.5504547,0.739008,1.0751803,"microRNA 8085///B-cell CLL/lymphoma 3"
"1823","MIR99AHG","239999_at",6.41e-24,2.02e-25,-12.4,47.0059983,-1.12,"mir-99a-let-7c cluster host gene","239999_at",7.67e-05,1.23e-05,-5.4000283,2.938347,-1.59638087,"mir-99a-let-7c cluster host gene"
"1824","MITF","226066_at",5.26e-17,3.58e-18,-9.78,30.4322938,-0.65,"melanogenesis associated transcription factor","207233_s_at",0.0185,0.00782,-2.885785,-3.352697,-0.58939319,"melanogenesis associated transcription factor"
"1825","MKL2","1570202_a_at",1.7e-08,3.01e-09,-6.26,10.1505843,-0.86,"MKL1/myocardin like 2","1570202_a_at",0.000865,0.000213,-4.3098852,0.120042,-0.9718684,"MKL1/myocardin like 2"
"1826","MKLN1","1560145_at",3.89e-11,5.08e-12,-7.43,16.4233308,-0.785,"muskelin 1","244171_at",0.0136,0.00542,-3.0382334,-3.006614,-0.65525923,"muskelin 1"
"1827","MLIP","235377_at",4.52e-10,6.7e-11,6.97,13.8844654,0.982,"muscular LMNA-interacting protein","216401_x_at",1.2e-06,7.87e-08,7.4137017,7.979504,2.71612858,"muscular LMNA-interacting protein"
"1828","MLKL","238025_at",9.14e-18,5.68e-19,10.1,32.256313,1.81,"mixed lineage kinase domain like","238025_at",2.66e-08,5.74e-10,9.5991084,12.892477,1.38651591,"mixed lineage kinase domain like"
"1829","MLLT10","1563321_s_at",5.67e-08,1.07e-08,-6.02,8.9142451,-1.51,"myeloid/lymphoid or mixed-lineage leukemia; translocated to, 10","1563321_s_at",0.000121,2.11e-05,-5.1934601,2.403922,-0.63593682,"myeloid/lymphoid or mixed-lineage leukemia; translocated to, 10"
"1830","MLLT3","1569652_at",1.6e-07,3.17e-08,-5.8,7.8494675,-1.09,"MLLT3, super elongation complex subunit","1569652_at",3.81e-05,5.34e-06,-5.722797,3.769845,-1.47341698,"MLLT3, super elongation complex subunit"
"1831","MLPH","218211_s_at",3.91e-09,6.44e-10,-6.56,11.6631821,-0.806,"melanophilin","218211_s_at",0.00657,0.00232,-3.3812596,-2.199351,-0.82458991,"melanophilin"
"1832","MMAA","236347_at",5.58e-12,6.62e-13,7.79,18.4326522,0.924,"methylmalonic aciduria (cobalamin deficiency) cblA type","242750_at",3.01e-05,4.04e-06,-5.8303473,4.045571,-0.60880384,"methylmalonic aciduria (cobalamin deficiency) cblA type"
"1833","MMP1","204475_at",1.51e-13,1.51e-14,8.43,22.1634587,2.95,"matrix metallopeptidase 1","204475_at",1.2e-07,4.16e-09,8.6853175,10.917087,5.41050169,"matrix metallopeptidase 1"
"1834","MMP12","204580_at",7.83e-22,3.1e-23,11.6,42.0049312,3.96,"matrix metallopeptidase 12","204580_at",2.16e-07,8.85e-09,8.3499203,10.163443,4.27535865,"matrix metallopeptidase 12"
"1835","MMP19","204574_s_at",6.29e-26,1.57e-27,-13.1,51.836051,-0.631,"matrix metallopeptidase 19","204575_s_at",2.29e-08,4.73e-10,9.6913567,13.085604,1.78626177,"matrix metallopeptidase 19"
"1836","MMP28","239273_s_at",9.29e-05,2.6e-05,-4.33,1.3606227,-0.651,"matrix metallopeptidase 28","239273_s_at",3.69e-08,8.99e-10,-9.3877669,12.445699,-1.37093856,"matrix metallopeptidase 28"
"1837","MMP3","205828_at",0.0328,0.014,2.48,-4.4981641,0.719,"matrix metallopeptidase 3","205828_at",3.36e-08,7.88e-10,9.4497512,12.57736,6.0469754,"matrix metallopeptidase 3"
"1838","MMP9","203936_s_at",1.53e-11,1.91e-12,7.6,17.3879645,1.45,"matrix metallopeptidase 9","203936_s_at",9.25e-10,4.63e-12,12.0613696,17.671477,3.54652413,"matrix metallopeptidase 9"
"1839","MNDA","204959_at",0.00097,0.000314,3.68,-1.0057586,0.676,"myeloid cell nuclear differentiation antigen","204959_at",5.32e-05,7.93e-06,5.5692797,3.375033,1.11196916,"myeloid cell nuclear differentiation antigen"
"1840","MOB1A","201298_s_at",3.8e-18,2.26e-19,10.2,33.1702059,1.14,"MOB kinase activator 1A","201298_s_at",1.1e-06,7.01e-08,7.4618251,8.094574,0.7265187,"MOB kinase activator 1A"
"1841","MOB3B","219265_at",4.36e-21,1.88e-22,11.3,40.2137546,1.35,"MOB kinase activator 3B","1563521_at",0.000126,2.22e-05,-5.1740639,2.353684,-0.83635518,"MOB kinase activator 3B"
"1842","MOCS1","1555127_at",1.62e-14,1.44e-15,-8.81,24.4916383,-0.594,"molybdenum cofactor synthesis 1","211673_s_at",0.0027,0.000821,3.7904007,-1.195961,0.70936005,"molybdenum cofactor synthesis 1"
"1843","MON2","212755_at",5.85e-07,1.24e-07,-5.52,6.5225162,-0.761,"MON2 homolog, regulator of endosome-to-Golgi trafficking","237332_at",0.000159,2.93e-05,-5.0675616,2.077726,-0.90739492,"MON2 homolog, regulator of endosome-to-Golgi trafficking"
"1844","MORF4L2-AS1","231088_at",2.8e-08,5.09e-09,-6.16,9.6380091,-0.846,"MORF4L2 antisense RNA 1","231088_at",1.34e-05,1.53e-06,-6.2119721,5.016908,-1.45553651,"MORF4L2 antisense RNA 1"
"1845","MOSPD2","221895_at",3.25e-13,3.36e-14,-8.29,21.3747176,-0.982,"motile sperm domain containing 2","64883_at",0.000193,3.65e-05,-4.9833338,1.859413,-0.61771718,"motile sperm domain containing 2"
"1846","MOXD1","1554474_a_at",9.46e-34,9.45e-36,16,70.6704794,2.33,"monooxygenase DBH like 1","1554474_a_at",9e-05,1.49e-05,5.3267842,2.749002,0.91851406,"monooxygenase DBH like 1"
"1847","MPDU1","209208_at",0.000127,3.62e-05,4.24,1.043824,0.731,"mannose-P-dolichol utilization defect 1","209208_at",1.68e-05,2e-06,6.1050817,4.746056,0.62175598,"mannose-P-dolichol utilization defect 1"
"1848","MPHOSPH9","206205_at",7.17e-09,1.21e-09,6.44,11.0409533,0.853,"M-phase phosphoprotein 9","206205_at",7.95e-08,2.44e-09,8.9260889,11.448622,1.36479145,"M-phase phosphoprotein 9"
"1849","MPL","207550_at",6.58e-07,1.4e-07,5.5,6.4008285,1.2,"MPL proto-oncogene, thrombopoietin receptor","207550_at",0.000807,0.000197,-4.3403789,0.19826,-0.85241249,"MPL proto-oncogene, thrombopoietin receptor"
"1850","MPP7","238451_at",0.00835,0.00315,3,-3.153685,0.683,"membrane palmitoylated protein 7","237495_at",2.06e-08,4.1e-10,-9.7597891,13.228134,-1.34357652,"membrane palmitoylated protein 7"
"1851","MPRIP","231255_at",9.18e-18,5.71e-19,10.1,32.2519877,0.874,"myosin phosphatase Rho interacting protein","225896_at",0.049,0.0247,-2.3860145,-4.418149,-0.6911891,"myosin phosphatase Rho interacting protein"
"1852","MPV17L","1558686_at",6.75e-16,5.2e-17,-9.35,27.779777,-1.06,"MPV17 mitochondrial inner membrane protein like","1558686_at",0.00364,0.00116,-3.6552041,-1.531545,-1.51054336,"MPV17 mitochondrial inner membrane protein like"
"1853","MPZ","210280_at",7.12e-23,2.49e-24,-12,44.5094639,-2.48,"myelin protein zero","210280_at",0.0148,0.006,-2.9962638,-3.102746,-0.95853072,"myelin protein zero"
"1854","MPZL1","210087_s_at",6e-27,1.36e-28,13.5,54.2706189,2.05,"myelin protein zero like 1","210087_s_at",5.14e-05,7.63e-06,5.5845141,3.414272,0.70610535,"myelin protein zero like 1"
"1855","MPZL3","1570585_at",2.74e-22,1.02e-23,11.8,43.1079713,1.7,"myelin protein zero like 3","227747_at",1.1e-05,1.2e-06,-6.3072247,5.257396,-0.97671542,"myelin protein zero like 3"
"1856","MR1","207565_s_at",3.35e-15,2.78e-16,9.08,26.1172229,1.13,"major histocompatibility complex, class I-related","207565_s_at",2e-06,1.5e-07,7.146306,7.334809,0.94953976,"major histocompatibility complex, class I-related"
"1857","MRAP2","227226_at",3.17e-15,2.63e-16,9.09,26.1746923,1.72,"melanocortin 2 receptor accessory protein 2","227226_at",0.0257,0.0115,-2.7214411,-3.715552,-0.66659078,"melanocortin 2 receptor accessory protein 2"
"1858","MRAS","225185_at",2.77e-06,6.39e-07,-5.18,4.9304379,-0.861,"muscle RAS oncogene homolog","206538_at",5.11e-05,7.57e-06,5.5874547,3.421844,0.71199539,"muscle RAS oncogene homolog"
"1859","MRGPRF","227727_at",8.15e-07,1.76e-07,-5.45,6.1816831,-0.748,"MAS related GPR family member F","227727_at",0.00163,0.000451,4.0225811,-0.612235,0.67393753,"MAS related GPR family member F"
"1860","MROH1","230361_at",3.25e-29,5.55e-31,14.3,59.743081,2.4,"maestro heat like repeat family member 1","1565653_at",1.8e-05,2.19e-06,-6.0702547,4.657593,-0.86549111,"maestro heat like repeat family member 1"
"1861","MROH6","227672_at",1.66e-19,8.57e-21,10.7,36.4194221,1.37,"maestro heat like repeat family member 6","227672_at",0.000436,9.59e-05,-4.6153971,0.906712,-0.68911161,"maestro heat like repeat family member 6"
"1862","MRPL19","203465_at",3.71e-23,1.26e-24,12.1,45.18969,0.877,"mitochondrial ribosomal protein L19","232071_at",3e-04,6.16e-05,-4.7842818,1.343629,-0.82532439,"mitochondrial ribosomal protein L19"
"1863","MRPL45P2","237182_at",1.17e-05,2.91e-06,-4.84,3.4645283,-0.611,"mitochondrial ribosomal protein L45 pseudogene 2","237182_at",6.57e-05,1.02e-05,-5.4707152,3.120884,-0.91494816,"mitochondrial ribosomal protein L45 pseudogene 2"
"1864","MRPS10","224247_s_at",1.85e-12,2.07e-13,7.99,19.5794571,0.912,"mitochondrial ribosomal protein S10","222522_x_at",3.74e-05,5.2e-06,5.7324233,3.794554,0.60666855,"mitochondrial ribosomal protein S10"
"1865","MRVI1","226047_at",8.18e-11,1.11e-11,-7.29,15.650293,-1.01,"murine retrovirus integration site 1 homolog","226047_at",7.75e-05,1.25e-05,5.3951788,2.925816,0.92363771,"murine retrovirus integration site 1 homolog"
"1866","MS4A1","228592_at",2.29e-06,5.23e-07,5.22,5.1243094,1.28,"membrane spanning 4-domains A1","210356_x_at",2.64e-10,6.17e-13,13.2078252,19.649963,4.48775613,"membrane spanning 4-domains A1"
"1867","MS4A14","229510_at",0.000252,7.5e-05,4.06,0.3492141,0.852,"membrane spanning 4-domains A14","229510_at",0.00252,0.000756,3.8225764,-1.115592,0.72392179,"membrane spanning 4-domains A14"
"1868","MS4A6A","230550_at",0.000921,0.000297,3.69,-0.9541657,0.888,"membrane spanning 4-domains A6A","219666_at",4.71e-06,4.3e-07,6.71717,6.282086,1.10674482,"membrane spanning 4-domains A6A"
"1869","MS4A7","223343_at",2.08e-07,4.17e-08,5.75,7.5825957,1.4,"membrane spanning 4-domains A7","223344_s_at",1.94e-07,7.74e-09,8.4088939,10.29707,2.37914556,"membrane spanning 4-domains A7"
"1870","MSH5-SAPCD1","212913_at",3.54e-11,4.59e-12,-7.45,16.5224162,-0.915,"MSH5-SAPCD1 readthrough (NMD candidate)///suppressor APC domain containing 1","221406_s_at",4.13e-06,3.68e-07,-6.7804197,6.438584,-1.07802676,"MSH5-SAPCD1 readthrough (NMD candidate)///suppressor APC domain containing 1"
"1871","MSMB","210297_s_at",1.37e-17,8.67e-19,-10,31.8370984,-2.96,"microseminoprotein beta","210297_s_at",0.000146,2.65e-05,-5.1062782,2.178061,-3.50872113,"microseminoprotein beta"
"1872","MSRB2","219451_at",7.82e-11,1.06e-11,-7.3,15.698236,-0.933,"methionine sulfoxide reductase B2","218773_s_at",4.05e-07,1.99e-08,7.9971904,9.354344,0.8519059,"methionine sulfoxide reductase B2"
"1873","MSRB3","1554127_s_at",6.42e-10,9.69e-11,-6.91,13.5220446,-0.718,"methionine sulfoxide reductase B3","1554127_s_at",0.00451,0.0015,3.5551632,-1.777455,0.60601915,"methionine sulfoxide reductase B3"
"1874","MSX2","210319_x_at",9.5e-09,1.63e-09,6.38,10.7504714,0.872,"msh homeobox 2","205555_s_at",0.00359,0.00114,3.6614911,-1.51602,0.76547814,"msh homeobox 2"
"1875","MTCL1","213358_at",4.81e-19,2.61e-20,10.6,35.3138552,1.94,"microtubule crosslinking factor 1","213358_at",0.000369,7.87e-05,4.690483,1.100844,1.0170275,"microtubule crosslinking factor 1"
"1876","MTERF2","225346_at",4.58e-15,3.86e-16,-9.03,25.7933061,-0.68,"mitochondrial transcription termination factor 2","225346_at",3.05e-05,4.1e-06,-5.8255426,4.033269,-0.84784231,"mitochondrial transcription termination factor 2"
"1877","MTHFD2","201761_at",1.7e-16,1.23e-17,9.58,29.2091251,0.716,"methylenetetrahydrofolate dehydrogenase (NADP+ dependent) 2, methenyltetrahydrofolate cyclohydrolase","201761_at",3.3e-07,1.52e-08,8.112513,9.620724,1.0643115,"methylenetetrahydrofolate dehydrogenase (NADP+ dependent) 2, methenyltetrahydrofolate cyclohydrolase"
"1878","MTURN","226018_at",6.19e-42,2.38e-44,-19.2,90.3685181,-1.06,"maturin, neural progenitor differentiation regulator homolog (Xenopus)","226018_at",1.05e-05,1.14e-06,-6.3287694,5.311673,-0.8974953,"maturin, neural progenitor differentiation regulator homolog (Xenopus)"
"1879","MTUS1","212093_s_at",1.77e-05,4.5e-06,-4.74,3.0443033,-0.605,"microtubule associated tumor suppressor 1","239576_at",2.37e-05,3.03e-06,-5.9431721,4.333948,-1.63562991,"microtubule associated tumor suppressor 1"
"1880","MUC15","227241_at",0.000116,3.28e-05,4.27,1.1384712,0.95,"mucin 15, cell surface associated","227238_at",1.54e-07,5.76e-09,-8.5402425,10.592987,-1.7891488,"mucin 15, cell surface associated"
"1881","MUC20","226622_at",4.19e-05,1.12e-05,-4.53,2.1667832,-1.25,"mucin 20, cell surface associated","230043_at",6.23e-05,9.59e-06,-5.4960941,3.186368,-0.64265217,"mucin 20, cell surface associated"
"1882","MUC4","217109_at",1.31e-16,9.38e-18,9.63,29.4759745,2.55,"mucin 4, cell surface associated","204895_x_at",0.0495,0.025,2.3801274,-4.429977,0.73427556,"mucin 4, cell surface associated"
"1883","MUC7","216359_at",3.79e-05,1.01e-05,-4.55,2.2700033,-0.66,"mucin 7, secreted","216359_at",0.0376,0.018,-2.5267475,-4.13004,-0.82680813,"mucin 7, secreted"
"1884","MVK","36907_at",1.9e-06,4.28e-07,5.26,5.3177768,0.627,"mevalonate kinase","215649_s_at",0.0292,0.0134,-2.6568047,-3.855098,-0.69099029,"mevalonate kinase"
"1885","MX1","202086_at",7.17e-52,7.35e-55,23.4,114.4121353,3.12,"MX dynamin like GTPase 1","202086_at",4.58e-05,6.64e-06,5.6383197,3.552756,1.13219736,"MX dynamin like GTPase 1"
"1886","MX2","204994_at",1.21e-24,3.54e-26,12.6,48.7377873,2.39,"MX dynamin like GTPase 2","204994_at",1.33e-08,2.27e-10,10.0462926,13.818083,1.38117858,"MX dynamin like GTPase 2"
"1887","MXRA8","213422_s_at",8.66e-07,1.87e-07,-5.44,6.1208349,-0.718,"matrix remodeling associated 8","213422_s_at",4.48e-07,2.26e-08,7.9428209,9.228138,1.17210558,"matrix remodeling associated 8"
"1888","MYCN","209757_s_at",3.63e-06,8.48e-07,5.11,4.6562719,0.812,"v-myc avian myelocytomatosis viral oncogene neuroblastoma derived homolog","209757_s_at",0.00019,3.6e-05,4.9895199,1.875448,1.03399358,"v-myc avian myelocytomatosis viral oncogene neuroblastoma derived homolog"
"1889","MYCT1","231947_at",4.58e-10,6.8e-11,-6.97,13.8698475,-0.599,"myc target 1","220471_s_at",0.0122,0.00477,3.0907059,-2.885555,0.59678996,"myc target 1"
"1890","MYD88","209124_at",1.2e-32,1.34e-34,15.6,68.0346873,1.16,"myeloid differentiation primary response 88","209124_at",5.78e-06,5.5e-07,6.6179713,6.035749,0.7797957,"myeloid differentiation primary response 88"
"1891","MYEF2","232676_x_at",3.82e-14,3.55e-15,-8.67,23.5974172,-0.795,"myelin expression factor 2","232676_x_at",7.03e-06,6.98e-07,-6.5225446,5.79778,-0.75045905,"myelin expression factor 2"
"1892","MYH14","219946_x_at",2.75e-22,1.03e-23,-11.8,43.1031797,-1.71,"myosin, heavy chain 14, non-muscle","217545_at",5.36e-05,8.01e-06,-5.5653689,3.364958,-0.60356888,"myosin, heavy chain 14, non-muscle"
"1893","MYH3","205940_at",4.21e-06,9.91e-07,-5.08,4.5047605,-0.925,"myosin, heavy chain 3, skeletal muscle, embryonic","205940_at",0.000694,0.000164,-4.4097954,0.3766,-0.65521396,"myosin, heavy chain 3, skeletal muscle, embryonic"
"1894","MYL9","201058_s_at",4.45e-18,2.66e-19,-10.2,33.0084259,-1.57,"myosin light chain 9","201058_s_at",6.92e-05,1.09e-05,5.4472542,3.060323,0.78076295,"myosin light chain 9"
"1895","MYNN","224206_x_at",1.4e-10,1.95e-11,7.2,15.0986637,0.642,"myoneurin","237510_at",0.000193,3.66e-05,-4.9825198,1.857304,-0.7935314,"myoneurin"
"1896","MYO10","1554026_a_at",1.91e-16,1.38e-17,9.56,29.0911017,2.52,"myosin X","1554026_a_at",0.00204,0.000588,-3.9198423,-0.871573,-1.16106117,"myosin X"
"1897","MYO19","219320_at",9.9e-19,5.58e-20,10.4,34.5584638,1.02,"myosin XIX","225947_at",2.07e-05,2.58e-06,-6.005262,4.492236,-0.65460937,"myosin XIX"
"1898","MYO1B","212365_at",5.66e-37,4.07e-39,17.3,78.3833859,2.74,"myosin IB","212365_at",7.38e-08,2.24e-09,8.9659998,11.535965,1.39532665,"myosin IB"
"1899","MYO5A","204527_at",1.69e-50,2.2e-53,22.8,111.0396896,1.96,"myosin VA","204527_at",0.000354,7.48e-05,4.7100074,1.151358,0.59008444,"myosin VA"
"1900","MYO5B","225301_s_at",9.97e-18,6.22e-19,10.1,32.1661871,1.04,"myosin VB","225301_s_at",2.15e-05,2.69e-06,-5.9889912,4.450785,-1.22469223,"myosin VB"
"1901","MYO5C","218966_at",4.31e-15,3.62e-16,-9.04,25.8560588,-0.909,"myosin VC","218966_at",0.000397,8.56e-05,-4.6586716,1.018569,-0.79682942,"myosin VC"
"1902","MYO6","210480_s_at",4.37e-19,2.36e-20,10.6,35.4146393,1.6,"myosin VI","203216_s_at",1.23e-05,1.37e-06,-6.2532967,5.121346,-0.62447605,"myosin VI"
"1903","MYO9A","219027_s_at",3.45e-14,3.19e-15,-8.68,23.7018939,-0.765,"myosin IXA","219027_s_at",2.06e-06,1.56e-07,-7.1310564,7.297774,-0.66961802,"myosin IXA"
"1904","MYOC","210155_at",6.33e-13,6.76e-14,-8.18,20.6848711,-2.09,"myocilin","210155_at",6.19e-05,9.51e-06,-5.499363,3.1948,-1.65286483,"myocilin"
"1905","MYOF","217518_at",3.51e-12,4.06e-13,-7.87,18.9136655,-0.993,"myoferlin","217518_at",2.11e-06,1.61e-07,-7.1158136,7.260728,-1.6262174,"myoferlin"
"1906","MYRFL","1556267_at",3.46e-08,6.35e-09,-6.12,9.4205367,-0.95,"myelin regulatory factor-like","1556267_at",1.76e-06,1.27e-07,-7.2155883,7.502705,-1.78393949,"myelin regulatory factor-like"
"1907","MYZAP","228568_at",3.87e-05,1.03e-05,4.55,2.2482729,0.71,"myocardial zonula adherens protein","228568_at",0.00541,0.00185,-3.4712296,-1.982015,-0.61093869,"myocardial zonula adherens protein"
"1908","N4BP2L1","213375_s_at",3.88e-22,1.48e-23,-11.7,42.7396873,-0.845,"NEDD4 binding protein 2 like 1","243843_at",1.34e-05,1.53e-06,-6.2118569,5.016616,-0.63067088,"NEDD4 binding protein 2 like 1"
"1909","N4BP2L2","1565743_at",4.16e-10,6.14e-11,-6.99,13.9702679,-0.62,"NEDD4 binding protein 2 like 2","202259_s_at",5.66e-05,8.56e-06,-5.5401059,3.299857,-0.80331253,"NEDD4 binding protein 2 like 2"
"1910","NAA15","222837_s_at",6.51e-23,2.26e-24,12,44.6053465,1.12,"N(alpha)-acetyltransferase 15, NatA auxiliary subunit","1556382_a_at",4.29e-06,3.85e-07,-6.7618138,6.392594,-1.56271523,"N(alpha)-acetyltransferase 15, NatA auxiliary subunit"
"1911","NAA25","236816_at",3.33e-11,4.32e-12,-7.46,16.5834291,-1.28,"N(alpha)-acetyltransferase 25, NatB auxiliary subunit","236816_at",0.000128,2.26e-05,-5.1668351,2.334958,-1.73889307,"N(alpha)-acetyltransferase 25, NatB auxiliary subunit"
"1912","NAA30","231039_at",0.000164,4.73e-05,-4.18,0.7876544,-0.655,"N(alpha)-acetyltransferase 30, NatC catalytic subunit","231039_at",2.62e-07,1.14e-08,-8.2380882,9.908745,-0.66006219,"N(alpha)-acetyltransferase 30, NatC catalytic subunit"
"1913","NAB1","211139_s_at",0.000668,0.000211,-3.79,-0.6303582,-0.635,"NGFI-A binding protein 1","208047_s_at",0.00296,0.000913,-3.7491741,-1.298665,-0.6349301,"NGFI-A binding protein 1"
"1914","NABP1","222872_x_at",5.16e-24,1.61e-25,12.4,47.2324668,1.69,"nucleic acid binding protein 1","219334_s_at",5.99e-09,7.47e-11,10.5959732,14.919763,2.06942673,"nucleic acid binding protein 1"
"1915","NAGA","202943_s_at",8.32e-11,1.13e-11,7.29,15.6332177,0.72,"alpha-N-acetylgalactosaminidase","202943_s_at",3.65e-07,1.74e-08,8.0547001,9.487408,0.98976166,"alpha-N-acetylgalactosaminidase"
"1916","NAIP","238446_at",1.15e-16,8.17e-18,-9.65,29.612656,-1.55,"NLR family apoptosis inhibitory protein","204860_s_at",0.000621,0.000144,4.4596129,0.504809,1.35965685,"NLR family apoptosis inhibitory protein"
"1917","NAMPT","1555167_s_at",7.57e-47,1.69e-49,21.2,102.1530416,4.4,"nicotinamide phosphoribosyltransferase","1555167_s_at",0.000673,0.000158,4.4241093,0.41342,1.64780269,"nicotinamide phosphoribosyltransferase"
"1918","NANOG","220184_at",7.72e-16,5.99e-17,-9.33,27.6394478,-1.36,"Nanog homeobox","220184_at",1.47e-06,1.01e-07,-7.3077202,7.725052,-2.49031166,"Nanog homeobox"
"1919","NAP1L2","219368_at",8.68e-23,3.06e-24,-12,44.3039406,-1.13,"nucleosome assembly protein 1 like 2","219368_at",1.17e-08,1.91e-10,-10.1299284,13.988251,-1.52502744,"nucleosome assembly protein 1 like 2"
"1920","NAPEPLD","233539_at",2.97e-10,4.32e-11,-7.05,14.3163806,-1.01,"N-acyl phosphatidylethanolamine phospholipase D","233539_at",9.44e-07,5.77e-08,-7.5435836,8.289387,-1.74230025,"N-acyl phosphatidylethanolamine phospholipase D"
"1921","NAPSB","228055_at",4.8e-13,5.07e-14,8.22,20.9694448,1.15,"napsin B aspartic peptidase, pseudogene","228056_s_at",2.14e-06,1.64e-07,7.109524,7.245434,1.39832585,"napsin B aspartic peptidase, pseudogene"
"1922","NASP","201970_s_at",1.24e-09,1.93e-10,6.78,12.8464053,0.605,"nuclear autoantigenic sperm protein","242918_at",0.00259,0.000779,-3.810991,-1.144551,-0.88078056,"nuclear autoantigenic sperm protein"
"1923","NAT1","214440_at",1.99e-25,5.27e-27,12.9,50.6323794,1.59,"N-acetyltransferase 1","214440_at",2.75e-06,2.22e-07,6.9845724,6.940598,0.67710437,"N-acetyltransferase 1"
"1924","NAV1","224773_at",1.99e-10,2.82e-11,7.13,14.734962,1.32,"neuron navigator 1","242986_at",0.00246,0.000735,-3.8337481,-1.087645,-0.92444134,"neuron navigator 1"
"1925","NAV2","222599_s_at",0.00644,0.00238,-3.09,-2.8948869,-0.634,"neuron navigator 2","218330_s_at",0.00669,0.00237,-3.3732952,-2.218488,-0.62551598,"neuron navigator 2"
"1926","NAV3","1552658_a_at",9.22e-15,8e-16,8.91,25.0724443,1.9,"neuron navigator 3","204823_at",0.000117,2.03e-05,-5.2081541,2.441976,-0.94643696,"neuron navigator 3"
"1927","NBEAL1","1554106_at",1.36e-07,2.67e-08,-5.84,8.0173668,-1.13,"neurobeachin like 1","1561589_a_at",0.00538,0.00184,-3.4733621,-1.976839,-0.704887,"neurobeachin like 1"
"1928","NBPF26","214693_x_at",1.47e-09,2.3e-10,-6.75,12.6723112,-0.657,"neuroblastoma breakpoint family member 26///neuroblastoma breakpoint family member 10///neuroblastoma breakpoint family member 9///neuroblastoma breakpoint family member 14","214693_x_at",0.00555,0.00191,-3.4588149,-2.012128,-0.60201553,"neuroblastoma breakpoint family member 26///neuroblastoma breakpoint family member 10///neuroblastoma breakpoint family member 9///neuroblastoma breakpoint family member 14"
"1929","NBR1","1568856_at",6.81e-12,8.14e-13,-7.75,18.2286346,-0.713,"NBR1, autophagy cargo receptor","1568857_a_at",0.00324,0.00102,-3.7078426,-1.401309,-0.82713227,"NBR1, autophagy cargo receptor"
"1930","NCAM1","212843_at",7.26e-12,8.7e-13,-7.74,18.1632575,-1.06,"neural cell adhesion molecule 1","227394_at",0.0113,0.00436,-3.1269068,-2.801491,-0.64699183,"neural cell adhesion molecule 1"
"1931","NCAPH","212949_at",7.72e-11,1.05e-11,7.31,15.7115707,0.987,"non-SMC condensin I complex subunit H","212949_at",0.0128,0.00507,3.0652312,-2.944446,0.62762275,"non-SMC condensin I complex subunit H"
"1932","NCAPH2","40640_at",8.22e-37,5.94e-39,17.2,78.0069261,2.46,"non-SMC condensin II complex subunit H2","40640_at",0.00344,0.00109,3.6814075,-1.466783,0.61580877,"non-SMC condensin II complex subunit H2"
"1933","NCBP2","201521_s_at",7.84e-30,1.23e-31,14.6,61.2429241,1.96,"nuclear cap binding protein subunit 2","201521_s_at",1.06e-07,3.52e-09,8.7600243,11.082861,0.83114976,"nuclear cap binding protein subunit 2"
"1934","NCBP3","228983_at",4.06e-05,1.08e-05,4.54,2.20007,0.846,"nuclear cap binding subunit 3","236384_at",0.000357,7.55e-05,-4.7066873,1.142768,-0.59554184,"nuclear cap binding subunit 3"
"1935","NCF2","209949_at",1.12e-12,1.23e-13,8.07,20.0968207,1.36,"neutrophil cytosolic factor 2","209949_at",0.0031,0.000963,3.7283909,-1.350319,0.61487365,"neutrophil cytosolic factor 2"
"1936","NCF4","207677_s_at",0.00028,8.36e-05,4.03,0.2450903,0.714,"neutrophil cytosolic factor 4","207677_s_at",3.42e-09,3.27e-11,11.0184062,15.740064,1.60118185,"neutrophil cytosolic factor 4"
"1937","NCKAP1L","209734_at",0.000143,4.08e-05,4.21,0.9277289,0.666,"NCK associated protein 1 like","209734_at",2.05e-08,4.07e-10,9.7628499,13.234494,1.83815426,"NCK associated protein 1 like"
"1938","NCLN","222206_s_at",3.83e-13,4e-14,8.26,21.2023418,0.762,"nicalin","222206_s_at",6.74e-06,6.63e-07,6.543239,5.849468,1.1010734,"nicalin"
"1939","NCOA3","209062_x_at",4.64e-26,1.14e-27,13.2,52.1514329,1.33,"nuclear receptor coactivator 3","209062_x_at",3e-04,6.17e-05,4.7835669,1.341778,0.58552476,"nuclear receptor coactivator 3"
"1940","NDFIP2","224799_at",3.86e-11,5.04e-12,7.43,16.4310106,0.918,"Nedd4 family interacting protein 2","230190_at",0.000341,7.16e-05,-4.7266518,1.194431,-0.87154811,"Nedd4 family interacting protein 2"
"1941","NDNF","219747_at",6.57e-14,6.28e-15,-8.57,23.0330308,-1.07,"neuron derived neurotrophic factor","219747_at",8.7e-06,9.02e-07,-6.4202423,5.541612,-1.33945891,"neuron derived neurotrophic factor"
"1942","NEBL","217585_at",1.54e-07,3.05e-08,5.81,7.8893642,0.818,"nebulette","207279_s_at",0.000146,2.64e-05,-5.107474,2.18116,-0.94516522,"nebulette"
"1943","NECTIN1","211846_s_at",2.36e-12,2.67e-13,7.94,19.3267941,1.27,"nectin cell adhesion molecule 1","225211_at",0.00177,0.000499,-3.983903,-0.710047,-0.7740496,"nectin cell adhesion molecule 1"
"1944","NECTIN2","232079_s_at",5.23e-09,8.71e-10,6.5,11.3660049,0.847,"nectin cell adhesion molecule 2","225418_at",8.42e-06,8.66e-07,6.4364954,5.582381,0.73020072,"nectin cell adhesion molecule 2"
"1945","NEDD4L","212445_s_at",1.21e-08,2.1e-09,-6.33,10.5040783,-1.03,"neural precursor cell expressed, developmentally down-regulated 4-like, E3 ubiquitin protein ligase","212448_at",0.0318,0.0148,-2.6131676,-3.948236,-0.62368518,"neural precursor cell expressed, developmentally down-regulated 4-like, E3 ubiquitin protein ligase"
"1946","NEDD9","202149_at",5.59e-11,7.44e-12,-7.37,16.0481028,-0.834,"neural precursor cell expressed, developmentally down-regulated 9","1560706_at",0.000961,0.000242,4.2620067,-0.0026,1.15216932,"neural precursor cell expressed, developmentally down-regulated 9"
"1947","NEIL3","219502_at",3.83e-12,4.46e-13,7.86,18.8228341,1.3,"nei like DNA glycosylase 3","219502_at",0.0294,0.0135,-2.6521456,-3.865084,-0.61488059,"nei like DNA glycosylase 3"
"1948","NELL1","206089_at",3.4e-06,7.9e-07,-5.13,4.7242651,-1.28,"neural EGFL like 1","206089_at",0.00604,0.00211,3.4196639,-2.106835,1.49540696,"neural EGFL like 1"
"1949","NEO1","225270_at",2.49e-22,9.24e-24,-11.8,43.205983,-0.936,"neogenin 1","204321_at",0.00331,0.00104,-3.6992275,-1.422662,-0.62969369,"neogenin 1"
"1950","NES","218678_at",6.14e-13,6.54e-14,8.18,20.7172208,1.97,"nestin","218678_at",0.000248,4.93e-05,4.8692907,1.563844,1.30926854,"nestin"
"1951","NETO2","222774_s_at",3.42e-44,1.07e-46,20.1,95.7427964,3.4,"neuropilin and tolloid like 2","222774_s_at",7.42e-10,3.11e-12,12.2815656,18.062844,1.90890139,"neuropilin and tolloid like 2"
"1952","NEURL2","230283_at",2.5e-06,5.72e-07,5.2,5.0375155,1.01,"neuralized E3 ubiquitin protein ligase 2","230283_at",0.00454,0.00151,3.5519683,-1.785272,0.7000679,"neuralized E3 ubiquitin protein ligase 2"
"1953","NEXN","226103_at",7.01e-10,1.06e-10,-6.89,13.4313466,-1.16,"nexilin F-actin binding protein","226103_at",2.86e-05,3.81e-06,5.8535567,4.104969,1.29981523,"nexilin F-actin binding protein"
"1954","NF1P9","212678_at",2.19e-07,4.41e-08,-5.74,7.5288173,-0.696,"neurofibromin 1 pseudogene 9///neurofibromin 1","243476_at",1.21e-06,7.9e-08,-7.4117643,7.974866,-0.77073634,"neurofibromin 1 pseudogene 9///neurofibromin 1"
"1955","NFASC","230242_at",1.13e-33,1.15e-35,16,70.4773022,2.5,"neurofascin","214799_at",4.3e-06,3.86e-07,-6.7611737,6.391011,-0.90929304,"neurofascin"
"1956","NFAT5","208003_s_at",0.000889,0.000286,-3.71,-0.9181029,-0.961,"nuclear factor of activated T-cells 5","224984_at",4.19e-07,2.07e-08,-7.9805787,9.315826,-0.75779221,"nuclear factor of activated T-cells 5"
"1957","NFATC4","236270_at",7.18e-07,1.54e-07,-5.48,6.3112976,-0.858,"nuclear factor of activated T-cells 4","205897_at",5.65e-07,3.04e-08,7.8153486,8.930692,0.9522994,"nuclear factor of activated T-cells 4"
"1958","NFIA","229994_at",5.02e-11,6.64e-12,-7.39,16.1596132,-0.945,"nuclear factor I A","224975_at",0.000291,5.95e-05,-4.7972505,1.377215,-0.64543688,"nuclear factor I A"
"1959","NFIB","209290_s_at",2.01e-36,1.51e-38,-17.1,77.0762861,-0.875,"nuclear factor I B","213032_at",0.00067,0.000158,-4.4257336,0.417599,-0.70785027,"nuclear factor I B"
"1960","NFIC","213298_at",5.44e-14,5.15e-15,-8.6,23.2301681,-0.954,"nuclear factor I C","226895_at",8.82e-05,1.46e-05,-5.3357155,2.772101,-0.59317453,"nuclear factor I C"
"1961","NFIL3","203574_at",1.98e-10,2.81e-11,7.13,14.7382785,0.747,"nuclear factor, interleukin 3 regulated","203574_at",3.2e-05,4.35e-06,5.8021244,3.973291,1.07300885,"nuclear factor, interleukin 3 regulated"
"1962","NFIX","229834_at",6.83e-05,1.87e-05,-4.4,1.6723786,-0.628,"nuclear factor I X","227400_at",7.67e-05,1.23e-05,-5.400407,2.939325,-0.73380818,"nuclear factor I X"
"1963","NFKBID","230052_s_at",9.17e-10,1.41e-10,6.84,13.1547808,1.07,"NFKB inhibitor delta","230052_s_at",0.0119,0.00463,3.1028092,-2.857498,0.60598728,"NFKB inhibitor delta"
"1964","NFYC","238231_at",6.94e-07,1.48e-07,-5.49,6.3470279,-0.68,"nuclear transcription factor Y subunit gamma","238231_at",9.07e-05,1.5e-05,-5.3231876,2.7397,-1.23137144,"nuclear transcription factor Y subunit gamma"
"1965","NGDN","216263_s_at",8.63e-13,9.34e-14,-8.12,20.3658951,-0.708,"neuroguidin","216263_s_at",5.82e-06,5.57e-07,-6.6133025,6.024129,-0.95850574,"neuroguidin"
"1966","NHLRC3","236953_s_at",3.28e-26,8.04e-28,-13.2,52.5031065,-1.31,"NHL repeat containing 3","239314_at",1.25e-05,1.4e-06,6.2470923,5.105675,0.85342433,"NHL repeat containing 3"
"1967","NIPAL2","220128_s_at",3.34e-07,6.89e-08,5.64,7.094222,0.764,"NIPA like domain containing 2","222950_at",2.88e-06,2.36e-07,-6.9604776,6.881601,-0.94758028,"NIPA like domain containing 2"
"1968","NIPAL3","214579_at",1.16e-09,1.8e-10,-6.79,12.9162659,-1.26,"NIPA like domain containing 3","225875_s_at",2.78e-05,3.67e-06,-5.8679669,4.141829,-0.60328893,"NIPA like domain containing 3"
"1969","NIPAL4","230188_at",2.55e-32,2.96e-34,15.5,67.2444141,1.64,"NIPA like domain containing 4","230188_at",0.000959,0.000241,-4.2625834,-0.001124,-1.09900782,"NIPA like domain containing 4"
"1970","NIPBL","213918_s_at",3.33e-16,2.48e-17,9.47,28.512539,0.982,"NIPBL, cohesin loading factor","242352_at",0.0229,0.0101,-2.7791389,-3.589443,-0.64409353,"NIPBL, cohesin loading factor"
"1971","NKTR","231235_at",2.94e-06,6.79e-07,-5.16,4.8703742,-0.602,"natural killer cell triggering receptor","1570342_at",0.00168,0.000468,-4.0083067,-0.648357,-0.68212442,"natural killer cell triggering receptor"
"1972","NLGN4X","221933_at",5.44e-10,8.16e-11,6.94,13.6914741,0.957,"neuroligin 4, X-linked","221933_at",2.34e-05,2.99e-06,5.9485678,4.347715,1.5724251,"neuroligin 4, X-linked"
"1973","NLRC3","236295_s_at",3.6e-07,7.45e-08,5.63,7.0179107,0.99,"NLR family CARD domain containing 3","236295_s_at",6.09e-06,5.87e-07,6.5922982,5.971822,0.92912158,"NLR family CARD domain containing 3"
"1974","NLRP7","237461_at",7.71e-10,1.17e-10,6.87,13.3335973,0.979,"NLR family pyrin domain containing 7","237461_at",1.29e-10,2.03e-13,13.8739644,20.735086,4.51551647,"NLR family pyrin domain containing 7"
"1975","NME9","1562619_at",7.36e-07,1.58e-07,-5.47,6.2866135,-1.1,"NME/NM23 family member 9","1562619_at",0.000599,0.000138,-4.4761314,0.547358,-1.25923141,"NME/NM23 family member 9"
"1976","NMI","203964_at",1.9e-38,1.15e-40,17.8,81.9306479,1.14,"N-myc and STAT interactor","203964_at",3.98e-06,3.52e-07,6.7985235,6.483295,0.63497655,"N-myc and STAT interactor"
"1977","NMNAT2","1552712_a_at",2.05e-10,2.93e-11,-7.12,14.6992488,-1.48,"nicotinamide nucleotide adenylyltransferase 2","1552712_a_at",0.0132,0.00525,-3.0515701,-2.975935,-0.6442443,"nicotinamide nucleotide adenylyltransferase 2"
"1978","NMT2","215069_at",1.1e-06,2.42e-07,-5.38,5.8722727,-0.743,"N-myristoyltransferase 2","215069_at",0.000215,4.16e-05,-4.9341235,1.731863,-0.9873343,"N-myristoyltransferase 2"
"1979","NOCT","1554283_at",9.35e-28,1.92e-29,13.8,56.2196934,1.99,"nocturnin","1554283_at",0.00462,0.00154,3.5447827,-1.802844,0.75064449,"nocturnin"
"1980","NOG","231798_at",1.89e-08,3.36e-09,-6.24,10.0443372,-0.998,"noggin","231798_at",0.00726,0.00261,-3.335318,-2.309505,-1.26966484,"noggin"
"1981","NOL3","1558738_at",1.25e-22,4.49e-24,-11.9,43.9234196,-1.68,"nucleolar protein 3","221566_s_at",5.47e-07,2.92e-08,-7.8327009,8.971309,-0.74109573,"nucleolar protein 3"
"1982","NOLC1","205895_s_at",2.72e-10,3.94e-11,7.07,14.4078621,1.03,"nucleolar and coiled-body phosphoprotein 1","205895_s_at",4.09e-05,5.8e-06,5.6905186,3.686947,0.82373018,"nucleolar and coiled-body phosphoprotein 1"
"1983","NOS1","1560974_s_at",0.00497,0.0018,-3.17,-2.6385896,-0.605,"nitric oxide synthase 1","240911_at",9.25e-05,1.54e-05,-5.3139722,2.715863,-0.71053591,"nitric oxide synthase 1"
"1984","NOS3","229093_at",1.03e-11,1.25e-12,7.68,17.80152,0.922,"nitric oxide synthase 3","229093_at",8.66e-07,5.18e-08,-7.5888974,8.396988,-1.48234082,"nitric oxide synthase 3"
"1985","NOVA1","207437_at",5.49e-08,1.03e-08,-6.03,8.9476711,-0.907,"NOVA alternative splicing regulator 1","205794_s_at",0.00415,0.00136,-3.5939728,-1.682317,-1.01687634,"NOVA alternative splicing regulator 1"
"1986","NPEPPS","201454_s_at",3.06e-20,1.45e-21,11,38.1799239,0.79,"aminopeptidase puromycin sensitive","242612_at",0.00022,4.28e-05,-4.9226634,1.70216,-0.71017984,NA
"1987","NPFF","214184_at",6.97e-06,1.68e-06,-4.96,3.9920794,-0.857,"neuropeptide FF-amide peptide precursor","206402_s_at",6.22e-05,9.57e-06,-5.4970315,3.188786,-0.61303702,"neuropeptide FF-amide peptide precursor"
"1988","NPIPA5","215921_at",0.000287,8.57e-05,-4.03,0.2216998,-0.604,"nuclear pore complex interacting protein family member A5///nuclear pore complex interacting protein family member B6///nuclear pore complex interacting protein family member B8///nuclear pore complex interacting protein family member B3","215002_at",0.00391,0.00127,-3.6216643,-1.614231,-0.58525356,"nuclear pore complex interacting protein family member A5///nuclear pore complex interacting protein family member B5///nuclear pore complex interacting protein family member B11///nuclear pore complex interacting protein family member B8///nuclear pore complex interacting protein member///nuclear pore complex interacting protein family member B4///nuclear pore complex interacting protein family member B3"
"1989","NPIPB15","221992_at",0.0166,0.00662,-2.75,-3.829261,-0.679,"nuclear pore complex interacting protein family member B15","221992_at",1.08e-05,1.17e-06,-6.3184346,5.285642,-0.94189998,"nuclear pore complex interacting protein family member B15"
"1990","NPL","221210_s_at",8.66e-09,1.48e-09,6.4,10.8445522,1.54,"N-acetylneuraminate pyruvate lyase","221210_s_at",1.57e-10,2.89e-13,13.659652,20.390922,1.77273526,"N-acetylneuraminate pyruvate lyase"
"1991","NPM3","205129_at",1.4e-15,1.11e-16,9.23,27.0232909,0.92,"nucleophosmin/nucleoplasmin 3","205129_at",1.11e-05,1.2e-06,6.3056491,5.253425,0.65407534,"nucleophosmin/nucleoplasmin 3"
"1992","NPR3","219789_at",1.46e-11,1.82e-12,7.61,17.4342433,1.78,"natriuretic peptide receptor 3","219790_s_at",5.54e-06,5.22e-07,-6.6394177,6.089097,-1.1879387,"natriuretic peptide receptor 3"
"1993","NPTN-IT1","228723_at",5.73e-18,3.46e-19,-10.1,32.7474595,-1.21,"NPTN intronic transcript 1","228723_at",1.19e-05,1.32e-06,-6.2685606,5.159881,-1.21393552,"NPTN intronic transcript 1"
"1994","NPTX1","204684_at",1.57e-05,3.95e-06,-4.77,3.1684862,-0.726,"neuronal pentraxin 1","204684_at",4.99e-05,7.35e-06,-5.5987296,3.450875,-1.28363329,"neuronal pentraxin 1"
"1995","NPTX2","213479_at",1.05e-11,1.28e-12,-7.67,17.7783746,-1.44,"neuronal pentraxin 2","213479_at",0.00929,0.00348,3.2191336,-2.585406,0.80974825,"neuronal pentraxin 2"
"1996","NPY1R","205440_s_at",1.19e-26,2.76e-28,-13.4,53.5654546,-1.04,"neuropeptide Y receptor Y1","205440_s_at",0.00148,0.000404,-4.064548,-0.505875,-1.2731745,"neuropeptide Y receptor Y1"
"1997","NR1H3","203920_at",1.78e-19,9.18e-21,-10.7,36.3502166,-1.43,"nuclear receptor subfamily 1 group H member 3","203920_at",1.9e-06,1.4e-07,7.1746916,7.403668,1.30553655,"nuclear receptor subfamily 1 group H member 3"
"1998","NR2F1","209505_at",3.17e-10,4.62e-11,-7.04,14.2504371,-1.05,"nuclear receptor subfamily 2 group F member 1","209505_at",0.0186,0.00788,2.8825951,-3.359845,0.66196834,"nuclear receptor subfamily 2 group F member 1"
"1999","NR2F2-AS1","232878_at",5.7e-23,1.98e-24,-12,44.7395888,-1.92,"NR2F2 antisense RNA 1","232878_at",0.0109,0.00421,-3.1412138,-2.768148,-1.01421392,"NR2F2 antisense RNA 1"
"2000","NR3C1","201865_x_at",5.91e-11,7.88e-12,-7.36,15.990582,-0.722,"nuclear receptor subfamily 3 group C member 1","232431_at",1.36e-05,1.55e-06,-6.2055911,5.000767,-1.24859121,"nuclear receptor subfamily 3 group C member 1"
"2001","NR3C2","205259_at",1.02e-34,9.25e-37,-16.4,72.9832762,-2.73,"nuclear receptor subfamily 3 group C member 2","205259_at",1.04e-06,6.57e-08,-7.4892653,8.160054,-1.42022802,"nuclear receptor subfamily 3 group C member 2"
"2002","NR4A3","209959_at",4.48e-25,1.24e-26,12.8,49.7794578,2.82,"nuclear receptor subfamily 4 group A member 3","209959_at",4.96e-05,7.3e-06,5.6013224,3.457549,1.91538045,"nuclear receptor subfamily 4 group A member 3"
"2003","NR6A1","228894_at",1.19e-07,2.32e-08,-5.86,8.1566275,-0.804,"nuclear receptor subfamily 6 group A member 1","227496_at",2.31e-05,2.94e-06,-5.9544249,4.362657,-0.60787201,"nuclear receptor subfamily 6 group A member 1"
"2004","NRAS","202647_s_at",2.81e-16,2.07e-17,9.5,28.6902558,1.19,"neuroblastoma RAS viral oncogene homolog","202647_s_at",0.000132,2.35e-05,5.1513898,2.294946,0.72615018,"neuroblastoma RAS viral oncogene homolog"
"2005","NRBF2","223650_s_at",5.93e-22,2.31e-23,11.6,42.2958829,2.32,"nuclear receptor binding factor 2","221803_s_at",7.03e-06,6.98e-07,6.5227495,5.798292,0.62230718,"nuclear receptor binding factor 2"
"2006","NRCAM","204105_s_at",8.91e-05,2.48e-05,4.34,1.4028452,0.71,"neuronal cell adhesion molecule","204105_s_at",0.0107,0.00412,3.1504652,-2.746552,0.71122359,"neuronal cell adhesion molecule"
"2007","NRDC","229422_at",1.45e-05,3.65e-06,-4.79,3.2455642,-0.924,"nardilysin convertase","229422_at",0.000342,7.19e-05,-4.725053,1.190293,-0.72199746,"nardilysin convertase"
"2008","NRDE2","221231_s_at",2.54e-10,3.66e-11,-7.08,14.4806623,-0.981,"NRDE-2, necessary for RNA interference, domain containing","221231_s_at",0.00222,0.000649,-3.8817882,-0.967227,-0.69832342,"NRDE-2, necessary for RNA interference, domain containing"
"2009","NRP2","222877_at",5.15e-14,4.86e-15,8.61,23.2878488,1.15,"neuropilin 2","223510_at",1.46e-05,1.7e-06,6.17024,4.911282,1.90869175,"neuropilin 2"
"2010","NRXN1","228547_at",7.83e-22,3.09e-23,-11.6,42.0051461,-2.07,"neurexin 1","209914_s_at",0.00354,0.00112,-3.6679252,-1.500123,-0.79575177,"neurexin 1"
"2011","NRXN3","229649_at",5.84e-30,9.02e-32,-14.6,61.5518108,-2.44,"neurexin 3","205795_at",6.91e-05,1.09e-05,-5.448388,3.06325,-0.61589128,"neurexin 3"
"2012","NSD1","219084_at",5.3e-17,3.6e-18,9.78,30.424361,0.793,"nuclear receptor binding SET domain protein 1","243612_at",0.000698,0.000165,-4.4071667,0.36984,-0.67098532,"nuclear receptor binding SET domain protein 1"
"2013","NSG1","209569_x_at",3.69e-15,3.08e-16,9.07,26.0174921,1.01,"neuron specific gene family member 1","209570_s_at",2.04e-05,2.54e-06,-6.0125883,4.510893,-1.17650078,"neuron specific gene family member 1"
"2014","NSMAF","232149_s_at",0.000112,3.15e-05,-4.28,1.1751701,-0.585,"neutral sphingomyelinase activation associated factor","232148_at",3.23e-06,2.72e-07,-6.9027761,6.74004,-0.98653943,"neutral sphingomyelinase activation associated factor"
"2015","NSUN6","230200_at",1.22e-11,1.5e-12,-7.65,17.6225268,-0.655,"NOP2/Sun RNA methyltransferase family member 6","222128_at",2.23e-05,2.82e-06,-5.9712013,4.405441,-0.88131492,"NOP2/Sun RNA methyltransferase family member 6"
"2016","NSUN7","238983_at",2.4e-11,3.07e-12,-7.52,16.9202859,-1.62,"NOP2/Sun RNA methyltransferase family member 7","238983_at",9.69e-05,1.63e-05,-5.2931483,2.661989,-0.99082352,"NOP2/Sun RNA methyltransferase family member 7"
"2017","NT5DC1","223177_at",5.94e-23,2.06e-24,12,44.6982028,0.818,"5'-nucleotidase domain containing 1","235830_at",1.23e-05,1.37e-06,-6.2534513,5.121736,-0.61200187,"5'-nucleotidase domain containing 1"
"2018","NT5E","227486_at",3.36e-08,6.16e-09,-6.13,9.4505902,-1,"5'-nucleotidase ecto","1553994_at",2.9e-05,3.87e-06,5.8477227,4.090042,1.00519176,"5'-nucleotidase ecto"
"2019","NTRK2","221796_at",2.87e-25,7.72e-27,-12.9,50.2525315,-1.5,"neurotrophic receptor tyrosine kinase 2","229463_at",0.000298,6.1e-05,-4.7878051,1.352753,-0.87844643,"neurotrophic receptor tyrosine kinase 2"
"2020","NTRK3","215311_at",4.42e-06,1.04e-06,-5.07,4.4559303,-0.623,"neurotrophic receptor tyrosine kinase 3","215311_at",0.0236,0.0104,-2.7648414,-3.620825,-0.63936252,"neurotrophic receptor tyrosine kinase 3"
"2021","NUDT4P1","206302_s_at",5.59e-19,3.06e-20,10.5,35.1540658,1.61,"nudix hydrolase 4 pseudogene 1///nudix hydrolase 4 pseudogene 2///nudix hydrolase 4","206303_s_at",8.08e-05,1.31e-05,5.3762572,2.876917,0.91214801,"nudix hydrolase 4 pseudogene 1///nudix hydrolase 4 pseudogene 2///nudix hydrolase 4"
"2022","NUDT5","223100_s_at",5.12e-31,6.97e-33,15,64.0987865,1.17,"nudix hydrolase 5","222824_at",1.1e-05,1.2e-06,-6.3059775,5.254253,-0.60120793,"nudix hydrolase 5"
"2023","NUDT7","228855_at",7e-08,1.33e-08,-5.97,8.696794,-0.628,"nudix hydrolase 7","228855_at",2.33e-05,2.97e-06,-5.9512247,4.354493,-0.78868427,"nudix hydrolase 7"
"2024","NUMA1","214250_at",5.46e-20,2.67e-21,-10.9,37.5769153,-1.24,"nuclear mitotic apparatus protein 1","1554663_a_at",0.00025,4.96e-05,-4.8664122,1.556385,-0.7963328,"nuclear mitotic apparatus protein 1"
"2025","NUMB","230462_at",1.16e-11,1.43e-12,-7.65,17.6761799,-0.597,"NUMB, endocytic adaptor protein","230462_at",0.00105,0.000268,-4.2220062,-0.104895,-0.7668969,"NUMB, endocytic adaptor protein"
"2026","NUP210","213947_s_at",4.98e-17,3.38e-18,9.79,30.4880436,1.5,"nucleoporin 210","213947_s_at",4.31e-06,3.88e-07,6.7589541,6.385522,1.16505286,"nucleoporin 210"
"2027","NUP58","204435_at",3.85e-16,2.89e-17,9.45,28.3612162,1.12,"nucleoporin 58","241425_at",0.00304,0.00094,-3.7378771,-1.326753,-0.80113043,"nucleoporin 58"
"2028","NUP62CL","220520_s_at",7.28e-18,4.47e-19,10.1,32.4946313,0.705,"nucleoporin 62 C-terminal like","232960_at",0.00165,0.00046,-4.0150332,-0.631339,-0.83133909,"nucleoporin 62 C-terminal like"
"2029","NUS1","225071_at",6.2e-13,6.62e-14,8.18,20.7060744,0.71,"NUS1 dehydrodolichyl diphosphate synthase subunit","215207_x_at",0.000551,0.000126,4.5125189,0.641146,0.66594352,"NUS1 dehydrodolichyl diphosphate synthase subunit///NUS1 dehydrodolichyl diphosphate synthase subunit pseudogene 3"
"2030","NUTM2B-AS1","227724_at",1.21e-05,3.02e-06,4.83,3.4264741,0.726,"NUTM2B antisense RNA 1///NUTM2A antisense RNA 1","235730_at",5.04e-05,7.46e-06,-5.5929155,3.435905,-1.44326676,"NUTM2B antisense RNA 1"
"2031","NXPE3","235030_at",5.07e-08,9.49e-09,-6.04,9.0283501,-0.771,"neurexophilin and PC-esterase domain family member 3","243011_at",1.4e-07,5.09e-09,8.5950033,10.715662,1.66630235,"neurexophilin and PC-esterase domain family member 3"
"2032","NXT1","218708_at",6.58e-09,1.11e-09,6.45,11.1289182,0.856,"nuclear transport factor 2 like export factor 1","218708_at",0.000668,0.000157,4.4269158,0.420641,0.6684696,"nuclear transport factor 2 like export factor 1"
"2033","NYNRIN","220911_s_at",4.35e-11,5.72e-12,-7.41,16.3064455,-0.93,"NYN domain and retroviral integrase containing","220911_s_at",5.63e-05,8.5e-06,-5.5425763,3.306225,-0.83056687,"NYN domain and retroviral integrase containing"
"2034","OAS1","205552_s_at",2.11e-44,6.38e-47,20.2,96.2555378,4.8,"2'-5'-oligoadenylate synthetase 1","205552_s_at",0.000359,7.6e-05,4.7038405,1.135402,0.82581831,"2'-5'-oligoadenylate synthetase 1"
"2035","OAS2","204972_at",6.42e-46,1.6e-48,20.8,99.9208459,4.46,"2'-5'-oligoadenylate synthetase 2","204972_at",5.04e-08,1.37e-09,9.1932476,12.029138,1.83556287,"2'-5'-oligoadenylate synthetase 2"
"2036","OASL","205660_at",3.54e-74,3.89e-78,34.4,167.3841197,7.95,"2'-5'-oligoadenylate synthetase like","205660_at",5.36e-07,2.84e-08,7.8434998,8.996567,1.7621067,"2'-5'-oligoadenylate synthetase like"
"2037","OBSCN","229854_at",7.61e-05,2.1e-05,4.38,1.5628584,0.638,"obscurin, cytoskeletal calmodulin and titin-interacting RhoGEF","216085_at",0.0012,0.000314,-4.161411,-0.259541,-0.64534104,"obscurin, cytoskeletal calmodulin and titin-interacting RhoGEF///DKFZP434C153 protein"
"2038","OCA2","206498_at",7.79e-10,1.19e-10,-6.87,13.321978,-1.36,"OCA2 melanosomal transmembrane protein","206498_at",7.5e-07,4.33e-08,-7.6646558,8.576286,-1.48595108,"OCA2 melanosomal transmembrane protein"
"2039","OCLN","209925_at",4.38e-17,2.95e-18,9.81,30.6233805,1.78,"occludin","209925_at",3.65e-06,3.17e-07,-6.8406897,6.587289,-1.3450849,"occludin"
"2040","ODC1","200790_at",5.46e-05,1.48e-05,4.46,1.9004474,0.731,"ornithine decarboxylase 1","200790_at",6.08e-07,3.33e-08,7.7758292,8.838039,1.1329906,"ornithine decarboxylase 1"
"2041","ODF3B","238327_at",1.08e-11,1.33e-12,7.67,17.7467541,1.39,"outer dense fiber of sperm tails 3B","238327_at",0.00063,0.000147,4.4530479,0.487904,0.92839876,"outer dense fiber of sperm tails 3B"
"2042","OFD1","241751_at",2.49e-12,2.83e-13,-7.93,19.2699511,-0.768,"OFD1, centriole and centriolar satellite protein","241751_at",8.19e-05,1.33e-05,-5.3700055,2.860758,-1.08421672,"OFD1, centriole and centriolar satellite protein"
"2043","OGDH","201282_at",0.00136,0.00045,3.58,-1.3441913,0.627,"oxoglutarate dehydrogenase","1554152_a_at",0.000459,0.000102,-4.5927608,0.848234,-0.62232245,"oxoglutarate dehydrogenase"
"2044","OGFOD1","225106_s_at",5.81e-06,1.39e-06,5.01,4.1774952,0.825,"2-oxoglutarate and iron dependent oxygenase domain containing 1","241739_at",0.0112,0.00432,-3.1312879,-2.791288,-1.41358303,"2-oxoglutarate and iron dependent oxygenase domain containing 1"
"2045","OLA1","224525_s_at",2.32e-10,3.33e-11,-7.1,14.5728049,-0.839,"Obg-like ATPase 1","224525_s_at",0.0119,0.00464,-3.1019566,-2.859476,-0.93360089,"Obg-like ATPase 1"
"2046","OLFML2A","213075_at",2.42e-29,4.04e-31,-14.4,60.0603548,-1.11,"olfactomedin like 2A","213075_at",0.000895,0.000222,-4.2942149,0.079879,-0.80208031,"olfactomedin like 2A"
"2047","OLFML3","218162_at",2.9e-10,4.2e-11,-7.06,14.343497,-0.988,"olfactomedin like 3","218162_at",1.93e-05,2.38e-06,6.0382356,4.576172,0.64920403,"olfactomedin like 3"
"2048","OPRPN","208004_at",2.81e-08,5.1e-09,-6.16,9.6352674,-1.42,"opiorphin prepropeptide","208004_at",0.0301,0.0139,-2.6411581,-3.888595,-1.03538504,"opiorphin prepropeptide"
"2049","OR2A9P","222290_at",3.14e-12,3.62e-13,-7.89,19.0275513,-0.986,"olfactory receptor family 2 subfamily A member 9 pseudogene///olfactory receptor family 2 subfamily A member 20 pseudogene","222290_at",0.000257,5.14e-05,-4.8534631,1.522834,-0.69708577,"olfactory receptor family 2 subfamily A member 9 pseudogene///olfactory receptor family 2 subfamily A member 20 pseudogene"
"2050","OSBP","201799_s_at",3.25e-16,2.42e-17,9.47,28.5371859,0.789,"oxysterol binding protein","1563051_at",1.42e-05,1.63e-06,-6.1853138,4.949453,-1.10452945,"oxysterol binding protein"
"2051","OSBPL1A","208158_s_at",1.44e-17,9.17e-19,-9.99,31.7813326,-0.645,"oxysterol binding protein like 1A","209485_s_at",2.26e-05,2.86e-06,-5.9660063,4.392195,-0.60896434,"oxysterol binding protein like 1A"
"2052","OSBPL2","209222_s_at",5.51e-18,3.32e-19,10.2,32.7899659,0.664,"oxysterol binding protein like 2","209221_s_at",4.72e-07,2.42e-08,-7.9135466,9.160021,-0.65161281,"oxysterol binding protein like 2"
"2053","OSBPL3","209626_s_at",3.37e-28,6.48e-30,14,57.2987918,1.87,"oxysterol binding protein like 3","209626_s_at",1.29e-06,8.63e-08,7.3753763,7.887652,0.93369338,"oxysterol binding protein like 3"
"2054","OSBPL6","238575_at",7.61e-12,9.14e-13,7.73,18.1140044,1.68,"oxysterol binding protein like 6","238575_at",7.78e-07,4.53e-08,-7.6454608,8.530928,-1.11562898,"oxysterol binding protein like 6"
"2055","OSMR","1554008_at",1.56e-14,1.38e-15,8.82,24.5332862,1.63,"oncostatin M receptor","205729_at",0.00332,0.00104,3.6977735,-1.426264,0.9030763,"oncostatin M receptor"
"2056","OSR1","228399_at",3.48e-21,1.48e-22,-11.4,40.448575,-1.83,"odd-skipped related transciption factor 1","228399_at",0.0145,0.00588,-3.0047019,-3.083469,-0.90634766,"odd-skipped related transciption factor 1"
"2057","OSTM1","243287_s_at",2.8e-14,2.57e-15,8.72,23.9185878,1.31,"osteopetrosis associated transmembrane protein 1","235198_at",4.14e-07,2.04e-08,7.9859632,9.328315,0.81964938,"osteopetrosis associated transmembrane protein 1"
"2058","OTUB2","222878_s_at",9.62e-49,1.6e-51,22,106.7810092,3.86,"OTU deubiquitinase, ubiquitin aldehyde binding 2","240550_at",0.00156,0.00043,-4.041186,-0.565112,-0.71173558,NA
"2059","OTUD3","213216_at",4.67e-09,7.75e-10,-6.52,11.4807835,-0.613,"OTU deubiquitinase 3","213216_at",7.43e-06,7.47e-07,-6.4957284,5.730735,-0.82546642,"OTU deubiquitinase 3"
"2060","OTUD7B","238994_at",4.49e-21,1.94e-22,-11.3,40.1811967,-0.89,"OTU deubiquitinase 7B","238573_at",0.00207,0.000601,-3.9119014,-0.891553,-0.69854963,"OTU deubiquitinase 7B"
"2061","OVGP1","205432_at",7.19e-06,1.74e-06,-4.96,3.9602041,-1.16,"oviductal glycoprotein 1","205432_at",8.47e-05,1.39e-05,-5.3541799,2.819846,-0.70426136,"oviductal glycoprotein 1"
"2062","OVOL1","206604_at",1.34e-35,1.1e-37,16.7,75.1045061,2.74,"ovo like transcriptional repressor 1","229396_at",0.0016,0.000442,-4.0300412,-0.593345,-1.37667297,"ovo like transcriptional repressor 1"
"2063","OVOL2","211778_s_at",4.73e-14,4.44e-15,8.63,23.3774865,0.715,"ovo like zinc finger 2","211778_s_at",1.09e-05,1.18e-06,-6.3141105,5.274748,-1.28544872,"ovo like zinc finger 2"
"2064","OXCT1","202780_at",6.3e-17,4.33e-18,9.75,30.2417055,0.661,"3-oxoacid CoA-transferase 1","202780_at",2.53e-06,2.01e-07,-7.0263703,7.042778,-0.72478987,"3-oxoacid CoA-transferase 1"
"2065","P2RY1","207455_at",1.36e-18,7.76e-20,10.4,34.2319071,2.01,"purinergic receptor P2Y1","207455_at",0.00741,0.00267,-3.3256854,-2.332527,-0.93996153,"purinergic receptor P2Y1"
"2066","P2RY10","236280_at",2.09e-13,2.12e-14,8.37,21.8285053,1.43,"purinergic receptor P2Y10","236280_at",2.02e-09,1.54e-11,11.4120868,16.484503,2.00565004,"purinergic receptor P2Y10"
"2067","P2RY13","220005_at",2.9e-06,6.7e-07,5.17,4.8845202,1.14,"purinergic receptor P2Y13","220005_at",0.000931,0.000233,4.2757979,0.032705,0.94205202,"purinergic receptor P2Y13"
"2068","P2RY8","229686_at",1.98e-12,2.23e-13,7.97,19.5042111,1.51,"purinergic receptor P2Y8","229686_at",4.7e-10,1.5e-12,12.6944249,18.781879,2.26476352,"purinergic receptor P2Y8"
"2069","PABPN1","213046_at",1.64e-07,3.26e-08,-5.8,7.8227631,-0.637,"poly(A) binding protein nuclear 1","213046_at",0.000234,4.6e-05,-4.895198,1.63098,-0.74605315,"poly(A) binding protein nuclear 1"
"2070","PACRGL","235260_s_at",3.1e-15,2.56e-16,9.09,26.1990814,0.634,"PARK2 coregulated like","235259_at",1.71e-05,2.06e-06,-6.0948352,4.72004,-0.74899394,"PARK2 coregulated like"
"2071","PAG1","225622_at",1.4e-20,6.36e-22,11.1,39.001375,1.35,"phosphoprotein membrane anchor with glycosphingolipid microdomains 1","225622_at",4.59e-06,4.16e-07,6.7304117,6.314886,0.89624817,"phosphoprotein membrane anchor with glycosphingolipid microdomains 1"
"2072","PAIP2B","221868_at",1.9e-17,1.23e-18,-9.95,31.4911717,-1.28,"poly(A) binding protein interacting protein 2B","221868_at",6.2e-11,7.26e-14,-14.5142603,21.736393,-1.45532739,"poly(A) binding protein interacting protein 2B"
"2073","PAK1","209615_s_at",2.16e-21,9.04e-23,11.4,40.9399803,1.37,"p21 (RAC1) activated kinase 1","209615_s_at",7.55e-07,4.37e-08,7.660584,8.566668,0.92795924,"p21 (RAC1) activated kinase 1"
"2074","PAK2","208875_s_at",7.64e-08,1.46e-08,5.96,8.609025,1.21,"p21 (RAC1) activated kinase 2","1559052_s_at",2.05e-05,2.55e-06,6.0100079,4.504322,0.6383961,"p21 (RAC1) activated kinase 2"
"2075","PAK3","236277_at",3.3e-09,5.4e-10,-6.59,11.8360064,-0.738,"p21 (RAC1) activated kinase 3","214078_at",0.0116,0.00449,-3.1154307,-2.828187,-0.87468293,"p21 (RAC1) activated kinase 3"
"2076","PAK6","219461_at",1.1e-18,6.24e-20,10.4,34.4479338,1.01,"p21 (RAC1) activated kinase 6","1555310_a_at",0.000425,9.29e-05,-4.6275454,0.938106,-1.1810686,"p21 (RAC1) activated kinase 6"
"2077","PALM2-AKAP2","226694_at",5.1e-19,2.78e-20,-10.5,35.2514824,-0.627,"PALM2-AKAP2 readthrough///A-kinase anchoring protein 2","202760_s_at",0.00188,0.000537,3.9553695,-0.782069,0.60107757,"PALM2-AKAP2 readthrough///A-kinase anchoring protein 2"
"2078","PALMD","222725_s_at",1.51e-07,3e-08,-5.81,7.9057559,-0.753,"palmdelphin","218736_s_at",0.000102,1.72e-05,-5.2705682,2.603558,-0.75089188,"palmdelphin"
"2079","PAMR1","213661_at",8.77e-28,1.78e-29,-13.8,56.293255,-3.22,"peptidase domain containing associated with muscle regeneration 1","213661_at",1.7e-06,1.21e-07,-7.2340725,7.547398,-2.16557642,"peptidase domain containing associated with muscle regeneration 1"
"2080","PANK2","228966_at",6.84e-16,5.27e-17,9.35,27.7648714,1.58,"pantothenate kinase 2","228966_at",0.000943,0.000237,4.270356,0.018772,0.61291739,"pantothenate kinase 2"
"2081","PANX1","204715_at",1.52e-35,1.25e-37,16.7,74.9735865,1.86,"pannexin 1","204715_at",1.82e-05,2.22e-06,6.0648707,4.643908,0.70502767,"pannexin 1"
"2082","PAOX","238333_s_at",9.76e-10,1.5e-10,6.83,13.0908702,2.26,"polyamine oxidase (exo-N4-amino)","50400_at",0.00015,2.74e-05,5.0937026,2.145473,0.89085469,"polyamine oxidase (exo-N4-amino)"
"2083","PAPD4","1556277_a_at",3.78e-11,4.92e-12,-7.44,16.4541403,-0.914,"poly(A) RNA polymerase D4, non-canonical","238706_at",0.000151,2.77e-05,-5.0897357,2.135192,-1.01902939,"poly(A) RNA polymerase D4, non-canonical"
"2084","PAPOLA","228569_at",3.26e-25,8.85e-27,-12.8,50.1166807,-0.722,"poly(A) polymerase alpha","228569_at",1.31e-06,8.75e-08,-7.369572,7.873725,-0.64234984,"poly(A) polymerase alpha"
"2085","PAPSS2","203060_s_at",4.92e-10,7.33e-11,6.96,13.7970911,1.24,"3'-phosphoadenosine 5'-phosphosulfate synthase 2","203060_s_at",6.01e-05,9.2e-06,5.5121716,3.227836,1.28673649,"3'-phosphoadenosine 5'-phosphosulfate synthase 2"
"2086","PAQR6","219236_at",0.00528,0.00193,3.15,-2.6995782,0.602,"progestin and adipoQ receptor family member 6","219236_at",0.000281,5.71e-05,-4.8133329,1.41887,-0.74589282,"progestin and adipoQ receptor family member 6"
"2087","PARD3","221526_x_at",3.54e-12,4.1e-13,-7.87,18.9046081,-0.668,"par-3 family cell polarity regulator","221280_s_at",1.16e-08,1.87e-10,-10.14124,14.011195,-1.11217632,"par-3 family cell polarity regulator"
"2088","PARD3B","228411_at",2.25e-12,2.55e-13,-7.95,19.3754197,-1.17,"par-3 family cell polarity regulator beta","228411_at",0.00153,0.00042,-4.0496722,-0.543602,-0.69406519,"par-3 family cell polarity regulator beta"
"2089","PARD6B","235165_at",6.18e-10,9.32e-11,6.91,13.5604711,0.661,"par-6 family cell polarity regulator beta","235165_at",1.98e-07,7.94e-09,-8.3979871,10.272393,-1.27991873,"par-6 family cell polarity regulator beta"
"2090","PARP14","224701_at",1.4e-28,2.57e-30,14.1,58.2190309,0.929,"poly(ADP-ribose) polymerase family member 14","224701_at",0.000131,2.33e-05,5.1561156,2.307189,0.60816052,"poly(ADP-ribose) polymerase family member 14"
"2091","PARP8","219033_at",2.25e-20,1.05e-21,11.1,38.5027716,1.19,"poly(ADP-ribose) polymerase family member 8","219033_at",2.76e-05,3.65e-06,5.8706986,4.148814,0.66108422,"poly(ADP-ribose) polymerase family member 8"
"2092","PARP9","227807_at",1.34e-32,1.51e-34,15.6,67.9125818,2.55,"poly(ADP-ribose) polymerase family member 9","227807_at",0.00199,0.000573,3.9304178,-0.84495,1.0387162,"poly(ADP-ribose) polymerase family member 9"
"2093","PARVA","235279_at",1.05e-09,1.62e-10,-6.81,13.0149168,-0.626,"parvin alpha","222454_s_at",1.63e-08,2.93e-10,9.920675,13.560762,1.12102677,"parvin alpha"
"2094","PARVB","229822_at",0.000286,8.56e-05,-4.03,0.2232379,-0.738,"parvin beta","37966_at",1.04e-06,6.53e-08,7.4919052,8.166348,1.11802871,"parvin beta"
"2095","PARVG","223562_at",2.08e-09,3.31e-10,6.68,12.3148538,1.03,"parvin gamma","233510_s_at",1.83e-09,1.33e-11,11.4886314,16.627048,1.65952814,"parvin gamma"
"2096","PATJ","240570_at",0.000913,0.000294,3.7,-0.9444634,0.679,"PATJ, crumbs cell polarity complex component","240570_at",0.00349,0.00111,-3.6738916,-1.485373,-0.70034344,"PATJ, crumbs cell polarity complex component"
"2097","PAWR","204005_s_at",5.12e-24,1.59e-25,12.4,47.2416099,0.994,"pro-apoptotic WT1 regulator","226223_at",1.91e-06,1.41e-07,-7.1721212,7.397437,-0.73495775,"pro-apoptotic WT1 regulator"
"2098","PAXBP1-AS1","239407_at",1.65e-06,3.7e-07,-5.29,5.458808,-0.654,"PAXBP1 antisense RNA 1","239407_at",0.00012,2.09e-05,-5.1963143,2.411314,-0.99667868,"PAXBP1 antisense RNA 1"
"2099","PBRM1","232613_at",0.00264,0.000917,-3.37,-2.0109404,-0.676,"polybromo 1","232613_at",0.038,0.0183,-2.520633,-4.142767,-0.63518848,"polybromo 1"
"2100","PCBD2","1554894_a_at",2.39e-17,1.56e-18,9.91,31.2534545,1.24,"pterin-4 alpha-carbinolamine dehydratase 2","240846_at",1.54e-06,1.08e-07,-7.2831207,7.665788,-1.25403857,"pterin-4 alpha-carbinolamine dehydratase 2"
"2101","PCBP1-AS1","235482_at",4.8e-11,6.33e-12,-7.39,16.2064175,-0.791,"PCBP1 antisense RNA 1","235482_at",1.71e-06,1.22e-07,-7.231762,7.541814,-0.83609631,"PCBP1 antisense RNA 1"
"2102","PCBP2","229467_at",0.00342,0.00121,-3.29,-2.269838,-0.612,"poly(rC) binding protein 2","213517_at",0.0037,0.00119,-3.6468968,-1.552047,-0.66800502,"poly(rC) binding protein 2"
"2103","PCCB","1557502_at",2.57e-13,2.64e-14,-8.33,21.613985,-1.54,"propionyl-CoA carboxylase beta subunit","1557502_at",0.000414,9.02e-05,-4.6388384,0.967294,-1.00788378,"propionyl-CoA carboxylase beta subunit"
"2104","PCDHGA4","1552735_at",4.39e-13,4.61e-14,-8.24,21.0622922,-0.765,"protocadherin gamma subfamily A, 4","1552735_at",0.000137,2.45e-05,-5.1369088,2.257429,-1.17105198,"protocadherin gamma subfamily A, 4"
"2105","PCED1A","225505_s_at",3.87e-05,1.03e-05,4.55,2.2497288,0.606,"PC-esterase domain containing 1A","225505_s_at",5.68e-07,3.06e-08,7.8126257,8.924315,0.75579971,"PC-esterase domain containing 1A"
"2106","PCGF3","204564_at",2.72e-09,4.4e-10,6.63,12.036814,0.97,"polycomb group ring finger 3","212753_at",1.03e-05,1.1e-06,-6.3411891,5.342941,-0.61320633,"polycomb group ring finger 3"
"2107","PCGF5","227935_s_at",1.15e-25,2.96e-27,13,51.2072877,1.72,"polycomb group ring finger 5","229996_s_at",1.59e-06,1.12e-07,7.2650888,7.622298,0.93873375,"polycomb group ring finger 5"
"2108","PCM1","228905_at",4.66e-22,1.79e-23,-11.7,42.5489924,-0.744,"pericentriolar material 1","228905_at",1.57e-06,1.1e-07,-7.2747934,7.645709,-0.86194142,"pericentriolar material 1"
"2109","PCNX1","213159_at",1.59e-06,3.56e-07,5.3,5.4967758,0.622,"pecanex homolog 1 (Drosophila)","213159_at",4.04e-06,3.58e-07,6.7910074,6.464737,0.97486542,"pecanex homolog 1 (Drosophila)"
"2110","PCOLCE2","219295_s_at",0.000108,3.04e-05,-4.29,1.2106279,-1.51,"procollagen C-endopeptidase enhancer 2","219295_s_at",5.88e-05,8.96e-06,-5.5223945,3.254198,-1.7287368,"procollagen C-endopeptidase enhancer 2"
"2111","PCP4L1","241382_at",3.53e-17,2.35e-18,9.85,30.8465256,2.82,"Purkinje cell protein 4 like 1","241382_at",0.0215,0.00933,2.8114754,-3.518149,0.97321441,"Purkinje cell protein 4 like 1"
"2112","PCSK2","204869_at",1.24e-05,3.08e-06,-4.83,3.4076185,-0.925,"proprotein convertase subtilisin/kexin type 2","204870_s_at",1.43e-05,1.66e-06,-6.1791061,4.933736,-1.00358968,"proprotein convertase subtilisin/kexin type 2"
"2113","PCSK5","205560_at",0.000196,5.72e-05,-4.13,0.6061147,-0.667,"proprotein convertase subtilisin/kexin type 5","205560_at",0.000194,3.69e-05,4.9796579,1.849886,1.34677079,"proprotein convertase subtilisin/kexin type 5"
"2114","PCSK7","203118_at",2.61e-13,2.68e-14,8.33,21.6003651,0.91,"proprotein convertase subtilisin/kexin type 7","232521_at",8.34e-05,1.36e-05,-5.3612084,2.838016,-0.91612686,"proprotein convertase subtilisin/kexin type 7"
"2115","PDAP1","202290_at",1.3e-05,3.24e-06,4.82,3.3590774,0.691,"PDGFA associated protein 1","217624_at",7.87e-07,4.59e-08,7.6398199,8.517589,0.86732451,"PDGFA associated protein 1"
"2116","PDCD5","219275_at",8.31e-20,4.14e-21,10.8,37.141201,0.981,"programmed cell death 5","227751_at",1.24e-06,8.18e-08,-7.3973453,7.940327,-1.07439439,"programmed cell death 5"
"2117","PDCD6","203415_at",9.99e-24,3.22e-25,12.3,46.5445194,0.86,"programmed cell death 6","222152_at",1.56e-06,1.09e-07,-7.277699,7.652716,-0.9812746,"programmed cell death 6"
"2118","PDCD6IP","222394_at",1.32e-18,7.56e-20,-10.4,34.2581252,-0.836,"programmed cell death 6 interacting protein","222394_at",0.00013,2.31e-05,-5.1578689,2.311731,-0.66880185,"programmed cell death 6 interacting protein"
"2119","PDE1A","236234_at",0.00117,0.000385,-3.62,-1.1977504,-0.637,"phosphodiesterase 1A","233549_at",6.89e-08,2.03e-09,9.0097832,11.631531,1.79347956,"phosphodiesterase 1A"
"2120","PDE3A","236300_at",6.56e-05,1.8e-05,-4.42,1.7129824,-1.09,"phosphodiesterase 3A","228507_at",0.00466,0.00155,3.5406868,-1.812855,0.74722423,"phosphodiesterase 3A"
"2121","PDE4DIP","205872_x_at",5.61e-22,2.18e-23,-11.7,42.3550783,-2.08,"phosphodiesterase 4D interacting protein","210305_at",1.34e-05,1.52e-06,6.2128726,5.019185,1.82457917,"phosphodiesterase 4D interacting protein"
"2122","PDE7A","223359_s_at",4.34e-09,7.18e-10,6.54,11.5552035,0.911,"phosphodiesterase 7A","230444_at",0.00019,3.61e-05,4.9885143,1.872841,0.68075112,"phosphodiesterase 7A"
"2123","PDGFRA","1554828_at",1.94e-08,3.47e-09,-6.24,10.0130772,-0.975,"platelet derived growth factor receptor alpha","215305_at",2.37e-05,3.03e-06,5.9427572,4.332889,1.29140352,"platelet derived growth factor receptor alpha"
"2124","PDK1","206686_at",3.35e-12,3.87e-13,7.88,18.9614135,0.877,"pyruvate dehydrogenase kinase 1","206686_at",3e-05,4.02e-06,5.8324532,4.050962,1.07014734,"pyruvate dehydrogenase kinase 1"
"2125","PDK3","228959_at",1.9e-12,2.14e-13,-7.98,19.547153,-0.834,"pyruvate dehydrogenase kinase 3","206348_s_at",1.17e-08,1.9e-10,10.1335339,13.995566,1.12828855,"pyruvate dehydrogenase kinase 3"
"2126","PDLIM4","214174_s_at",7.44e-14,7.18e-15,-8.55,22.9008086,-0.953,"PDZ and LIM domain 4","218691_s_at",0.00531,0.00181,3.4798165,-1.961165,0.59598207,"PDZ and LIM domain 4"
"2127","PDLIM5","203242_s_at",5.3e-13,5.61e-14,8.21,20.8692659,1.05,"PDZ and LIM domain 5","216803_at",0.000152,2.78e-05,-5.0875404,2.129503,-0.89388604,"PDZ and LIM domain 5"
"2128","PDPN","204879_at",6.62e-08,1.25e-08,5.99,8.7553446,0.95,"podoplanin","226658_at",2.9e-09,2.56e-11,11.144628,15.980825,2.59303158,"podoplanin"
"2129","PDS5B","215888_at",2.1e-06,4.77e-07,-5.24,5.2128214,-0.841,"PDS5 cohesin associated factor B","215888_at",0.000145,2.62e-05,-5.1102863,2.188447,-0.89031086,"PDS5 cohesin associated factor B"
"2130","PDSS1","220865_s_at",2.06e-29,3.41e-31,14.4,60.2290631,1.59,"prenyl (decaprenyl) diphosphate synthase, subunit 1","236298_at",3.09e-07,1.4e-08,-8.1488577,9.704304,-0.92326767,"prenyl (decaprenyl) diphosphate synthase, subunit 1"
"2131","PDXDC1","238957_at",1.91e-06,4.32e-07,-5.26,5.3103833,-0.6,"pyridoxal dependent decarboxylase domain containing 1","1560013_at",0.0218,0.00947,-2.805218,-3.531979,-0.6095685,"pyridoxal dependent decarboxylase domain containing 1"
"2132","PDXK","202671_s_at",1.68e-13,1.69e-14,8.41,22.0536727,1.42,"pyridoxal (pyridoxine, vitamin B6) kinase","218018_at",2.24e-08,4.6e-10,9.7046771,13.113396,1.46520697,"pyridoxal (pyridoxine, vitamin B6) kinase"
"2133","PDZD2","209493_at",1.11e-14,9.66e-16,-8.88,24.8856615,-0.638,"PDZ domain containing 2","209493_at",1.12e-08,1.8e-10,-10.1585757,14.046326,-1.77095091,"PDZ domain containing 2"
"2134","PDZRN4","220595_at",1.39e-10,1.93e-11,-7.2,15.1068885,-1.39,"PDZ domain containing ring finger 4","220595_at",1.31e-05,1.48e-06,6.2231841,5.045259,1.83583563,"PDZ domain containing ring finger 4"
"2135","PECAM1","208981_at",3.22e-18,1.9e-19,-10.2,33.3413516,-0.6,"platelet and endothelial cell adhesion molecule 1","1558397_at",2.04e-08,4.03e-10,9.7675063,13.244168,1.49016302,"platelet and endothelial cell adhesion molecule 1"
"2136","PEG10","212094_at",2.48e-16,1.82e-17,-9.52,28.8204991,-1.16,"paternally expressed 10","212094_at",0.013,0.00516,3.0584056,-2.960187,0.71996246,"paternally expressed 10"
"2137","PELI2","219132_at",2.32e-23,7.7e-25,-12.2,45.6763713,-1.34,"pellino E3 ubiquitin protein ligase family member 2","219132_at",1.59e-06,1.12e-07,-7.2678415,7.62894,-0.68164015,"pellino E3 ubiquitin protein ligase family member 2"
"2138","PEX11A","205161_s_at",9.41e-07,2.04e-07,-5.42,6.0358388,-1.13,"peroxisomal biogenesis factor 11 alpha","205160_at",0.00367,0.00117,-3.6512676,-1.541262,-0.71642593,"peroxisomal biogenesis factor 11 alpha"
"2139","PEX3","203972_s_at",5.89e-20,2.89e-21,10.9,37.4966614,1.32,"peroxisomal biogenesis factor 3","203969_at",3.08e-06,2.57e-07,-6.9260499,6.797185,-0.86172736,"peroxisomal biogenesis factor 3"
"2140","PFKFB2","209992_at",2.85e-10,4.13e-11,7.06,14.360856,0.734,"6-phosphofructo-2-kinase/fructose-2,6-biphosphatase 2","224050_s_at",0.00645,0.00228,-3.3895295,-2.179461,-0.6011436,NA
"2141","PFKFB4","228499_at",1.48e-05,3.72e-06,4.78,3.2263451,0.674,"6-phosphofructo-2-kinase/fructose-2,6-biphosphatase 4","228499_at",4.74e-05,6.92e-06,5.6219736,3.510701,0.9245782,"6-phosphofructo-2-kinase/fructose-2,6-biphosphatase 4"
"2142","PGAP1","244321_at",4.89e-07,1.03e-07,5.56,6.7049719,0.67,"post-GPI attachment to proteins 1","213469_at",6.93e-09,9.29e-11,-10.4867312,14.703938,-1.21012737,"post-GPI attachment to proteins 1"
"2143","PGBD5","219225_at",4.72e-39,2.67e-41,18.1,83.383844,3.34,"piggyBac transposable element derived 5","219225_at",0.00806,0.00295,3.2856837,-2.427852,0.89315043,"piggyBac transposable element derived 5"
"2144","PGD","201118_at",1.91e-12,2.15e-13,7.98,19.5441314,0.819,"phosphogluconate dehydrogenase","201118_at",0.00024,4.74e-05,4.8839744,1.601894,0.61926421,"phosphogluconate dehydrogenase"
"2145","PGF","209652_s_at",6.39e-05,1.75e-05,4.42,1.7405931,0.736,"placental growth factor","209652_s_at",1.58e-05,1.86e-06,6.1339718,4.81936,1.28298169,"placental growth factor"
"2146","PGLYRP3","1553059_at",3.67e-09,6.03e-10,6.57,11.7276857,0.651,"peptidoglycan recognition protein 3","1553059_at",0.000101,1.72e-05,-5.272393,2.60828,-0.97839984,"peptidoglycan recognition protein 3"
"2147","PGLYRP4","220944_at",2.35e-46,5.49e-49,21,100.9816249,3.81,"peptidoglycan recognition protein 4","220944_at",0.0246,0.0109,-2.74346,-3.667594,-0.94599939,"peptidoglycan recognition protein 4"
"2148","PGM2L1","229553_at",1.77e-15,1.43e-16,-9.19,26.7801591,-0.944,"phosphoglucomutase 2 like 1","235149_at",0.000216,4.19e-05,4.9313083,1.724566,0.80908085,"phosphoglucomutase 2 like 1"
"2149","PGM5-AS1","230595_at",1.05e-19,5.32e-21,-10.8,36.8918687,-1.55,"PGM5 antisense RNA 1","231024_at",5.71e-07,3.08e-08,-7.8096593,8.917366,-1.36176295,"PGM5 antisense RNA 1"
"2150","PGPEP1","223469_at",2.77e-13,2.85e-14,-8.32,21.5374265,-0.606,"pyroglutamyl-peptidase I","219891_at",1.06e-08,1.68e-10,10.1941068,14.118207,1.07152814,"pyroglutamyl-peptidase I"
"2151","PGR","228554_at",9.3e-12,1.13e-12,-7.7,17.9052946,-1.05,"progesterone receptor","228554_at",6.05e-05,9.27e-06,-5.5093638,3.220595,-1.2948396,"progesterone receptor"
"2152","PHF19","227211_at",3.45e-19,1.84e-20,10.6,35.6609847,1.81,"PHD finger protein 19","227211_at",0.00247,0.000738,3.8319237,-1.09221,0.59933009,"PHD finger protein 19"
"2153","PHF21A","1558965_at",2.34e-09,3.76e-10,-6.66,12.1907857,-1.2,"PHD finger protein 21A","1558965_at",0.000184,3.46e-05,-5.0036802,1.912152,-0.98536499,"PHD finger protein 21A"
"2154","PHF23","223081_at",1.34e-15,1.07e-16,9.24,27.0626879,0.98,"PHD finger protein 23","1555789_s_at",2.46e-06,1.94e-07,7.0412094,7.079003,0.76578789,"PHD finger protein 23"
"2155","PHF24","37566_at",2.3e-06,5.25e-07,5.22,5.1195455,0.815,"PHD finger protein 24","37566_at",0.00123,0.000323,-4.1512198,-0.285511,-0.66802735,"PHD finger protein 24"
"2156","PHGDH","201397_at",1.06e-11,1.29e-12,7.67,17.770571,0.629,"phosphoglycerate dehydrogenase","201397_at",0.00038,8.13e-05,-4.6781425,1.068923,-0.75186892,"phosphoglycerate dehydrogenase"
"2157","PHKA1","205450_at",9.37e-23,3.33e-24,11.9,44.2213504,2.03,"phosphorylase kinase regulatory subunit alpha 1","229876_at",5.98e-07,3.26e-08,-7.7853304,8.860333,-1.21989977,"phosphorylase kinase regulatory subunit alpha 1"
"2158","PHKB","238601_at",6.29e-20,3.1e-21,-10.9,37.4287464,-1.23,"phosphorylase kinase regulatory subunit beta","242248_at",0.0162,0.00671,-2.9500072,-3.207957,-0.72286616,"phosphorylase kinase regulatory subunit beta"
"2159","PHLDB2","1557578_at",6.83e-06,1.65e-06,-4.97,4.0134119,-0.756,"pleckstrin homology like domain family B member 2","1557578_at",1.14e-05,1.25e-06,-6.2922591,5.219668,-1.40257041,"pleckstrin homology like domain family B member 2"
"2160","PHLDB3","1557948_at",5.53e-18,3.34e-19,10.2,32.7848436,0.996,"pleckstrin homology like domain family B member 3","1557948_at",6.83e-06,6.74e-07,-6.5369605,5.833791,-0.60284619,"pleckstrin homology like domain family B member 3"
"2161","PHYHD1","226846_at",1.12e-26,2.62e-28,-13.4,53.6192335,-1.5,"phytanoyl-CoA dioxygenase domain containing 1","226846_at",4.68e-06,4.26e-07,-6.7209662,6.291491,-0.9391406,"phytanoyl-CoA dioxygenase domain containing 1"
"2162","PHYHIP","205325_at",7.87e-25,2.25e-26,-12.7,49.1876722,-3.34,"phytanoyl-CoA 2-hydroxylase interacting protein","205325_at",3.47e-08,8.22e-10,-9.4297839,12.535004,-2.46920292,"phytanoyl-CoA 2-hydroxylase interacting protein"
"2163","PI15","229947_at",2.37e-16,1.74e-17,9.53,28.8665243,2.17,"peptidase inhibitor 15","229947_at",3.12e-08,7.09e-10,9.4994921,12.682638,2.98366835,"peptidase inhibitor 15"
"2164","PI3","41469_at",9.64e-51,1.22e-53,22.9,111.6259172,3.35,"peptidase inhibitor 3","41469_at",0.00204,0.00059,3.9189803,-0.873743,1.34649658,"peptidase inhibitor 3"
"2165","PIAS2","214442_s_at",4.08e-19,2.19e-20,10.6,35.4891572,1.61,"protein inhibitor of activated STAT 2","235107_at",1.33e-06,8.91e-08,-7.3618336,7.855151,-0.78697669,"protein inhibitor of activated STAT 2"
"2166","PIEZO2","222908_at",1.9e-05,4.84e-06,-4.72,2.9723331,-0.892,"piezo type mechanosensitive ion channel component 2","222908_at",0.0394,0.0191,2.5022197,-4.180978,1.01433605,"piezo type mechanosensitive ion channel component 2"
"2167","PIF1","228252_at",4.92e-10,7.33e-11,6.96,13.7961469,0.781,"PIF1 5'-to-3' DNA helicase","228252_at",2.59e-05,3.38e-06,5.9007207,4.225553,0.85251112,"PIF1 5'-to-3' DNA helicase"
"2168","PIGL","205873_at",2.59e-13,2.66e-14,8.33,21.6076064,1.13,"phosphatidylinositol glycan anchor biosynthesis class L","239943_x_at",4.39e-05,6.31e-06,-5.6579644,3.603276,-0.6867896,"phosphatidylinositol glycan anchor biosynthesis class L"
"2169","PIK3C2A","226094_at",1.53e-20,7.01e-22,11.1,38.9057826,1.43,"phosphatidylinositol-4-phosphate 3-kinase catalytic subunit type 2 alpha","241905_at",3.97e-05,5.59e-06,-5.7049662,3.724059,-1.29101073,"phosphatidylinositol-4-phosphate 3-kinase catalytic subunit type 2 alpha"
"2170","PIK3C2G","215129_at",1.9e-12,2.13e-13,-7.98,19.5517733,-1.38,"phosphatidylinositol-4-phosphate 3-kinase catalytic subunit type 2 gamma","215129_at",5.95e-07,3.24e-08,-7.7879394,8.866453,-1.87427987,"phosphatidylinositol-4-phosphate 3-kinase catalytic subunit type 2 gamma"
"2171","PIK3C3","229705_at",2.7e-08,4.9e-09,-6.17,9.6753757,-0.703,"phosphatidylinositol 3-kinase catalytic subunit type 3","232086_at",3.07e-05,4.14e-06,-5.8211864,4.022115,-0.67929951,"phosphatidylinositol 3-kinase catalytic subunit type 3"
"2172","PIK3CD","203879_at",1.06e-10,1.46e-11,7.25,15.3826144,0.936,"phosphatidylinositol-4,5-bisphosphate 3-kinase catalytic subunit delta","203879_at",7.09e-07,4.04e-08,7.6936502,8.644709,1.03647767,"phosphatidylinositol-4,5-bisphosphate 3-kinase catalytic subunit delta"
"2173","PIK3CG","239294_at",0.00348,0.00123,3.29,-2.2860877,0.614,"phosphatidylinositol-4,5-bisphosphate 3-kinase catalytic subunit gamma","206369_s_at",1.68e-07,6.46e-09,8.4890212,10.47787,1.72569164,"phosphatidylinositol-4,5-bisphosphate 3-kinase catalytic subunit gamma"
"2174","PIK3R3","202743_at",8.02e-09,1.37e-09,-6.41,10.9240768,-0.831,"phosphoinositide-3-kinase regulatory subunit 3","202743_at",5.31e-05,7.92e-06,5.5699955,3.376877,0.90173841,"phosphoinositide-3-kinase regulatory subunit 3"
"2175","PIK3R5","227553_at",7.55e-12,9.05e-13,7.73,18.1239061,1.65,"phosphoinositide-3-kinase regulatory subunit 5","227553_at",2.55e-08,5.45e-10,9.6241296,12.944973,1.53877793,"phosphoinositide-3-kinase regulatory subunit 5"
"2176","PIP5K1B","205632_s_at",7.6e-12,9.13e-13,-7.73,18.1152924,-0.783,"phosphatidylinositol-4-phosphate 5-kinase type 1 beta","205632_s_at",0.000131,2.33e-05,5.1553746,2.30527,1.36046534,"phosphatidylinositol-4-phosphate 5-kinase type 1 beta"
"2177","PITPNA","201192_s_at",2.67e-27,5.76e-29,13.6,55.1255327,1.42,"phosphatidylinositol transfer protein alpha","201192_s_at",0.000882,0.000219,4.3004694,0.095907,0.6726447,"phosphatidylinositol transfer protein alpha"
"2178","PITPNC1","219155_at",1.43e-13,1.43e-14,8.43,22.2185034,1.53,"phosphatidylinositol transfer protein, cytoplasmic 1","229414_at",3.29e-06,2.79e-07,6.8927929,6.715509,1.70501203,"phosphatidylinositol transfer protein, cytoplasmic 1"
"2179","PKD1P1","214682_at",9.95e-09,1.71e-09,-6.37,10.7025777,-0.988,"polycystin 1, transient receptor potential channel interacting pseudogene 1","214682_at",6.2e-05,9.53e-06,-5.498485,3.192535,-0.98293695,"polycystin 1, transient receptor potential channel interacting pseudogene 1"
"2180","PKIA","204612_at",5.86e-12,6.96e-13,7.78,18.3835883,0.882,"protein kinase (cAMP-dependent, catalytic) inhibitor alpha","226864_at",1.62e-07,6.2e-09,-8.5075559,10.519567,-1.09444835,"protein kinase (cAMP-dependent, catalytic) inhibitor alpha"
"2181","PKIB","223551_at",6.79e-05,1.86e-05,-4.41,1.6779884,-0.852,"protein kinase (cAMP-dependent, catalytic) inhibitor beta","231120_x_at",0.000419,9.12e-05,-4.6342933,0.955546,-1.12255297,"protein kinase (cAMP-dependent, catalytic) inhibitor beta"
"2182","PKN1","202161_at",1.39e-07,2.73e-08,-5.83,7.9950534,-0.602,"protein kinase N1","202161_at",1.1e-06,7.03e-08,7.4608221,8.092178,1.06515866,"protein kinase N1"
"2183","PKN2","212629_s_at",0.00078,0.000248,-3.74,-0.7853411,-0.769,"protein kinase N2","212629_s_at",0.00147,0.000399,-4.0697556,-0.49266,-0.63069048,"protein kinase N2"
"2184","PKP1","205724_at",2.37e-25,6.31e-27,12.9,50.4540423,3.29,"plakophilin 1","221854_at",2.56e-07,1.11e-08,-8.2497611,9.935409,-1.43444397,"plakophilin 1"
"2185","PKP3","209872_s_at",1.01e-16,7.09e-18,9.67,29.7529393,1.01,"plakophilin 3","209873_s_at",2.55e-05,3.31e-06,-5.9080153,4.244189,-1.11335748,"plakophilin 3"
"2186","PLA2G12A","242323_at",3.48e-20,1.67e-21,-11,38.045147,-0.592,"phospholipase A2 group XIIA","228084_at",1.42e-06,9.77e-08,-7.3235922,7.763249,-0.65223238,"phospholipase A2 group XIIA"
"2187","PLA2G4B","60528_at",1.66e-43,5.59e-46,19.8,94.0980431,1.6,"phospholipase A2 group IVB///JMJD7-PLA2G4B readthrough","219095_at",0.00351,0.00111,-3.6717862,-1.490579,-0.69510425,"phospholipase A2 group IVB///JMJD7-PLA2G4B readthrough"
"2188","PLA2G4E-AS1","1557864_x_at",1.62e-06,3.64e-07,5.3,5.4768477,1.31,"PLA2G4E antisense RNA 1","1557863_at",3.97e-05,5.59e-06,-5.7047981,3.723628,-1.2287601,"PLA2G4E antisense RNA 1"
"2189","PLA2G4F","235958_at",4e-09,6.59e-10,6.55,11.6396993,0.598,"phospholipase A2 group IVF","235958_at",0.000351,7.42e-05,-4.712985,1.159063,-0.92368939,"phospholipase A2 group IVF"
"2190","PLA2R1","235746_s_at",3.9e-07,8.1e-08,-5.61,6.9362521,-0.649,"phospholipase A2 receptor 1","240039_at",0.000141,2.53e-05,-5.1234754,2.222623,-0.64786864,"phospholipase A2 receptor 1"
"2191","PLAC8","219014_at",3.89e-08,7.17e-09,6.1,9.3020925,1.02,"placenta specific 8","219014_at",7.49e-10,3.15e-12,12.273526,18.048652,3.36442054,"placenta specific 8"
"2192","PLAG1","205372_at",9.46e-12,1.15e-12,-7.69,17.8879245,-1.13,"PLAG1 zinc finger","205372_at",4.39e-05,6.32e-06,-5.6574824,3.602037,-1.03625854,"PLAG1 zinc finger"
"2193","PLAT","201860_s_at",4.95e-33,5.36e-35,15.8,68.9432467,3.49,"plasminogen activator, tissue type","201860_s_at",0.00211,0.000612,3.9046684,-0.909742,1.94405626,"plasminogen activator, tissue type"
"2194","PLAU","205479_s_at",2.56e-11,3.28e-12,7.51,16.8542146,1.16,"plasminogen activator, urokinase","205479_s_at",6.98e-06,6.92e-07,6.5263046,5.807174,1.74862649,"plasminogen activator, urokinase"
"2195","PLAUR","210845_s_at",3.01e-14,2.77e-15,8.71,23.8438303,1.6,"plasminogen activator, urokinase receptor","214866_at",1.03e-10,1.41e-13,14.0995935,21.092479,3.02583482,"plasminogen activator, urokinase receptor"
"2196","PLCB4","203896_s_at",8.16e-15,7.05e-16,-8.93,25.19781,-1.55,"phospholipase C beta 4","203895_at",8.08e-05,1.31e-05,-5.3764423,2.877395,-0.94431555,"phospholipase C beta 4"
"2197","PLCD3","234971_x_at",7.81e-09,1.33e-09,6.42,10.9513284,0.643,"phospholipase C delta 3","234971_x_at",8.05e-09,1.15e-10,-10.3812895,14.494162,-0.85520712,"phospholipase C delta 3"
"2198","PLCG2","204613_at",2.78e-14,2.54e-15,8.72,23.928229,0.782,"phospholipase C gamma 2","204613_at",5.62e-07,3.01e-08,7.8188331,8.938852,1.20170153,"phospholipase C gamma 2"
"2199","PLCL2","216218_s_at",3.03e-08,5.52e-09,-6.15,9.5579473,-0.776,"phospholipase C like 2","216218_s_at",6.17e-08,1.76e-09,9.0757855,11.775101,1.25321484,"phospholipase C like 2"
"2200","PLCXD1","218951_s_at",4.87e-42,1.82e-44,19.3,90.6364204,1.4,"phosphatidylinositol specific phospholipase C X domain containing 1","218951_s_at",0.000344,7.25e-05,-4.722043,1.182503,-0.99654079,"phosphatidylinositol specific phospholipase C X domain containing 1"
"2201","PLD1","215724_at",1.75e-19,9.03e-21,10.7,36.3669223,1.94,"phospholipase D1","1557126_a_at",0.00197,0.000565,-3.9355015,-0.832146,-0.75600031,"phospholipase D1"
"2202","PLEK","203471_s_at",5.47e-20,2.68e-21,10.9,37.5740947,1.72,"pleckstrin","203470_s_at",2.34e-06,1.83e-07,7.0654116,7.13803,2.13050747,"pleckstrin"
"2203","PLEKHA1","219024_at",1.85e-07,3.69e-08,-5.77,7.7014494,-1.14,"pleckstrin homology domain containing A1","226247_at",6.89e-08,2.04e-09,-9.0092737,11.630421,-0.71160966,"pleckstrin homology domain containing A1"
"2204","PLEKHA6","229245_at",3.11e-19,1.65e-20,-10.6,35.7713921,-1.53,"pleckstrin homology domain containing A6","229245_at",0.000143,2.58e-05,-5.1164889,2.20452,-1.45689919,"pleckstrin homology domain containing A6"
"2205","PLEKHG5","227142_at",6.64e-17,4.58e-18,-9.74,30.1874894,-1.69,"pleckstrin homology and RhoGEF domain containing G5","227142_at",0.000167,3.09e-05,-5.0469666,2.024348,-0.97230937,"pleckstrin homology and RhoGEF domain containing G5"
"2206","PLEKHH1","225727_at",2.26e-24,6.76e-26,-12.5,48.0947299,-1.29,"pleckstrin homology, MyTH4 and FERM domain containing H1","225727_at",3.52e-08,8.37e-10,-9.4211211,12.516611,-1.58034293,"pleckstrin homology, MyTH4 and FERM domain containing H1"
"2207","PLEKHH2","239568_at",4.83e-11,6.38e-12,-7.39,16.1994889,-1.08,"pleckstrin homology, MyTH4 and FERM domain containing H2","243650_at",0.00395,0.00128,-3.6159634,-1.628261,-0.74527478,"pleckstrin homology, MyTH4 and FERM domain containing H2"
"2208","PLGLB1","230120_s_at",2.42e-05,6.26e-06,-4.66,2.725259,-0.766,"plasminogen-like B1///plasminogen-like B2","230120_s_at",0.00861,0.00319,-3.2545743,-2.501666,-0.63279855,"plasminogen-like B1///plasminogen-like B2"
"2209","PLLP","204519_s_at",3.33e-24,1.02e-25,-12.5,47.6876301,-2.19,"plasmolipin","204519_s_at",5.94e-05,9.07e-06,-5.5175819,3.241788,-1.77493247,"plasmolipin"
"2210","PLP1","210198_s_at",4.89e-19,2.66e-20,-10.6,35.2956196,-2,"proteolipid protein 1","210198_s_at",0.000833,0.000204,-4.3264426,0.162503,-1.37956539,"proteolipid protein 1"
"2211","PLPP5","226150_at",7.53e-10,1.15e-10,6.88,13.3575051,0.761,"phospholipid phosphatase 5","226150_at",5.95e-09,7.36e-11,10.60373,14.93503,1.87650641,"phospholipid phosphatase 5"
"2212","PLSCR1","202446_s_at",1.64e-30,2.35e-32,14.8,62.890768,1.33,"phospholipid scramblase 1","202446_s_at",8.98e-08,2.84e-09,8.857483,11.297973,1.27037452,"phospholipid scramblase 1"
"2213","PLXDC1","214081_at",0.00737,0.00275,3.04,-3.0289874,0.849,"plexin domain containing 1","219700_at",2.78e-06,2.25e-07,6.9790834,6.927164,1.03260667,"plexin domain containing 1"
"2214","PLXDC2","238455_at",3.64e-09,5.97e-10,6.57,11.7374629,1.11,"plexin domain containing 2","238455_at",0.000865,0.000213,4.3097526,0.119702,0.65325629,"plexin domain containing 2"
"2215","PLXNA2","213030_s_at",3.13e-17,2.08e-18,-9.87,30.9713469,-1.21,"plexin A2","207290_at",0.00238,0.000706,-3.8494677,-1.048284,-0.71068098,"plexin A2"
"2216","PLXNA4","228104_at",0.00117,0.000383,-3.62,-1.1941374,-0.622,"plexin A4","232317_at",0.00181,0.000513,-3.9730771,-0.737387,-0.78198892,"plexin A4"
"2217","PLXNC1","206471_s_at",0.000459,0.000141,-3.9,-0.2526089,-0.598,"plexin C1","213241_at",4.27e-10,1.23e-12,12.8067181,18.974183,1.31660276,"plexin C1"
"2218","PMAIP1","204285_s_at",4.12e-10,6.09e-11,6.99,13.9784438,1.66,"phorbol-12-myristate-13-acetate-induced protein 1","204286_s_at",0.00109,0.00028,-4.205245,-0.147711,-0.61835835,"phorbol-12-myristate-13-acetate-induced protein 1"
"2219","PMEL","209848_s_at",2.58e-06,5.92e-07,5.19,5.0032621,0.849,"premelanosome protein","209848_s_at",0.000119,2.07e-05,-5.2012145,2.424005,-0.87558225,"premelanosome protein"
"2220","PMEPA1","222450_at",7.71e-15,6.64e-16,-8.94,25.2566407,-0.603,"prostate transmembrane protein, androgen induced 1","222449_at",9.71e-08,3.15e-09,8.8114329,11.196493,1.10418211,"prostate transmembrane protein, androgen induced 1"
"2221","PML","211012_s_at",5.04e-20,2.46e-21,10.9,37.6590751,1.26,"promyelocytic leukemia","209640_at",0.00229,0.000674,3.8674509,-1.003205,0.80293556,"promyelocytic leukemia"
"2222","PMM2","203201_at",9.33e-25,2.69e-26,12.7,49.010043,1.29,"phosphomannomutase 2","203201_at",1.07e-06,6.75e-08,7.4779021,8.13295,0.83571971,"phosphomannomutase 2"
"2223","PMP22","1565638_at",2.71e-24,8.21e-26,-12.5,47.9014699,-1.66,"peripheral myelin protein 22","1565639_a_at",0.000328,6.82e-05,-4.7451383,1.242281,-1.15196162,"peripheral myelin protein 22"
"2224","PMS2P5","242201_at",3.18e-07,6.54e-08,-5.66,7.1454439,-0.757,"PMS1 homolog 2, mismatch repair system component pseudogene 5","242201_at",0.00232,0.000684,-3.8614683,-1.018208,-0.74437548,"PMS1 homolog 2, mismatch repair system component pseudogene 5"
"2225","PNISR","212177_at",7.27e-17,5.04e-18,-9.72,30.0911063,-0.71,"PNN interacting serine and arginine rich protein","230375_at",0.00369,0.00118,-3.6483475,-1.548468,-0.76589865,"PNN interacting serine and arginine rich protein"
"2226","PNP","201695_s_at",1.41e-46,3.18e-49,21.1,101.5255655,2.36,"purine nucleoside phosphorylase","201695_s_at",9.46e-06,9.99e-07,6.3797809,5.440004,0.8633116,"purine nucleoside phosphorylase"
"2227","PNPLA1","1553364_at",1.1e-11,1.35e-12,7.66,17.7283139,1.37,"patatin like phospholipase domain containing 1","1553364_at",1.21e-07,4.2e-09,-8.6811719,10.907866,-1.6193432,"patatin like phospholipase domain containing 1"
"2228","PNPLA3","220675_s_at",2.24e-06,5.11e-07,-5.22,5.1464549,-0.998,"patatin like phospholipase domain containing 3","220675_s_at",0.00033,6.88e-05,-4.7421531,1.234553,-1.42143622,"patatin like phospholipase domain containing 3"
"2229","PNPLA4","209740_s_at",1.26e-11,1.56e-12,-7.64,17.5856308,-1.03,"patatin like phospholipase domain containing 4","209740_s_at",0.000169,3.15e-05,-5.0406227,2.007905,-0.67112621,"patatin like phospholipase domain containing 4"
"2230","PNPLA7","228383_at",3.31e-14,3.06e-15,-8.69,23.7434946,-1.04,"patatin like phospholipase domain containing 7","228383_at",7.41e-06,7.44e-07,-6.4974056,5.73493,-0.91018035,"patatin like phospholipase domain containing 7"
"2231","POC1A","226355_at",5.02e-16,3.8e-17,9.4,28.0895487,1.06,"POC1 centriolar protein A","226355_at",0.00463,0.00154,3.5432121,-1.806683,0.66441967,"POC1 centriolar protein A"
"2232","POF1B","1555383_a_at",5.26e-11,6.97e-12,7.38,16.112448,2.01,"premature ovarian failure, 1B","1555382_at",7.35e-08,2.22e-09,-8.9692132,11.542987,-1.51659549,"premature ovarian failure, 1B"
"2233","POGK","239392_s_at",1.51e-10,2.12e-11,-7.18,15.0179039,-0.959,"pogo transposable element with KRAB domain","239392_s_at",7.63e-07,4.43e-08,-7.6552104,8.553973,-0.90551185,"pogo transposable element with KRAB domain"
"2234","POLE4","1553587_a_at",6.23e-12,7.42e-13,7.77,18.3204299,1.11,"DNA polymerase epsilon 4, accessory subunit","1553587_a_at",0.000164,3.05e-05,5.052813,2.039501,0.73899486,"DNA polymerase epsilon 4, accessory subunit"
"2235","POLR2J4","240014_at",6.05e-21,2.64e-22,-11.3,39.8739882,-2.28,"RNA polymerase II subunit J4, pseudogene","222208_s_at",2.38e-06,1.86e-07,-7.0578414,7.119575,-1.22118523,"RNA polymerase II subunit J4, pseudogene"
"2236","POLR3B","219459_at",3.13e-18,1.85e-19,10.2,33.3723916,1.23,"RNA polymerase III subunit B","1556803_at",0.00142,0.000383,-4.0852485,-0.453327,-0.70825597,"RNA polymerase III subunit B"
"2237","PON2","210830_s_at",8.36e-25,2.4e-26,12.7,49.1241231,1.11,"paraoxonase 2","242700_at",0.000325,6.75e-05,-4.7494068,1.253331,-0.77840242,"paraoxonase 2"
"2238","POSTN","210809_s_at",1.09e-32,1.21e-34,-15.6,68.1308965,-1.04,"periostin","1555778_a_at",7.53e-07,4.36e-08,7.6620327,8.57009,1.44377611,"periostin"
"2239","POU2AF1","205267_at",0.000953,0.000308,3.69,-0.9877729,1.05,"POU class 2 associating factor 1","205267_at",1.87e-09,1.38e-11,11.4721789,16.596469,3.44631685,"POU class 2 associating factor 1"
"2240","POU2F3","215355_at",1.07e-15,8.42e-17,-9.27,27.3017289,-1.35,"POU class 2 homeobox 3","207109_at",3.3e-07,1.52e-08,-8.1129717,9.62178,-1.56480531,"POU class 2 homeobox 3"
"2241","POU3F3","228780_at",7.56e-16,5.86e-17,-9.33,27.6605923,-0.928,"POU class 3 homeobox 3","228780_at",0.000204,3.92e-05,-4.9570047,1.791169,-1.50879366,"POU class 3 homeobox 3"
"2242","POU6F1","205878_at",3.35e-08,6.14e-09,-6.13,9.4544055,-0.92,"POU class 6 homeobox 1","229809_at",0.000398,8.59e-05,-4.6572049,1.014777,-0.69541017,"POU class 6 homeobox 1"
"2243","PP12719","1568706_s_at",6.01e-06,1.44e-06,-5,4.1440989,-0.672,"uncharacterized LOC100653022","1568706_s_at",0.0145,0.00588,-3.0043898,-3.084182,-0.6381944,"uncharacterized LOC100653022"
"2244","PPA2","1556285_s_at",4.61e-14,4.32e-15,8.63,23.4032337,0.81,"pyrophosphatase (inorganic) 2","1559496_at",2.06e-06,1.56e-07,-7.1304343,7.296263,-1.75462637,"pyrophosphatase (inorganic) 2"
"2245","PPARA","226978_at",1.91e-16,1.38e-17,-9.56,29.0914978,-0.787,"peroxisome proliferator activated receptor alpha","1560981_a_at",0.000232,4.55e-05,4.8997517,1.642781,0.77157198,"peroxisome proliferator activated receptor alpha"
"2246","PPARGC1A","219195_at",2.22e-32,2.56e-34,-15.5,67.3881406,-2,"PPARG coactivator 1 alpha","219195_at",0.0137,0.00551,-3.0314867,-3.022109,-0.93704333,"PPARG coactivator 1 alpha"
"2247","PPCDC","219066_at",4.46e-06,1.05e-06,5.07,4.4448301,0.593,"phosphopantothenoylcysteine decarboxylase","219066_at",8.92e-07,5.39e-08,7.5722951,8.357596,1.13269523,"phosphopantothenoylcysteine decarboxylase"
"2248","PPFIBP1","214374_s_at",2.68e-13,2.76e-14,-8.33,21.5699236,-1.47,"PPFIA binding protein 1","214374_s_at",0.0089,0.00331,-3.2390754,-2.538333,-0.6030652,"PPFIA binding protein 1"
"2249","PPIL1","222500_at",3.33e-17,2.22e-18,9.86,30.9059114,0.889,"peptidylprolyl isomerase like 1","222500_at",1.59e-06,1.12e-07,7.2680866,7.629531,0.7269106,"peptidylprolyl isomerase like 1"
"2250","PPIP5K1","1555255_a_at",4.53e-08,8.41e-09,6.07,9.1464864,0.64,"diphosphoinositol pentakisphosphate kinase 1","204578_at",8.66e-08,2.72e-09,-8.8780548,11.343214,-0.82767973,"diphosphoinositol pentakisphosphate kinase 1"
"2251","PPM1A","227728_at",5.05e-38,3.24e-40,-17.7,80.9015916,-0.927,"protein phosphatase, Mg2+/Mn2+ dependent 1A","227728_at",1.37e-07,4.97e-09,-8.6058313,10.73987,-0.71266086,"protein phosphatase, Mg2+/Mn2+ dependent 1A"
"2252","PPM1J","229484_at",1.7e-05,4.32e-06,-4.75,3.0826011,-0.679,"protein phosphatase, Mg2+/Mn2+ dependent 1J","229484_at",1.56e-08,2.77e-10,-9.9482009,13.617326,-1.15598742,"protein phosphatase, Mg2+/Mn2+ dependent 1J"
"2253","PPM1K","226773_at",1.95e-09,3.1e-10,-6.69,12.3802353,-0.645,"protein phosphatase, Mg2+/Mn2+ dependent 1K","235061_at",1.73e-06,1.24e-07,7.2247139,7.524775,1.01576448,"protein phosphatase, Mg2+/Mn2+ dependent 1K"
"2254","PPM1L","228108_at",8.32e-21,3.72e-22,-11.2,39.5357426,-0.708,"protein phosphatase, Mg2+/Mn2+ dependent 1L","239488_at",0.0035,0.00111,-3.6728204,-1.488022,-0.60207836,"protein phosphatase, Mg2+/Mn2+ dependent 1L"
"2255","PPM1M","226074_at",8.46e-11,1.15e-11,-7.29,15.6157112,-0.811,"protein phosphatase, Mg2+/Mn2+ dependent 1M","226074_at",0.000338,7.07e-05,4.7313242,1.206524,0.63395773,"protein phosphatase, Mg2+/Mn2+ dependent 1M"
"2256","PPOX","204788_s_at",2.2e-19,1.15e-20,-10.7,36.1290342,-1.02,"protoporphyrinogen oxidase","238117_at",0.00983,0.00372,3.1919318,-2.649418,0.64103363,"protoporphyrinogen oxidase"
"2257","PPP1R16B","41577_at",2.53e-07,5.14e-08,5.7,7.3796492,0.762,"protein phosphatase 1 regulatory subunit 16B","212750_at",1.61e-07,6.1e-09,8.5143701,10.534885,1.67584023,"protein phosphatase 1 regulatory subunit 16B"
"2258","PPP1R2","202166_s_at",7.78e-21,3.46e-22,11.2,39.607598,1.58,"protein phosphatase 1 regulatory inhibitor subunit 2","202166_s_at",4.85e-05,7.11e-06,5.6114123,3.483522,0.67700638,"protein phosphatase 1 regulatory inhibitor subunit 2"
"2259","PPP1R26-AS1","1559026_at",0.000346,0.000105,-3.97,0.0314318,-0.671,"PPP1R26 antisense RNA 1","1559026_at",3.74e-06,3.27e-07,-6.8276998,6.555274,-0.81192458,"PPP1R26 antisense RNA 1"
"2260","PPP1R36","237654_at",1.59e-09,2.51e-10,-6.73,12.5881272,-1.1,"protein phosphatase 1 regulatory subunit 36","237654_at",0.000264,5.3e-05,-4.8412654,1.491231,-0.62818674,"protein phosphatase 1 regulatory subunit 36"
"2261","PPP1R3E","229001_at",2.91e-22,1.09e-23,-11.8,43.0450921,-1.58,"protein phosphatase 1 regulatory subunit 3E","227412_at",2.37e-07,1e-08,-8.2946413,10.037757,-0.71625467,"protein phosphatase 1 regulatory subunit 3E"
"2262","PPP1R9A","228494_at",1.09e-13,1.07e-14,-8.48,22.5087199,-1.49,"protein phosphatase 1 regulatory subunit 9A","228494_at",0.0218,0.00949,-2.8044151,-3.533752,-0.88015045,"protein phosphatase 1 regulatory subunit 9A"
"2263","PPP2R2A","202313_at",2.57e-37,1.78e-39,17.4,79.2024178,0.816,"protein phosphatase 2 regulatory subunit Balpha","236492_at",0.00166,0.000462,-4.0134806,-0.635268,-0.81728391,"protein phosphatase 2 regulatory subunit Balpha"
"2264","PPP2R2B","213849_s_at",5e-15,4.22e-16,-9.01,25.7051047,-1.25,"protein phosphatase 2 regulatory subunit Bbeta","213849_s_at",0.00357,0.00114,-3.6631517,-1.511917,-0.66449076,"protein phosphatase 2 regulatory subunit Bbeta"
"2265","PPP2R2C","223574_x_at",1.31e-38,7.83e-41,17.9,82.3127358,2.28,"protein phosphatase 2 regulatory subunit Bgamma","228025_s_at",0.0298,0.0138,-2.6453615,-3.879607,-0.62860251,"protein phosphatase 2 regulatory subunit Bgamma"
"2266","PPP2R3A","207749_s_at",5.03e-09,8.37e-10,6.51,11.4052546,0.854,"protein phosphatase 2 regulatory subunit B''alpha","209633_at",2.94e-06,2.42e-07,-6.950606,6.857411,-0.88278565,"protein phosphatase 2 regulatory subunit B''alpha"
"2267","PPP2R3C","239188_at",1.08e-05,2.66e-06,-4.86,3.5488503,-0.705,"protein phosphatase 2 regulatory subunit B''gamma","218852_at",1.96e-08,3.82e-10,9.7939844,13.299121,0.76737902,"protein phosphatase 2 regulatory subunit B''gamma"
"2268","PPP2R5C","1554365_a_at",5.55e-27,1.25e-28,13.5,54.3541392,0.917,"protein phosphatase 2 regulatory subunit B'gamma","214083_at",2.59e-06,2.07e-07,7.0148876,7.014728,0.83264201,"protein phosphatase 2 regulatory subunit B'gamma"
"2269","PPP3CC","207000_s_at",6.94e-11,9.34e-12,-7.33,15.8233524,-0.718,"protein phosphatase 3 catalytic subunit gamma","32541_at",2.51e-07,1.08e-08,8.2618127,9.962919,0.70196065,"protein phosphatase 3 catalytic subunit gamma"
"2270","PPP4R3B","224474_x_at",7.05e-08,1.34e-08,5.97,8.6891867,0.742,"protein phosphatase 4 regulatory subunit 3B","1568627_at",1.7e-05,2.04e-06,-6.0982741,4.728772,-0.62184726,"protein phosphatase 4 regulatory subunit 3B"
"2271","PPP5D1","1566544_at",6.77e-09,1.14e-09,-6.45,11.1000072,-0.87,"PPP5 tetratricopeptide repeat domain containing 1","1566544_at",0.000112,1.93e-05,-5.2269477,2.49064,-0.90563976,"PPP5 tetratricopeptide repeat domain containing 1"
"2272","PPP6R1","209229_s_at",4.46e-25,1.23e-26,12.8,49.7860792,1.17,"protein phosphatase 6 regulatory subunit 1","209229_s_at",6.43e-05,9.97e-06,5.481375,3.148392,0.62450326,"protein phosphatase 6 regulatory subunit 1"
"2273","PRDM1","228964_at",3.07e-32,3.61e-34,15.5,67.0465478,1.64,"PR/SET domain 1","217192_s_at",0.00497,0.00168,3.5105953,-1.886283,1.13863024,"PR/SET domain 1"
"2274","PREB","217861_s_at",2.27e-11,2.89e-12,7.53,16.9791988,0.765,"prolactin regulatory element binding","217861_s_at",9.69e-07,5.97e-08,7.5294641,8.255805,0.90413758,"prolactin regulatory element binding"
"2275","PRELP","228224_at",1.97e-15,1.59e-16,-9.17,26.6694539,-1.18,"proline and arginine rich end leucine rich repeat protein","228224_at",0.0312,0.0145,-2.6218665,-3.92974,-0.60340193,"proline and arginine rich end leucine rich repeat protein"
"2276","PRF1","214617_at",8e-12,9.64e-13,7.72,18.0614999,2.01,"perforin 1","214617_at",1.79e-08,3.37e-10,9.8542178,13.423781,1.57305652,"perforin 1"
"2277","PRIMA1","230087_at",7.41e-15,6.38e-16,-8.95,25.2966073,-1.4,"proline rich membrane anchor 1","230087_at",0.000693,0.000164,-4.4105867,0.378635,-1.76756802,"proline rich membrane anchor 1"
"2278","PRKAA1","209799_at",7.64e-18,4.7e-19,10.1,32.4439742,1.15,"protein kinase AMP-activated catalytic subunit alpha 1","214917_at",0.000622,0.000145,-4.4587712,0.502641,-0.74183775,"protein kinase AMP-activated catalytic subunit alpha 1"
"2279","PRKAA2","227892_at",6.94e-14,6.67e-15,-8.56,22.9743864,-1.02,"protein kinase AMP-activated catalytic subunit alpha 2","227892_at",0.00532,0.00182,-3.4790311,-1.963073,-1.03508062,"protein kinase AMP-activated catalytic subunit alpha 2"
"2280","PRKAB2","1558027_s_at",4.4e-07,9.21e-08,-5.58,6.8115943,-0.838,"protein kinase AMP-activated non-catalytic subunit beta 2","214474_at",0.0142,0.00571,-3.0167124,-3.055987,-0.7953456,"protein kinase AMP-activated non-catalytic subunit beta 2"
"2281","PRKCA","213093_at",5.68e-21,2.47e-22,-11.3,39.9396315,-0.788,"protein kinase C alpha","215195_at",1.39e-06,9.48e-08,7.3358579,7.792746,1.07469727,"protein kinase C alpha"
"2282","PRKCB","209685_s_at",1.74e-19,8.97e-21,-10.7,36.3736968,-1.55,"protein kinase C beta","207957_s_at",6.36e-05,9.84e-06,5.4862655,3.161011,0.99492483,"protein kinase C beta"
"2283","PRKCQ","210038_at",6.87e-54,5.15e-57,24.3,119.3330114,5.52,"protein kinase C theta","210038_at",3.05e-07,1.38e-08,8.1561623,9.721081,1.72392874,"protein kinase C theta"
"2284","PRKCQ-AS1","232001_at",1.18e-44,3.38e-47,20.3,96.886408,4.05,"PRKCQ antisense RNA 1","232001_at",3.57e-05,4.93e-06,5.7535074,3.848654,1.30166073,"PRKCQ antisense RNA 1"
"2285","PRKDC","210543_s_at",0.000518,0.000161,3.86,-0.3742077,0.639,"protein kinase, DNA-activated, catalytic polypeptide","215757_at",0.00111,0.000289,-4.1942049,-0.175896,-0.88562254,"protein kinase, DNA-activated, catalytic polypeptide"
"2286","PRKG1","228396_at",1.42e-11,1.77e-12,-7.62,17.4641218,-0.994,"protein kinase, cGMP-dependent, type I","228396_at",1.44e-05,1.67e-06,6.1757319,4.925191,0.88631981,"protein kinase, cGMP-dependent, type I"
"2287","PRKXP1","235987_at",2.47e-05,6.38e-06,4.66,2.7071472,0.917,"protein kinase, X-linked, pseudogene 1","1559188_x_at",0.00505,0.00171,-3.5026572,-1.905618,-0.63092756,"protein kinase, X-linked, pseudogene 1"
"2288","PRLR","227629_at",5.05e-37,3.61e-39,-17.3,78.5021334,-2.7,"prolactin receptor","231981_at",0.00396,0.00129,-3.6148093,-1.631101,-0.60631589,"prolactin receptor"
"2289","PRMT2","228725_x_at",5.77e-10,8.67e-11,6.93,13.6315516,0.637,"protein arginine methyltransferase 2","216072_at",0.000734,0.000176,-4.3834441,0.308856,-0.8505202,"protein arginine methyltransferase 2"
"2290","PRO1804","224110_at",2.02e-10,2.87e-11,-7.13,14.7176873,-1.5,"uncharacterized LOC100133319","224110_at",2.05e-06,1.55e-07,-7.1333155,7.303263,-1.66603261,"uncharacterized LOC100133319"
"2291","PROCR","203650_at",1.25e-07,2.45e-08,5.85,8.1009222,0.824,"protein C receptor","203650_at",8.67e-06,8.99e-07,6.4219026,5.545778,0.8686489,"protein C receptor"
"2292","PROM2","239528_at",8.88e-22,3.53e-23,11.6,41.8731854,1.52,"prominin 2","1552797_s_at",5.79e-05,8.79e-06,-5.5298271,3.273361,-0.66672421,"prominin 2"
"2293","PRPF40A","236477_at",7.4e-06,1.79e-06,4.95,3.9310721,0.674,"pre-mRNA processing factor 40 homolog A","226687_at",7.38e-07,4.25e-08,-7.6729804,8.595942,-0.61830272,"pre-mRNA processing factor 40 homolog A"
"2294","PRR15L","219127_at",5.09e-17,3.46e-18,-9.78,30.4651676,-1.98,"proline rich 15 like","219127_at",0.0253,0.0114,-2.7278671,-3.701578,-1.21526224,"proline rich 15 like"
"2295","PRR26","1557548_at",5.66e-07,1.2e-07,-5.53,6.5548121,-0.911,"proline rich 26","1557548_at",3.55e-08,8.47e-10,-9.4158808,12.50548,-1.86641631,"proline rich 26"
"2296","PRR3","244204_at",2.68e-19,1.41e-20,-10.6,35.9246792,-1.19,"proline rich 3","244204_at",3.21e-07,1.47e-08,-8.1276811,9.655627,-1.62899126,"proline rich 3"
"2297","PRR9","237732_at",6.76e-09,1.14e-09,6.45,11.1022841,3.4,"proline rich 9","237732_at",0.0311,0.0145,2.6235792,-3.926094,2.82027317,"proline rich 9"
"2298","PRRG4","238513_at",9.79e-16,7.67e-17,9.29,27.393442,0.863,"proline rich and Gla domain 4","238513_at",0.00111,0.000288,-4.1946031,-0.17488,-0.76136956,"proline rich and Gla domain 4"
"2299","PRRX1","238852_at",2.88e-08,5.24e-09,-6.16,9.6091512,-0.957,"paired related homeobox 1","238852_at",5.81e-08,1.62e-09,9.1137224,11.857354,1.35531691,"paired related homeobox 1"
"2300","PRSS12","213802_at",2.24e-07,4.52e-08,5.73,7.5055344,0.652,"protease, serine 12","213802_at",0.00276,0.000841,-3.7811056,-1.219144,-0.99713798,"protease, serine 12"
"2301","PRSS27","232074_at",6.76e-66,1.61e-69,30,147.8348598,5.86,"protease, serine 27","232074_at",0.0145,0.00588,3.0047093,-3.083452,1.56082312,"protease, serine 27"
"2302","PRSS53","214226_at",3.04e-26,7.41e-28,13.2,52.5835651,1.96,"protease, serine 53","214226_at",0.0201,0.0086,2.8459916,-3.441574,0.63235696,"protease, serine 53"
"2303","PRSS8","202525_at",2.11e-22,7.8e-24,11.8,43.3740728,1.61,"protease, serine 8","202525_at",0.00302,0.000933,-3.7408044,-1.319477,-1.0574914,"protease, serine 8"
"2304","PRUNE2","212805_at",3.92e-09,6.45e-10,-6.56,11.6607435,-1.22,"prune homolog 2","212806_at",0.0086,0.00318,3.2548977,-2.5009,0.77280117,"prune homolog 2"
"2305","PSAPL1","1564333_a_at",0.00561,0.00205,-3.13,-2.7591385,-1.21,"prosaposin-like 1 (gene/pseudogene)","1564333_a_at",1.66e-06,1.18e-07,-7.2461935,7.576683,-1.99162903,"prosaposin-like 1 (gene/pseudogene)"
"2306","PSAT1","220892_s_at",0.00419,0.0015,3.23,-2.4703568,0.736,"phosphoserine aminotransferase 1","223062_s_at",0.00108,0.000279,-4.206671,-0.144069,-0.79573321,"phosphoserine aminotransferase 1"
"2307","PSD3","203355_s_at",3.58e-22,1.36e-23,-11.7,42.8243524,-0.981,"pleckstrin and Sec7 domain containing 3","203355_s_at",0.00141,0.000379,-4.089556,-0.442386,-0.63309192,"pleckstrin and Sec7 domain containing 3"
"2308","PSD4","203317_at",8.37e-18,5.18e-19,10.1,32.3491447,0.995,"pleckstrin and Sec7 domain containing 4","236616_at",2.55e-08,5.42e-10,-9.6261282,12.949163,-1.65656239,"pleckstrin and Sec7 domain containing 4"
"2309","PSG1","208257_x_at",5.02e-09,8.36e-10,6.51,11.4069407,1.12,"pregnancy specific beta-1-glycoprotein 1","208257_x_at",2.74e-05,3.62e-06,-5.8739741,4.15719,-1.48907007,"pregnancy specific beta-1-glycoprotein 1"
"2310","PSG4","208191_x_at",3.46e-09,5.67e-10,6.58,11.7879626,2.37,"pregnancy specific beta-1-glycoprotein 4","208191_x_at",0.000539,0.000122,-4.5225522,0.667021,-1.75531389,"pregnancy specific beta-1-glycoprotein 4"
"2311","PSG7","205602_x_at",1.18e-16,8.34e-18,9.64,29.593205,2.18,"pregnancy specific beta-1-glycoprotein 7 (gene/pseudogene)","205602_x_at",6.88e-05,1.08e-05,-5.4504623,3.068605,-2.02661178,"pregnancy specific beta-1-glycoprotein 7 (gene/pseudogene)"
"2312","PSMA3","201532_at",6.68e-27,1.52e-28,13.5,54.1597642,0.604,"proteasome subunit alpha 3","232648_at",0.00118,0.000309,-4.167436,-0.244182,-0.8354619,"proteasome subunit alpha 3"
"2313","PSMA3-AS1","239432_at",3.48e-11,4.52e-12,-7.45,16.5379614,-0.883,"PSMA3 antisense RNA 1","241774_at",0.00334,0.00105,-3.6949495,-1.43326,-0.6809041,"PSMA3 antisense RNA 1"
"2314","PSMB10","202659_at",2.08e-17,1.35e-18,9.93,31.395954,1.09,"proteasome subunit beta 10","202659_at",2.65e-08,5.7e-10,9.6026981,12.900013,1.48489402,"proteasome subunit beta 10"
"2315","PSMB2","238425_at",2.11e-08,3.78e-09,6.22,9.9295832,0.638,"proteasome subunit beta 2","231323_at",0.00055,0.000125,-4.5135042,0.643687,-0.87016066,"proteasome subunit beta 2"
"2316","PSMB7","244801_at",1.17e-05,2.9e-06,-4.84,3.4659235,-0.849,"proteasome subunit beta 7","244801_at",0.0015,0.00041,-4.0595389,-0.518582,-0.93180546,"proteasome subunit beta 7"
"2317","PSMB8-AS1","1555852_at",1.43e-12,1.58e-13,8.03,19.8443309,0.99,"PSMB8 antisense RNA 1 (head to head)","1555852_at",7.59e-09,1.05e-10,10.4233732,14.57806,1.50401191,"PSMB8 antisense RNA 1 (head to head)"
"2318","PSMB9","204279_at",3.5e-09,5.74e-10,6.58,11.775703,0.693,"proteasome subunit beta 9","204279_at",2.7e-06,2.18e-07,6.9934048,6.962207,1.20147263,"proteasome subunit beta 9"
"2319","PSMD11","208777_s_at",3.23e-23,1.09e-24,12.1,45.331264,1.05,"proteasome 26S subunit, non-ATPase 11","208776_at",7.13e-06,7.1e-07,-6.5159012,5.781177,-0.95936137,"proteasome 26S subunit, non-ATPase 11"
"2320","PSMD6-AS2","232527_at",7.83e-12,9.42e-13,-7.73,18.0842767,-1.55,"PSMD6 antisense RNA 2","232527_at",2.16e-06,1.65e-07,-7.1057542,7.236264,-1.10310743,"PSMD6 antisense RNA 2"
"2321","PSORS1C2","220635_at",3.71e-11,4.83e-12,7.44,16.4723614,2.36,"psoriasis susceptibility 1 candidate 2","220635_at",0.00757,0.00274,-3.3152513,-2.357435,-1.3323833,"psoriasis susceptibility 1 candidate 2"
"2322","PSPC1","226574_at",1.25e-20,5.65e-22,11.1,39.1200119,0.754,"paraspeckle component 1","243997_x_at",1.29e-05,1.45e-06,-6.2310198,5.065066,-1.18118683,NA
"2323","PTAFR","227184_at",3.57e-39,1.98e-41,18.1,83.6819449,2.53,"platelet activating factor receptor","227184_at",5.14e-07,2.69e-08,7.8670731,9.051648,1.14342573,"platelet activating factor receptor"
"2324","PTAR1","235484_at",0.000276,8.24e-05,-4.04,0.2588325,-0.815,"protein prenyltransferase alpha subunit repeat containing 1","235484_at",0.00771,0.0028,-3.3063094,-2.378757,-0.63416905,"protein prenyltransferase alpha subunit repeat containing 1"
"2325","PTCD2","1555910_at",1.29e-12,1.42e-13,8.05,19.9493441,1.13,"pentatricopeptide repeat domain 2","236903_at",5.27e-06,4.92e-07,-6.6625095,6.146482,-0.63571313,NA
"2326","PTCD3","228512_at",5.55e-16,4.23e-17,-9.39,27.9842187,-0.672,"pentatricopeptide repeat domain 3","228590_at",1.87e-06,1.37e-07,-7.1820919,7.421604,-0.74825884,"pentatricopeptide repeat domain 3"
"2327","PTCH1","209815_at",1.7e-16,1.23e-17,-9.58,29.2071081,-0.792,"patched 1","209815_at",5.92e-05,9.03e-06,-5.519241,3.246066,-0.72366302,"patched 1"
"2328","PTGER3","210834_s_at",1.21e-45,3.05e-48,20.7,99.2778362,3.3,"prostaglandin E receptor 3","210834_s_at",0.00396,0.00128,-3.6155496,-1.62928,-0.83204238,"prostaglandin E receptor 3"
"2329","PTGFR","207177_at",1.08e-06,2.37e-07,-5.39,5.8908405,-1.2,"prostaglandin F receptor","1555097_a_at",0.00705,0.00252,3.3488781,-2.277052,1.24579249,"prostaglandin F receptor"
"2330","PTGIS","208131_s_at",1.9e-07,3.79e-08,-5.77,7.6761958,-0.877,"prostaglandin I2 (prostacyclin) synthase","211892_s_at",0.00149,0.000407,4.0619169,-0.51255,0.64867414,"prostaglandin I2 (prostacyclin) synthase"
"2331","PTGS1","205127_at",0.00114,0.000374,-3.63,-1.1716018,-0.802,"prostaglandin-endoperoxide synthase 1","205128_x_at",2.26e-06,1.75e-07,-7.0828195,7.180442,-1.05811206,"prostaglandin-endoperoxide synthase 1"
"2332","PTGS2","204748_at",0.00127,0.00042,3.6,-1.2802307,0.854,"prostaglandin-endoperoxide synthase 2","204748_at",0.00351,0.00112,3.6710439,-1.492414,1.22179571,"prostaglandin-endoperoxide synthase 2"
"2333","PTK2","1559529_at",1.31e-21,5.31e-23,-11.5,41.4677577,-1.37,"protein tyrosine kinase 2","1559529_at",0.00047,0.000104,-4.5828524,0.822644,-1.12695335,"protein tyrosine kinase 2"
"2334","PTK6","1553114_a_at",4.94e-19,2.69e-20,10.5,35.2848938,0.768,"protein tyrosine kinase 6","206482_at",2.36e-06,1.85e-07,-7.0603576,7.12571,-1.39083289,"protein tyrosine kinase 6"
"2335","PTP4A1","200730_s_at",1.72e-24,5.12e-26,12.6,48.370799,2.72,"protein tyrosine phosphatase type IVA, member 1","200730_s_at",3.77e-05,5.26e-06,5.7280434,3.783312,0.78368331,"protein tyrosine phosphatase type IVA, member 1"
"2336","PTPN13","243792_x_at",1.47e-06,3.26e-07,-5.32,5.5820779,-0.732,"protein tyrosine phosphatase, non-receptor type 13","204201_s_at",5.7e-10,2.14e-12,-12.4902138,18.428605,-1.15586796,"protein tyrosine phosphatase, non-receptor type 13"
"2337","PTPN14","226282_at",7.07e-15,6.07e-16,-8.95,25.3453983,-0.689,"protein tyrosine phosphatase, non-receptor type 14","226282_at",9.9e-07,6.12e-08,-7.5190054,8.230913,-1.12154887,"protein tyrosine phosphatase, non-receptor type 14"
"2338","PTPN2","204935_at",1.05e-11,1.29e-12,7.67,17.773293,0.993,"protein tyrosine phosphatase, non-receptor type 2","204935_at",7.31e-06,7.32e-07,6.5037829,5.75088,1.20826883,"protein tyrosine phosphatase, non-receptor type 2"
"2339","PTPN21","205438_at",0.000131,3.75e-05,-4.24,1.0094714,-0.7,"protein tyrosine phosphatase, non-receptor type 21","226380_at",2.15e-09,1.67e-11,-11.3707316,16.407194,-1.39683181,"protein tyrosine phosphatase, non-receptor type 21"
"2340","PTPN22","206060_s_at",5.23e-15,4.43e-16,9.01,25.6579484,1.72,"protein tyrosine phosphatase, non-receptor type 22","208010_s_at",9.21e-10,4.55e-12,12.0708181,17.688385,1.84752058,"protein tyrosine phosphatase, non-receptor type 22"
"2341","PTPN9","233226_at",5.09e-10,7.6e-11,-6.95,13.7607142,-0.776,"protein tyrosine phosphatase, non-receptor type 9","233226_at",0.00228,0.000673,-3.8679254,-1.002015,-0.92225396,"protein tyrosine phosphatase, non-receptor type 9"
"2342","PTPRC","207238_s_at",1.1e-07,2.13e-08,5.88,8.2366382,1.06,"protein tyrosine phosphatase, receptor type C","1569830_at",1.09e-06,6.93e-08,7.4666707,8.106143,1.82849846,"protein tyrosine phosphatase, receptor type C"
"2343","PTPRF","215066_at",1.12e-16,7.92e-18,-9.65,29.6435189,-1.69,"protein tyrosine phosphatase, receptor type F","200637_s_at",0.00011,1.88e-05,-5.237002,2.516671,-0.9061637,"protein tyrosine phosphatase, receptor type F"
"2344","PTPRG","227126_at",9.47e-10,1.45e-10,-6.83,13.1231528,-0.599,"protein tyrosine phosphatase, receptor type G","204944_at",1.25e-05,1.41e-06,6.2441648,5.09828,1.05835294,"protein tyrosine phosphatase, receptor type G"
"2345","PTX3","206157_at",0.0946,0.0454,2.02,-5.5243836,0.603,"pentraxin 3","206157_at",1.28e-06,8.53e-08,7.3802056,7.899237,2.91723823,"pentraxin 3"
"2346","PUDP","203974_at",6.05e-32,7.29e-34,15.4,66.3464339,2.54,"pseudouridine 5'-phosphatase","203974_at",2.47e-05,3.19e-06,5.9228614,4.282104,0.68620972,"pseudouridine 5'-phosphatase"
"2347","PURA","204020_at",6.98e-16,5.39e-17,-9.35,27.7441302,-0.609,"purine rich element binding protein A","204020_at",1.08e-05,1.17e-06,-6.3179763,5.284488,-0.63965641,"purine rich element binding protein A"
"2348","PWAR6","226591_at",2.29e-10,3.28e-11,-7.1,14.5861635,-1.44,"Prader Willi/Angelman region RNA 6","226591_at",0.000593,0.000137,-4.4803445,0.558213,-0.67594733,"Prader Willi/Angelman region RNA 6"
"2349","PXMP4","219428_s_at",2.18e-22,8.05e-24,11.8,43.3433042,1.84,"peroxisomal membrane protein 4","238746_at",0.00027,5.46e-05,-4.8300655,1.462215,-1.01957994,"peroxisomal membrane protein 4"
"2350","QSOX1","230523_at",3.66e-07,7.58e-08,5.62,7.0011662,0.636,"quiescin sulfhydryl oxidase 1","201482_at",1.01e-07,3.3e-09,8.7893463,11.147718,1.02603208,"quiescin sulfhydryl oxidase 1"
"2351","RAB11A","200863_s_at",9.59e-39,5.61e-41,18,82.6445131,0.639,"RAB11A, member RAS oncogene family","234998_at",1.56e-09,1.06e-11,-11.6122119,16.855696,-0.97308243,"RAB11A, member RAS oncogene family"
"2352","RAB11FIP1","219681_s_at",2.3e-08,4.13e-09,6.2,9.8409206,0.708,"RAB11 family interacting protein 1","231830_x_at",2.86e-06,2.34e-07,-6.9633155,6.888554,-0.62974689,"RAB11 family interacting protein 1"
"2353","RAB11FIP3","228613_at",9.51e-10,1.46e-10,-6.83,13.118068,-1.32,"RAB11 family interacting protein 3","228613_at",2.23e-06,1.72e-07,-7.089845,7.197549,-1.42685764,"RAB11 family interacting protein 3"
"2354","RAB11FIP4","225739_at",5.28e-11,7.01e-12,7.38,16.1067464,0.624,"RAB11 family interacting protein 4","225746_at",1.11e-06,7.13e-08,-7.4549003,8.078034,-0.85538271,"RAB11 family interacting protein 4"
"2355","RAB12","236019_at",1.74e-06,3.9e-07,-5.28,5.4095214,-0.836,"RAB12, member RAS oncogene family","236019_at",6.17e-07,3.4e-08,-7.7679418,8.819522,-1.33667171,"RAB12, member RAS oncogene family"
"2356","RAB18","224377_s_at",2.54e-26,6.15e-28,13.3,52.7697623,0.932,"RAB18, member RAS oncogene family","239637_at",4.15e-06,3.7e-07,-6.7779706,6.432532,-0.83188111,"RAB18, member RAS oncogene family"
"2357","RAB22A","218360_at",5.2e-32,6.2e-34,15.4,66.5067542,1.06,"RAB22A, member RAS oncogene family","215507_x_at",0.00958,0.00361,-3.2044329,-2.620028,-0.59198498,"RAB22A, member RAS oncogene family"
"2358","RAB23","229504_at",2.05e-05,5.23e-06,-4.71,2.8977507,-0.657,"RAB23, member RAS oncogene family","220955_x_at",0.00229,0.000674,3.8671344,-1.003999,0.79244938,"RAB23, member RAS oncogene family"
"2359","RAB25","218186_at",2.09e-21,8.73e-23,11.4,40.9751253,0.791,"RAB25, member RAS oncogene family","218186_at",0.000271,5.48e-05,-4.8289208,1.45925,-0.92870552,"RAB25, member RAS oncogene family"
"2360","RAB27A","209514_s_at",2.09e-49,3.14e-52,22.3,108.3997033,4.74,"RAB27A, member RAS oncogene family","209514_s_at",1.2e-07,4.16e-09,8.6851116,10.916629,1.41752112,"RAB27A, member RAS oncogene family"
"2361","RAB27B","207018_s_at",1.67e-44,4.87e-47,20.3,96.5242262,3.65,"RAB27B, member RAS oncogene family","207017_at",1.36e-05,1.56e-06,-6.2041471,4.997114,-1.03585392,"RAB27B, member RAS oncogene family"
"2362","RAB30-AS1","228612_at",5.89e-09,9.87e-10,6.48,11.2434655,0.746,"RAB30 antisense RNA 1 (head to head)","228643_at",0.00423,0.00139,-3.5846569,-1.705185,-0.64311832,"RAB30 antisense RNA 1 (head to head)"
"2363","RAB31","217763_s_at",3.21e-27,7.01e-29,13.6,54.9292375,2.63,"RAB31, member RAS oncogene family","217763_s_at",2.68e-09,2.27e-11,11.2084336,16.10178,1.52772275,"RAB31, member RAS oncogene family"
"2364","RAB3B","227123_at",2.54e-12,2.9e-13,-7.93,19.2473809,-1.08,"RAB3B, member RAS oncogene family","205925_s_at",4.85e-05,7.12e-06,-5.6113115,3.483262,-0.73639988,"RAB3B, member RAS oncogene family"
"2365","RAB40B","236211_at",8.65e-09,1.48e-09,-6.4,10.8462955,-1.01,"RAB40B, member RAS oncogene family","236211_at",6.08e-06,5.85e-07,-6.5932569,5.97421,-1.11695928,"RAB40B, member RAS oncogene family"
"2366","RAB40C","227269_s_at",5.04e-06,1.2e-06,-5.04,4.3229302,-0.719,"RAB40C, member RAS oncogene family","227269_s_at",1.07e-08,1.7e-10,-10.1877576,14.105374,-1.11734925,"RAB40C, member RAS oncogene family"
"2367","RAB5A","206113_s_at",5.38e-28,1.06e-29,13.9,56.808568,1.71,"RAB5A, member RAS oncogene family","240990_at",0.000598,0.000138,-4.4770278,0.549667,-1.29416885,"RAB5A, member RAS oncogene family"
"2368","RAB7A","227602_at",0.0109,0.00422,2.9,-3.4203426,0.77,"RAB7A, member RAS oncogene family","217268_at",1.89e-05,2.32e-06,-6.0478732,4.600688,-1.09312283,"RAB7A, member RAS oncogene family"
"2369","RAB7B","1553982_a_at",2.6e-38,1.6e-40,17.8,81.6008349,2.03,"RAB7B, member RAS oncogene family","230266_at",1.72e-06,1.24e-07,-7.2263305,7.528684,-0.71782887,"RAB7B, member RAS oncogene family"
"2370","RABGAP1L","203020_at",2.41e-26,5.83e-28,-13.3,52.8230809,-0.633,"RAB GTPase activating protein 1 like","203020_at",4.56e-07,2.3e-08,-7.9341406,9.207952,-0.84443998,"RAB GTPase activating protein 1 like"
"2371","RABL3","226089_at",1.95e-28,3.64e-30,14,57.8723083,2,"RAB, member of RAS oncogene family like 3","226089_at",9.22e-06,9.68e-07,6.3923264,5.471526,0.72567975,"RAB, member of RAS oncogene family like 3"
"2372","RAC2","213603_s_at",1.19e-15,9.4e-17,9.26,27.1924782,1.21,"ras-related C3 botulinum toxin substrate 2 (rho family, small GTP binding protein Rac2)","207419_s_at",4.65e-09,5.06e-11,10.793886,15.306888,1.80855952,"ras-related C3 botulinum toxin substrate 2 (rho family, small GTP binding protein Rac2)"
"2373","RAD18","224200_s_at",4.4e-19,2.37e-20,10.6,35.4084291,1.02,"RAD18, E3 ubiquitin protein ligase","238670_at",4.42e-07,2.21e-08,-7.9518499,9.249124,-0.61744041,"RAD18, E3 ubiquitin protein ligase"
"2374","RAD50","208393_s_at",4.76e-13,5.01e-14,8.23,20.9799055,0.896,"RAD50 double strand break repair protein","238656_at",3.88e-06,3.41e-07,-6.8103077,6.512378,-0.84772956,"RAD50 double strand break repair protein"
"2375","RAD51-AS1","1560081_at",7.92e-11,1.07e-11,-7.3,15.6851387,-0.971,"RAD51 antisense RNA 1 (head to head)","1560081_at",3.26e-06,2.75e-07,-6.8978054,6.727827,-0.90470142,"RAD51 antisense RNA 1 (head to head)"
"2376","RAET1E","1552777_a_at",1.94e-24,5.79e-26,12.6,48.2485179,2.23,"retinoic acid early transcript 1E","1552777_a_at",0.00114,0.000298,-4.1824831,-0.205808,-0.96679916,"retinoic acid early transcript 1E"
"2377","RALA","214435_x_at",1.1e-37,7.32e-40,17.5,80.0895336,1.64,"RALA Ras like proto-oncogene A","214435_x_at",8.96e-06,9.35e-07,6.4060345,5.505951,0.68989642,"RALA Ras like proto-oncogene A"
"2378","RALGAPA1","1566272_at",6.96e-06,1.68e-06,-4.96,3.9934783,-0.64,"Ral GTPase activating protein catalytic alpha subunit 1","213049_at",5.01e-09,5.65e-11,-10.7380416,15.198158,-0.81478645,"Ral GTPase activating protein catalytic alpha subunit 1"
"2379","RALGAPA2","225499_at",3.46e-12,4.01e-13,7.87,18.9274024,0.613,"Ral GTPase activating protein catalytic alpha subunit 2","225499_at",2e-04,3.83e-05,-4.964973,1.811822,-0.70668818,"Ral GTPase activating protein catalytic alpha subunit 2"
"2380","RALGPS1","204199_at",1.56e-05,3.94e-06,-4.77,3.1714778,-0.623,"Ral GEF with PH domain and SH3 binding motif 1","204199_at",8.02e-08,2.47e-09,-8.9214231,11.438397,-1.1544492,"Ral GEF with PH domain and SH3 binding motif 1"
"2381","RALY-AS1","230294_at",1.43e-15,1.15e-16,9.23,26.9966005,0.67,"RALY antisense RNA 1","230294_at",6.78e-05,1.06e-05,5.4571941,3.085984,0.81253698,"RALY antisense RNA 1"
"2382","RAMP2","205779_at",8.62e-15,7.45e-16,-8.92,25.1419638,-1.31,"receptor activity modifying protein 2","205779_at",0.00029,5.92e-05,4.7993839,1.382741,0.67660318,"receptor activity modifying protein 2"
"2383","RANBP9","202583_s_at",1.1e-13,1.08e-14,8.48,22.4985931,1.21,"RAN binding protein 9","216125_s_at",0.00113,0.000292,-4.1891678,-0.188752,-0.64028223,"RAN binding protein 9"
"2384","RAP2B","238622_at",2.12e-12,2.39e-13,7.96,19.4372019,1.17,"RAP2B, member of RAS oncogene family","238622_at",5.12e-05,7.59e-06,5.5865293,3.419461,0.59378543,"RAP2B, member of RAS oncogene family"
"2385","RAPH1","225186_at",4.11e-19,2.21e-20,10.6,35.4790225,1.69,"Ras association (RalGDS/AF-6) and pleckstrin homology domains 1","225188_at",5.24e-06,4.88e-07,-6.6659299,6.154977,-0.69077259,"Ras association (RalGDS/AF-6) and pleckstrin homology domains 1"
"2386","RARB","205080_at",5.89e-14,5.6e-15,-8.59,23.1460406,-0.967,"retinoic acid receptor beta","205080_at",3.28e-05,4.47e-06,5.7912937,3.945539,1.20311703,"retinoic acid receptor beta"
"2387","RARRES1","221872_at",0.04,0.0174,-2.4,-4.6923893,-0.977,"retinoic acid receptor responder 1","221872_at",0.00272,0.000828,3.7871793,-1.203997,1.32545232,"retinoic acid receptor responder 1"
"2388","RARRES2","209496_at",4.08e-07,8.51e-08,-5.6,6.8883651,-0.787,"retinoic acid receptor responder 2","209496_at",2.93e-08,6.53e-10,9.538034,12.763984,2.05275595,"retinoic acid receptor responder 2"
"2389","RASA3","225562_at",2.12e-09,3.4e-10,-6.68,12.2905755,-0.814,"RAS p21 protein activator 3","225562_at",2.36e-05,3.02e-06,5.9446165,4.337633,0.73623017,"RAS p21 protein activator 3"
"2390","RASAL2","219026_s_at",1.06e-15,8.39e-17,9.28,27.3054872,0.894,"RAS protein activator like 2","222810_s_at",0.00301,0.000931,-3.7416064,-1.317483,-0.63812859,"RAS protein activator like 2"
"2391","RASAL3","228677_s_at",1.77e-10,2.5e-11,7.15,14.8537861,0.768,"RAS protein activator like 3","228677_s_at",1.19e-06,7.75e-08,7.4201432,7.994924,1.09582789,"RAS protein activator like 3"
"2392","RASGEF1B","1553785_at",1.58e-21,6.5e-23,11.5,41.2675297,2.02,"RasGEF domain family member 1B","1554999_at",4.78e-05,6.99e-06,-5.6184791,3.501709,-1.09844448,"RasGEF domain family member 1B"
"2393","RASL12","219167_at",2.22e-14,2.01e-15,-8.76,24.1616444,-0.997,"RAS like family 12","219167_at",9.01e-05,1.49e-05,5.3259155,2.746755,0.61652567,"RAS like family 12"
"2394","RASSF10","238755_at",0.000437,0.000134,3.91,-0.2020423,0.656,"Ras association domain family member 10","238755_at",0.00172,0.000482,-3.9966799,-0.677759,-1.20399556,"Ras association domain family member 10"
"2395","RASSF4","226436_at",1.75e-05,4.43e-06,4.74,3.0588093,0.637,"Ras association domain family member 4","226436_at",1.36e-07,4.88e-09,8.6143242,10.758846,1.70373063,"Ras association domain family member 4"
"2396","RASSF6","233463_at",3.81e-07,7.91e-08,-5.62,6.9594016,-0.604,"Ras association domain family member 6","229147_at",0.00859,0.00318,-3.2554485,-2.499595,-0.58822136,"Ras association domain family member 6"
"2397","RASSF9","241470_x_at",3.8e-08,7.01e-09,-6.1,9.3244438,-0.605,"Ras association domain family member 9","241470_x_at",5.96e-05,9.1e-06,-5.5164488,3.238866,-1.0981444,"Ras association domain family member 9"
"2398","RBBP4","239071_at",6.14e-13,6.54e-14,-8.18,20.7172287,-0.955,"RB binding protein 4, chromatin remodeling factor","239071_at",0.000169,3.15e-05,-5.0398373,2.00587,-0.65052081,"RB binding protein 4, chromatin remodeling factor"
"2399","RBBP6","1552329_at",2.67e-37,1.86e-39,17.4,79.1628035,2,"RB binding protein 6, ubiquitin ligase","223802_s_at",1.54e-07,5.8e-09,-8.5372959,10.586374,-0.90990338,"RB binding protein 6, ubiquitin ligase"
"2400","RBKS","219222_at",3.8e-10,5.59e-11,7.01,14.0624618,1.14,"ribokinase","57540_at",2.6e-05,3.39e-06,5.8992281,4.221739,0.63970462,"ribokinase"
"2401","RBL1","205296_at",7.31e-12,8.76e-13,7.74,18.1558746,0.76,"RB transcriptional corepressor like 1","1555004_a_at",0.000251,5.01e-05,4.8628228,1.547085,0.68888515,"RB transcriptional corepressor like 1"
"2402","RBM14","239635_at",5.03e-06,1.2e-06,-5.04,4.3236157,-0.625,"RNA binding motif protein 14","239635_at",1.24e-06,8.16e-08,-7.3985602,7.943238,-1.34463697,"RNA binding motif protein 14"
"2403","RBM14-RBM4","200997_at",1.46e-09,2.29e-10,6.75,12.6777959,0.594,"RBM14-RBM4 readthrough///RNA binding motif protein 4","235511_at",3.9e-06,3.43e-07,-6.8084625,6.507826,-0.95326156,"RBM14-RBM4 readthrough///RNA binding motif protein 4"
"2404","RBM15","1555760_a_at",0.000178,5.18e-05,4.15,0.7018523,0.926,"RNA binding motif protein 15","228455_at",1.33e-06,8.99e-08,-7.3582907,7.846645,-1.08010822,"RNA binding motif protein 15"
"2405","RBM20","238763_at",4.2e-15,3.52e-16,-9.04,25.8842966,-1.28,"RNA binding motif protein 20","238763_at",0.000812,0.000198,-4.3375725,0.191058,-1.35401484,"RNA binding motif protein 20"
"2406","RBM26-AS1","1568807_a_at",3.24e-13,3.35e-14,-8.29,21.3776718,-1.36,"RBM26 antisense RNA 1","1568807_a_at",0.0039,0.00126,-3.6225337,-1.61209,-0.67072074,"RBM26 antisense RNA 1"
"2407","RBM33","1554095_at",6.36e-12,7.58e-13,7.76,18.2987369,1.23,"RNA binding motif protein 33","238801_at",0.0189,0.00803,-2.8749583,-3.37694,-0.65321824,"RNA binding motif protein 33"
"2408","RBM39","227223_at",2.1e-11,2.66e-12,-7.55,17.0614412,-0.933,"RNA binding motif protein 39","227223_at",0.00396,0.00129,-3.6151357,-1.630298,-0.79933519,"RNA binding motif protein 39"
"2409","RBM41","232860_x_at",6.39e-16,4.9e-17,9.36,27.8381122,0.768,"RNA binding motif protein 41","219754_at",0.000126,2.22e-05,-5.174003,2.353526,-0.71174537,"RNA binding motif protein 41"
"2410","RBM5","230742_at",1.18e-06,2.6e-07,-5.37,5.8006185,-0.839,"RNA binding motif protein 5","209936_at",7.27e-05,1.15e-05,-5.4250049,3.002868,-1.12052301,"RNA binding motif protein 5"
"2411","RBMS2","225776_at",3.76e-21,1.6e-22,-11.3,40.3708854,-0.856,"RNA binding motif single stranded interacting protein 2","34187_at",2.65e-05,3.46e-06,5.8906805,4.199897,0.75971651,"RNA binding motif single stranded interacting protein 2"
"2412","RBPMS","207837_at",3.37e-11,4.38e-12,-7.46,16.5699182,-1.21,"RNA binding protein with multiple splicing","209488_s_at",9.24e-07,5.61e-08,7.5551632,8.316909,0.94544188,"RNA binding protein with multiple splicing"
"2413","RC3H1","228996_at",5.18e-30,7.94e-32,14.6,61.6779419,2.23,"ring finger and CCCH-type domains 1","215109_at",1.83e-06,1.34e-07,-7.1937336,7.449807,-1.49781802,"ring finger and CCCH-type domains 1"
"2414","RC3H2","220202_s_at",1.66e-23,5.45e-25,12.2,46.0207147,1.94,"ring finger and CCCH-type domains 2","220201_at",0.000246,4.88e-05,4.8727832,1.572894,0.63336762,"ring finger and CCCH-type domains 2"
"2415","RDH12","242998_at",9.31e-17,6.53e-18,9.68,29.8356005,1.51,"retinol dehydrogenase 12 (all-trans/9-cis/11-cis)","242998_at",0.000549,0.000125,-4.5143283,0.645812,-1.10475863,"retinol dehydrogenase 12 (all-trans/9-cis/11-cis)"
"2416","RDH13","225467_s_at",1.15e-09,1.78e-10,6.8,12.9240815,0.612,"retinol dehydrogenase 13","225467_s_at",8.4e-06,8.63e-07,-6.4378382,5.585748,-0.87394815,"retinol dehydrogenase 13"
"2417","RDH5","236291_at",9.88e-14,9.67e-15,-8.5,22.6066022,-1.41,"retinol dehydrogenase 5","236291_at",0.000224,4.36e-05,-4.915561,1.683753,-0.81098856,"retinol dehydrogenase 5"
"2418","REC8","218599_at",4.41e-20,2.14e-21,10.9,37.7968224,1.65,"REC8 meiotic recombination protein","218599_at",8.63e-05,1.42e-05,5.3457034,2.797929,0.8670093,"REC8 meiotic recombination protein"
"2419","REPS1","215201_at",5.39e-10,8.07e-11,-6.94,13.7015166,-1.15,"RALBP1 associated Eps domain containing 1","215201_at",8.79e-09,1.31e-10,-10.3170042,14.36556,-1.38244864,"RALBP1 associated Eps domain containing 1"
"2420","RERGL","220276_at",2.23e-19,1.16e-20,-10.7,36.1168638,-2.15,"RERG like","220276_at",0.00116,0.000303,-4.1758299,-0.222779,-1.73452844,"RERG like"
"2421","REV3L","238736_at",8.84e-15,7.66e-16,-8.92,25.1157331,-1.29,"REV3 like, DNA directed polymerase zeta catalytic subunit","238736_at",5.24e-05,7.79e-06,-5.5764572,3.393521,-1.42020269,"REV3 like, DNA directed polymerase zeta catalytic subunit"
"2422","RFESD","239142_at",3.4e-08,6.23e-09,-6.12,9.4402489,-0.735,"Rieske Fe-S domain containing","239142_at",4.79e-05,7.01e-06,-5.6170163,3.497944,-0.73456415,"Rieske Fe-S domain containing"
"2423","RFK","203225_s_at",2.08e-11,2.64e-12,7.55,17.0688908,0.849,"riboflavin kinase","203225_s_at",1.42e-05,1.63e-06,6.1851152,4.94895,0.64473414,"riboflavin kinase"
"2424","RFX2","242966_x_at",1.97e-08,3.52e-09,-6.23,9.9995654,-0.675,"regulatory factor X2","242966_x_at",3.67e-05,5.1e-06,-5.7404189,3.815074,-1.15754974,"regulatory factor X2"
"2425","RFX3","230403_at",8.89e-12,1.08e-12,-7.7,17.9508794,-0.995,"regulatory factor X3","243868_at",0.00265,0.000802,-3.7996774,-1.172808,-0.68097978,"regulatory factor X3"
"2426","RFX5","202964_s_at",1.54e-12,1.72e-13,8.02,19.7647101,1.05,"regulatory factor X5","202964_s_at",3.29e-08,7.66e-10,9.4630183,12.605473,1.07065704,"regulatory factor X5"
"2427","RGMB","227340_s_at",1.52e-12,1.69e-13,-8.02,19.7813603,-1.15,"repulsive guidance molecule family member b","227339_at",0.000708,0.000168,-4.4006646,0.353121,-0.59792377,"repulsive guidance molecule family member b"
"2428","RGPD2","242712_x_at",4e-10,5.91e-11,-7,14.0087377,-0.912,"RANBP2-like and GRIP domain containing 2///RANBP2-like and GRIP domain containing 6///RANBP2-like and GRIP domain containing 8///RANBP2-like and GRIP domain containing 3///RANBP2-like and GRIP domain containing 1///RANBP2-like and GRIP domain containing 4///RANBP2-like and GRIP domain containing 5///RAN binding protein 2","235597_s_at",0.000233,4.58e-05,4.8967704,1.635055,0.9654668,"RANBP2-like and GRIP domain containing 2///RANBP2-like and GRIP domain containing 1"
"2429","RGS1","202988_s_at",6.59e-35,5.87e-37,16.5,73.4358763,4.01,"regulator of G-protein signaling 1","202988_s_at",0.000149,2.71e-05,5.0975959,2.155562,1.98407844,"regulator of G-protein signaling 1"
"2430","RGS12","205823_at",3.34e-19,1.78e-20,10.6,35.6952827,1.17,"regulator of G-protein signaling 12","242079_at",2.84e-09,2.47e-11,-11.1638594,16.017334,-1.74147013,"regulator of G-protein signaling 12"
"2431","RGS18","223809_at",1.46e-09,2.3e-10,6.75,12.67423,1.33,"regulator of G-protein signaling 18","223809_at",0.000698,0.000165,4.4070157,0.369451,1.10701151,"regulator of G-protein signaling 18"
"2432","RGS19","204336_s_at",2.52e-08,4.56e-09,6.18,9.7444698,1.16,"regulator of G-protein signaling 19","204336_s_at",4.75e-07,2.44e-08,7.9095191,9.15064,1.07111173,"regulator of G-protein signaling 19"
"2433","RGS22","223691_at",2.21e-08,3.97e-09,-6.21,9.8800915,-1.27,"regulator of G-protein signaling 22","223691_at",0.000295,6.04e-05,-4.79186,1.363255,-0.87313816,"regulator of G-protein signaling 22"
"2434","RHBDF2","219202_at",1.11e-22,3.96e-24,11.9,44.0473138,1.14,"rhomboid 5 homolog 2","219202_at",0.00125,0.000329,4.1436383,-0.304823,0.69517968,"rhomboid 5 homolog 2"
"2435","RHBDL2","1552502_s_at",1.16e-17,7.31e-19,10,32.0063551,1.64,"rhomboid like 2","1554897_s_at",2.67e-06,2.14e-07,-7.0004771,6.979503,-1.40755408,"rhomboid like 2"
"2436","RHBG","220510_at",1.56e-05,3.94e-06,4.77,3.171186,0.755,"Rh family B glycoprotein (gene/pseudogene)","220510_at",5.82e-07,3.16e-08,-7.7990707,8.892554,-1.13401704,"Rh family B glycoprotein (gene/pseudogene)"
"2437","RHCG","219554_at",1.7e-52,1.55e-55,23.7,115.955873,6.3,"Rh family C glycoprotein","219554_at",0.00368,0.00118,3.6496034,-1.545369,2.72284597,"Rh family C glycoprotein"
"2438","RHD","210429_at",1.52e-11,1.89e-12,-7.61,17.3957844,-0.905,"Rh blood group D antigen","210429_at",0.000976,0.000246,-4.2550815,-0.020321,-1.00128526,"Rh blood group D antigen"
"2439","RHEB","243008_at",1.79e-18,1.04e-19,-10.3,33.942796,-1.27,"Ras homolog enriched in brain","243008_at",2.07e-06,1.57e-07,-7.1277081,7.289639,-1.5140927,"Ras homolog enriched in brain"
"2440","RHOBTB1","212651_at",4.65e-08,8.66e-09,-6.06,9.1176472,-0.761,"Rho related BTB domain containing 1","212651_at",3.19e-05,4.33e-06,5.8039323,3.977922,0.66261544,"Rho related BTB domain containing 1"
"2441","RHOC","200885_at",8.18e-14,7.93e-15,-8.53,22.8022713,-0.795,"ras homolog family member C","235742_at",6.25e-05,9.65e-06,-5.4938374,3.180546,-0.82603494,"ras homolog family member C"
"2442","RHOD","31846_at",2.94e-11,3.78e-12,7.48,16.7133555,1.1,"ras homolog family member D","209885_at",0.000413,8.97e-05,-4.6406898,0.97208,-0.69563527,"ras homolog family member D"
"2443","RHOF","219045_at",8.51e-14,8.27e-15,8.53,22.7613276,1.33,"ras homolog family member F, filopodia associated","222812_s_at",7.02e-06,6.97e-07,6.5233661,5.799832,0.9533192,"ras homolog family member F, filopodia associated"
"2444","RHOG","203175_at",4.3e-22,1.65e-23,11.7,42.6318599,1.41,"ras homolog family member G","203175_at",9.9e-07,6.13e-08,7.518457,8.229607,0.94604577,"ras homolog family member G"
"2445","RHOJ","238906_s_at",2.79e-10,4.03e-11,-7.07,14.3841838,-0.994,"ras homolog family member J","235131_at",0.000136,2.44e-05,5.1383518,2.261168,0.66570148,"ras homolog family member J"
"2446","RICTOR","228248_at",2.85e-11,3.67e-12,-7.49,16.7436675,-0.896,"RPTOR independent companion of MTOR complex 2","1552734_at",0.000114,1.97e-05,-5.2204625,2.473848,-0.61016231,"RPTOR independent companion of MTOR complex 2"
"2447","RIF1","236620_at",2.02e-07,4.05e-08,-5.75,7.6130012,-0.608,"replication timing regulatory factor 1","226821_at",2.03e-05,2.52e-06,-6.0157747,4.519006,-0.73583595,"replication timing regulatory factor 1"
"2448","RIMS3","204730_at",2.41e-15,1.97e-16,9.14,26.458773,1.09,"regulating synaptic membrane exocytosis 3","210991_s_at",0.0116,0.00452,3.1123651,-2.835311,0.71311354,"regulating synaptic membrane exocytosis 3"
"2449","RIOK3","202129_s_at",3.98e-12,4.64e-13,7.85,18.7829381,0.791,"RIO kinase 3","215588_x_at",1.35e-06,9.11e-08,-7.352722,7.833271,-0.74089258,"RIO kinase 3"
"2450","RIPK4","221215_s_at",1.23e-14,1.08e-15,8.86,24.7719377,0.895,"receptor interacting serine/threonine kinase 4","221215_s_at",0.00353,0.00112,-3.6687169,-1.498166,-0.96809016,"receptor interacting serine/threonine kinase 4"
"2451","RIT1","209882_at",3.08e-41,1.27e-43,18.9,88.7021676,3.35,"Ras like without CAAX 1","209882_at",2.99e-08,6.72e-10,9.5248138,12.736104,1.02315517,"Ras like without CAAX 1"
"2452","RMI2","226456_at",2.44e-17,1.6e-18,9.91,31.2297921,1.2,"RecQ mediated genome instability 2","226456_at",0.000138,2.46e-05,-5.1340304,2.249971,-0.62791996,"RecQ mediated genome instability 2"
"2453","RMND5A","212478_at",2.76e-28,5.26e-30,14,57.5052284,1.58,"required for meiotic nuclear division 5 homolog A","212478_at",3e-04,6.17e-05,-4.7835674,1.341779,-0.71266685,"required for meiotic nuclear division 5 homolog A"
"2454","RNASE4","213397_x_at",1.43e-39,7.37e-42,-18.3,84.6631709,-1.21,"ribonuclease A family member 4","205158_at",0.00132,0.000353,-4.1166715,-0.373459,-0.70784752,"ribonuclease A family member 4"
"2455","RNASE7","234699_at",1.11e-22,3.97e-24,11.9,44.0452189,4.21,"ribonuclease A family member 7","234699_at",0.0247,0.011,-2.7400793,-3.674971,-0.99312496,"ribonuclease A family member 7"
"2456","RNF112","223603_at",1.94e-06,4.39e-07,-5.26,5.2945293,-0.586,"ring finger protein 112","223603_at",2.41e-06,1.9e-07,-7.0499498,7.100329,-0.70681835,"ring finger protein 112"
"2457","RNF128","219263_at",2.64e-16,1.94e-17,-9.51,28.7549967,-1.28,"ring finger protein 128, E3 ubiquitin protein ligase","219263_at",1.68e-07,6.47e-09,-8.488509,10.476717,-1.79215744,"ring finger protein 128, E3 ubiquitin protein ligase"
"2458","RNF141","219104_at",1.13e-12,1.24e-13,8.07,20.084179,1.22,"ring finger protein 141","226106_at",1.65e-08,2.98e-10,-9.9126666,13.544286,-0.7664815,"ring finger protein 141"
"2459","RNF144B","235549_at",6e-13,6.39e-14,8.18,20.7403605,1.35,"ring finger protein 144B","235549_at",0.0192,0.00816,2.868025,-3.392441,0.59453529,"ring finger protein 144B"
"2460","RNF175","236465_at",1.93e-07,3.86e-08,5.76,7.6589387,0.831,"ring finger protein 175","236465_at",0.000316,6.53e-05,4.7616051,1.284911,0.81863705,"ring finger protein 175"
"2461","RNF182","230720_at",1.24e-06,2.74e-07,-5.36,5.751885,-0.733,"ring finger protein 182","230720_at",0.00822,0.00302,3.2761856,-2.450418,0.96069924,"ring finger protein 182"
"2462","RNF19B","36564_at",6.49e-21,2.85e-22,11.3,39.7998315,1.13,"ring finger protein 19B","36564_at",0.000366,7.79e-05,4.6943512,1.110851,0.74235005,"ring finger protein 19B"
"2463","RNF213","233880_at",8.13e-06,1.98e-06,4.93,3.834299,0.618,"ring finger protein 213","232155_at",1.71e-05,2.05e-06,6.095338,4.721317,1.04341286,"ring finger protein 213"
"2464","RNF216","218426_s_at",2.26e-10,3.23e-11,7.1,14.6016004,0.595,"ring finger protein 216","218426_s_at",3.94e-06,3.47e-07,6.8034594,6.495479,0.66470456,"ring finger protein 216"
"2465","RNF217","235492_at",4.78e-07,1e-07,5.57,6.7268552,1.11,"ring finger protein 217","232100_at",0.000103,1.74e-05,-5.2664099,2.592795,-0.77999645,"ring finger protein 217"
"2466","RNF39","219916_s_at",1.08e-08,1.86e-09,6.36,10.6230882,0.819,"ring finger protein 39","219916_s_at",5.74e-06,5.46e-07,-6.6211261,6.0436,-1.59344148,"ring finger protein 39"
"2467","RNMT","202684_s_at",6.37e-31,8.77e-33,15,63.8705375,2.04,"RNA guanine-7 methyltransferase","202684_s_at",1.55e-05,1.81e-06,6.1440706,4.844967,0.62062975,"RNA guanine-7 methyltransferase"
"2468","RNPC3","226975_at",1.1e-09,1.71e-10,-6.8,12.9637522,-1.16,"RNA binding region (RNP1, RRM) containing 3","226975_at",0.00137,0.000369,-4.1000044,-0.415837,-0.73952748,"RNA binding region (RNP1, RRM) containing 3"
"2469","RORA","226682_at",1.42e-14,1.26e-15,-8.84,24.6257053,-0.72,"RAR related orphan receptor A","226682_at",6.59e-09,8.67e-11,-10.5216212,14.773035,-1.55030353,"RAR related orphan receptor A"
"2470","RORA-AS1","1562682_at",4.47e-10,6.62e-11,-6.98,13.8960607,-1.84,"RORA antisense RNA 1","240163_at",2.77e-06,2.25e-07,-6.9806611,6.931026,-0.97227779,"RORA antisense RNA 1"
"2471","RORC","228806_at",2.68e-49,4.06e-52,-22.3,108.1427674,-1.92,"RAR related orphan receptor C","228806_at",2.99e-05,4.01e-06,-5.8336654,4.054065,-1.33695779,"RAR related orphan receptor C"
"2472","RPAIN","216962_at",1.17e-07,2.28e-08,5.87,8.1738589,0.816,"RPA interacting protein","1558719_s_at",2.05e-06,1.55e-07,-7.1338507,7.304562,-1.09365711,"RPA interacting protein"
"2473","RPL23AP32","207283_at",4.06e-27,9.01e-29,-13.5,54.6794508,-1.58,"ribosomal protein L23a pseudogene 32","207283_at",0.000392,8.45e-05,-4.6636551,1.031456,-0.75069487,"ribosomal protein L23a pseudogene 32"
"2474","RPL32P3","226877_at",4.93e-08,9.21e-09,-6.05,9.0574603,-0.703,"ribosomal protein L32 pseudogene 3","235314_at",5.97e-05,9.12e-06,-5.5155377,3.236517,-0.8042681,"ribosomal protein L32 pseudogene 3"
"2475","RPN2","208689_s_at",3.69e-16,2.76e-17,9.45,28.4060461,0.613,"ribophorin II","208689_s_at",2.08e-07,8.46e-09,8.3696814,10.208272,0.66009109,"ribophorin II"
"2476","RPRD1A","218209_s_at",1.89e-26,4.52e-28,13.3,53.0744733,2.22,"regulation of nuclear pre-mRNA domain containing 1A","228566_at",6.88e-05,1.08e-05,-5.4506538,3.0691,-0.80514952,"regulation of nuclear pre-mRNA domain containing 1A"
"2477","RPRML","1554655_a_at",2.67e-10,3.85e-11,-7.07,14.429022,-0.862,"reprimo like","1554655_a_at",7.71e-06,7.8e-07,-6.4782178,5.686916,-0.94346011,"reprimo like"
"2478","RPS15A","229882_at",4.35e-14,4.06e-15,8.64,23.4640695,1.48,"ribosomal protein S15a","235309_at",0.00366,0.00117,-3.6521673,-1.539042,-0.78476644,"ribosomal protein S15a"
"2479","RPS28","208902_s_at",1.7e-14,1.51e-15,-8.81,24.4422584,-0.64,"ribosomal protein S28","208903_at",1.42e-05,1.64e-06,-6.1839376,4.945969,-0.78633721,"ribosomal protein S28"
"2480","RPS6KA6","228503_at",7.92e-06,1.93e-06,-4.93,3.8615868,-0.613,"ribosomal protein S6 kinase A6","220738_s_at",0.000337,7.05e-05,-4.7325653,1.209736,-0.7926924,"ribosomal protein S6 kinase A6"
"2481","RRAGD","221523_s_at",2.17e-11,2.76e-12,-7.54,17.0261858,-1.03,"Ras related GTP binding D","221523_s_at",0.000406,8.79e-05,-4.6483143,0.991791,-0.61324281,"Ras related GTP binding D"
"2482","RRM1","201476_s_at",3.1e-10,4.51e-11,7.04,14.2732098,0.83,"ribonucleotide reductase catalytic subunit M1","201476_s_at",0.000592,0.000136,-4.480903,0.559652,-0.68231685,"ribonucleotide reductase catalytic subunit M1"
"2483","RRM2","209773_s_at",5.31e-46,1.28e-48,20.9,100.1384917,4.99,"ribonucleotide reductase regulatory subunit M2","209773_s_at",0.000205,3.94e-05,4.9541739,1.783831,1.22537008,"ribonucleotide reductase regulatory subunit M2"
"2484","RRN3P3","238413_at",1.3e-19,6.6e-21,-10.8,36.6782092,-1.45,"RRN3 homolog, RNA polymerase I transcription factor pseudogene 3","238413_at",0.000199,3.8e-05,-4.9684088,1.820728,-0.74306987,"RRN3 homolog, RNA polymerase I transcription factor pseudogene 3"
"2485","RSAD2","213797_at",1.82e-39,9.56e-42,18.2,84.405198,5.42,"radical S-adenosyl methionine domain containing 2","213797_at",1.69e-06,1.2e-07,7.2367824,7.553947,1.74893325,"radical S-adenosyl methionine domain containing 2"
"2486","RSBN1","222790_s_at",1.53e-10,2.14e-11,-7.18,15.0054691,-0.869,"round spermatid basic protein 1","222791_at",0.0474,0.0238,-2.4034457,-4.383021,-0.65081382,"round spermatid basic protein 1"
"2487","RSF1","235381_at",1.13e-17,7.07e-19,-10,32.0390591,-0.74,"remodeling and spacing factor 1","235381_at",0.000527,0.000119,-4.5327558,0.69334,-0.61883388,"remodeling and spacing factor 1"
"2488","RSPH1","230093_at",1.71e-13,1.72e-14,-8.4,22.0375056,-1.26,"radial spoke head 1 homolog","230093_at",4.81e-07,2.48e-08,-7.9029359,9.135302,-1.39708853,"radial spoke head 1 homolog"
"2489","RSPO1","241450_at",1.29e-08,2.26e-09,-6.32,10.4340827,-1.02,"R-spondin 1","241450_at",1.04e-07,3.45e-09,-8.7697276,11.104337,-1.64667179,"R-spondin 1"
"2490","RTN4","1556049_at",3.86e-21,1.65e-22,-11.3,40.3396498,-1.85,"reticulon 4","1556049_at",1.76e-06,1.27e-07,-7.214279,7.499537,-1.76768109,"reticulon 4"
"2491","RTP4","219684_at",2.26e-44,6.86e-47,20.2,96.1838264,4.1,"receptor transporter protein 4","219684_at",2.42e-08,5.05e-10,9.6601235,13.020343,1.47769866,"receptor transporter protein 4"
"2492","RUFY2","219957_at",5.56e-11,7.39e-12,-7.37,16.0537366,-0.796,"RUN and FYVE domain containing 2","219957_at",0.000284,5.79e-05,-4.8076207,1.404075,-0.86566461,"RUN and FYVE domain containing 2"
"2493","RUFY3","213939_s_at",1.98e-18,1.15e-19,-10.3,33.8396221,-0.659,"RUN and FYVE domain containing 3","210251_s_at",0.000212,4.08e-05,-4.9408177,1.749213,-0.60153401,"RUN and FYVE domain containing 3"
"2494","RXRA","202426_s_at",7.63e-11,1.03e-11,7.31,15.72529,0.805,"retinoid X receptor alpha","202449_s_at",5.6e-09,6.68e-11,-10.6524779,15.030797,-0.90327217,"retinoid X receptor alpha"
"2495","RYR3","206306_at",1.39e-05,3.48e-06,-4.8,3.2915436,-0.779,"ryanodine receptor 3","206306_at",0.00145,0.000394,-4.0744163,-0.480831,-0.79462674,"ryanodine receptor 3"
"2496","S100A1","205334_at",5.39e-15,4.58e-16,-9,25.625003,-1.41,"S100 calcium binding protein A1","205334_at",0.016,0.00661,-2.9558827,-3.194638,-0.98529993,"S100 calcium binding protein A1"
"2497","S100A12","205863_at",3.31e-84,6.06e-89,40.6,191.7651815,9.8,"S100 calcium binding protein A12","205863_at",6.62e-05,1.03e-05,5.4671137,3.111589,3.11453203,"S100 calcium binding protein A12"
"2498","S100A14","218677_at",3.49e-07,7.21e-08,5.63,7.049589,0.613,"S100 calcium binding protein A14","218677_at",0.00219,0.000639,-3.8876687,-0.952461,-0.73141484,"S100 calcium binding protein A14"
"2499","S100A7A","232220_at",1.13e-67,2.47e-71,30.9,151.9540474,8.22,"S100 calcium binding protein A7A","232170_at",0.00105,0.000268,4.2231559,-0.101957,3.29964061,"S100 calcium binding protein A7A"
"2500","S100A8","202917_s_at",2.01e-35,1.69e-37,16.7,74.6756451,1.52,"S100 calcium binding protein A8","214370_at",0.000716,0.000171,4.3954757,0.33978,0.92942154,"S100 calcium binding protein A8"
"2501","S100A9","203535_at",3.31e-43,1.14e-45,19.7,93.3906425,5.35,"S100 calcium binding protein A9","203535_at",8.67e-05,1.43e-05,5.3435076,2.792251,2.39319307,"S100 calcium binding protein A9"
"2502","S100P","204351_at",1.55e-14,1.37e-15,8.82,24.5374861,1.74,"S100 calcium binding protein P","204351_at",0.0459,0.0229,2.4210507,-4.347379,1.07976097,"S100 calcium binding protein P"
"2503","S1PR1","204642_at",1.03e-12,1.13e-13,-8.09,20.1788919,-0.659,"sphingosine-1-phosphate receptor 1","204642_at",3.68e-06,3.2e-07,6.836001,6.575735,0.85698075,"sphingosine-1-phosphate receptor 1"
"2504","SAA2","214456_x_at",4.18e-08,7.74e-09,6.08,9.2273521,1.36,"serum amyloid A2///serum amyloid A1","214456_x_at",0.0427,0.021,2.4599364,-4.268082,1.00815761,"serum amyloid A2///serum amyloid A1"
"2505","SAMD4A","212845_at",3.39e-24,1.04e-25,-12.5,47.6686962,-1.06,"sterile alpha motif domain containing 4A","215495_s_at",7.38e-05,1.18e-05,5.417852,2.984393,1.03496929,"sterile alpha motif domain containing 4A"
"2506","SAMD9","219691_at",3.11e-58,1.42e-61,26.3,129.7384554,5.1,"sterile alpha motif domain containing 9","228531_at",3.79e-07,1.83e-08,8.0336166,9.438677,1.37613361,"sterile alpha motif domain containing 9"
"2507","SAMD9L","226603_at",2.66e-23,8.87e-25,12.1,45.5351765,2.33,"sterile alpha motif domain containing 9 like","226603_at",2.26e-07,9.37e-09,8.3248796,10.10656,1.52697555,"sterile alpha motif domain containing 9 like"
"2508","SAMHD1","204502_at",6.92e-14,6.64e-15,8.56,22.9786776,1.63,"SAM and HD domain containing deoxynucleoside triphosphate triphosphohydrolase 1","204502_at",8.29e-05,1.35e-05,5.3643399,2.846112,1.02262602,"SAM and HD domain containing deoxynucleoside triphosphate triphosphohydrolase 1"
"2509","SAMSN1","220330_s_at",4.84e-28,9.5e-30,13.9,56.917562,3.32,"SAM domain, SH3 domain and nuclear localization signals 1","1555638_a_at",4.33e-10,1.31e-12,12.7716287,18.91424,2.36015927,"SAM domain, SH3 domain and nuclear localization signals 1"
"2510","SAP18","208741_at",2.41e-29,4.03e-31,-14.4,60.0628133,-1.02,"Sin3A associated protein 18","208741_at",4.03e-06,3.57e-07,-6.7925946,6.468656,-0.6042521,"Sin3A associated protein 18"
"2511","SAP30L","226772_s_at",2.09e-14,1.88e-15,8.77,24.2250697,1.04,"SAP30 like","232135_at",0.000118,2.05e-05,-5.2046988,2.433028,-0.77787162,"SAP30 like"
"2512","SAPCD1-AS1","230096_at",1.57e-10,2.21e-11,-7.17,14.977362,-1.01,NA,"230096_at",0.000236,4.64e-05,-4.8917902,1.622148,-0.823789,NA
"2513","SAR1A","210790_s_at",8.46e-16,6.6e-17,9.31,27.5432972,1.18,"secretion associated Ras related GTPase 1A","210790_s_at",4.92e-06,4.53e-07,6.6963274,6.230417,0.95999018,"secretion associated Ras related GTPase 1A"
"2514","SAR1B","223512_at",5.12e-20,2.5e-21,10.9,37.6418083,2.13,"secretion associated Ras related GTPase 1B","1554482_a_at",0.00162,0.00045,4.0232127,-0.610636,0.60992557,"secretion associated Ras related GTPase 1B"
"2515","SASH1","213236_at",4.44e-05,1.19e-05,-4.51,2.1082628,-0.607,"SAM and SH3 domain containing 1","41644_at",0.00106,0.000271,-4.2189832,-0.112619,-0.58772525,"SAM and SH3 domain containing 1"
"2516","SASH3","204923_at",1.99e-15,1.61e-16,9.17,26.6594643,1.56,"SAM and SH3 domain containing 3","204923_at",1.39e-10,2.34e-13,13.7882399,20.597975,2.11701297,"SAM and SH3 domain containing 3"
"2517","SBF2","233914_s_at",1.89e-13,1.91e-14,-8.39,21.93283,-0.658,"SET binding factor 2","233914_s_at",1.29e-05,1.46e-06,-6.2293478,5.06084,-1.55806165,"SET binding factor 2"
"2518","SBNO1","218737_at",1.8e-13,1.82e-14,8.39,21.9808688,0.857,"strawberry notch homolog 1","216161_at",2.16e-05,2.71e-06,-5.9860189,4.443211,-0.89733339,"strawberry notch homolog 1"
"2519","SBNO2","204166_at",1.91e-25,5.05e-27,12.9,50.6749101,1.78,"strawberry notch homolog 2","204166_at",0.000549,0.000125,4.514369,0.645917,0.94779049,"strawberry notch homolog 2"
"2520","SBSN","235272_at",9.52e-10,1.46e-10,6.83,13.1166882,0.594,"suprabasin","235272_at",0.000404,8.73e-05,-4.6511566,0.999139,-0.62419227,"suprabasin"
"2521","SCAF11","1570507_at",1.22e-07,2.38e-08,-5.86,8.1290047,-0.734,"SR-related CTD associated factor 11","232597_x_at",4.32e-05,6.2e-06,-5.6648979,3.621102,-0.59329966,"SR-related CTD associated factor 11"
"2522","SCAF4","243759_at",8.09e-08,1.55e-08,-5.94,8.5497742,-1.36,"SR-related CTD associated factor 4","222311_s_at",0.000188,3.54e-05,-4.9951242,1.889975,-0.85076424,"SR-related CTD associated factor 4"
"2523","SCAI","214997_at",2.77e-11,3.56e-12,-7.5,16.7744591,-1.15,"suppressor of cancer cell invasion","214997_at",0.00174,0.000489,-3.9913494,-0.691233,-0.6168732,"suppressor of cancer cell invasion"
"2524","SCAMP1","1552978_a_at",0.000382,0.000116,3.95,-0.0675045,0.587,"secretory carrier membrane protein 1","212425_at",2.9e-07,1.3e-08,-8.18241,9.781304,-0.65384038,"secretory carrier membrane protein 1"
"2525","SCAPER","216399_s_at",2.29e-21,9.59e-23,11.4,40.8817384,1.49,"S-phase cyclin A associated protein in the ER","215848_at",0.0099,0.00375,-3.1885789,-2.657293,-0.80305847,"S-phase cyclin A associated protein in the ER"
"2526","SCARA5","229839_at",3.22e-07,6.61e-08,-5.65,7.133975,-1.1,"scavenger receptor class A member 5","229839_at",0.000462,0.000102,-4.5904115,0.842166,-1.28569176,"scavenger receptor class A member 5"
"2527","SCARB1","1552256_a_at",4.27e-06,1.01e-06,-5.08,4.4898596,-0.703,"scavenger receptor class B member 1","232421_at",0.016,0.0066,-2.9566016,-3.193007,-0.59842274,"scavenger receptor class B member 1"
"2528","SCEL","232056_at",9.89e-17,6.95e-18,-9.67,29.7737077,-0.875,"sciellin","232056_at",2.26e-06,1.74e-07,-7.0841508,7.183684,-1.6306119,"sciellin"
"2529","SCIN","1552365_at",7.79e-26,1.97e-27,-13.1,51.6123981,-2.54,"scinderin","1552367_a_at",6.87e-05,1.08e-05,-5.4512626,3.070672,-1.14189221,"scinderin"
"2530","SCML1","222747_s_at",4.4e-08,8.17e-09,-6.07,9.1748052,-0.968,"sex comb on midleg-like 1 (Drosophila)","222747_s_at",6.59e-05,1.03e-05,-5.4698395,3.118624,-0.59087961,"sex comb on midleg-like 1 (Drosophila)"
"2531","SCN3B","204722_at",2.86e-07,5.84e-08,-5.68,7.2558908,-0.625,"sodium voltage-gated channel beta subunit 3","204722_at",7.8e-05,1.26e-05,-5.3923257,2.918444,-0.80755313,"sodium voltage-gated channel beta subunit 3"
"2532","SCN7A","228504_at",1.43e-22,5.16e-24,-11.9,43.7853427,-2.08,"sodium voltage-gated channel alpha subunit 7","228504_at",0.000924,0.000231,-4.279721,0.042751,-1.67815615,"sodium voltage-gated channel alpha subunit 7"
"2533","SCNN1G","241436_at",1.76e-16,1.27e-17,9.58,29.1726494,1.76,"sodium channel epithelial 1 gamma subunit","241436_at",0.0433,0.0213,-2.452863,-4.282564,-0.6870045,"sodium channel epithelial 1 gamma subunit"
"2534","SCO2","205241_at",2.72e-37,1.9e-39,17.4,79.1403747,3.17,"SCO2 cytochrome c oxidase assembly protein","205241_at",0.00111,0.000285,4.1983543,-0.165304,0.77266244,"SCO2 cytochrome c oxidase assembly protein"
"2535","SCTR","1565738_at",7.19e-05,1.98e-05,-4.39,1.6194785,-0.679,"secretin receptor","1565738_at",0.0154,0.00629,-2.9763048,-3.14824,-0.79144237,"secretin receptor"
"2536","SCUBE3","217600_at",1.58e-09,2.48e-10,-6.73,12.597659,-0.892,"signal peptide, CUB domain and EGF like domain containing 3","217600_at",0.0132,0.00526,-3.0502993,-2.978861,-0.785924,"signal peptide, CUB domain and EGF like domain containing 3"
"2537","SCYL3","205607_s_at",7.78e-11,1.05e-11,7.3,15.7047811,0.717,"SCY1 like pseudokinase 3","231111_at",7.32e-07,4.21e-08,-7.6771126,8.605696,-0.5999731,"SCY1 like pseudokinase 3"
"2538","SDC4","202071_at",1.76e-22,6.44e-24,-11.8,43.5643891,-0.936,"syndecan 4","202071_at",1.45e-05,1.68e-06,-6.174406,4.921834,-0.84071835,"syndecan 4"
"2539","SDCBP2-AS1","236520_at",3.29e-16,2.45e-17,-9.47,28.523197,-0.997,"SDCBP2 antisense RNA 1","236520_at",2.53e-06,2.01e-07,-7.0262689,7.04253,-0.99556224,"SDCBP2 antisense RNA 1"
"2540","SDR16C5","238017_at",8.93e-15,7.74e-16,8.92,25.1051302,0.75,"short chain dehydrogenase/reductase family 16C, member 5","238017_at",4.16e-06,3.71e-07,-6.7766281,6.429215,-1.05690729,"short chain dehydrogenase/reductase family 16C, member 5"
"2541","SDR42E1","229522_at",6.7e-16,5.15e-17,9.35,27.7883048,1.24,"short chain dehydrogenase/reductase family 42E, member 1","229522_at",7.79e-06,7.9e-07,-6.4734258,5.674918,-1.37939649,"short chain dehydrogenase/reductase family 42E, member 1"
"2542","SDR9C7","1553077_at",1.08e-25,2.75e-27,13,51.2798777,3.39,"short chain dehydrogenase/reductase family 9C, member 7","1553077_at",0.000175,3.27e-05,-5.0259153,1.969785,-1.3979358,"short chain dehydrogenase/reductase family 9C, member 7"
"2543","SEC14L1","202083_s_at",2.44e-30,3.58e-32,14.8,62.4714775,2.56,"SEC14 like lipid binding 1","202083_s_at",1.15e-06,7.4e-08,7.4395746,8.041407,1.33002663,"SEC14 like lipid binding 1"
"2544","SEC24A","212902_at",2.44e-30,3.59e-32,14.8,62.4671226,2.59,"SEC24 homolog A, COPII coat complex component","244841_at",7.82e-07,4.56e-08,7.6428503,8.524756,1.54847866,"SEC24 homolog A, COPII coat complex component"
"2545","SEC61A1","222385_x_at",8.04e-27,1.84e-28,13.4,53.9693746,1.88,"Sec61 translocon alpha 1 subunit","222385_x_at",1.66e-08,3.02e-10,9.9062464,13.531071,1.60346242,"Sec61 translocon alpha 1 subunit"
"2546","SEL1L","202064_s_at",1.71e-27,3.58e-29,13.7,55.5969896,2.25,"SEL1L ERAD E3 ligase adaptor subunit","202063_s_at",2.9e-06,2.38e-07,6.9566608,6.872249,1.79265963,"SEL1L ERAD E3 ligase adaptor subunit"
"2547","SEL1L2","209631_s_at",1.44e-05,3.6e-06,4.79,3.2577078,0.708,"SEL1L2 ERAD E3 ligase adaptor subunit///G protein-coupled receptor 37","209631_s_at",0.00111,0.000287,-4.1961473,-0.170938,-0.93069479,"SEL1L2 ERAD E3 ligase adaptor subunit///G protein-coupled receptor 37"
"2548","SEL1L3","212314_at",1.28e-12,1.41e-13,8.05,19.9615201,1.09,"SEL1L family member 3","212311_at",2.42e-09,1.96e-11,11.2852269,16.246692,3.16835547,"SEL1L family member 3"
"2549","SELE","206211_at",1.18e-12,1.3e-13,8.07,20.0407661,2.37,"selectin E","206211_at",0.0043,0.00141,3.5777739,-1.722068,1.16803427,"selectin E"
"2550","SELL","204563_at",7.62e-17,5.31e-18,9.72,30.0406479,1.84,"selectin L","204563_at",4.2e-08,1.07e-09,9.306596,12.272497,2.46097596,"selectin L"
"2551","SELM","226051_at",1.4e-06,3.12e-07,-5.33,5.6259069,-0.668,"selenoprotein M","226051_at",1.25e-08,2.07e-10,10.0904877,13.908118,1.45248916,"selenoprotein M"
"2552","SELP","206049_at",6.4e-06,1.54e-06,4.98,4.0797221,0.961,"selectin P","206049_at",6.82e-06,6.72e-07,6.5377772,5.83583,1.09094669,"selectin P"
"2553","SELPLG","209879_at",3.24e-08,5.93e-09,6.13,9.4876,0.974,"selectin P ligand","209879_at",1.3e-07,4.58e-09,8.6419955,10.820606,1.35171636,"selectin P ligand"
"2554","SELT","217811_at",2.16e-05,5.54e-06,4.69,2.8424632,0.65,"selenoprotein T","217811_at",7.28e-05,1.16e-05,5.4243215,3.001103,0.69381665,"selenoprotein T"
"2555","SEMA3E","206941_x_at",2.23e-25,5.93e-27,-12.9,50.5150865,-2.43,"semaphorin 3E","206941_x_at",1.51e-05,1.75e-06,-6.1571758,4.878184,-2.87883544,"semaphorin 3E"
"2556","SEMA4G","219194_at",2.04e-09,3.25e-10,-6.68,12.3320801,-1.41,"semaphorin 4G","219194_at",4.13e-08,1.04e-09,-9.3178807,12.29663,-1.8018987,"semaphorin 4G"
"2557","SEMA6A","1558338_at",3.83e-06,8.96e-07,-5.1,4.6020215,-0.708,"semaphorin 6A","1558338_at",3.48e-05,4.78e-06,-5.7654874,3.879382,-0.77333056,"semaphorin 6A"
"2558","SENP2","228380_at",3.24e-21,1.37e-22,-11.4,40.5243645,-0.787,"SUMO1/sentrin/SMT3 specific peptidase 2","228380_at",5.4e-09,6.36e-11,-10.6776998,15.080228,-0.8717142,"SUMO1/sentrin/SMT3 specific peptidase 2"
"2559","SENP6","214790_at",2.16e-12,2.44e-13,-7.96,19.4181846,-0.902,"SUMO1/sentrin specific peptidase 6","214790_at",3.73e-06,3.25e-07,-6.8305059,6.562191,-0.65318716,"SUMO1/sentrin specific peptidase 6"
"2560","SEPHS1","208941_s_at",5.47e-12,6.48e-13,7.79,18.4528309,0.707,"selenophosphate synthetase 1","208941_s_at",6.37e-06,6.19e-07,6.5707594,5.918135,0.64361806,"selenophosphate synthetase 1"
"2561","SEPP1","229620_at",7.32e-10,1.11e-10,-6.88,13.3862617,-0.964,"selenoprotein P, plasma, 1","229620_at",0.00107,0.000276,-4.2117783,-0.131025,-0.6998611,"selenoprotein P, plasma, 1"
"2562","SEPTIN11","201307_at",6.87e-21,3.04e-22,-11.2,39.7365628,-1,"septin 11","214293_at",0.000351,7.42e-05,4.7131035,1.15937,0.70095592,"septin 11"
"2563","SEPTIN2","1554747_a_at",7.24e-07,1.55e-07,5.48,6.3035462,1.04,"septin 2","1554747_a_at",1.14e-05,1.25e-06,6.2921697,5.219443,0.77653848,"septin 2"
"2564","SEPTIN4","210657_s_at",6.41e-06,1.54e-06,-4.98,4.0784243,-0.651,"septin 4","210657_s_at",1.8e-06,1.31e-07,7.2022121,7.470335,0.83324251,"septin 4"
"2565","SEPTIN6","212415_at",0.00699,0.0026,3.06,-2.9766294,0.613,"septin 6","212415_at",9.93e-09,1.54e-10,10.2361361,14.20302,1.65410774,"septin 6"
"2566","SEPTIN7","217721_at",5.4e-13,5.72e-14,-8.2,20.8497044,-1.55,"septin 7","244508_at",0.0042,0.00138,-3.5887231,-1.695206,-0.97428706,"septin 7"
"2567","SEPTIN8","226627_at",1.42e-11,1.77e-12,-7.62,17.462867,-0.922,"septin 8","226627_at",0.000157,2.89e-05,-5.0733729,2.092787,-0.61983027,"septin 8"
"2568","SERBP1","217725_x_at",2.04e-29,3.36e-31,14.4,60.2436072,0.928,"SERPINE1 mRNA binding protein 1","228129_at",1.54e-06,1.07e-07,-7.2851302,7.670632,-0.94896817,"SERPINE1 mRNA binding protein 1"
"2569","SERPINA1","211429_s_at",2.14e-37,1.46e-39,17.4,79.4011566,4.23,"serpin family A member 1","202833_s_at",2.29e-10,5.07e-13,13.3236351,19.841899,3.10824108,"serpin family A member 1"
"2570","SERPINA12","1552544_at",0.00195,0.000663,-3.47,-1.7086822,-1.16,"serpin family A member 12","1552544_at",2.03e-06,1.53e-07,-7.1379195,7.314445,-2.6229573,"serpin family A member 12"
"2571","SERPINA3","202376_at",2.38e-14,2.16e-15,8.75,24.0914503,2.93,"serpin family A member 3","202376_at",0.0421,0.0206,2.4676859,-4.252186,1.34573166,"serpin family A member 3"
"2572","SERPINB1","212268_at",4.7e-41,2e-43,18.9,88.2532621,2.41,"serpin family B member 1","212268_at",3.33e-07,1.54e-08,8.108489,9.61146,1.69720142,"serpin family B member 1"
"2573","SERPINB12","1553057_at",3.87e-11,5.05e-12,7.43,16.4299954,1.21,"serpin family B member 12","1553057_at",8.48e-06,8.73e-07,-6.433248,5.574238,-1.72731168,"serpin family B member 12"
"2574","SERPINB2","204614_at",1.55e-11,1.93e-12,7.6,17.3765692,0.88,"serpin family B member 2","204614_at",0.000221,4.29e-05,-4.9217513,1.699796,-1.48067919,"serpin family B member 2"
"2575","SERPINB3","209719_x_at",2.26e-45,5.87e-48,20.6,98.6267003,5.51,"serpin family B member 3","209720_s_at",0.026,0.0117,2.7144654,-3.730702,1.26082522,"serpin family B member 3"
"2576","SERPINB4","211906_s_at",3.53e-68,7.1e-72,31.2,153.1856276,9.6,"serpin family B member 4","211906_s_at",0.000697,0.000165,4.4074017,0.370444,3.45738931,"serpin family B member 4"
"2577","SERPINB6","1556950_s_at",5.09e-09,8.48e-10,-6.51,11.3926446,-1.03,"serpin family B member 6","1556950_s_at",0.000811,0.000198,-4.3381939,0.192653,-0.72329592,"serpin family B member 6"
"2578","SERPINB7","206421_s_at",4.24e-12,4.95e-13,7.84,18.7190212,1.81,"serpin family B member 7","206421_s_at",0.00038,8.13e-05,-4.6783675,1.069505,-1.61909059,"serpin family B member 7"
"2579","SERPINB8","206034_at",2.31e-21,9.7e-23,11.4,40.869647,2.15,"serpin family B member 8","206034_at",2.44e-05,3.14e-06,-5.929217,4.29833,-0.95871833,"serpin family B member 8"
"2580","SERPINB9","242814_at",1.07e-17,6.7e-19,10,32.0929733,1.36,"serpin family B member 9","242814_at",0.000142,2.56e-05,5.1189107,2.210795,1.31532691,"serpin family B member 9"
"2581","SERPINH1","207714_s_at",0.00098,0.000317,-3.68,-1.0156184,-0.764,"serpin family H member 1","207714_s_at",1.54e-08,2.74e-10,9.9537372,13.62869,1.60720622,"serpin family H member 1"
"2582","SERPINI1","205352_at",1.1e-07,2.13e-08,-5.88,8.2370775,-0.678,"serpin family I member 1","205352_at",1.21e-07,4.22e-09,8.6793053,10.903713,1.13432041,"serpin family I member 1"
"2583","SERTAD4","233907_s_at",1.36e-11,1.68e-12,7.63,17.5134475,1.38,"SERTA domain containing 4","229674_at",0.00925,0.00346,-3.2209227,-2.581187,-0.75208599,"SERTA domain containing 4"
"2584","SERTM1","241672_at",0.000271,8.09e-05,-4.04,0.276985,-0.866,"serine rich and transmembrane domain containing 1","241672_at",1.19e-05,1.32e-06,-6.2697541,5.162894,-2.55667676,"serine rich and transmembrane domain containing 1"
"2585","SESN3","242906_at",0.000292,8.73e-05,-4.02,0.2039474,-0.595,"sestrin 3","235683_at",0.00478,0.0016,3.528447,-1.842748,0.82776195,"sestrin 3"
"2586","SETD2","220946_s_at",9.64e-07,2.1e-07,-5.41,6.0107412,-0.876,"SET domain containing 2","220946_s_at",0.00227,0.000666,-3.8716508,-0.992669,-0.60842992,"SET domain containing 2"
"2587","SETD4","213989_x_at",2.7e-12,3.09e-13,7.92,19.1838862,0.663,"SET domain containing 4","219482_at",1.53e-06,1.07e-07,-7.287335,7.675946,-0.77323526,"SET domain containing 4"
"2588","SEZ6L","213609_s_at",2.58e-08,4.66e-09,-6.18,9.7232067,-1.15,"seizure related 6 homolog like","213609_s_at",0.0338,0.0159,-2.5810298,-4.016263,-0.76372975,"seizure related 6 homolog like"
"2589","SF1","1555749_at",0.0365,0.0157,-2.44,-4.6018315,-0.648,"splicing factor 1","210172_at",0.00873,0.00324,-3.2478281,-2.517635,-1.07268695,"splicing factor 1"
"2590","SFPQ","201585_s_at",2.05e-06,4.66e-07,5.24,5.2363363,0.675,"splicing factor proline and glutamine rich","214016_s_at",2.72e-05,3.59e-06,-5.8770297,4.165003,-0.67110288,"splicing factor proline and glutamine rich"
"2591","SFSWAP","202773_s_at",1.11e-05,2.74e-06,-4.85,3.5205909,-0.606,"splicing factor SWAP homolog","202773_s_at",0.000422,9.22e-05,-4.6304716,0.945668,-0.79531794,"splicing factor SWAP homolog"
"2592","SFT2D3","218851_s_at",1.78e-06,4e-07,-5.28,5.3830887,-0.808,"SFT2 domain containing 3///WD repeat domain 33","229141_at",1.33e-06,8.99e-08,-7.3580985,7.846183,-1.20927697,"SFT2 domain containing 3///WD repeat domain 33"
"2593","SFTPD","214199_at",4.16e-06,9.78e-07,5.08,4.5180451,0.736,"surfactant protein D","214199_at",0.00223,0.000654,-3.8787782,-0.974783,-0.77330357,"surfactant protein D"
"2594","SFXN1","218392_x_at",6.13e-31,8.42e-33,15,63.9118136,1.01,"sideroflexin 1","232055_at",3.16e-05,4.28e-06,-5.8086955,3.990125,-1.16745163,"sideroflexin 1"
"2595","SFXN2","227560_at",1.25e-14,1.1e-15,8.86,24.7578139,1.11,"sideroflexin 2","227560_at",0.000135,2.41e-05,5.1418057,2.270116,0.79002423,"sideroflexin 2"
"2596","SFXN4","231505_s_at",3.65e-05,9.65e-06,4.56,2.3093478,0.607,"sideroflexin 4","230637_at",4.75e-05,6.94e-06,-5.6211913,3.508688,-0.71298542,"sideroflexin 4"
"2597","SGCA","210632_s_at",1.71e-08,3.02e-09,-6.26,10.1470497,-1.01,"sarcoglycan alpha","210632_s_at",0.000943,0.000237,-4.2702533,0.018508,-0.97025372,"sarcoglycan alpha"
"2598","SGCB","205121_at",2.54e-06,5.83e-07,-5.2,5.0185728,-0.741,"sarcoglycan beta","205120_s_at",0.000233,4.57e-05,4.8980103,1.638268,0.64069375,"sarcoglycan beta"
"2599","SGCD","213543_at",6.54e-09,1.1e-09,-6.46,11.1365785,-1.05,"sarcoglycan delta","210330_at",1.81e-07,7.08e-09,8.4482167,10.385908,1.71367011,"sarcoglycan delta"
"2600","SGCE","204688_at",2e-17,1.3e-18,-9.94,31.4390223,-1.21,"sarcoglycan epsilon","204688_at",9.87e-05,1.66e-05,5.2843906,2.639328,0.62116188,"sarcoglycan epsilon"
"2601","SGCG","207302_at",7.75e-13,8.34e-14,-8.14,20.4770057,-2.05,"sarcoglycan gamma","207302_at",4.61e-07,2.34e-08,-7.92762,9.192782,-3.01662239,"sarcoglycan gamma"
"2602","SGK2","220357_s_at",0.000947,0.000306,-3.69,-0.9816432,-0.687,"SGK2, serine/threonine kinase 2","230573_at",0.0478,0.024,-2.3987436,-4.392513,-1.03722736,"SGK2, serine/threonine kinase 2"
"2603","SGO2","230165_at",3.48e-22,1.32e-23,11.7,42.8537408,1.2,"shugoshin 2","230165_at",0.000221,4.31e-05,4.9200566,1.695404,0.61033625,"shugoshin 2"
"2604","SGPP2","238567_at",4.62e-18,2.77e-19,10.2,32.9697056,2.23,"sphingosine-1-phosphate phosphatase 2","226560_at",0.00127,0.000336,-4.1357566,-0.324892,-0.97972669,"sphingosine-1-phosphate phosphatase 2"
"2605","SGSM1","230287_at",1.36e-24,4.02e-26,-12.6,48.6120739,-1.91,"small G protein signaling modulator 1","230287_at",3.73e-11,2.83e-14,-15.120333,22.648479,-1.59293089,"small G protein signaling modulator 1"
"2606","SH2D3A","219513_s_at",3.7e-12,4.3e-13,7.86,18.8572186,1.16,"SH2 domain containing 3A","219513_s_at",0.00869,0.00322,-3.2503388,-2.511693,-0.66374499,"SH2 domain containing 3A"
"2607","SH3BGRL2","225354_s_at",5.75e-17,3.93e-18,-9.76,30.3375302,-1.29,"SH3 domain binding glutamate rich protein like 2","225354_s_at",0.0121,0.00471,-3.0955741,-2.874275,-0.72264309,"SH3 domain binding glutamate rich protein like 2"
"2608","SH3BP2","209371_s_at",0.000209,6.12e-05,-4.11,0.5419405,-0.908,"SH3 domain binding protein 2","211250_s_at",0.000225,4.4e-05,4.912636,1.676172,0.64185035,"SH3 domain binding protein 2"
"2609","SH3BP5","201811_x_at",4.76e-24,1.48e-25,-12.4,47.3174356,-0.804,"SH3 domain binding protein 5","201810_s_at",0.00305,0.000944,3.7362353,-1.330833,0.67885745,"SH3 domain binding protein 5"
"2610","SH3D19","1558647_at",0.00273,0.000951,-3.36,-2.0453497,-0.806,"SH3 domain containing 19","1558647_at",0.0262,0.0118,-2.7116702,-3.736766,-0.64261514,"SH3 domain containing 19"
"2611","SH3RF2","228892_at",4.05e-23,1.38e-24,12.1,45.0983095,1.09,"SH3 domain containing ring finger 2","228892_at",3.69e-07,1.76e-08,-8.0488485,9.473889,-1.44294064,"SH3 domain containing ring finger 2"
"2612","SHANK2","213308_at",4.92e-11,6.5e-12,-7.39,16.1802589,-1.15,"SH3 and multiple ankyrin repeat domains 2","243681_at",0.0261,0.0118,-2.7122871,-3.735428,-0.86388458,"SH3 and multiple ankyrin repeat domains 2"
"2613","SHC1","201469_s_at",1.89e-31,2.44e-33,15.2,65.1424315,2.01,"SHC adaptor protein 1","201469_s_at",2.18e-05,2.74e-06,5.9819917,4.432947,0.86133303,"SHC adaptor protein 1"
"2614","SHCBP1","219493_at",1.47e-15,1.18e-16,9.22,26.9683194,1.66,"SHC binding and spindle associated 1","219493_at",0.000369,7.86e-05,4.6913621,1.103118,1.03413842,"SHC binding and spindle associated 1"
"2615","SHISA6","217481_x_at",7.08e-05,1.95e-05,4.4,1.6356896,0.666,"shisa family member 6","229266_at",0.00183,0.000519,-3.9680203,-0.750152,-0.97935897,"shisa family member 6"
"2616","SHKBP1","224846_at",3.45e-10,5.05e-11,7.02,14.163056,0.859,"SH3KBP1 binding protein 1","224846_at",1.63e-05,1.93e-06,6.1196875,4.783125,0.82586853,"SH3KBP1 binding protein 1"
"2617","SHMT2","214095_at",1.9e-11,2.39e-12,7.57,17.1654007,0.868,"serine hydroxymethyltransferase 2","214095_at",3.97e-05,5.59e-06,5.7050108,3.724174,0.60702566,"serine hydroxymethyltransferase 2"
"2618","SHOX2","210135_s_at",1.77e-07,3.52e-08,-5.78,7.7491917,-0.648,"short stature homeobox 2","208443_x_at",2.45e-05,3.16e-06,5.926287,4.29085,0.93802728,"short stature homeobox 2"
"2619","SHPK","219713_at",2.16e-18,1.26e-19,10.3,33.7508382,0.996,"sedoheptulokinase","219632_s_at",7.82e-05,1.26e-05,-5.3910327,2.915103,-0.78290267,"sedoheptulokinase///transient receptor potential cation channel subfamily V member 1"
"2620","SHROOM3","228400_at",8.04e-08,1.54e-08,-5.95,8.5570774,-0.949,"shroom family member 3","225548_at",0.000136,2.44e-05,-5.1381126,2.260548,-1.22477644,"shroom family member 3"
"2621","SIDT1","219734_at",3.82e-06,8.94e-07,5.1,4.6042175,0.707,"SID1 transmembrane family member 1","219734_at",0.000172,3.2e-05,5.0337492,1.99009,0.99742134,"SID1 transmembrane family member 1"
"2622","SIGIRR","218921_at",5.26e-05,1.42e-05,-4.47,1.9379238,-0.591,"single Ig and TIR domain containing","52940_at",1.86e-07,7.36e-09,8.431419,10.347984,0.83569488,"single Ig and TIR domain containing"
"2623","SIK3","204157_s_at",3.68e-17,2.46e-18,9.84,30.8038554,1.58,"SIK family kinase 3","1563455_at",0.000493,0.00011,-4.5621539,0.769204,-0.89668986,"SIK family kinase 3"
"2624","SIPA1L1","237032_x_at",3.05e-25,8.23e-27,12.9,50.1895468,1.74,"signal induced proliferation associated 1 like 1","237032_x_at",0.000427,9.34e-05,4.6255123,0.932851,0.87658002,"signal induced proliferation associated 1 like 1"
"2625","SIRPA","202896_s_at",1.3e-16,9.28e-18,9.63,29.4868442,0.798,"signal regulatory protein alpha","202896_s_at",7.33e-07,4.22e-08,7.6761734,8.603479,0.83298494,"signal regulatory protein alpha"
"2626","SIRPG","220485_s_at",1.24e-17,7.8e-19,10,31.94184,1.61,"signal regulatory protein gamma","220485_s_at",1.18e-10,1.73e-13,13.9740161,20.894187,2.12409305,"signal regulatory protein gamma"
"2627","SIX1","228347_at",0.000125,3.57e-05,-4.25,1.0573255,-1.37,"SIX homeobox 1","228347_at",7.27e-05,1.15e-05,5.4252601,3.003527,1.86810628,"SIX homeobox 1"
"2628","SKIDA1","1559266_s_at",2.11e-06,4.78e-07,-5.24,5.2113771,-0.587,"SKI/DACH domain containing 1","1559266_s_at",1.59e-06,1.11e-07,-7.2687274,7.631077,-1.1724806,"SKI/DACH domain containing 1"
"2629","SLA","203761_at",2.17e-08,3.91e-09,6.21,9.896636,0.982,"Src-like-adaptor","203761_at",1.93e-07,7.69e-09,8.4119449,10.303971,1.41088272,"Src-like-adaptor"
"2630","SLA2","232234_at",3.07e-08,5.6e-09,6.14,9.5437132,0.821,"Src like adaptor 2","232234_at",6.73e-07,3.78e-08,7.7228191,8.713432,1.2995594,"Src like adaptor 2"
"2631","SLAIN2","224845_s_at",2.75e-13,2.84e-14,8.32,21.5432431,0.629,"SLAIN motif family member 2","233874_at",2.93e-05,3.92e-06,-5.8429206,4.077753,-0.69536865,"SLAIN motif family member 2"
"2632","SLAMF1","239427_at",8.01e-10,1.22e-10,6.86,13.294877,0.642,"signaling lymphocytic activation molecule family member 1","206181_at",1.71e-08,3.13e-10,9.8890203,13.495588,2.347247,"signaling lymphocytic activation molecule family member 1"
"2633","SLAMF7","222838_at",3.28e-38,2.04e-40,17.7,81.3601324,3.65,"SLAM family member 7","219159_s_at",8.53e-09,1.24e-10,10.3422734,14.416175,3.56046485,"SLAM family member 7"
"2634","SLAMF8","219386_s_at",2.36e-13,2.42e-14,8.35,21.7014875,1.48,"SLAM family member 8","219385_at",1.16e-07,3.97e-09,8.7065034,10.964176,2.0783404,"SLAM family member 8"
"2635","SLC12A8","219874_at",1.07e-10,1.48e-11,7.24,15.3702753,1.35,"solute carrier family 12 member 8","219874_at",9.93e-07,6.16e-08,7.5163675,8.224632,1.75343394,"solute carrier family 12 member 8"
"2636","SLC12A9","223995_at",1.6e-17,1.02e-18,9.98,31.674196,1.54,"solute carrier family 12 member 9","223995_at",2.09e-06,1.59e-07,7.1228894,7.277929,0.95151029,"solute carrier family 12 member 9"
"2637","SLC15A1","207254_at",2.03e-11,2.57e-12,7.55,17.0947765,0.62,"solute carrier family 15 member 1","207254_at",0.0245,0.0109,-2.7449725,-3.664292,-0.74801005,"solute carrier family 15 member 1"
"2638","SLC15A2","205316_at",0.000172,4.99e-05,-4.16,0.735755,-0.695,"solute carrier family 15 member 2","205317_s_at",2.04e-05,2.53e-06,6.0132219,4.512506,1.17440825,"solute carrier family 15 member 2"
"2639","SLC16A1-AS1","1568813_at",1.47e-08,2.59e-09,-6.29,10.300277,-1.06,"SLC16A1 antisense RNA 1","1568813_at",0.00301,0.000929,-3.7423261,-1.315694,-0.63838456,"SLC16A1 antisense RNA 1"
"2640","SLC16A10","222939_s_at",2.06e-27,4.37e-29,13.7,55.3995041,2.6,"solute carrier family 16 member 10","222939_s_at",0.031,0.0144,-2.6260662,-3.920797,-0.60318785,"solute carrier family 16 member 10"
"2641","SLC16A14","238029_s_at",1.91e-11,2.4e-12,7.56,17.1606,0.585,"solute carrier family 16 member 14","238029_s_at",1.08e-06,6.83e-08,-7.4725799,8.120249,-1.00504252,"solute carrier family 16 member 14"
"2642","SLC16A4","205234_at",2.13e-07,4.29e-08,-5.74,7.5562601,-0.843,"solute carrier family 16 member 4","205234_at",0.00116,0.000301,4.1783864,-0.216258,1.0264447,"solute carrier family 16 member 4"
"2643","SLC16A7","207057_at",0.000404,0.000123,-3.93,-0.1231069,-0.934,"solute carrier family 16 member 7","241925_x_at",0.00889,0.00331,-3.2395148,-2.537295,-0.60188963,"solute carrier family 16 member 7"
"2644","SLC16A9","227506_at",1.13e-08,1.96e-09,6.35,10.5733114,0.783,"solute carrier family 16 member 9","227506_at",3.22e-05,4.38e-06,5.7996097,3.966848,1.25663541,"solute carrier family 16 member 9"
"2645","SLC18A2","205857_at",2.78e-15,2.29e-16,-9.11,26.3119069,-1.46,"solute carrier family 18 member A2","205857_at",0.000784,0.00019,-4.3536531,0.232333,-0.601935,"solute carrier family 18 member A2"
"2646","SLC1A1","213664_at",4.54e-07,9.51e-08,5.58,6.7807241,1.02,"solute carrier family 1 member 1","213664_at",1.85e-07,7.3e-09,8.4350223,10.356123,1.12775311,"solute carrier family 1 member 1"
"2647","SLC1A2","225491_at",1.13e-11,1.39e-12,-7.66,17.7041358,-1.21,"solute carrier family 1 member 2","208389_s_at",0.00169,0.000473,-4.0043882,-0.658269,-0.8388469,"solute carrier family 1 member 2"
"2648","SLC1A3","202800_at",2.62e-16,1.93e-17,9.51,28.7602923,0.985,"solute carrier family 1 member 3","202800_at",9.03e-07,5.47e-08,7.5662785,8.343311,0.93165373,"solute carrier family 1 member 3"
"2649","SLC1A4","244377_at",2.11e-10,3.02e-11,-7.12,14.669173,-0.683,"solute carrier family 1 member 4","209611_s_at",3.26e-05,4.43e-06,5.7949656,3.954948,0.6520686,"solute carrier family 1 member 4"
"2650","SLC1A6","1554593_s_at",8.27e-13,8.93e-14,-8.13,20.4098282,-1.54,"solute carrier family 1 member 6","206882_at",0.00134,0.00036,-4.1097347,-0.391101,-0.86446328,"solute carrier family 1 member 6"
"2651","SLC22A15","228497_at",1.93e-11,2.43e-12,-7.56,17.1493342,-1.15,"solute carrier family 22 member 15","228497_at",0.00244,0.000728,-3.83722,-1.078955,-0.67665601,"solute carrier family 22 member 15"
"2652","SLC22A23","223194_s_at",1.03e-14,8.93e-16,8.89,24.9631143,0.895,"solute carrier family 22 member 23","223194_s_at",0.000174,3.24e-05,-5.0288851,1.977482,-0.71499035,"solute carrier family 22 member 23"
"2653","SLC23A1","223732_at",5.91e-14,5.63e-15,8.59,23.1421856,1.38,"solute carrier family 23 member 1","223732_at",6.27e-05,9.67e-06,-5.4927654,3.17778,-1.39714157,"solute carrier family 23 member 1"
"2654","SLC23A2","209237_s_at",8.92e-24,2.85e-25,12.3,46.6644787,2.48,"solute carrier family 23 member 2","211572_s_at",0.000673,0.000158,4.424099,0.413394,0.97161825,"solute carrier family 23 member 2"
"2655","SLC25A13","203775_at",6.93e-17,4.79e-18,9.73,30.1413856,0.746,"solute carrier family 25 member 13","229061_s_at",0.000302,6.21e-05,-4.7813121,1.335939,-0.65791862,"solute carrier family 25 member 13"
"2656","SLC25A15","218653_at",2.25e-21,9.41e-23,11.4,40.9005811,1.14,"solute carrier family 25 member 15","218653_at",1.81e-05,2.2e-06,6.0680434,4.651972,0.59712061,"solute carrier family 25 member 15"
"2657","SLC25A19","223222_at",6.4e-09,1.08e-09,6.46,11.1582722,0.767,"solute carrier family 25 member 19","223222_at",1.9e-08,3.61e-10,9.820186,13.353407,1.18417774,"solute carrier family 25 member 19"
"2658","SLC25A27","230624_at",0.00105,0.00034,-3.66,-1.082453,-0.624,"solute carrier family 25 member 27","230624_at",3.03e-06,2.51e-07,-6.9350803,6.819341,-1.45420787,"solute carrier family 25 member 27"
"2659","SLC25A29","225306_s_at",1.1e-06,2.42e-07,-5.38,5.8728888,-0.595,"solute carrier family 25 member 29","232280_at",9.16e-07,5.56e-08,-7.5590107,8.32605,-1.14033982,"solute carrier family 25 member 29"
"2660","SLC25A35","228836_at",6.02e-05,1.64e-05,-4.44,1.8019612,-0.944,"solute carrier family 25 member 35","228836_at",3.89e-05,5.45e-06,5.7148998,3.749569,0.76893996,"solute carrier family 25 member 35"
"2661","SLC25A36","237741_at",3.37e-07,6.95e-08,-5.64,7.0853323,-1.06,"solute carrier family 25 member 36","237741_at",0.000982,0.000248,-4.2522319,-0.027612,-1.03894478,"solute carrier family 25 member 36"
"2662","SLC28A3","220475_at",1.24e-15,9.89e-17,9.25,27.1422577,1.62,"solute carrier family 28 member 3","232277_at",0.0173,0.00725,-2.9175699,-3.28126,-0.68833189,"solute carrier family 28 member 3"
"2663","SLC29A1","201801_s_at",4.51e-09,7.48e-10,-6.53,11.5161017,-0.631,"solute carrier family 29 member 1 (Augustine blood group)","201801_s_at",0.00112,0.000291,-4.1905652,-0.185185,-0.59012855,"solute carrier family 29 member 1 (Augustine blood group)"
"2664","SLC29A4","1570124_at",1.65e-11,2.07e-12,-7.59,17.3090133,-1.57,"solute carrier family 29 member 4","1570124_at",0.0185,0.00784,-2.8845554,-3.355453,-0.61332494,"solute carrier family 29 member 4"
"2665","SLC2A5","204430_s_at",9.78e-15,8.49e-16,8.9,25.0128339,1.3,"solute carrier family 2 member 5","204430_s_at",1.3e-08,2.18e-10,10.0649267,13.856076,2.97257963,"solute carrier family 2 member 5"
"2666","SLC30A6","243643_x_at",3.41e-07,7.04e-08,5.64,7.0727439,0.858,"solute carrier family 30 member 6","226162_at",9.04e-06,9.45e-07,6.4020133,5.495855,1.56231236,"solute carrier family 30 member 6"
"2667","SLC33A1","1554148_a_at",4.83e-06,1.15e-06,5.05,4.3638836,0.678,"solute carrier family 33 member 1","1554148_a_at",1.39e-05,1.6e-06,6.1937328,4.970762,0.65834676,"solute carrier family 33 member 1"
"2668","SLC35B1","202433_at",7.68e-25,2.2e-26,12.7,49.2124921,0.616,"solute carrier family 35 member B1","202433_at",5.58e-07,2.99e-08,7.821982,8.946224,0.59212692,"solute carrier family 35 member B1"
"2669","SLC35B4","225881_at",8.42e-09,1.44e-09,6.4,10.8731712,0.789,"solute carrier family 35 member B4","225881_at",1.82e-06,1.32e-07,7.1985455,7.461458,0.74477435,"solute carrier family 35 member B4"
"2670","SLC35D2","231437_at",2.22e-13,2.27e-14,-8.36,21.764133,-0.63,"solute carrier family 35 member D2","231437_at",9.8e-06,1.04e-06,-6.3628668,5.397481,-1.01394258,"solute carrier family 35 member D2"
"2671","SLC35F1","228060_at",3.43e-20,1.64e-21,-11,38.0614204,-1.62,"solute carrier family 35 member F1","228060_at",0.00163,0.000453,-4.0210208,-0.616184,-1.12128772,"solute carrier family 35 member F1"
"2672","SLC35F5","220123_at",2.02e-10,2.87e-11,7.13,14.7182756,0.715,"solute carrier family 35 member F5","226381_at",3.27e-07,1.51e-08,-8.1174139,9.632005,-0.8414166,"solute carrier family 35 member F5"
"2673","SLC36A1","213119_at",1.3e-12,1.44e-13,8.05,19.940431,0.742,"solute carrier family 36 member 1","213119_at",3.06e-06,2.54e-07,6.929732,6.80622,0.92220859,"solute carrier family 36 member 1"
"2674","SLC38A10","230448_at",9.84e-16,7.72e-17,9.29,27.3877023,1.34,"solute carrier family 38 member 10","230448_at",2.57e-06,2.04e-07,7.0191752,7.025203,1.38469149,"solute carrier family 38 member 10"
"2675","SLC38A7","228951_at",2.28e-14,2.06e-15,8.76,24.1370407,0.694,"solute carrier family 38 member 7","228951_at",3.43e-06,2.93e-07,6.8722796,6.665065,0.85730921,"solute carrier family 38 member 7"
"2676","SLC38A9","243709_at",4.18e-08,7.75e-09,-6.08,9.2267557,-0.996,"solute carrier family 38 member 9","243709_at",0.0024,0.000713,-3.8452967,-1.058732,-1.12195241,"solute carrier family 38 member 9"
"2677","SLC39A2","220413_at",1.74e-13,1.75e-14,8.4,22.0189743,1.81,"solute carrier family 39 member 2","220413_at",0.000312,6.44e-05,-4.7672058,1.299412,-1.06509037,"solute carrier family 39 member 2"
"2678","SLC39A8","216504_s_at",0.000301,9.03e-05,-4.01,0.1725981,-0.87,"solute carrier family 39 member 8","219869_s_at",1.07e-07,3.58e-09,8.7530826,11.06749,2.29815095,"solute carrier family 39 member 8"
"2679","SLC3A1","239667_at",3.07e-13,3.18e-14,-8.3,21.431044,-1.06,"solute carrier family 3 member 1","239667_at",9.79e-05,1.65e-05,-5.2885687,2.65014,-0.76660794,"solute carrier family 3 member 1"
"2680","SLC44A1","228486_at",1.01e-09,1.55e-10,-6.82,13.0609093,-0.607,"solute carrier family 44 member 1","222364_at",0.032,0.0149,-2.609382,-3.956275,-0.80988405,"solute carrier family 44 member 1"
"2681","SLC46A1","1558703_at",1.07e-11,1.31e-12,-7.67,17.7613964,-0.771,"solute carrier family 46 member 1","1552278_a_at",1.87e-07,7.43e-09,8.4273556,10.338805,1.50999364,"solute carrier family 46 member 1"
"2682","SLC46A2","223816_at",3.2e-05,8.39e-06,-4.6,2.4438537,-1.62,"solute carrier family 46 member 2","223816_at",4.05e-08,1.02e-09,-9.3304061,12.323396,-2.42846987,"solute carrier family 46 member 2"
"2683","SLC47A1","219525_at",4.76e-10,7.07e-11,-6.96,13.8314021,-0.808,"solute carrier family 47 member 1","219525_at",1.26e-09,7.6e-12,-11.7905766,17.182491,-1.66686829,"solute carrier family 47 member 1"
"2684","SLC47A2","231068_at",3.35e-05,8.81e-06,4.59,2.3971316,1.02,"solute carrier family 47 member 2","231068_at",0.0169,0.00704,-2.9300275,-3.253155,-0.75761023,"solute carrier family 47 member 2"
"2685","SLC4A11","223748_at",3.18e-07,6.53e-08,5.66,7.1459698,0.653,"solute carrier family 4 member 11","223748_at",0.0355,0.0169,-2.5558296,-4.069261,-0.64258036,"solute carrier family 4 member 11"
"2686","SLC4A8","228175_at",6.85e-13,7.34e-14,8.16,20.6040383,0.796,"solute carrier family 4 member 8","228935_at",8.41e-06,8.65e-07,6.4370528,5.583779,1.04175749,"solute carrier family 4 member 8"
"2687","SLC5A1","206628_at",2.19e-38,1.34e-40,17.8,81.7820957,3.91,"solute carrier family 5 member 1","206628_at",0.00686,0.00244,-3.3612762,-2.247336,-0.88197416,"solute carrier family 5 member 1"
"2688","SLC6A15","206376_at",3.55e-10,5.21e-11,7.02,14.1330287,1.18,"solute carrier family 6 member 15","206376_at",0.0162,0.00667,-2.9523532,-3.202641,-0.79629872,"solute carrier family 6 member 15"
"2689","SLC6A16","219820_at",8.11e-12,9.78e-13,-7.72,18.047855,-1.51,"solute carrier family 6 member 16","1569940_at",1.16e-05,1.28e-06,-6.2811317,5.191603,-1.277076,"solute carrier family 6 member 16"
"2690","SLC6A2","217213_at",6.69e-07,1.43e-07,-5.49,6.3839575,-0.898,"solute carrier family 6 member 2","210353_s_at",4.91e-05,7.21e-06,-5.6064811,3.470829,-0.68560907,"solute carrier family 6 member 2"
"2691","SLC7A11","209921_at",1.53e-39,7.96e-42,18.3,84.5873838,4.14,"solute carrier family 7 member 11","209921_at",0.000287,5.84e-05,4.8042064,1.395231,1.45962871,"solute carrier family 7 member 11"
"2692","SLC7A5","201195_s_at",1.3e-29,2.07e-31,14.5,60.723391,1.88,"solute carrier family 7 member 5","201195_s_at",0.00624,0.00219,3.4055246,-2.140941,0.74446229,"solute carrier family 7 member 5"
"2693","SLC8A1","1561615_s_at",1e-06,2.18e-07,-5.4,5.9717136,-0.905,"solute carrier family 8 member A1","1561615_s_at",0.0467,0.0234,2.4112728,-4.367195,0.69427399,"solute carrier family 8 member A1"
"2694","SLCO4A1","219911_s_at",1.16e-31,1.47e-33,15.2,65.6471487,1.96,"solute carrier organic anion transporter family member 4A1","219911_s_at",0.0144,0.00582,-3.0084462,-3.074907,-0.62065104,"solute carrier organic anion transporter family member 4A1"
"2695","SLFN12","219885_at",5.18e-14,4.89e-15,8.61,23.2814076,1.13,"schlafen family member 12","219885_at",2.34e-07,9.86e-09,8.3024363,10.055505,0.92056013,"schlafen family member 12"
"2696","SLFN13","1558217_at",7.44e-07,1.6e-07,5.47,6.2748576,0.716,"schlafen family member 13","1558217_at",9.61e-05,1.61e-05,5.2970872,2.672181,0.8989329,"schlafen family member 13"
"2697","SLFN5","1557078_at",1.26e-19,6.39e-21,10.8,36.7104316,2.62,"schlafen family member 5","1553055_a_at",0.00061,0.000141,4.4681722,0.526854,0.73990282,"schlafen family member 5"
"2698","SLIT2","230130_at",9.3e-11,1.27e-11,-7.27,15.5182237,-0.769,"slit guidance ligand 2","209897_s_at",0.00517,0.00176,-3.4921825,-1.931107,-0.60091571,"slit guidance ligand 2"
"2699","SLIT3","203813_s_at",6.95e-05,1.91e-05,-4.4,1.6543886,-0.706,"slit guidance ligand 3","203812_at",0.00176,0.000496,-3.986219,-0.704196,-0.84180951,"slit guidance ligand 3"
"2700","SLITRK6","232176_at",2.84e-15,2.33e-16,-9.11,26.2918111,-1.1,"SLIT and NTRK like family member 6","232481_s_at",1.19e-08,1.95e-10,-10.120829,13.969782,-2.08258399,"SLIT and NTRK like family member 6"
"2701","SLK","206875_s_at",1.61e-19,8.28e-21,10.7,36.4534842,0.605,"STE20 like kinase","206874_s_at",3.16e-07,1.44e-08,-8.1362938,9.675432,-0.86813034,"STE20 like kinase"
"2702","SLURP1","214536_at",2.05e-06,4.64e-07,5.24,5.2403139,1.77,"secreted LY6/PLAUR domain containing 1","214536_at",2.27e-05,2.88e-06,-5.9622133,4.382522,-1.5331353,"secreted LY6/PLAUR domain containing 1"
"2703","SLX1A","218317_x_at",3.07e-13,3.17e-14,8.3,21.4334032,0.644,"SLX1 homolog A, structure-specific endonuclease subunit///SLX1 homolog B, structure-specific endonuclease subunit","218317_x_at",8.77e-06,9.11e-07,6.4166787,5.53267,0.62578307,"SLX1 homolog A, structure-specific endonuclease subunit///SLX1 homolog B, structure-specific endonuclease subunit"
"2704","SMA4","214850_at",2.8e-24,8.49e-26,-12.5,47.8687518,-1.21,"glucuronidase beta pseudogene","206565_x_at",0.000275,5.55e-05,4.8235207,1.445261,0.96912233,"glucuronidase beta pseudogene"
"2705","SMAD1","208015_at",1.24e-07,2.42e-08,-5.86,8.1139313,-0.654,"SMAD family member 1","208015_at",2.72e-09,2.32e-11,-11.1957624,16.077799,-1.79756688,"SMAD family member 1"
"2706","SMAD4","235725_at",1.67e-34,1.55e-36,-16.3,72.4716008,-0.893,"SMAD family member 4","235725_at",1.65e-05,1.96e-06,-6.1128149,4.765685,-0.72005878,"SMAD family member 4"
"2707","SMAD5-AS1","220263_at",0.00272,0.000946,-3.37,-2.0399189,-0.676,"SMAD5 antisense RNA 1","220263_at",2.03e-07,8.2e-09,-8.3836681,10.239969,-1.89006303,"SMAD5 antisense RNA 1"
"2708","SMARCA2","206543_at",0.00225,0.000774,3.42,-1.8533212,0.593,"SWI/SNF related, matrix associated, actin dependent regulator of chromatin, subfamily a, member 2","212257_s_at",0.00509,0.00173,-3.4990946,-1.91429,-0.59687939,"SWI/SNF related, matrix associated, actin dependent regulator of chromatin, subfamily a, member 2"
"2709","SMARCA4","213720_s_at",4.83e-06,1.15e-06,5.05,4.3640045,0.784,"SWI/SNF related, matrix associated, actin dependent regulator of chromatin, subfamily a, member 4","214360_at",1.1e-05,1.19e-06,-6.3103758,5.265337,-0.64324561,"SWI/SNF related, matrix associated, actin dependent regulator of chromatin, subfamily a, member 4"
"2710","SMARCC2","201320_at",2.13e-09,3.41e-10,-6.68,12.2872119,-0.644,"SWI/SNF related, matrix associated, actin dependent regulator of chromatin subfamily c member 2","1561973_at",0.00016,2.96e-05,-5.0644447,2.069648,-1.26643262,"SWI/SNF related, matrix associated, actin dependent regulator of chromatin subfamily c member 2"
"2711","SMCO4","219806_s_at",4.95e-15,4.18e-16,9.02,25.715049,1.43,"single-pass membrane protein with coiled-coil domains 4","219806_s_at",3.85e-07,1.86e-08,8.0252461,9.419314,1.22905481,"single-pass membrane protein with coiled-coil domains 4"
"2712","SMG1P5","238449_at",5.65e-16,4.3e-17,-9.38,27.9665607,-1.42,"SMG1P5, nonsense mediated mRNA decay associated PI3K related kinase pseudogene 5","238449_at",3.74e-05,5.21e-06,-5.7322716,3.794165,-1.52915287,"SMG1P5, nonsense mediated mRNA decay associated PI3K related kinase pseudogene 5"
"2713","SMIM10L2A","238697_at",4.05e-15,3.39e-16,-9.05,25.9223055,-0.902,"small integral membrane protein 10 like 2A","238697_at",4.77e-06,4.36e-07,-6.7116777,6.268475,-1.2146747,"small integral membrane protein 10 like 2A"
"2714","SMIM14","222336_at",6.31e-08,1.19e-08,-6,8.8049894,-0.697,"small integral membrane protein 14","222336_at",0.000591,0.000136,-4.481875,0.562156,-0.92249392,"small integral membrane protein 14"
"2715","SMIM5","229740_at",3.84e-25,1.06e-26,12.8,49.9416475,1.1,"small integral membrane protein 5","229740_at",2.97e-06,2.45e-07,-6.944911,6.84345,-1.15219177,"small integral membrane protein 5"
"2716","SMIM7","221988_at",2.6e-08,4.71e-09,-6.18,9.7140516,-0.627,"small integral membrane protein 7","221988_at",5.46e-05,8.2e-06,-5.5567319,3.342705,-0.61781851,"small integral membrane protein 7"
"2717","SMPD3","219695_at",2.18e-33,2.29e-35,15.9,69.7891147,2.18,"sphingomyelin phosphodiesterase 3","219695_at",0.00513,0.00174,-3.4951253,-1.923949,-0.75886562,"sphingomyelin phosphodiesterase 3"
"2718","SMTN","209427_at",3.08e-05,8.07e-06,4.61,2.4810148,0.696,"smoothelin","207390_s_at",0.00182,0.000515,3.9709639,-0.742722,0.82177259,"smoothelin"
"2719","SMURF1","212668_at",2.92e-32,3.41e-34,15.5,67.1014713,1.46,"SMAD specific E3 ubiquitin protein ligase 1","232665_x_at",1.19e-06,7.71e-08,-7.4224295,8.000396,-1.39671757,"SMAD specific E3 ubiquitin protein ligase 1"
"2720","SMYD2","212922_s_at",2.26e-18,1.32e-19,10.3,33.7055059,0.63,"SET and MYND domain containing 2","212921_at",1.65e-08,3e-10,-9.9098914,13.538574,-1.2727389,"SET and MYND domain containing 2"
"2721","SNAP23","209131_s_at",0.000986,0.000319,-3.68,-1.0223252,-0.878,"synaptosome associated protein 23","229773_at",0.00377,0.00121,-3.6386533,-1.572377,-0.79538809,"synaptosome associated protein 23"
"2722","SNAPC3","210465_s_at",2.31e-10,3.32e-11,7.1,14.5752185,0.933,"small nuclear RNA activating complex polypeptide 3","222286_at",3.78e-05,5.28e-06,-5.7270321,3.780716,-0.86470892,"small nuclear RNA activating complex polypeptide 3"
"2723","SNCA","211546_x_at",1.64e-11,2.05e-12,-7.59,17.3192518,-0.627,"synuclein alpha","204467_s_at",0.0159,0.00654,-2.9602278,-3.184779,-0.58977912,"synuclein alpha"
"2724","SNORD54","216247_at",2.89e-11,3.72e-12,-7.49,16.7299947,-1.41,"small nucleolar RNA, C/D box 54///ribosomal protein S20","216247_at",0.000431,9.44e-05,-4.6212199,0.921758,-0.5852007,"small nucleolar RNA, C/D box 54///ribosomal protein S20"
"2725","SNORD89","235536_at",8.46e-16,6.6e-17,9.31,27.5432784,1.17,"small nucleolar RNA, C/D box 89","235536_at",0.00475,0.00159,3.5312405,-1.835928,0.64621229,"small nucleolar RNA, C/D box 89"
"2726","SNRK","207474_at",2.43e-15,1.98e-16,-9.14,26.4541191,-1.98,"SNF related kinase","207474_at",7.72e-05,1.24e-05,-5.3971403,2.930884,-1.10185168,"SNF related kinase"
"2727","SNRPA1","242146_at",1.94e-07,3.88e-08,-5.76,7.6547092,-1.4,"small nuclear ribonucleoprotein polypeptide A'","242146_at",0.000211,4.08e-05,-4.9415009,1.750984,-1.68420415,"small nuclear ribonucleoprotein polypeptide A'"
"2728","SNTB1","214708_at",7.69e-06,1.87e-06,-4.94,3.8912536,-0.614,"syntrophin beta 1","208608_s_at",0.00437,0.00144,-3.569806,-1.741599,-0.5997558,"syntrophin beta 1"
"2729","SNURF","201522_x_at",6.9e-26,1.73e-27,-13.1,51.7395432,-0.698,"SNRPN upstream reading frame///small nuclear ribonucleoprotein polypeptide N","1560741_at",0.000751,0.000181,-4.3732424,0.282643,-0.7576244,"SNRPN upstream reading frame///small nuclear ribonucleoprotein polypeptide N"
"2730","SNX1","201716_at",7.94e-11,1.08e-11,7.3,15.681712,0.598,"sorting nexin 1","213364_s_at",1.2e-05,1.33e-06,-6.2657022,5.152666,-0.71563784,"sorting nexin 1"
"2731","SNX10","218404_at",1.14e-13,1.13e-14,8.47,22.4539875,1.35,"sorting nexin 10","218404_at",4.59e-10,1.43e-12,12.7213862,18.828177,1.91702302,"sorting nexin 10"
"2732","SNX20","228869_at",1.88e-17,1.21e-18,9.95,31.506437,1.59,"sorting nexin 20","228869_at",5.93e-08,1.67e-09,9.100802,11.829363,1.43548759,"sorting nexin 20"
"2733","SNX29P2","214712_at",1.75e-07,3.48e-08,-5.78,7.7591113,-0.606,"sorting nexin 29 pseudogene 2","214712_at",5.75e-06,5.47e-07,-6.6203532,6.041676,-0.97621193,"sorting nexin 29 pseudogene 2"
"2734","SNX33","229898_at",8.94e-15,7.75e-16,-8.92,25.104164,-0.588,"sorting nexin 33","229898_at",2.86e-05,3.8e-06,-5.8548467,4.108269,-0.74161631,"sorting nexin 33"
"2735","SNX5","222417_s_at",3.4e-18,2.02e-19,10.2,33.2840522,0.652,"sorting nexin 5","223666_at",1.38e-06,9.4e-08,7.3395105,7.801527,1.04641203,"sorting nexin 5"
"2736","SOAT1","228479_at",3.24e-08,5.93e-09,-6.13,9.4880119,-0.787,"sterol O-acyltransferase 1","221561_at",0.00201,0.000579,3.9259061,-0.85631,1.04026302,"sterol O-acyltransferase 1"
"2737","SOBP","218974_at",3.11e-18,1.83e-19,-10.2,33.3781326,-1.85,"sine oculis binding protein homolog","229034_at",2.82e-06,2.3e-07,6.9709376,6.907221,1.04736321,"sine oculis binding protein homolog"
"2738","SOCS1","210001_s_at",2.69e-16,1.98e-17,9.51,28.7357493,1.35,"suppressor of cytokine signaling 1","210001_s_at",1.17e-06,7.62e-08,7.4271784,8.011759,1.88996558,"suppressor of cytokine signaling 1"
"2739","SOCS3","227697_at",2.73e-19,1.44e-20,10.6,35.9058866,1.31,"suppressor of cytokine signaling 3","206359_at",2.66e-07,1.17e-08,8.2285744,9.886998,2.1763153,"suppressor of cytokine signaling 3"
"2740","SOCS7","226572_at",6.07e-06,1.45e-06,-5,4.133708,-0.588,"suppressor of cytokine signaling 7","226572_at",0.000285,5.8e-05,-4.8071991,1.402983,-0.71416326,"suppressor of cytokine signaling 7"
"2741","SORBS2","233720_at",9.09e-07,1.97e-07,-5.43,6.0714098,-0.7,"sorbin and SH3 domain containing 2","204288_s_at",0.0173,0.00724,-2.9179082,-3.280498,-0.63745064,"sorbin and SH3 domain containing 2"
"2742","SORCS1","228194_s_at",3.72e-11,4.85e-12,-7.44,16.4697576,-0.748,"sortilin related VPS10 domain containing receptor 1","1556891_at",0.000106,1.81e-05,-5.2518554,2.555123,-0.65392773,"sortilin related VPS10 domain containing receptor 1"
"2743","SORCS2","228720_at",8.68e-18,5.38e-19,10.1,32.3114394,1.16,"sortilin related VPS10 domain containing receptor 2","228720_at",1.83e-07,7.22e-09,8.4396104,10.366483,1.28164869,"sortilin related VPS10 domain containing receptor 2"
"2744","SORD","230782_at",1.25e-10,1.73e-11,-7.22,15.2174155,-1.15,"sorbitol dehydrogenase","230782_at",0.000603,0.000139,-4.4732421,0.539914,-1.38149221,"sorbitol dehydrogenase"
"2745","SORL1","212560_at",1.62e-13,1.63e-14,-8.41,22.0917967,-0.892,"sortilin related receptor 1","203509_at",0.00245,0.000731,3.8359606,-1.082108,0.79540762,"sortilin related receptor 1"
"2746","SOS1","212780_at",9.07e-10,1.39e-10,6.84,13.1671086,0.738,"SOS Ras/Rac guanine nucleotide exchange factor 1","230337_at",0.0289,0.0132,-2.6620261,-3.843895,-0.6512973,"SOS Ras/Rac guanine nucleotide exchange factor 1"
"2747","SOS2","217644_s_at",2.42e-10,3.48e-11,-7.09,14.5299653,-0.662,"SOS Ras/Rho guanine nucleotide exchange factor 2","211665_s_at",0.0107,0.00411,-3.1511884,-2.744863,-0.61083196,"SOS Ras/Rho guanine nucleotide exchange factor 2"
"2748","SOST","223869_at",5.2e-17,3.53e-18,9.78,30.4442496,3.23,"sclerostin","223869_at",0.00411,0.00134,3.5983013,-1.671685,2.0794036,"sclerostin"
"2749","SOWAHC","219496_at",0.00948,0.00361,2.95,-3.2784874,0.726,"sosondowah ankyrin repeat domain family member C","227034_at",1.65e-05,1.95e-06,-6.1149082,4.770997,-0.88307742,"sosondowah ankyrin repeat domain family member C"
"2750","SOX10","209842_at",4.77e-09,7.92e-10,-6.52,11.4595051,-1.15,"SRY-box 10","209843_s_at",0.00496,0.00168,-3.5110919,-1.885073,-0.64047766,"SRY-box 10"
"2751","SOX15","206122_at",4.25e-12,4.97e-13,7.84,18.7156975,0.641,"SRY-box 15","206122_at",3.13e-05,4.23e-06,-5.8128391,4.000738,-1.04482016,"SRY-box 15"
"2752","SOX21-AS1","237885_at",9.52e-12,1.16e-12,7.69,17.8808995,1.51,"SOX21 antisense RNA 1 (head to head)","237885_at",2.96e-08,6.64e-10,-9.5302556,12.747583,-1.78260261,"SOX21 antisense RNA 1 (head to head)"
"2753","SOX4","201416_at",8.94e-07,1.94e-07,-5.43,6.0878641,-0.61,"SRY-box 4","213668_s_at",0.00246,0.000736,3.8329417,-1.089663,0.62292261,"SRY-box 4"
"2754","SOX5","238009_at",1.04e-25,2.65e-27,-13,51.3161386,-1.87,"SRY-box 5","207336_at",8.34e-05,1.36e-05,-5.3611511,2.837868,-0.91487461,"SRY-box 5"
"2755","SOX6","227498_at",6.67e-14,6.4e-15,-8.57,23.0155041,-1.22,"SRY-box 6","1563454_at",7.88e-06,8.01e-07,-6.4679244,5.661142,-0.67330789,"SRY-box 6"
"2756","SOX8","226913_s_at",3.78e-21,1.61e-22,-11.3,40.364494,-1.91,"SRY-box 8","226913_s_at",0.00415,0.00136,-3.5938353,-1.682655,-1.06154316,"SRY-box 8"
"2757","SOX9-AS1","230419_at",4.77e-11,6.3e-12,-7.4,16.2120586,-0.888,"SOX9 antisense RNA 1","230419_at",0.0203,0.00872,-2.8397959,-3.455355,-0.80164115,"SOX9 antisense RNA 1"
"2758","SP1","214732_at",5.45e-08,1.02e-08,6.03,8.9535735,0.84,"Sp1 transcription factor","224754_at",0.00044,9.66e-05,-4.6123942,0.898953,-0.94351925,"Sp1 transcription factor"
"2759","SP110","209762_x_at",5.38e-30,8.29e-32,14.6,61.6361617,1.54,"SP110 nuclear body protein","209762_x_at",1.07e-07,3.59e-09,8.7516041,11.064215,0.96539107,"SP110 nuclear body protein"
"2760","SP140L","214791_at",8.91e-14,8.68e-15,8.52,22.7135435,0.872,"SP140 nuclear body protein like","214791_at",0.0016,0.000444,4.0285626,-0.59709,1.00057145,"SP140 nuclear body protein like"
"2761","SP8","237449_at",2.08e-09,3.33e-10,-6.68,12.3108797,-2.18,"Sp8 transcription factor","237449_at",7.86e-05,1.27e-05,-5.3892288,2.910441,-2.42090643,"Sp8 transcription factor"
"2762","SPAG16","219109_at",2.9e-25,7.81e-27,-12.9,50.2419204,-0.719,"sperm associated antigen 16","219109_at",1.68e-07,6.48e-09,-8.4879489,10.475456,-0.99301879,"sperm associated antigen 16"
"2763","SPAG9","212468_at",6.01e-11,8.03e-12,-7.35,15.9727124,-1.36,"sperm associated antigen 9","1554543_at",0.00216,0.00063,-3.8932216,-0.938512,-0.77090347,"sperm associated antigen 9"
"2764","SPATA6","220299_at",3.67e-12,4.26e-13,-7.86,18.8664139,-0.649,"spermatogenesis associated 6","242086_at",0.000876,0.000217,-4.3042841,0.105684,-0.71341478,"spermatogenesis associated 6"
"2765","SPATA6L","1554708_s_at",1.28e-41,5.05e-44,19.1,89.6203453,3.58,"spermatogenesis associated 6 like","220218_at",2.03e-07,8.22e-09,-8.3824785,10.237275,-0.59318139,"spermatogenesis associated 6 like"
"2766","SPC25","209891_at",9.67e-34,9.7e-36,16,70.6450743,2.39,"SPC25, NDC80 kinetochore complex component","209891_at",0.0276,0.0125,2.6855297,-3.793313,0.59713716,"SPC25, NDC80 kinetochore complex component"
"2767","SPCS3","218817_at",3.2e-29,5.47e-31,14.3,59.7581899,2.63,"signal peptidase complex subunit 3","222753_s_at",2.27e-10,4.93e-13,13.3403484,19.869483,1.73608937,"signal peptidase complex subunit 3"
"2768","SPDYE2","217610_at",4.17e-11,5.47e-12,-7.42,16.3510437,-1.41,"speedy/RINGO cell cycle regulator family member E2","217610_at",3.45e-06,2.95e-07,-6.8689251,6.656812,-0.80552687,"speedy/RINGO cell cycle regulator family member E2"
"2769","SPDYE2B","232964_at",6.81e-09,1.15e-09,-6.45,11.0945291,-0.667,"speedy/RINGO cell cycle regulator family member E2B///speedy/RINGO cell cycle regulator family member E6///speedy/RINGO cell cycle regulator family member E5///speedy/RINGO cell cycle regulator family member E2///speedy/RINGO cell cycle regulator family member E1","232964_at",0.000155,2.84e-05,-5.0798588,2.109596,-1.14178953,"speedy/RINGO cell cycle regulator family member E2B///speedy/RINGO cell cycle regulator family member E6///speedy/RINGO cell cycle regulator family member E5///speedy/RINGO cell cycle regulator family member E2///speedy/RINGO cell cycle regulator family member E1"
"2770","SPEN","201996_s_at",4.13e-11,5.4e-12,-7.42,16.3623093,-0.917,"spen family transcriptional repressor","201996_s_at",0.00955,0.0036,-3.2056633,-2.617133,-0.71223056,"spen family transcriptional repressor"
"2771","SPIDR","228325_at",2.89e-33,3.06e-35,15.9,69.499913,2.04,"scaffolding protein involved in DNA repair","228325_at",0.0191,0.00813,2.8692717,-3.389655,0.71891591,"scaffolding protein involved in DNA repair"
"2772","SPOCK1","202363_at",6.53e-05,1.79e-05,-4.42,1.7184856,-0.885,"sparc/osteonectin, cwcv and kazal-like domains proteoglycan (testican) 1","202363_at",0.0166,0.00687,2.9396203,-3.231473,0.73073605,"sparc/osteonectin, cwcv and kazal-like domains proteoglycan (testican) 1"
"2773","SPOCK2","202524_s_at",5.37e-15,4.55e-16,9,25.6304207,1.3,"sparc/osteonectin, cwcv and kazal-like domains proteoglycan (testican) 2","202523_s_at",2.54e-07,1.1e-08,8.255979,9.949605,1.44111759,"sparc/osteonectin, cwcv and kazal-like domains proteoglycan (testican) 2"
"2774","SPRR2B","208539_x_at",2.89e-32,3.38e-34,15.5,67.1117262,3.19,"small proline rich protein 2B","208539_x_at",0.0237,0.0105,2.7612613,-3.62867,1.01956576,"small proline rich protein 2B"
"2775","SPRR2C","220664_at",5.75e-64,1.47e-67,29.1,143.3711557,7.88,"small proline rich protein 2C (pseudogene)","220664_at",0.00201,0.000579,3.9257549,-0.856691,2.93248168,"small proline rich protein 2C (pseudogene)"
"2776","SPRR3","218990_s_at",2.17e-15,1.76e-16,9.16,26.5710609,3.23,"small proline rich protein 3","218990_s_at",0.000786,0.000191,4.3525302,0.22945,5.55366034,"small proline rich protein 3"
"2777","SPRY2","204011_at",4.99e-26,1.23e-27,-13.1,52.0768783,-1.12,"sprouty RTK signaling antagonist 2","204011_at",7.54e-05,1.21e-05,-5.4076638,2.958074,-0.64285125,"sprouty RTK signaling antagonist 2"
"2778","SPTAN1","214925_s_at",5.9e-27,1.33e-28,-13.5,54.2902143,-1.96,"spectrin alpha, non-erythrocytic 1","214925_s_at",4.11e-06,3.66e-07,-6.782369,6.443399,-1.5756282,"spectrin alpha, non-erythrocytic 1"
"2779","SPTBN1","242220_at",5.7e-11,7.58e-12,-7.36,16.0285095,-0.884,"spectrin beta, non-erythrocytic 1","214856_at",0.00175,0.000494,-3.9877739,-0.700268,-0.61770313,"spectrin beta, non-erythrocytic 1"
"2780","SPTBN2","205155_s_at",5.16e-09,8.59e-10,6.5,11.3801935,0.757,"spectrin beta, non-erythrocytic 2","205155_s_at",4.42e-07,2.21e-08,-7.9515555,9.24844,-1.18292211,"spectrin beta, non-erythrocytic 2"
"2781","SPTLC2","203127_s_at",6.44e-61,2.35e-64,27.6,136.0767679,4.43,"serine palmitoyltransferase long chain base subunit 2","216202_s_at",0.00141,0.000381,4.0869718,-0.44895,0.65853819,"serine palmitoyltransferase long chain base subunit 2"
"2782","SPTLC3","227752_at",7e-14,6.72e-15,8.56,22.9658157,1.39,"serine palmitoyltransferase long chain base subunit 3","227752_at",1.22e-06,7.97e-08,-7.4084164,7.966849,-1.5009037,"serine palmitoyltransferase long chain base subunit 3"
"2783","SRA1","224130_s_at",2.9e-15,2.39e-16,9.11,26.2674458,0.81,"steroid receptor RNA activator 1","224864_at",7.62e-09,1.06e-10,10.4207065,14.57275,0.86914813,"steroid receptor RNA activator 1"
"2784","SREK1","243361_at",1.36e-08,2.39e-09,-6.31,10.3791413,-1.04,"splicing regulatory glutamic acid and lysine rich protein 1","238781_at",0.0015,0.000409,-4.0600247,-0.517349,-0.61480959,"splicing regulatory glutamic acid and lysine rich protein 1"
"2785","SRGAP1","233888_s_at",8.57e-05,2.38e-05,-4.35,1.4430377,-0.62,"SLIT-ROBO Rho GTPase activating protein 1","1555875_at",0.000724,0.000173,4.3896752,0.32487,0.77621933,"SLIT-ROBO Rho GTPase activating protein 1"
"2786","SRGAP2","1556203_a_at",1.02e-06,2.22e-07,-5.4,5.9541853,-0.813,"SLIT-ROBO Rho GTPase activating protein 2","1556203_a_at",1.01e-07,3.31e-09,-8.7879675,11.144671,-2.18076095,"SLIT-ROBO Rho GTPase activating protein 2"
"2787","SRGAP2B","232095_at",1.48e-06,3.3e-07,-5.32,5.5696894,-1.57,NA,"232095_at",0.00201,0.000578,-3.9267333,-0.854228,-1.01306234,NA
"2788","SRGAP2C","213329_at",5.21e-12,6.15e-13,-7.8,18.5050577,-0.817,"SLIT-ROBO Rho GTPase activating protein 2C///SLIT-ROBO Rho GTPase activating protein 2B///SLIT-ROBO Rho GTPase activating protein 2","1568955_at",0.000608,0.00014,-4.4695813,0.530484,-0.67940817,"SLIT-ROBO Rho GTPase activating protein 2C///SLIT-ROBO Rho GTPase activating protein 2B///SLIT-ROBO Rho GTPase activating protein 2"
"2789","SRGN","201858_s_at",6.39e-08,1.21e-08,5.99,8.7912836,1.22,"serglycin","201858_s_at",2.31e-08,4.78e-10,9.6864072,13.075271,1.77771881,"serglycin"
"2790","SRM","201516_at",6.5e-26,1.63e-27,13.1,51.8017749,1.43,"spermidine synthase","201516_at",1.85e-09,1.35e-11,11.481488,16.613775,1.20780367,"spermidine synthase"
"2791","SRPRB","222532_at",1.2e-12,1.32e-13,8.06,20.0268165,1.36,"SRP receptor beta subunit","222532_at",5.83e-10,2.21e-12,12.4738334,18.400067,1.29222251,"SRP receptor beta subunit"
"2792","SRPX2","205499_at",3.37e-10,4.92e-11,-7.03,14.1881546,-1.31,"sushi repeat containing protein, X-linked 2","205499_at",1.75e-09,1.25e-11,11.5239198,16.692525,2.0614627,"sushi repeat containing protein, X-linked 2"
"2793","SRRM2","216629_at",4.05e-05,1.08e-05,-4.54,2.2026109,-0.665,"serine/arginine repetitive matrix 2","1554671_a_at",0.0247,0.011,-2.7412493,-3.672419,-0.63992293,"serine/arginine repetitive matrix 2"
"2794","SRXN1","225252_at",3.15e-26,7.71e-28,13.2,52.5449504,1.79,"sulfiredoxin 1","225252_at",6.87e-05,1.08e-05,5.4513233,3.070828,0.65235035,"sulfiredoxin 1"
"2795","SSBP1","214060_at",0.00053,0.000164,3.85,-0.3965686,0.677,"single stranded DNA binding protein 1","1562442_a_at",0.00505,0.00171,-3.5026248,-1.905697,-0.60519525,"single stranded DNA binding protein 1"
"2796","SSBP2","238484_s_at",1.13e-14,9.87e-16,-8.88,24.8641625,-1.35,"single stranded DNA binding protein 2","238483_at",1.51e-05,1.77e-06,-6.1546351,4.871746,-0.6899674,"single stranded DNA binding protein 2"
"2797","SSFA2","236207_at",3.24e-07,6.66e-08,-5.65,7.1266104,-1.36,"sperm specific antigen 2","236207_at",0.00234,0.000693,-3.8563855,-1.03095,-0.97944132,"sperm specific antigen 2"
"2798","SSH3","219241_x_at",5.23e-10,7.83e-11,6.95,13.7318937,0.641,"slingshot protein phosphatase 3","51192_at",0.00074,0.000178,-4.3798187,0.29954,-0.59072138,"slingshot protein phosphatase 3"
"2799","SSR1","200889_s_at",7.44e-20,3.69e-21,10.9,37.2545203,1.18,"signal sequence receptor subunit 1","200889_s_at",1.75e-08,3.26e-10,9.8692476,13.454811,1.01132209,"signal sequence receptor subunit 1"
"2800","SSR3","237817_at",1.03e-19,5.19e-21,10.8,36.9172783,1.28,"signal sequence receptor subunit 3","237817_at",1.35e-06,9.14e-08,7.3513334,7.829935,1.43018039,"signal sequence receptor subunit 3"
"2801","SSX2IP","203017_s_at",4.58e-10,6.79e-11,6.97,13.8715868,0.653,"SSX family member 2 interacting protein","203019_x_at",9.83e-05,1.65e-05,-5.2868833,2.645778,-0.61733686,"SSX family member 2 interacting protein"
"2802","ST6GAL1","201998_at",4.81e-16,3.64e-17,-9.41,28.1329782,-0.609,"ST6 beta-galactoside alpha-2,6-sialyltransferase 1","214971_s_at",1.07e-05,1.16e-06,6.3198808,5.289286,2.2182677,"ST6 beta-galactoside alpha-2,6-sialyltransferase 1"
"2803","ST6GALNAC1","227725_at",1.84e-26,4.39e-28,13.3,53.1038223,2.8,"ST6 N-acetylgalactosaminide alpha-2,6-sialyltransferase 1","227725_at",0.0179,0.00753,2.9014495,-3.31754,0.92331285,"ST6 N-acetylgalactosaminide alpha-2,6-sialyltransferase 1"
"2804","ST7L","233141_s_at",1.32e-20,6e-22,-11.1,39.0601952,-1.74,"suppression of tumorigenicity 7 like","230079_at",1.68e-08,3.08e-10,-9.8975715,13.513208,-0.91372018,"suppression of tumorigenicity 7 like"
"2805","ST8SIA1","210073_at",1.48e-05,3.73e-06,-4.78,3.2251663,-0.63,"ST8 alpha-N-acetyl-neuraminide alpha-2,8-sialyltransferase 1","1569788_at",0.0173,0.00723,-2.9184616,-3.27925,-0.66054626,"ST8 alpha-N-acetyl-neuraminide alpha-2,8-sialyltransferase 1"
"2806","ST8SIA4","230836_at",1.46e-13,1.46e-14,8.43,22.1975193,1.34,"ST8 alpha-N-acetyl-neuraminide alpha-2,8-sialyltransferase 4","242943_at",2.65e-09,2.21e-11,11.2224666,16.128315,2.1198248,"ST8 alpha-N-acetyl-neuraminide alpha-2,8-sialyltransferase 4"
"2807","STAC","205743_at",1.11e-08,1.93e-09,-6.35,10.5879639,-0.864,"SH3 and cysteine rich domain","205743_at",0.000358,7.58e-05,4.7050964,1.138651,0.89698799,"SH3 and cysteine rich domain"
"2808","STAG3L2","1554250_s_at",2.33e-15,1.9e-16,-9.14,26.496677,-1.2,"stromal antigen 3-like 2 (pseudogene)///stromal antigen 3-like 3 (pseudogene)///tripartite motif containing 73","1554250_s_at",0.000512,0.000115,-4.5452391,0.725549,-0.67620489,"stromal antigen 3-like 2 (pseudogene)///stromal antigen 3-like 3 (pseudogene)///tripartite motif containing 73"
"2809","STAG3L3","221191_at",1.95e-12,2.19e-13,-7.98,19.5223812,-0.928,"stromal antigen 3-like 3 (pseudogene)","221191_at",0.00445,0.00147,-3.562097,-1.760482,-0.59297919,"stromal antigen 3-like 3 (pseudogene)"
"2810","STAR","204548_at",1.16e-11,1.43e-12,-7.65,17.6752729,-0.943,"steroidogenic acute regulatory protein","204548_at",4.78e-06,4.37e-07,-6.710226,6.264877,-1.07249473,"steroidogenic acute regulatory protein"
"2811","STARD4","226390_at",2.33e-29,3.88e-31,14.4,60.0989643,3.05,"StAR related lipid transfer domain containing 4","226390_at",9.9e-07,6.12e-08,7.5188445,8.23053,1.1838601,"StAR related lipid transfer domain containing 4"
"2812","STARD5","213820_s_at",1.79e-17,1.15e-18,9.96,31.5554081,0.732,"StAR related lipid transfer domain containing 5","213820_s_at",4.86e-06,4.46e-07,-6.7024648,6.245637,-0.8268418,"StAR related lipid transfer domain containing 5"
"2813","STARD9","227108_at",1.23e-13,1.22e-14,-8.46,22.3759043,-1.04,"StAR related lipid transfer domain containing 9","227108_at",0.000389,8.37e-05,-4.6672113,1.040652,-0.84820075,"StAR related lipid transfer domain containing 9"
"2814","STAT1","AFFX-HUMISGF3A/M97935_MA_at",5.62e-35,4.95e-37,16.5,73.6052364,3.61,"signal transducer and activator of transcription 1","209969_s_at",1.64e-05,1.95e-06,6.1157691,4.773182,1.98366367,"signal transducer and activator of transcription 1"
"2815","STAT2","205170_at",3.54e-12,4.11e-13,7.87,18.9031525,0.612,"signal transducer and activator of transcription 2","205170_at",0.00139,0.000374,4.0947661,-0.429149,0.73951549,"signal transducer and activator of transcription 2"
"2816","STAT3","208992_s_at",6.9e-27,1.57e-28,13.5,54.1260512,2.91,"signal transducer and activator of transcription 3","208992_s_at",0.00223,0.000656,3.8779624,-0.976831,0.75544948,"signal transducer and activator of transcription 3"
"2817","STC2","203438_at",0.00478,0.00173,3.18,-2.5997575,0.831,"stanniocalcin 2","203438_at",0.0139,0.00558,3.0262705,-3.034079,1.14071288,"stanniocalcin 2"
"2818","STEAP1B","217553_at",9.1e-23,3.22e-24,11.9,44.2548182,2.75,"STEAP family member 1B","217553_at",0.000714,0.00017,4.3961834,0.3416,1.31795934,"STEAP family member 1B"
"2819","STEAP4","220187_at",6.62e-31,9.15e-33,15,63.8285796,3.05,"STEAP4 metalloreductase","220187_at",1.27e-05,1.43e-06,6.2389161,5.08502,1.81542414,"STEAP4 metalloreductase"
"2820","STIM1","1557477_at",3.49e-05,9.21e-06,-4.57,2.3545998,-1,"stromal interaction molecule 1","1557477_at",1.14e-05,1.25e-06,-6.2904591,5.215129,-1.52642933,"stromal interaction molecule 1"
"2821","STK17A","202693_s_at",1.71e-25,4.47e-27,13,50.7966558,1.24,"serine/threonine kinase 17a","202693_s_at",1.58e-07,5.97e-09,8.5243275,10.557257,1.04040044,"serine/threonine kinase 17a"
"2822","STK17B","205214_at",1.22e-15,9.72e-17,9.25,27.1588163,1.31,"serine/threonine kinase 17b","217503_at",0.000232,4.55e-05,4.8992447,1.641467,1.09659296,"serine/threonine kinase 17b"
"2823","STK32A","239353_at",4.52e-14,4.24e-15,-8.64,23.4227967,-1.1,"serine/threonine kinase 32A","1553938_a_at",0.0444,0.022,-2.4384872,-4.311919,-0.6387702,"serine/threonine kinase 32A"
"2824","STK4","205411_at",6.24e-11,8.36e-12,7.35,15.9323011,0.652,"serine/threonine kinase 4","205411_at",0.00227,0.000669,3.8703551,-0.99592,0.58869578,"serine/threonine kinase 4"
"2825","STON1","213413_at",3.09e-11,3.99e-12,-7.48,16.6606126,-0.85,"stonin 1","231795_at",0.000354,7.49e-05,4.7095234,1.150106,0.7164476,"stonin 1"
"2826","STON2","235852_at",5.42e-08,1.02e-08,6.03,8.9609515,1.22,"stonin 2","242583_at",0.00472,0.00158,3.5348978,-1.826997,0.74384827,"stonin 2"
"2827","STRAP","1558002_at",9.52e-07,2.07e-07,-5.42,6.023329,-0.843,"serine/threonine kinase receptor associated protein","1558002_at",0.000174,3.25e-05,-5.0277998,1.974669,-0.82319775,"serine/threonine kinase receptor associated protein"
"2828","STRBP","229513_at",1.45e-18,8.31e-20,-10.4,34.163916,-0.92,"spermatid perinuclear RNA binding protein","233251_at",0.00269,0.000817,-3.7927276,-1.190155,-0.85927037,"spermatid perinuclear RNA binding protein"
"2829","STRIP2","231880_at",4.03e-13,4.22e-14,8.25,21.1504413,1.11,"striatin interacting protein 2","1555292_at",0.000229,4.48e-05,4.9053956,1.657407,1.1856411,"striatin interacting protein 2"
"2830","STRN","236388_at",1.27e-28,2.32e-30,14.1,58.3225498,2.28,"striatin","227422_at",1.95e-07,7.77e-09,-8.4070641,10.292931,-0.71743121,"striatin"
"2831","STS","203770_s_at",1.36e-28,2.49e-30,14.1,58.252171,2.86,"steroid sulfatase (microsomal), isozyme S","203770_s_at",0.000259,5.18e-05,-4.8500809,1.51407,-1.01351607,"steroid sulfatase (microsomal), isozyme S"
"2832","STUM","213925_at",2.97e-34,2.82e-36,-16.2,71.8724834,-2.75,"stum, mechanosensory transduction mediator homolog","213925_at",7.3e-05,1.16e-05,-5.4230644,2.997856,-0.94178784,"stum, mechanosensory transduction mediator homolog"
"2833","STX11","235670_at",1.42e-10,1.98e-11,7.19,15.0836166,1.22,"syntaxin 11","210190_at",7.44e-05,1.19e-05,5.4139401,2.974288,0.63199797,"syntaxin 11"
"2834","STX16","221499_s_at",0.000427,0.000131,-3.92,-0.1780574,-0.708,"syntaxin 16","1558249_s_at",0.0462,0.0231,-2.4175507,-4.354478,-0.59396965,"syntaxin 16"
"2835","STX17","218666_s_at",3.06e-27,6.66e-29,13.6,54.9800721,1.83,"syntaxin 17","226662_at",7.54e-06,7.6e-07,-6.4886509,5.713028,-0.70281818,"syntaxin 17"
"2836","STX19","1555173_at",3.14e-24,9.58e-26,12.5,47.7484195,1.78,"syntaxin 19","1555173_at",6.63e-06,6.49e-07,-6.5518352,5.870925,-1.59906832,"syntaxin 19"
"2837","STX6","1552618_at",7.94e-39,4.57e-41,18,82.8482408,2.49,"syntaxin 6","1552618_at",9e-06,9.41e-07,6.4037166,5.500132,0.63512459,"syntaxin 6"
"2838","STXBP5","226794_at",5.86e-17,4.01e-18,9.76,30.3180997,1.25,"syntaxin binding protein 5","243904_at",0.0135,0.00539,-3.0407103,-3.000921,-0.77907046,"syntaxin binding protein 5"
"2839","STXBP6","226462_at",1.78e-08,3.17e-09,-6.25,10.1023481,-1.16,"syntaxin binding protein 6","230560_at",0.00133,0.000354,-4.1156194,-0.376135,-1.12329811,"syntaxin binding protein 6"
"2840","STYK1","220030_at",7.04e-32,8.6e-34,15.3,66.1814428,2.73,"serine/threonine/tyrosine kinase 1","221696_s_at",0.0215,0.00934,-2.8111806,-3.518801,-0.63878639,"serine/threonine/tyrosine kinase 1"
"2841","SUB1","214512_s_at",2.14e-30,3.12e-32,14.8,62.6081012,1.06,"SUB1 homolog, transcriptional regulator","214512_s_at",1.4e-07,5.09e-09,8.5952655,10.716248,0.73117003,"SUB1 homolog, transcriptional regulator"
"2842","SUGT1","244368_x_at",7.74e-05,2.14e-05,-4.37,1.5453995,-0.666,"SGT1 homolog, MIS12 kinetochore complex assembly cochaperone","228045_at",2.13e-06,1.63e-07,-7.1112092,7.249532,-0.88883108,"SGT1 homolog, MIS12 kinetochore complex assembly cochaperone"
"2843","SULT1E1","219934_s_at",1.21e-09,1.88e-10,6.79,12.8733339,1.1,"sulfotransferase family 1E member 1","222940_at",0.000898,0.000223,-4.2927607,0.076153,-1.39899415,"sulfotransferase family 1E member 1"
"2844","SULT2B1","205759_s_at",2.45e-18,1.44e-19,10.3,33.6210483,1.93,"sulfotransferase family 2B member 1","205759_s_at",0.000582,0.000134,-4.4888852,0.580221,-1.17611784,"sulfotransferase family 2B member 1"
"2845","SUN1","206487_at",1.33e-24,3.92e-26,-12.6,48.6370171,-1.49,"Sad1 and UNC84 domain containing 1","212074_at",3.62e-08,8.77e-10,-9.3997029,12.471093,-0.66120367,"Sad1 and UNC84 domain containing 1"
"2846","SUPT20H","216682_s_at",1.43e-12,1.59e-13,-8.03,19.8408072,-1.14,"SPT20 homolog, SAGA complex component","216717_at",0.000404,8.75e-05,-4.6504548,0.997325,-0.9294204,"SPT20 homolog, SAGA complex component"
"2847","SURF4","222977_at",3.01e-06,6.97e-07,5.16,4.8461637,0.629,"surfeit 4","222977_at",9.44e-05,1.58e-05,5.3050077,2.692672,0.71480555,"surfeit 4"
"2848","SUSD1","226264_at",1.59e-09,2.5e-10,6.73,12.5906638,1.13,"sushi domain containing 1","226264_at",7.65e-09,1.07e-10,10.4171898,14.565747,1.42404519,"sushi domain containing 1"
"2849","SUSD2","227480_at",8.99e-13,9.76e-14,-8.11,20.3224435,-1.44,"sushi domain containing 2","234310_s_at",6.71e-06,6.59e-07,-6.5456191,5.85541,-0.70135408,"sushi domain containing 2"
"2850","SVEP1","213247_at",0.000109,3.06e-05,-4.29,1.2032518,-0.849,"sushi, von Willebrand factor type A, EGF and pentraxin domain containing 1","236927_at",0.000663,0.000156,-4.4304227,0.429665,-1.31105424,"sushi, von Willebrand factor type A, EGF and pentraxin domain containing 1"
"2851","SVIL","1569512_at",6.74e-07,1.44e-07,-5.49,6.3770405,-0.887,"supervillin","202566_s_at",2.82e-06,2.29e-07,-6.9720004,6.909824,-0.75797729,"supervillin"
"2852","SVIP","226278_at",6.7e-06,1.62e-06,-4.97,4.0314753,-0.734,"small VCP interacting protein","230285_at",0.00119,0.000311,-4.1649489,-0.250523,-0.78036022,"small VCP interacting protein"
"2853","SYBU","218692_at",3.04e-17,2.02e-18,-9.87,31.0009354,-1.25,"syntabulin","218692_at",0.000391,8.42e-05,-4.6650406,1.035039,-0.94887092,"syntabulin"
"2854","SYCP3","1553599_a_at",2.57e-28,4.89e-30,-14,57.5796,-1.04,"synaptonemal complex protein 3","241861_at",0.00642,0.00226,-3.391619,-2.174433,-0.67660333,"synaptonemal complex protein 3"
"2855","SYK","207540_s_at",1.56e-22,5.68e-24,11.9,43.6907642,0.961,"spleen associated tyrosine kinase","207540_s_at",4.78e-08,1.27e-09,9.2276904,12.103272,0.93117186,"spleen associated tyrosine kinase"
"2856","SYMPK","1559587_at",3.24e-05,8.49e-06,-4.59,2.4322049,-0.653,"symplekin","1559587_at",0.00109,0.000282,-4.202634,-0.154378,-1.05706999,"symplekin"
"2857","SYN2","210247_at",8.53e-08,1.64e-08,-5.93,8.4962607,-0.873,"synapsin II","210247_at",9.78e-05,1.64e-05,-5.288878,2.65094,-1.17587788,"synapsin II"
"2858","SYNCRIP","1555427_s_at",1.9e-34,1.78e-36,16.3,72.3344128,3.02,"synaptotagmin binding cytoplasmic RNA interacting protein","1555427_s_at",3.64e-07,1.73e-08,8.0569475,9.492599,0.80174529,"synaptotagmin binding cytoplasmic RNA interacting protein"
"2859","SYNE1","244144_at",3.29e-14,3.04e-15,-8.69,23.7526341,-0.841,"spectrin repeat containing nuclear envelope protein 1","244144_at",2.7e-05,3.55e-06,-5.8812541,4.175802,-0.74557649,"spectrin repeat containing nuclear envelope protein 1"
"2860","SYNE2","202761_s_at",5.15e-23,1.77e-24,-12,44.846948,-0.852,"spectrin repeat containing nuclear envelope protein 2","202761_s_at",4.65e-08,1.22e-09,-9.2454861,12.141511,-1.29394247,"spectrin repeat containing nuclear envelope protein 2"
"2861","SYNGR1","204287_at",1.04e-10,1.43e-11,-7.25,15.4063591,-1.11,"synaptogyrin 1","204287_at",5.08e-08,1.38e-09,-9.1878483,12.017502,-1.58148331,"synaptogyrin 1"
"2862","SYNM","212730_at",8.93e-20,4.47e-21,-10.8,37.0655913,-1.1,"synemin","212730_at",0.0166,0.00686,-2.9406545,-3.229134,-0.89117888,"synemin"
"2863","SYNPO2","225720_at",5.25e-21,2.28e-22,-11.3,40.0222773,-0.866,"synaptopodin 2","225721_at",0.00592,0.00206,3.4296321,-2.082759,0.87933029,"synaptopodin 2"
"2864","SYT17","205613_at",3.3e-14,3.04e-15,-8.69,23.7496108,-0.927,"synaptotagmin 17","205613_at",2.55e-06,2.03e-07,-7.0216593,7.031272,-1.06071392,"synaptotagmin 17"
"2865","SYT8","232802_at",4.17e-19,2.24e-20,-10.6,35.4652271,-1.69,"synaptotagmin 8","232802_at",4.65e-05,6.76e-06,-5.6311483,3.534307,-0.76163338,"synaptotagmin 8"
"2866","SZRD1","212004_at",4.18e-14,3.9e-15,8.65,23.5046134,0.658,"SUZ RNA binding domain containing 1","212003_at",1.17e-05,1.29e-06,6.2781912,5.184184,0.68874992,"SUZ RNA binding domain containing 1"
"2867","TAC1","206552_s_at",0.00119,0.000391,-3.62,-1.2140442,-0.645,"tachykinin precursor 1","206552_s_at",1.35e-05,1.55e-06,-6.2064823,5.003022,-2.31093427,"tachykinin precursor 1"
"2868","TACC1","1557305_at",1.54e-06,3.44e-07,-5.31,5.5315527,-0.587,"transforming acidic coiled-coil containing protein 1","242290_at",0.00145,0.000394,-4.0749824,-0.479394,-0.83334901,"transforming acidic coiled-coil containing protein 1"
"2869","TACC3","218308_at",3.75e-15,3.13e-16,9.06,25.9999318,0.838,"transforming acidic coiled-coil containing protein 3","218308_at",0.000571,0.000131,4.4972905,0.601885,0.74521434,"transforming acidic coiled-coil containing protein 3"
"2870","TACR1","230908_at",1.45e-10,2.03e-11,-7.19,15.0592882,-1.12,"tachykinin receptor 1","230908_at",0.0169,0.00701,-2.9313769,-3.250107,-0.60855842,"tachykinin receptor 1"
"2871","TAF11","1558135_at",1.22e-08,2.12e-09,-6.33,10.49375,-1.17,"TATA-box binding protein associated factor 11","1558135_at",0.000303,6.23e-05,-4.7796542,1.331646,-0.84680234,"TATA-box binding protein associated factor 11"
"2872","TAF13","227278_at",7.9e-17,5.51e-18,9.71,30.0042211,0.626,"TATA-box binding protein associated factor 13","205966_at",0.00826,0.00304,3.2740138,-2.455574,0.64642883,"TATA-box binding protein associated factor 13"
"2873","TAF15","227891_s_at",1.46e-09,2.29e-10,-6.75,12.6791378,-0.765,"TATA-box binding protein associated factor 15","227891_s_at",1.24e-05,1.38e-06,-6.2505755,5.114473,-1.23318129,"TATA-box binding protein associated factor 15"
"2874","TAGAP","229723_at",1.78e-06,4.01e-07,5.28,5.3812224,1.1,"T-cell activation RhoGTPase activating protein","1552542_s_at",1.19e-05,1.32e-06,6.2691512,5.161372,1.96672211,"T-cell activation RhoGTPase activating protein"
"2875","TAGLN","205547_s_at",4.3e-18,2.56e-19,-10.2,33.04625,-1.42,"transgelin","1555724_s_at",3.44e-07,1.61e-08,8.0898592,9.568538,1.42867164,"transgelin"
"2876","TAMM41","226815_at",1.98e-15,1.6e-16,9.17,26.6642118,0.99,"TAM41 mitochondrial translocator assembly and maintenance homolog","231958_at",7.3e-06,7.3e-07,-6.5047532,5.753307,-1.21206598,"TAM41 mitochondrial translocator assembly and maintenance homolog"
"2877","TAOK2","204986_s_at",0.000834,0.000267,3.72,-0.8533108,0.624,"TAO kinase 2","204986_s_at",0.000361,7.66e-05,4.7010133,1.128087,0.76759528,"TAO kinase 2"
"2878","TAP1","202307_s_at",1.71e-20,7.88e-22,11.1,38.7892859,0.777,"transporter 1, ATP binding cassette subfamily B member","202307_s_at",0.00374,0.0012,3.6418953,-1.564384,0.61304528,"transporter 1, ATP binding cassette subfamily B member"
"2879","TAP2","204770_at",7.28e-17,5.05e-18,9.72,30.0898357,1.53,"transporter 2, ATP binding cassette subfamily B member","208428_at",0.000582,0.000134,4.4890186,0.580565,1.28099254,"transporter 2, ATP binding cassette subfamily B member"
"2880","TAPT1-AS1","1553145_at",4.53e-12,5.31e-13,-7.82,18.6490082,-1.32,"TAPT1 antisense RNA 1 (head to head)","1553145_at",0.000347,7.32e-05,-4.7183628,1.172979,-0.7397828,"TAPT1 antisense RNA 1 (head to head)"
"2881","TARP","216920_s_at",1.88e-09,2.98e-10,6.7,12.4173734,1.5,"TCR gamma alternate reading frame protein///T cell receptor gamma variable 9///T cell receptor gamma constant 2","216298_at",0.000282,5.73e-05,4.8118226,1.414958,1.20600596,"TCR gamma alternate reading frame protein"
"2882","TBC1D1","227945_at",5.22e-11,6.91e-12,-7.38,16.1201658,-0.959,"TBC1 domain family member 1","212350_at",7.13e-09,9.68e-11,10.4664223,14.663645,1.28097761,"TBC1 domain family member 1"
"2883","TBC1D22B","233430_at",2.16e-09,3.46e-10,-6.67,12.2710542,-0.763,"TBC1 domain family member 22B","233430_at",2.45e-07,1.05e-08,-8.2752406,9.993548,-1.26787884,"TBC1 domain family member 22B"
"2884","TBC1D8","241017_at",2.57e-17,1.69e-18,-9.9,31.1776744,-1.84,"TBC1 domain family member 8///ribosomal protein L31","221592_at",1.8e-05,2.17e-06,-6.0729732,4.664501,-0.68656069,"TBC1 domain family member 8"
"2885","TBRG1","230320_at",3.96e-12,4.61e-13,-7.85,18.7883565,-0.763,"transforming growth factor beta regulator 1","226318_at",0.000424,9.26e-05,-4.6287097,0.941115,-0.58725115,"transforming growth factor beta regulator 1"
"2886","TBX18","242107_x_at",8.58e-19,4.81e-20,-10.5,34.7057432,-1.4,"T-box 18","242107_x_at",0.000265,5.34e-05,-4.8388112,1.484872,-0.90585115,"T-box 18"
"2887","TBXA2R","207554_x_at",7.98e-06,1.94e-06,-4.93,3.8531156,-0.735,"thromboxane A2 receptor","336_at",8.85e-09,1.32e-10,10.31165,14.354825,1.37372726,"thromboxane A2 receptor"
"2888","TC2N","1553132_a_at",6.64e-39,3.79e-41,18,83.0350621,2.05,"tandem C2 domains, nuclear","234970_at",0.000362,7.7e-05,-4.6991152,1.123176,-0.68206566,"tandem C2 domains, nuclear"
"2889","TCEA3","226388_at",9.5e-19,5.35e-20,-10.4,34.6003418,-0.969,"transcription elongation factor A3","226388_at",2.07e-08,4.12e-10,-9.7570756,13.222494,-1.25497758,"transcription elongation factor A3"
"2890","TCEAL7","227705_at",1.05e-09,1.63e-10,-6.81,13.0117003,-0.663,"transcription elongation factor A like 7","227705_at",0.000924,0.000231,4.2793566,0.041818,0.95367402,"transcription elongation factor A like 7"
"2891","TCEAL9","217975_at",3.13e-15,2.59e-16,9.09,26.1888213,0.6,"transcription elongation factor A like 9","217975_at",1.11e-05,1.21e-06,6.3038208,5.248817,0.59723699,"transcription elongation factor A like 9"
"2892","TCF12","233678_at",2.14e-10,3.06e-11,-7.11,14.6559474,-0.943,"transcription factor 12","215611_at",2.69e-05,3.53e-06,-5.8829543,4.180149,-1.30069811,"transcription factor 12"
"2893","TCF3","215260_s_at",2.5e-06,5.72e-07,-5.2,5.0364033,-0.591,"transcription factor 3","228052_x_at",7.23e-06,7.21e-07,6.5095046,5.765187,0.913528,"transcription factor 3"
"2894","TCF7L2","216035_x_at",3.32e-25,9.03e-27,-12.8,50.097511,-0.642,"transcription factor 7 like 2","236094_at",0.000696,0.000165,-4.4081556,0.372383,-0.75361122,"transcription factor 7 like 2"
"2895","TCN1","205513_at",9.65e-71,1.77e-74,32.5,159.0966798,8.66,"transcobalamin 1","205513_at",2.25e-06,1.73e-07,7.0867998,7.190135,4.97804386,"transcobalamin 1"
"2896","TCP11L2","1553861_at",2.18e-18,1.27e-19,10.3,33.742023,1.67,"t-complex 11 like 2","1553861_at",0.00368,0.00118,-3.6491827,-1.546407,-0.66201731,"t-complex 11 like 2"
"2897","TDO2","205943_at",1.74e-08,3.09e-09,6.26,10.1248311,1.32,"tryptophan 2,3-dioxygenase","205943_at",2.67e-10,6.39e-13,13.1877365,19.616526,5.18188846,"tryptophan 2,3-dioxygenase"
"2898","TDP1","219715_s_at",1e-23,3.23e-25,12.3,46.5396329,1.63,"tyrosyl-DNA phosphodiesterase 1","219715_s_at",2.1e-05,2.62e-06,5.9990592,4.476437,0.87094541,"tyrosyl-DNA phosphodiesterase 1"
"2899","TEAD3","209454_s_at",4e-13,4.18e-14,8.26,21.1590719,0.618,"TEA domain transcription factor 3","209454_s_at",0.00025,4.97e-05,-4.8658753,1.554994,-0.7014878,"TEA domain transcription factor 3"
"2900","TEF","225840_at",2.43e-07,4.93e-08,-5.71,7.4202996,-0.841,"TEF, PAR bZIP transcription factor","225840_at",0.00752,0.00272,-3.3187614,-2.34906,-0.82119079,"TEF, PAR bZIP transcription factor"
"2901","TEFM","219146_at",8.35e-16,6.5e-17,9.32,27.5578937,0.867,"transcription elongation factor, mitochondrial","238295_at",0.000187,3.53e-05,-4.9962484,1.892888,-0.84962952,"transcription elongation factor, mitochondrial"
"2902","TEN1-CDK3","229468_at",1.13e-08,1.95e-09,-6.35,10.5763372,-0.636,"TEN1-CDK3 readthrough (NMD candidate)///cyclin dependent kinase 3","229468_at",0.000429,9.4e-05,-4.6230647,0.926526,-0.59885825,"TEN1-CDK3 readthrough (NMD candidate)///cyclin dependent kinase 3"
"2903","TFAP2B","214451_at",9.25e-12,1.12e-12,-7.7,17.9102639,-0.895,"transcription factor AP-2 beta","215686_x_at",2.89e-05,3.86e-06,-5.8486135,4.092321,-1.51059589,"transcription factor AP-2 beta"
"2904","TFCP2L1","219735_s_at",3.09e-06,7.16e-07,-5.15,4.8201514,-0.621,"transcription factor CP2-like 1","219735_s_at",0.00311,0.000966,-3.7271689,-1.353354,-0.7520784,"transcription factor CP2-like 1"
"2905","TFDP1","242939_at",7.31e-18,4.49e-19,10.1,32.4904102,1.81,"transcription factor Dp-1","242939_at",0.000509,0.000115,4.5476387,0.731741,0.74347666,"transcription factor Dp-1"
"2906","TFDP2","226157_at",1.44e-18,8.23e-20,-10.4,34.1740159,-0.762,"transcription factor Dp-2","226157_at",1.14e-05,1.26e-06,-6.2891937,5.211938,-0.76009757,"transcription factor Dp-2"
"2907","TFEC","206715_at",5.72e-16,4.36e-17,9.38,27.9539403,1.69,"transcription factor EC","206715_at",3.43e-10,8.72e-13,13.0059691,19.312032,2.73189493,"transcription factor EC"
"2908","TFG","221871_s_at",5.12e-08,9.59e-09,6.04,9.0180557,1.03,"TRK-fused gene","244614_at",0.00107,0.000276,-4.2118763,-0.130775,-0.684945,"TRK-fused gene"
"2909","TFPI","213258_at",8.87e-11,1.21e-11,-7.28,15.566836,-0.644,"tissue factor pathway inhibitor","209676_at",0.00313,0.000976,3.7232613,-1.363056,0.8741899,"tissue factor pathway inhibitor"
"2910","TFRC","207332_s_at",8.19e-12,9.88e-13,7.72,18.037748,0.71,"transferrin receptor","207332_s_at",2.5e-05,3.23e-06,5.917998,4.269685,0.8892416,"transferrin receptor"
"2911","TGFB1I1","209651_at",2.63e-10,3.79e-11,-7.08,14.4448443,-0.715,"transforming growth factor beta 1 induced transcript 1","209651_at",2.69e-05,3.53e-06,5.8838092,4.182334,0.71575868,"transforming growth factor beta 1 induced transcript 1"
"2912","TGFBR1","236561_at",1.51e-05,3.8e-06,-4.78,3.20513,-0.96,"transforming growth factor beta receptor 1","206943_at",4.7e-08,1.24e-09,9.2373553,12.124045,1.58023631,"transforming growth factor beta receptor 1"
"2913","TGFBR3","226625_at",3.78e-40,1.83e-42,-18.5,86.0481132,-1.06,"transforming growth factor beta receptor 3","204731_at",0.00202,0.000584,-3.9225701,-0.864708,-0.97710995,"transforming growth factor beta receptor 3"
"2914","TGM3","206004_at",1.48e-27,3.09e-29,13.7,55.7434074,2.92,"transglutaminase 3","206004_at",0.00178,0.000502,-3.9812747,-0.716687,-1.45406354,"transglutaminase 3"
"2915","TGM5","207911_s_at",1.14e-11,1.4e-12,7.66,17.6914879,0.848,"transglutaminase 5","207911_s_at",9.43e-06,9.95e-07,-6.3815366,5.444416,-1.50269124,"transglutaminase 5"
"2916","TGOLN2","212040_at",7.53e-09,1.28e-09,-6.43,10.9901207,-1.02,"trans-golgi network protein 2","203834_s_at",2.15e-06,1.65e-07,7.1076851,7.240961,0.73291513,"trans-golgi network protein 2"
"2917","THAP6","230169_at",1.63e-08,2.88e-09,-6.27,10.1942242,-0.852,"THAP domain containing 6","230169_at",2.63e-05,3.44e-06,-5.8933095,4.206616,-0.63500975,"THAP domain containing 6"
"2918","THBS1","201110_s_at",5.59e-08,1.05e-08,-6.02,8.9291981,-1.32,"thrombospondin 1","235086_at",6.98e-07,3.96e-08,7.7021186,8.664672,2.25013422,"thrombospondin 1"
"2919","THEMIS2","207571_x_at",4.18e-12,4.88e-13,7.84,18.7329494,0.625,"thymocyte selection associated family member 2","210785_s_at",1.74e-09,1.24e-11,11.5280871,16.700248,2.40546654,"thymocyte selection associated family member 2"
"2920","THRB","207044_at",1.28e-13,1.27e-14,8.45,22.3359405,0.689,"thyroid hormone receptor beta","229657_at",6.14e-05,9.43e-06,-5.502637,3.203245,-0.6602873,"thyroid hormone receptor beta"
"2921","THY1","208850_s_at",0.0976,0.047,2,-5.5536302,0.6,"Thy-1 cell surface antigen","208850_s_at",3.7e-11,2.65e-14,15.1639298,22.712798,2.85420367,"Thy-1 cell surface antigen"
"2922","TIFAB","239529_at",2.68e-12,3.06e-13,7.92,19.1922239,0.781,"TIFA inhibitor///dendritic cell associated nuclear protein","236673_at",9.25e-05,1.54e-05,5.3141184,2.716241,1.13336164,"TIFA inhibitor"
"2923","TIGAR","219099_at",6.32e-35,5.61e-37,16.5,73.4806863,3.03,"TP53 induced glycolysis regulatory phosphatase","219099_at",9.64e-05,1.62e-05,5.2955893,2.668305,0.98343301,"TP53 induced glycolysis regulatory phosphatase"
"2924","TIMM8A","205217_at",3.31e-18,1.96e-19,10.2,33.3120122,1.2,"translocase of inner mitochondrial membrane 8 homolog A (yeast)","210800_at",2.83e-06,2.31e-07,-6.9699394,6.904777,-1.3455888,"translocase of inner mitochondrial membrane 8 homolog A (yeast)"
"2925","TJP2","202085_at",4e-36,3.1e-38,16.9,76.3607643,0.857,"tight junction protein 2","232017_at",2.74e-09,2.35e-11,-11.1896078,16.066144,-1.48367688,"tight junction protein 2"
"2926","TJP3","35148_at",0.000365,0.000111,-3.96,-0.022196,-0.621,"tight junction protein 3","35148_at",9.22e-05,1.54e-05,-5.3152486,2.719165,-0.81567688,"tight junction protein 3"
"2927","TLDC1","221843_s_at",1.8e-28,3.35e-30,14.1,57.9562547,1.46,"TBC/LysM-associated domain containing 1","222261_at",0.00241,0.000719,3.8423823,-1.066031,0.72381172,"TBC/LysM-associated domain containing 1"
"2928","TLE3","206472_s_at",3.23e-55,2.07e-58,24.9,122.5202507,3.51,"transducin like enhancer of split 3","212769_at",0.00101,0.000256,4.2405546,-0.05748,0.7485244,"transducin like enhancer of split 3"
"2929","TLE4","235765_at",2.92e-09,4.74e-10,-6.61,11.9629854,-0.636,"transducin like enhancer of split 4","233575_s_at",0.00162,0.000449,-4.0245689,-0.607202,-0.58613679,"transducin like enhancer of split 4"
"2930","TLR1","210176_at",4.84e-05,1.3e-05,4.49,2.0213654,0.809,"toll like receptor 1","210176_at",2.68e-07,1.18e-08,8.2235686,9.875551,1.65910598,"toll like receptor 1"
"2931","TLR2","204924_at",8.3e-21,3.71e-22,11.2,39.5378553,1.99,"toll like receptor 2","204924_at",2.94e-08,6.56e-10,9.5363714,12.760479,1.97719929,"toll like receptor 2"
"2932","TLR7","220146_at",2e-04,5.84e-05,4.12,0.5865138,0.889,"toll like receptor 7","220146_at",0.000128,2.27e-05,5.1649484,2.330071,1.14365332,"toll like receptor 7"
"2933","TM4SF18","228489_at",5.12e-05,1.38e-05,-4.48,1.9646879,-0.664,"transmembrane 4 L six family member 18","230061_at",9.42e-05,1.57e-05,5.3056019,2.69421,0.89833992,"transmembrane 4 L six family member 18"
"2934","TM7SF2","210130_s_at",7.53e-11,1.02e-11,7.31,15.7389683,1.13,"transmembrane 7 superfamily member 2","210130_s_at",0.00107,0.000275,-4.2126274,-0.128856,-0.85095126,"transmembrane 7 superfamily member 2"
"2935","TM9SF1","209149_s_at",3.62e-27,7.94e-29,13.6,54.8054958,1.55,"transmembrane 9 superfamily member 1","209149_s_at",3e-08,6.76e-10,9.5217237,12.729584,1.10073263,"transmembrane 9 superfamily member 1"
"2936","TMBIM6","200803_s_at",3.94e-11,5.14e-12,7.43,16.4108897,0.77,"transmembrane BAX inhibitor motif containing 6","200803_s_at",9.31e-07,5.67e-08,7.5507198,8.30635,0.85993567,"transmembrane BAX inhibitor motif containing 6"
"2937","TMC5","240304_s_at",9.11e-57,4.66e-60,25.6,126.2798908,5.06,"transmembrane channel like 5","219580_s_at",0.0148,0.00601,-2.9953086,-3.104927,-0.71441142,"transmembrane channel like 5"
"2938","TMC8","227353_at",9.03e-07,1.96e-07,5.43,6.0777868,1.02,"transmembrane channel like 8","227353_at",0.000123,2.15e-05,5.1853717,2.382973,1.15522302,"transmembrane channel like 8"
"2939","TMED10","238886_at",5.06e-12,5.96e-13,-7.81,18.5355344,-0.88,"transmembrane p24 trafficking protein 10","238886_at",0.00104,0.000265,-4.2262951,-0.093934,-0.82498479,"transmembrane p24 trafficking protein 10"
"2940","TMED5","202195_s_at",2.16e-15,1.76e-16,9.16,26.5730104,1.01,"transmembrane p24 trafficking protein 5","202195_s_at",4.67e-08,1.23e-09,9.242083,12.134202,1.10818618,"transmembrane p24 trafficking protein 5"
"2941","TMEM110","213851_at",1.03e-15,8.13e-17,9.28,27.3360214,1.2,"transmembrane protein 110","213851_at",2.46e-06,1.94e-07,7.0398082,7.075584,0.76263674,"transmembrane protein 110"
"2942","TMEM116","227172_at",2.16e-35,1.81e-37,-16.7,74.6039104,-2.18,"transmembrane protein 116","227172_at",1.54e-06,1.07e-07,-7.284701,7.669598,-1.20904006,"transmembrane protein 116"
"2943","TMEM119","227300_at",1.18e-07,2.31e-08,-5.87,8.1589591,-0.825,"transmembrane protein 119","227300_at",1.44e-07,5.31e-09,8.5764435,10.67413,1.59897561,"transmembrane protein 119"
"2944","TMEM125","225822_at",4.97e-11,6.57e-12,7.39,16.169812,0.971,"transmembrane protein 125","225822_at",1.36e-05,1.56e-06,-6.2044377,4.997849,-1.44184157,"transmembrane protein 125"
"2945","TMEM132B","236824_at",9.68e-11,1.33e-11,-7.26,15.4767556,-0.828,"transmembrane protein 132B","236824_at",3.88e-07,1.88e-08,-8.0205874,9.408533,-1.68612852,"transmembrane protein 132B"
"2946","TMEM132C","232313_at",1.63e-25,4.26e-27,-13,50.8448096,-2.54,"transmembrane protein 132C","232313_at",0.00276,0.000842,-3.7807262,-1.22009,-1.10265816,"transmembrane protein 132C"
"2947","TMEM136","238497_at",3.84e-06,8.98e-07,-5.1,4.599962,-0.738,"transmembrane protein 136","230186_at",0.000197,3.76e-05,4.9726462,1.831711,0.64132729,"transmembrane protein 136"
"2948","TMEM139","227753_at",5.33e-19,2.91e-20,-10.5,35.2043223,-2.4,"transmembrane protein 139","227753_at",0.000282,5.74e-05,-4.8108225,1.412368,-1.35047819,"transmembrane protein 139"
"2949","TMEM154","238063_at",4.68e-20,2.27e-21,10.9,37.7372681,0.896,"transmembrane protein 154","238063_at",0.00022,4.27e-05,-4.9237546,1.704989,-0.89165876,"transmembrane protein 154"
"2950","TMEM159","213272_s_at",1.47e-06,3.26e-07,-5.32,5.5824271,-1.05,"transmembrane protein 159","213272_s_at",0.000508,0.000114,-4.5487261,0.734547,-0.93874448,"transmembrane protein 159"
"2951","TMEM167A","226276_at",2.44e-17,1.6e-18,9.91,31.2291258,1.37,"transmembrane protein 167A","226276_at",1.62e-07,6.18e-09,8.5084713,10.521625,0.79852831,"transmembrane protein 167A"
"2952","TMEM170A","228505_s_at",2.74e-12,3.14e-13,7.92,19.1691888,0.813,"transmembrane protein 170A","228505_s_at",3.15e-06,2.64e-07,6.9153358,6.770887,0.73378602,"transmembrane protein 170A"
"2953","TMEM176A","218345_at",0.000799,0.000255,3.74,-0.8097463,0.674,"transmembrane protein 176A","218345_at",6.46e-09,8.38e-11,10.5383859,14.806181,1.73917375,"transmembrane protein 176A"
"2954","TMEM178A","229302_at",1.52e-12,1.68e-13,-8.02,19.7831066,-1.57,"transmembrane protein 178A","229302_at",0.00261,0.000787,-3.8071637,-1.154113,-0.92664355,"transmembrane protein 178A"
"2955","TMEM19","230676_s_at",3.33e-26,8.17e-28,13.2,52.486694,2.58,"transmembrane protein 19","230676_s_at",0.000763,0.000184,4.3657781,0.26347,0.69858738,"transmembrane protein 19"
"2956","TMEM198B","227106_at",1.98e-25,5.24e-27,-12.9,50.6377549,-0.612,"transmembrane protein 198B (pseudogene)","227106_at",5.9e-06,5.64e-07,-6.6076922,6.010162,-0.60776168,"transmembrane protein 198B (pseudogene)"
"2957","TMEM200A","234994_at",3.22e-08,5.9e-09,-6.13,9.4936099,-1.14,"transmembrane protein 200A","234994_at",0.000198,3.78e-05,4.9705874,1.826375,0.7628471,"transmembrane protein 200A"
"2958","TMEM206","222752_s_at",6.23e-22,2.44e-23,11.6,42.2429371,1.53,"transmembrane protein 206","222752_s_at",2.48e-09,2.03e-11,11.2673948,16.213106,1.08336622,"transmembrane protein 206"
"2959","TMEM208","221597_s_at",1.11e-16,7.83e-18,9.65,29.6553321,0.706,"transmembrane protein 208","221597_s_at",3.75e-09,3.7e-11,10.9544837,15.617379,0.9578008,"transmembrane protein 208"
"2960","TMEM234","223656_s_at",2.72e-12,3.12e-13,7.92,19.1753384,0.606,"transmembrane protein 234","223656_s_at",1.34e-05,1.52e-06,6.213421,5.020572,0.6332431,"transmembrane protein 234"
"2961","TMEM237","228255_at",3.53e-20,1.69e-21,-11,38.0299607,-0.838,"transmembrane protein 237","1553956_at",1.59e-05,1.87e-06,-6.1318091,4.813875,-0.71055143,"transmembrane protein 237"
"2962","TMEM255A","219895_at",7.62e-25,2.18e-26,-12.7,49.2201491,-2.33,"transmembrane protein 255A","219895_at",2.52e-07,1.09e-08,-8.2594088,9.957434,-2.01906214,"transmembrane protein 255A"
"2963","TMEM266","1552400_a_at",7.04e-06,1.7e-06,-4.96,3.9819642,-0.85,"transmembrane protein 266","1552400_a_at",0.000837,0.000206,-4.324149,0.15662,-1.05815501,"transmembrane protein 266"
"2964","TMEM30A","232591_s_at",3.42e-22,1.29e-23,11.7,42.8733747,2.05,"transmembrane protein 30A","232591_s_at",5.46e-09,6.49e-11,10.6672666,15.05979,1.15462148,"transmembrane protein 30A"
"2965","TMEM35B","213698_at",4.29e-08,7.96e-09,-6.08,9.1996283,-0.659,"transmembrane protein 35B///zinc finger MYM-type containing 6","213698_at",2.78e-07,1.23e-08,8.2054795,9.834158,0.84804156,"transmembrane protein 35B///zinc finger MYM-type containing 6"
"2966","TMEM39A","241392_at",1.66e-11,2.08e-12,-7.59,17.3012958,-0.772,"transmembrane protein 39A","222690_s_at",2.24e-09,1.76e-11,11.3402956,16.350164,0.82379144,"transmembrane protein 39A"
"2967","TMEM40","219503_s_at",3.15e-24,9.62e-26,12.5,47.7441319,1.65,"transmembrane protein 40","222892_s_at",0.0184,0.00776,-2.8891646,-3.34512,-0.73410711,"transmembrane protein 40"
"2968","TMEM43","222418_s_at",5.05e-14,4.75e-15,-8.62,23.3088575,-0.764,"transmembrane protein 43","233489_at",5.25e-09,6.1e-11,-10.6985109,15.120953,-0.96597463,"transmembrane protein 43"
"2969","TMEM44","228054_at",0.000106,2.99e-05,-4.29,1.2258539,-0.61,"transmembrane protein 44","228054_at",6.94e-06,6.86e-07,6.5294373,5.815,0.76587115,"transmembrane protein 44"
"2970","TMEM51","218815_s_at",2.05e-28,3.84e-30,14,57.8182296,1.11,"transmembrane protein 51","218815_s_at",5.81e-05,8.84e-06,5.5276804,3.267826,0.63357122,"transmembrane protein 51"
"2971","TMEM61","230822_at",3.26e-06,7.58e-07,-5.14,4.764751,-0.69,"transmembrane protein 61","230822_at",0.00062,0.000144,-4.459839,0.505391,-0.76467859,"transmembrane protein 61"
"2972","TMEM63A","214833_at",5.57e-14,5.28e-15,-8.6,23.2054973,-0.786,"transmembrane protein 63A","214833_at",0.00191,0.000547,-3.9483503,-0.799768,-0.63811688,"transmembrane protein 63A"
"2973","TMEM67","1569377_at",1.26e-09,1.96e-10,-6.78,12.831093,-0.981,"transmembrane protein 67","238229_at",0.000936,0.000234,-4.2737942,0.027574,-0.59420011,"transmembrane protein 67"
"2974","TMEM70","226083_at",5.82e-17,3.98e-18,9.76,30.3259059,0.824,"transmembrane protein 70","219449_s_at",5.56e-07,2.98e-08,7.8235146,8.949812,0.740983,"transmembrane protein 70"
"2975","TMEM79","223544_at",9.69e-38,6.44e-40,17.6,80.2171879,1.01,"transmembrane protein 79","223544_at",7.04e-05,1.11e-05,-5.4400723,3.041779,-1.159036,"transmembrane protein 79"
"2976","TMEM86A","227570_at",8.47e-29,1.52e-30,14.2,58.7428251,3.18,"transmembrane protein 86A","238710_at",0.00126,0.000334,-4.1378506,-0.319561,-0.8795286,"transmembrane protein 86A"
"2977","TMEM87A","223771_at",1.89e-08,3.36e-09,-6.24,10.0437546,-0.592,"transmembrane protein 87A","223771_at",0.000197,3.77e-05,-4.9718453,1.829635,-0.95899397,"transmembrane protein 87A"
"2978","TMEM88","229452_at",1.08e-06,2.37e-07,5.39,5.8903798,0.678,"transmembrane protein 88","229452_at",5.31e-06,4.96e-07,6.6593536,6.138643,1.10791206,"transmembrane protein 88"
"2979","TMEM91","229957_at",1.44e-15,1.15e-16,-9.22,26.992752,-0.73,"transmembrane protein 91","229957_at",0.02,0.00858,-2.8470344,-3.439253,-0.58728051,"transmembrane protein 91"
"2980","TMEM99","226565_at",9.95e-13,1.08e-13,-8.1,20.2195288,-0.913,"transmembrane protein 99","226565_at",3.55e-07,1.67e-08,-8.0736598,9.531179,-1.13362814,"transmembrane protein 99"
"2981","TMOD3","223078_s_at",9.85e-20,4.95e-21,10.8,36.9636132,1.57,"tropomodulin 3","242316_at",0.000132,2.34e-05,-5.1530832,2.299334,-0.88764852,"tropomodulin 3"
"2982","TMPO","203432_at",4.48e-30,6.8e-32,14.7,61.8325289,1.61,"thymopoietin","209753_s_at",0.000224,4.37e-05,4.9153039,1.683087,0.69587282,"thymopoietin"
"2983","TMPRSS11D","207602_at",2.21e-78,1.21e-82,36.9,177.5690621,7.64,"transmembrane protease, serine 11D","207602_at",0.000396,8.53e-05,4.6598606,1.021644,3.23469414,"transmembrane protease, serine 11D"
"2984","TMPRSS13","223659_at",3.79e-18,2.25e-19,10.2,33.1740971,1.43,"transmembrane protease, serine 13","223659_at",4.24e-07,2.1e-08,-7.9741636,9.300941,-1.5556241,"transmembrane protease, serine 13"
"2985","TMPRSS4","218960_at",4.6e-42,1.7e-44,19.3,90.7023244,4.82,"transmembrane protease, serine 4","218960_at",0.0158,0.0065,2.9631494,-3.178146,1.20086606,"transmembrane protease, serine 4"
"2986","TMSB15B","214051_at",1.29e-09,2.01e-10,-6.77,12.8042185,-0.926,"thymosin beta 15B///thymosin beta 15a","205347_s_at",5.83e-05,8.87e-06,5.5260533,3.263631,1.56514715,"thymosin beta 15B///thymosin beta 15a"
"2987","TMTC1","226322_at",7.58e-07,1.63e-07,-5.47,6.2559926,-0.624,"transmembrane and tetratricopeptide repeat containing 1","224397_s_at",0.0054,0.00185,3.4721783,-1.979713,0.68737322,"transmembrane and tetratricopeptide repeat containing 1"
"2988","TNAP","1555707_at",9.77e-18,6.09e-19,-10.1,32.1875859,-1.25,"TRAFs and NIK-associated protein","1555707_at",0.000111,1.92e-05,-5.2300213,2.498598,-1.35003705,"TRAFs and NIK-associated protein"
"2989","TNFAIP3","202643_s_at",1.9e-10,2.7e-11,7.14,14.7791764,0.743,"TNF alpha induced protein 3","202643_s_at",0.000372,7.94e-05,4.6874597,1.093023,0.83097051,"TNF alpha induced protein 3"
"2990","TNFRSF1B","203508_at",8.69e-07,1.88e-07,5.44,6.1168621,0.602,"TNF receptor superfamily member 1B","203508_at",4.27e-09,4.47e-11,10.8572358,15.429753,1.39682706,"TNF receptor superfamily member 1B"
"2991","TNFRSF21","214581_x_at",7.05e-25,2e-26,12.7,49.3047167,1.61,"TNF receptor superfamily member 21","214581_x_at",0.00468,0.00156,3.5387548,-1.817576,0.84900622,"TNF receptor superfamily member 21"
"2992","TNFRSF25","211282_x_at",6.4e-09,1.08e-09,-6.46,11.1577912,-0.614,"TNF receptor superfamily member 25","210847_x_at",2.65e-07,1.16e-08,-8.2325394,9.896063,-0.85773615,"TNF receptor superfamily member 25"
"2993","TNFRSF4","208023_at",4.46e-44,1.42e-46,20.1,95.4611883,2.22,"TNF receptor superfamily member 4","214228_x_at",3.89e-05,5.45e-06,5.7142557,3.747915,0.58799497,"TNF receptor superfamily member 4"
"2994","TNFSF12-TNFSF13","205611_at",3.24e-22,1.22e-23,-11.7,42.9308618,-0.864,"TNFSF12-TNFSF13 readthrough///tumor necrosis factor superfamily member 12","209500_x_at",3.19e-08,7.33e-10,9.4835666,12.648968,1.40926223,"TNFSF12-TNFSF13 readthrough///tumor necrosis factor superfamily member 13"
"2995","TNFSF15","229242_at",6.6e-05,1.81e-05,4.41,1.706553,0.786,"tumor necrosis factor superfamily member 15","229242_at",0.00162,0.000449,4.0245388,-0.607278,0.71159352,"tumor necrosis factor superfamily member 15"
"2996","TNIP2","232160_s_at",6.06e-17,4.15e-18,9.76,30.2835455,1.03,"TNFAIP3 interacting protein 2","232160_s_at",0.000244,4.84e-05,4.8760282,1.581303,0.63789683,"TNFAIP3 interacting protein 2"
"2997","TNIP3","220655_at",4.22e-29,7.31e-31,14.3,59.4695035,4.51,"TNFAIP3 interacting protein 3","220655_at",2.34e-07,9.82e-09,8.3042,10.05952,4.02552663,"TNFAIP3 interacting protein 3"
"2998","TNKS","216695_s_at",9.17e-11,1.25e-11,-7.27,15.5335082,-0.636,"tankyrase","217121_at",1.05e-06,6.61e-08,-7.486358,8.153121,-0.6358355,"tankyrase"
"2999","TNN","215271_at",8.86e-05,2.47e-05,-4.34,1.4082586,-0.928,"tenascin N","215271_at",0.0294,0.0135,-2.6532526,-3.862712,-1.21282705,"tenascin N"
"3000","TNNC1","209904_at",0.00176,0.000591,-3.5,-1.6013168,-0.643,"troponin C1, slow skeletal and cardiac type","209904_at",5.38e-05,8.05e-06,-5.5635623,3.360304,-2.1879281,"troponin C1, slow skeletal and cardiac type"
"3001","TNNI2","206393_at",4.55e-16,3.44e-17,-9.42,28.1892453,-2.13,"troponin I2, fast skeletal type","206393_at",0.000826,0.000202,-4.3299395,0.171473,-0.70842595,"troponin I2, fast skeletal type"
"3002","TNNT2","215389_s_at",2.26e-23,7.5e-25,-12.2,45.7019623,-1.9,"troponin T2, cardiac type","215389_s_at",1.38e-08,2.39e-10,-10.0212766,13.767005,-1.49710373,"troponin T2, cardiac type"
"3003","TNPO1","225766_s_at",7.16e-20,3.55e-21,10.9,37.2950175,1.49,"transportin 1","225765_at",1.8e-07,7.05e-09,8.4500098,10.389954,0.70727605,"transportin 1"
"3004","TNRC6A","243834_at",4.36e-15,3.67e-16,-9.04,25.8448187,-1.72,"trinucleotide repeat containing 6A","243834_at",0.000743,0.000178,-4.3782464,0.2955,-1.37225599,"trinucleotide repeat containing 6A"
"3005","TNRC6B","228998_at",0.00133,0.000439,-3.59,-1.3218304,-0.888,"trinucleotide repeat containing 6B","229036_at",0.000527,0.000119,-4.5326659,0.693108,-0.76615326,"trinucleotide repeat containing 6B"
"3006","TNXB","206093_x_at",1.33e-16,9.48e-18,-9.62,29.4655037,-1.17,"tenascin XB///tenascin XA (pseudogene)","216339_s_at",6.26e-05,9.65e-06,-5.4935645,3.179842,-0.84405822,"tenascin XB///tenascin XA (pseudogene)"
"3007","TOR1A","202348_s_at",4.5e-11,5.92e-12,7.41,16.2727671,0.742,"torsin family 1 member A","1554849_at",0.00395,0.00128,3.6170991,-1.625467,0.61455125,"torsin family 1 member A"
"3008","TOR1AIP2","230241_at",1.2e-26,2.79e-28,13.4,53.5545346,1.69,"torsin 1A interacting protein 2","1569676_at",4.09e-06,3.63e-07,-6.7854298,6.450961,-1.33104037,"torsin 1A interacting protein 2"
"3009","TP53AIP1","223919_at",9.62e-09,1.66e-09,6.38,10.7372258,1.31,"tumor protein p53 regulated apoptosis inducing protein 1","223920_s_at",2.05e-05,2.55e-06,-6.0108648,4.506504,-1.26200041,"tumor protein p53 regulated apoptosis inducing protein 1"
"3010","TP53I3","210609_s_at",2.17e-19,1.13e-20,10.7,36.1444385,1.57,"tumor protein p53 inducible protein 3","210609_s_at",3.7e-11,2.6e-14,15.1747876,22.72879,1.39631359,"tumor protein p53 inducible protein 3"
"3011","TP63","211194_s_at",2.17e-10,3.1e-11,7.11,14.6436519,1.21,"tumor protein p63","209863_s_at",3.06e-06,2.54e-07,-6.9304436,6.807967,-0.77046141,"tumor protein p63"
"3012","TPD52","201688_s_at",8.18e-11,1.11e-11,7.3,15.6508682,0.796,"tumor protein D52","236655_at",0.000168,3.12e-05,-5.0431318,2.014409,-0.77874387,"tumor protein D52"
"3013","TPGS2","212055_at",4.28e-15,3.59e-16,9.04,25.8651307,0.811,"tubulin polyglutamylase complex subunit 2","236540_at",3.67e-05,5.1e-06,-5.7403007,3.81477,-0.78840593,"tubulin polyglutamylase complex subunit 2"
"3014","TPH1","214601_at",3.38e-14,3.13e-15,-8.69,23.7210703,-1.1,"tryptophan hydroxylase 1","214601_at",0.000101,1.71e-05,-5.2738812,2.612132,-0.66859838,"tryptophan hydroxylase 1"
"3015","TPM2","227397_at",0.000275,8.22e-05,-4.04,0.2617489,-0.601,"tropomyosin 2 (beta)","212654_at",3.34e-07,1.54e-08,8.1064641,9.606797,0.96433506,"tropomyosin 2 (beta)"
"3016","TPM4","212481_s_at",4.6e-12,5.4e-13,7.82,18.6324332,0.775,"tropomyosin 4","212481_s_at",2.04e-05,2.54e-06,6.0123634,4.51032,0.63569302,"tropomyosin 4"
"3017","TPPP","206179_s_at",2.3e-09,3.7e-10,-6.66,12.2068885,-0.808,"tubulin polymerization promoting protein","206179_s_at",5.03e-05,7.44e-06,-5.5939589,3.438592,-1.18706497,"tubulin polymerization promoting protein"
"3018","TPPP3","218876_at",3.31e-08,6.07e-09,-6.13,9.4650284,-1.21,"tubulin polymerization promoting protein family member 3","218876_at",0.000212,4.09e-05,-4.9407374,1.749005,-1.26010784,"tubulin polymerization promoting protein family member 3"
"3019","TPRG1","229764_at",6.57e-11,8.83e-12,7.34,15.8792784,0.876,"tumor protein p63 regulated 1","229764_at",7.29e-06,7.29e-07,-6.5051198,5.754223,-1.36820316,"tumor protein p63 regulated 1"
"3020","TPT1-AS1","227710_s_at",5.6e-13,5.94e-14,-8.2,20.812444,-0.601,"TPT1 antisense RNA 1","226407_at",0.00121,0.000318,4.1563866,-0.272346,0.82284645,"TPT1 antisense RNA 1"
"3021","TPTE2P5","240409_at",1.35e-12,1.49e-13,-8.04,19.9040791,-1.22,"transmembrane phosphoinositide 3-phosphatase and tensin homolog 2 pseudogene 5","240409_at",6.37e-05,9.85e-06,-5.4857678,3.159727,-0.97420343,"transmembrane phosphoinositide 3-phosphatase and tensin homolog 2 pseudogene 5"
"3022","TRA2A","227939_s_at",5.86e-08,1.1e-08,-6.01,8.8812938,-0.85,"transformer 2 alpha homolog","213593_s_at",1.63e-06,1.15e-07,-7.2550253,7.59801,-1.22396343,"transformer 2 alpha homolog"
"3023","TRAC","210972_x_at",0.000971,0.000314,3.68,-1.0067628,0.663,"T-cell receptor alpha constant///T cell receptor alpha joining 17///T cell receptor alpha variable 20///T cell receptor delta variable 2","209671_x_at",9.76e-06,1.04e-06,6.3645572,5.401732,0.89160861,"T-cell receptor alpha constant"
"3024","TRAF1","205599_at",5.83e-08,1.1e-08,6.01,8.8863904,0.716,"TNF receptor associated factor 1","205599_at",9.28e-05,1.55e-05,5.3123212,2.711592,0.94894385,"TNF receptor associated factor 1"
"3025","TRAF3","208315_x_at",5.33e-11,7.08e-12,7.38,16.0969451,0.596,"TNF receptor associated factor 3","208315_x_at",4.13e-06,3.68e-07,6.779977,6.43749,0.72491508,"TNF receptor associated factor 3"
"3026","TRAF3IP2","215411_s_at",1.49e-21,6.1e-23,11.5,41.3313402,0.638,"TRAF3 interacting protein 2","202987_at",0.0118,0.00459,-3.1060108,-2.850068,-0.62205159,"TRAF3 interacting protein 2"
"3027","TRAF3IP3","213888_s_at",3.73e-14,3.46e-15,8.67,23.6228194,1.39,"TRAF3 interacting protein 3","205804_s_at",1.3e-06,8.71e-08,7.371363,7.878023,1.40993404,"TRAF3 interacting protein 3"
"3028","TRAM1","201399_s_at",2.08e-06,4.71e-07,5.24,5.224854,0.961,"translocation associated membrane protein 1","201399_s_at",3.78e-07,1.82e-08,8.035987,9.444159,0.83777673,"translocation associated membrane protein 1"
"3029","TRAM2","202369_s_at",7.54e-09,1.28e-09,-6.43,10.9887299,-0.742,"translocation associated membrane protein 2","202368_s_at",6.56e-05,1.02e-05,5.4715966,3.123158,0.92628025,"translocation associated membrane protein 2"
"3030","TRANK1","213261_at",1.62e-09,2.56e-10,6.73,12.5689444,0.698,"tetratricopeptide repeat and ankyrin repeat containing 1","213261_at",3.05e-06,2.53e-07,6.9314751,6.810497,1.22730856,"tetratricopeptide repeat and ankyrin repeat containing 1"
"3031","TRBC1","213193_x_at",6.32e-14,6.03e-15,8.58,23.0736361,1.7,"T cell receptor beta constant 1","210915_x_at",4.52e-08,1.18e-09,9.2619022,12.176748,1.28076783,"T cell receptor beta constant 1"
"3032","TRG-AS1","239237_at",1.19e-11,1.46e-12,7.65,17.6509259,1.54,"T cell receptor gamma locus antisense RNA 1","239237_at",2.64e-05,3.46e-06,5.8915837,4.202205,1.46852997,"T cell receptor gamma locus antisense RNA 1"
"3033","TRHDE-AS1","1560697_at",5.92e-05,1.61e-05,-4.44,1.8187084,-0.617,"TRHDE antisense RNA 1","1560697_at",0.0307,0.0142,-2.6305899,-3.911156,-0.60810297,"TRHDE antisense RNA 1"
"3034","TRIM13","1569142_at",0.00126,0.000415,-3.6,-1.2700772,-0.673,"tripartite motif containing 13","1569142_at",0.000135,2.41e-05,-5.1427424,2.272543,-1.27178266,"tripartite motif containing 13"
"3035","TRIM14","203147_s_at",2.58e-28,4.91e-30,14,57.5754727,2.46,"tripartite motif containing 14","231934_at",1.17e-08,1.89e-10,10.1340641,13.996642,1.00118091,"tripartite motif containing 14"
"3036","TRIM21","204804_at",9.82e-27,2.26e-28,13.4,53.7630083,1.11,"tripartite motif containing 21","204804_at",0.000145,2.63e-05,5.1084994,2.183817,0.72456697,"tripartite motif containing 21"
"3037","TRIM22","213293_s_at",1.79e-30,2.59e-32,14.8,62.7949615,1.12,"tripartite motif containing 22","213293_s_at",5.24e-06,4.89e-07,6.6657091,6.154429,0.72824022,"tripartite motif containing 22"
"3038","TRIM27","212116_at",1.31e-11,1.63e-12,7.63,17.5465779,1.11,"tripartite motif containing 27","210541_s_at",2.52e-07,1.09e-08,8.2587169,9.955854,0.87124554,"tripartite motif containing 27"
"3039","TRIM33","212436_at",4.54e-18,2.72e-19,10.2,32.9880694,0.897,"tripartite motif containing 33","214815_at",0.000648,0.000152,-4.4404214,0.455398,-0.68345817,"tripartite motif containing 33"
"3040","TRIM38","203610_s_at",6.26e-16,4.8e-17,9.37,27.8585479,1.45,"tripartite motif containing 38","203610_s_at",1.11e-06,7.09e-08,7.4575098,8.084267,0.85239165,"tripartite motif containing 38"
"3041","TRIM45","242056_at",6.55e-11,8.8e-12,-7.34,15.8816432,-1,"tripartite motif containing 45","242056_at",1.19e-07,4.08e-09,-8.6936874,10.935698,-1.35220261,"tripartite motif containing 45"
"3042","TRIM52","1568594_s_at",6.2e-13,6.62e-14,-8.18,20.7057406,-0.765,"tripartite motif containing 52","1568594_s_at",0.000283,5.76e-05,-4.809838,1.409818,-0.71014729,"tripartite motif containing 52"
"3043","TRIM66","213748_at",4.6e-06,1.09e-06,-5.06,4.4143074,-0.975,"tripartite motif containing 66","213748_at",0.000202,3.87e-05,-4.9614647,1.802729,-0.7922551,"tripartite motif containing 66"
"3044","TRIM69","1568592_at",2.51e-20,1.18e-21,11,38.3868483,1.35,"tripartite motif containing 69","232792_at",2.74e-07,1.21e-08,8.2124584,9.850133,1.431257,"tripartite motif containing 69"
"3045","TRIM7","223694_at",3.36e-18,1.99e-19,10.2,33.2955926,1.92,"tripartite motif containing 7","223694_at",4.99e-05,7.35e-06,-5.598687,3.450765,-0.88675468,"tripartite motif containing 7"
"3046","TRIM74","1554182_at",7.95e-07,1.71e-07,-5.46,6.2073022,-0.718,"tripartite motif containing 74///tripartite motif containing 73","1554182_at",4.38e-05,6.29e-06,-5.6590855,3.606159,-0.60023859,"tripartite motif containing 74///tripartite motif containing 73"
"3047","TRIO","231403_at",3.07e-10,4.47e-11,-7.05,14.2818819,-1.03,"trio Rho guanine nucleotide exchange factor","231403_at",0.0123,0.00483,-3.0855211,-2.897559,-0.70937573,"trio Rho guanine nucleotide exchange factor"
"3048","TRIOBP","243690_at",8.64e-05,2.41e-05,-4.34,1.4337636,-0.594,"TRIO and F-actin binding protein","1552334_at",9.59e-06,1.01e-06,-6.3735725,5.424399,-0.96979138,"TRIO and F-actin binding protein"
"3049","TRMT13","232489_at",7.76e-12,9.33e-13,-7.73,18.0936276,-0.899,"tRNA methyltransferase 13 homolog","232489_at",5.78e-06,5.51e-07,-6.6175492,6.034699,-1.47107399,"tRNA methyltransferase 13 homolog"
"3050","TRNP1","227862_at",4.3e-14,4.02e-15,-8.65,23.4756891,-0.956,"TMF1-regulated nuclear protein 1","227862_at",0.00363,0.00116,-3.6568183,-1.52756,-0.69534015,"TMF1-regulated nuclear protein 1"
"3051","TRNT1","222754_at",2.83e-12,3.25e-13,7.91,19.1341724,0.982,"tRNA nucleotidyl transferase 1","223814_at",8.86e-06,9.23e-07,6.4114789,5.519619,0.97185035,"tRNA nucleotidyl transferase 1"
"3052","TRPM7","223323_x_at",4.1e-06,9.63e-07,-5.09,4.5324231,-0.616,"transient receptor potential cation channel subfamily M member 7","237884_x_at",0.00138,0.00037,-4.0983073,-0.42015,-0.64077444,"transient receptor potential cation channel subfamily M member 7"
"3053","TSC22D4","1554501_at",1.05e-07,2.05e-08,-5.89,8.277441,-0.6,"TSC22 domain family member 4","1554501_at",0.000135,2.42e-05,-5.1413478,2.26893,-0.60222052,"TSC22 domain family member 4"
"3054","TSEN15","225400_at",6.61e-12,7.89e-13,7.76,18.2594198,0.759,"tRNA splicing endonuclease subunit 15","230257_s_at",2e-07,8.04e-09,8.3922074,10.259309,0.84722115,"tRNA splicing endonuclease subunit 15"
"3055","TSGA10","223838_at",8.57e-10,1.31e-10,-6.85,13.2247538,-0.885,"testis specific 10","1555932_at",0.000522,0.000118,-4.537115,0.704587,-0.78279591,"testis specific 10"
"3056","TSHR","215443_at",6.31e-12,7.51e-13,-7.77,18.3075503,-1.11,"thyroid stimulating hormone receptor","210055_at",4.4e-06,3.97e-07,6.7497992,6.362875,2.30023791,"thyroid stimulating hormone receptor"
"3057","TSNARE1","231317_at",3.42e-07,7.05e-08,-5.64,7.0713971,-0.913,"t-SNARE domain containing 1","231317_at",1.6e-08,2.87e-10,-9.9320079,13.584062,-1.01641446,"t-SNARE domain containing 1"
"3058","TSPAN12","219274_at",2.18e-08,3.92e-09,-6.21,9.8934067,-0.95,"tetraspanin 12","230625_s_at",1.85e-06,1.35e-07,7.1886259,7.437435,0.90989246,"tetraspanin 12"
"3059","TSPAN18","227307_at",1.82e-13,1.83e-14,-8.39,21.9737537,-1.05,"tetraspanin 18","228819_at",4.26e-05,6.09e-06,5.6717818,3.638797,0.96312959,"tetraspanin 18"
"3060","TSPAN5","225388_at",3.16e-07,6.49e-08,5.66,7.151671,1.23,"tetraspanin 5","225387_at",1.89e-05,2.31e-06,-6.0487087,4.602813,-0.64614694,"tetraspanin 5"
"3061","TSPAN8","203824_at",9.09e-20,4.55e-21,-10.8,37.0470587,-2.27,"tetraspanin 8","203824_at",0.000101,1.71e-05,-5.2746508,2.614123,-3.03371437,"tetraspanin 8"
"3062","TTC22","220309_at",1.49e-12,1.65e-13,8.02,19.8037774,1.12,"tetratricopeptide repeat domain 22","235651_at",0.000521,0.000118,-4.5374381,0.70542,-1.00750682,"tetratricopeptide repeat domain 22"
"3063","TTC37","1554029_a_at",2.35e-05,6.06e-06,-4.67,2.7563293,-0.789,"tetratricopeptide repeat domain 37","1554029_a_at",0.000412,8.94e-05,-4.6420391,0.975568,-1.11114344,"tetratricopeptide repeat domain 37"
"3064","TTC39B","236826_at",1.3e-11,1.61e-12,7.63,17.5547083,1.18,"tetratricopeptide repeat domain 39B","242477_at",0.00707,0.00253,-3.3476591,-2.279971,-0.63399116,"tetratricopeptide repeat domain 39B"
"3065","TTC39C","1552307_a_at",5.61e-15,4.76e-16,8.99,25.585451,1.04,"tetratricopeptide repeat domain 39C","230747_s_at",0.000439,9.65e-05,-4.6128642,0.900168,-0.69312273,"tetratricopeptide repeat domain 39C"
"3066","TTC5","1558606_s_at",2.23e-08,4.02e-09,-6.21,9.8686782,-0.673,"tetratricopeptide repeat domain 5","1558606_s_at",8.91e-07,5.38e-08,-7.5733166,8.36002,-1.40658566,"tetratricopeptide repeat domain 5"
"3067","TTC9C","1569189_at",1.13e-09,1.76e-10,-6.8,12.9372617,-1.17,"tetratricopeptide repeat domain 9C","226175_at",8.19e-05,1.33e-05,5.370379,2.861723,0.59617833,"tetratricopeptide repeat domain 9C"
"3068","TTLL12","216251_s_at",2.4e-11,3.06e-12,7.52,16.922388,0.601,"tubulin tyrosine ligase like 12","216251_s_at",0.000151,2.76e-05,-5.0908852,2.138172,-0.58882191,"tubulin tyrosine ligase like 12"
"3069","TTLL3","1555475_x_at",3.74e-06,8.75e-07,-5.11,4.6252271,-0.628,"tubulin tyrosine ligase like 3","1555474_at",0.000598,0.000138,-4.4768782,0.549282,-0.83917386,"tubulin tyrosine ligase like 3"
"3070","TTLL7","228724_at",1.13e-05,2.79e-06,-4.85,3.5029022,-0.984,"tubulin tyrosine ligase like 7","228724_at",0.000759,0.000183,-4.3683244,0.27001,-0.86568242,"tubulin tyrosine ligase like 7"
"3071","TTPAL","219633_at",0.00202,0.000689,3.46,-1.7443949,0.61,"alpha tocopherol transfer protein like","228031_at",3.35e-08,7.83e-10,-9.4526412,12.583486,-0.66833111,"alpha tocopherol transfer protein like"
"3072","TUBB2B","209372_x_at",1.81e-08,3.21e-09,6.25,10.0890473,1.46,"tubulin beta 2B class IIb///tubulin beta 2A class IIa","214023_x_at",0.0146,0.00591,3.0023592,-3.088824,0.8402949,"tubulin beta 2B class IIb"
"3073","TUBB4A","212664_at",2.87e-05,7.48e-06,-4.62,2.5548159,-0.609,"tubulin beta 4A class IVa","212664_at",0.000682,0.000161,-4.4182693,0.398396,-1.10333009,"tubulin beta 4A class IVa"
"3074","TULP3","205854_at",2.49e-10,3.59e-11,-7.09,14.4994178,-0.607,"tubby like protein 3","221964_at",6.48e-06,6.31e-07,-6.5629771,5.898725,-0.65332365,"tubby like protein 3"
"3075","TUSC3","213423_x_at",5.07e-10,7.57e-11,6.95,13.7642661,0.875,"tumor suppressor candidate 3","213423_x_at",1.8e-07,7.03e-09,8.4512707,10.392799,0.82609789,"tumor suppressor candidate 3"
"3076","TWSG1","219201_s_at",4.58e-11,6.03e-12,7.4,16.2539553,0.874,"twisted gastrulation BMP signaling modulator 1","219201_s_at",9.23e-08,2.94e-09,8.8413481,11.26245,1.06996369,"twisted gastrulation BMP signaling modulator 1"
"3077","TXNDC17","224511_s_at",7.38e-45,2.07e-47,20.4,97.3765731,1.43,"thioredoxin domain containing 17","224511_s_at",6.22e-05,9.58e-06,5.4966302,3.18775,0.65077199,"thioredoxin domain containing 17"
"3078","TXNDC9","1554047_at",1.11e-06,2.43e-07,5.38,5.869529,0.753,"thioredoxin domain containing 9","1554047_at",0.00538,0.00184,3.4738704,-1.975605,0.70779106,"thioredoxin domain containing 9"
"3079","TXNL1","235561_at",2.2e-22,8.16e-24,-11.8,43.3300177,-1.67,"thioredoxin like 1","235561_at",2.63e-07,1.15e-08,-8.2363963,9.904878,-0.95468852,"thioredoxin like 1"
"3080","TXNL4B","222748_s_at",1.7e-28,3.16e-30,14.1,58.0138948,2.51,"thioredoxin like 4B","222748_s_at",1.28e-05,1.45e-06,6.2330204,5.070122,0.98728747,"thioredoxin like 4B"
"3081","TYMP","217497_at",4.91e-42,1.85e-44,19.3,90.617701,3.23,"thymidine phosphorylase","217497_at",1.2e-05,1.34e-06,6.2648011,5.150392,1.54216264,"thymidine phosphorylase"
"3082","TYMS","1554696_s_at",6.24e-25,1.76e-26,12.7,49.4310943,1.14,"thymidylate synthetase","217684_at",2.58e-06,2.05e-07,-7.0170929,7.020116,-1.09415856,"thymidylate synthetase"
"3083","TYROBP","204122_at",2.55e-05,6.6e-06,4.65,2.6745319,0.754,"TYRO protein tyrosine kinase binding protein","204122_at",2.27e-09,1.8e-11,11.3291271,16.329209,1.38990256,"TYRO protein tyrosine kinase binding protein"
"3084","TYSND1","238802_at",1.83e-14,1.64e-15,-8.79,24.3623537,-0.93,"trypsin domain containing 1","238802_at",1.2e-07,4.15e-09,-8.6863996,10.919494,-1.15462763,"trypsin domain containing 1"
"3085","TYW5","235181_at",3e-16,2.22e-17,9.49,28.6213435,0.806,"tRNA-yW synthesizing protein 5","241825_at",6.01e-07,3.28e-08,-7.7825003,8.853694,-0.60117825,"tRNA-yW synthesizing protein 5"
"3086","U2SURP","236696_at",1.31e-09,2.04e-10,-6.77,12.78894,-1.42,"U2 snRNP associated SURP domain containing","236431_at",0.00187,0.000531,-3.9593151,-0.772117,-0.73523703,"U2 snRNP associated SURP domain containing"
"3087","UACA","238868_at",1.34e-16,9.6e-18,-9.62,29.4529553,-1.32,"uveal autoantigen with coiled-coil domains and ankyrin repeats","1558356_at",0.00285,0.000875,-3.7660204,-1.256735,-0.61334319,"uveal autoantigen with coiled-coil domains and ankyrin repeats"
"3088","UBA6","218340_s_at",1.11e-10,1.53e-11,7.24,15.3369931,1.81,"ubiquitin like modifier activating enzyme 6","1555441_at",0.0015,0.000411,4.0580736,-0.522298,0.79827881,"ubiquitin like modifier activating enzyme 6"
"3089","UBASH3B","238587_at",3.6e-06,8.4e-07,5.12,4.664437,0.781,"ubiquitin associated and SH3 domain containing B","228359_at",4.23e-05,6.04e-06,-5.6747439,3.646411,-1.14412612,"ubiquitin associated and SH3 domain containing B"
"3090","UBD","205890_s_at",1.11e-06,2.43e-07,5.38,5.8694948,1.03,"ubiquitin D///gamma-aminobutyric acid type B receptor subunit 1","205890_s_at",3.92e-09,3.92e-11,10.9245433,15.55974,2.87792913,"ubiquitin D///gamma-aminobutyric acid type B receptor subunit 1"
"3091","UBE2D1","214590_s_at",4.75e-17,3.21e-18,9.8,30.538629,1.13,"ubiquitin conjugating enzyme E2 D1","214590_s_at",4.9e-09,5.45e-11,10.7564121,15.23397,1.16229919,"ubiquitin conjugating enzyme E2 D1"
"3092","UBE2D3","200669_s_at",1.23e-36,9.01e-39,17.1,77.5921472,0.861,"ubiquitin conjugating enzyme E2 D3","240383_at",0.000514,0.000116,-4.5438067,0.721852,-1.0134275,"ubiquitin conjugating enzyme E2 D3"
"3093","UBE2F","225787_at",8.31e-50,1.14e-52,22.5,109.4045401,1.9,"ubiquitin conjugating enzyme E2 F (putative)","225787_at",1.43e-06,9.78e-08,7.3229804,7.761778,0.85687683,"ubiquitin conjugating enzyme E2 F (putative)"
"3094","UBE2I","1558088_a_at",3.14e-09,5.11e-10,-6.6,11.8887446,-0.613,"ubiquitin conjugating enzyme E2 I","1558088_a_at",3.64e-05,5.05e-06,-5.7444961,3.825536,-0.81550732,"ubiquitin conjugating enzyme E2 I"
"3095","UBE2J1","222435_s_at",1.59e-22,5.8e-24,11.9,43.6685954,1.12,"ubiquitin conjugating enzyme E2 J1","222435_s_at",2.54e-08,5.41e-10,9.6276737,12.952402,1.49724985,"ubiquitin conjugating enzyme E2 J1"
"3096","UBE2L6","201649_at",3.42e-39,1.89e-41,18.1,83.7268101,1.42,"ubiquitin conjugating enzyme E2 L6","201649_at",5.78e-07,3.13e-08,7.8025802,8.900779,0.87318247,"ubiquitin conjugating enzyme E2 L6"
"3097","UBE2QL1","226612_at",0.000491,0.000152,-3.88,-0.3203568,-1.06,"ubiquitin conjugating enzyme E2 Q family like 1","226612_at",0.00558,0.00192,3.4567031,-2.017246,0.89698036,"ubiquitin conjugating enzyme E2 Q family like 1"
"3098","UBE2Z","236107_at",1.15e-05,2.86e-06,-4.84,3.479392,-1.31,"ubiquitin conjugating enzyme E2 Z","236107_at",0.002,0.000576,-3.9283446,-0.850171,-0.91556702,"ubiquitin conjugating enzyme E2 Z"
"3099","UBE3A","214980_at",8.04e-10,1.23e-10,-6.86,13.2903064,-0.623,"ubiquitin protein ligase E3A","214980_at",1.8e-05,2.19e-06,-6.0708169,4.659022,-1.33134935,"ubiquitin protein ligase E3A"
"3100","UBE3D","227790_at",2.99e-15,2.47e-16,9.1,26.2369169,1.09,"ubiquitin protein ligase E3D","1569262_x_at",1.06e-07,3.51e-09,-8.7614352,11.085984,-1.22300049,"ubiquitin protein ligase E3D"
"3101","UBFD1","205687_at",1.24e-08,2.16e-09,6.33,10.4783472,0.625,"ubiquitin family domain containing 1","205687_at",9.79e-07,6.04e-08,7.5242535,8.243405,1.07868473,"ubiquitin family domain containing 1"
"3102","UBN2","225445_at",2.52e-05,6.54e-06,-4.65,2.683749,-0.658,"ubinuclein 2","238349_at",2.99e-06,2.48e-07,-6.9407019,6.833129,-0.85996962,"ubinuclein 2"
"3103","UBR1","238528_at",5.85e-21,2.55e-22,11.3,39.9099711,1.43,"ubiquitin protein ligase E3 component n-recognin 1","238528_at",0.000249,4.96e-05,4.8667425,1.557241,0.58721734,"ubiquitin protein ligase E3 component n-recognin 1"
"3104","UBR2","215558_at",0.000373,0.000114,-3.95,-0.0450396,-0.836,"ubiquitin protein ligase E3 component n-recognin 2","215558_at",0.0174,0.00728,-2.9156731,-3.285534,-0.98012441,"ubiquitin protein ligase E3 component n-recognin 2"
"3105","UBXN7","212840_at",5.1e-08,9.55e-09,6.04,9.0223526,0.892,"UBX domain protein 7","217100_s_at",0.00078,0.000189,-4.3559666,0.238273,-0.78800328,"UBX domain protein 7"
"3106","UCA1","227919_at",3.08e-24,9.38e-26,12.5,47.769601,2.82,"urothelial cancer associated 1 (non-protein coding)","227919_at",0.000445,9.82e-05,-4.6064102,0.883493,-1.01744186,"urothelial cancer associated 1 (non-protein coding)"
"3107","UGGT1","218257_s_at",6.58e-32,7.98e-34,15.3,66.2558318,1.99,"UDP-glucose glycoprotein glucosyltransferase 1","218257_s_at",4.57e-06,4.15e-07,6.7318137,6.318358,1.02793231,"UDP-glucose glycoprotein glucosyltransferase 1"
"3108","UGGT2","1558467_a_at",1.52e-07,3.01e-08,-5.81,7.902146,-0.874,"UDP-glucose glycoprotein glucosyltransferase 2","218801_at",4.25e-05,6.07e-06,5.6730944,3.642171,0.58822846,"UDP-glucose glycoprotein glucosyltransferase 2"
"3109","UGP2","232180_at",2.28e-15,1.85e-16,-9.15,26.5192905,-0.725,"UDP-glucose pyrophosphorylase 2","232180_at",0.0011,0.000284,-4.2002073,-0.160573,-0.75230281,"UDP-glucose pyrophosphorylase 2"
"3110","UHRF1BP1L","213120_at",2.26e-05,5.81e-06,-4.68,2.7980451,-0.864,"UHRF1 binding protein 1 like","1562098_at",5.77e-07,3.12e-08,7.8033965,8.902692,0.94938914,"UHRF1 binding protein 1 like"
"3111","UNC93A","214640_at",3.15e-19,1.67e-20,10.6,35.7557625,1.82,"unc-93 homolog A (C. elegans)","214382_at",0.00106,0.000273,-4.2153014,-0.122026,-1.22443101,"unc-93 homolog A (C. elegans)"
"3112","UNKL","221064_s_at",1.05e-06,2.29e-07,-5.4,5.9263143,-0.952,"unkempt family like zinc finger","221064_s_at",0.0123,0.00482,-3.0865156,-2.895257,-0.61556781,"unkempt family like zinc finger"
"3113","UPK3BL","1552621_at",2.17e-05,5.58e-06,-4.69,2.8363868,-1.1,"uroplakin 3B-like///RNA polymerase II subunit J3///RNA polymerase II subunit J2///RNA polymerase II subunit J","1552621_at",0.00273,0.000831,-3.7861142,-1.206654,-1.11294054,"uroplakin 3B-like///RNA polymerase II subunit J3///RNA polymerase II subunit J2///RNA polymerase II subunit J"
"3114","UPP1","203234_at",3.52e-49,5.47e-52,22.2,107.8477386,3.56,"uridine phosphorylase 1","203234_at",1.85e-08,3.52e-10,9.8330638,13.380055,1.91171156,"uridine phosphorylase 1"
"3115","UROS","1568781_at",1.08e-10,1.49e-11,7.24,15.3647049,1.09,"uroporphyrinogen III synthase","232560_at",2.71e-05,3.55e-06,5.8806959,4.174375,0.73381987,"uroporphyrinogen III synthase"
"3116","USB1","218060_s_at",8.44e-09,1.44e-09,6.4,10.8711627,0.678,"U6 snRNA biogenesis phosphodiesterase 1","1554016_a_at",1.61e-07,6.14e-09,8.5113707,10.528143,0.91094328,"U6 snRNA biogenesis phosphodiesterase 1"
"3117","USF3","227435_at",8.23e-07,1.78e-07,-5.45,6.1722255,-0.681,"upstream transcription factor family member 3","227435_at",0.000101,1.71e-05,-5.2730692,2.61003,-0.77881163,"upstream transcription factor family member 3"
"3118","USP18","219211_at",6.89e-25,1.96e-26,12.7,49.32817,2.27,"ubiquitin specific peptidase 18","219211_at",0.0015,0.00041,4.0588068,-0.520439,0.64109626,"ubiquitin specific peptidase 18"
"3119","USP2","229337_at",3.23e-19,1.72e-20,10.6,35.7291461,1.85,"ubiquitin specific peptidase 2","207211_at",0.000526,0.000119,-4.5336322,0.695601,-0.94765913,"ubiquitin specific peptidase 2"
"3120","USP24","212381_at",6.21e-19,3.42e-20,10.5,35.0441961,0.968,"ubiquitin specific peptidase 24","230004_at",0.001,0.000254,-4.2424186,-0.052713,-0.7123861,"ubiquitin specific peptidase 24"
"3121","USP25","1563497_at",0.000489,0.000151,-3.88,-0.3150304,-0.646,"ubiquitin specific peptidase 25","1563497_at",0.000859,0.000212,-4.3126559,0.127146,-0.82625873,"ubiquitin specific peptidase 25"
"3122","USP31","244441_at",1.7e-10,2.4e-11,7.16,14.8950094,0.692,"ubiquitin specific peptidase 31","226033_at",0.00064,0.000149,-4.4463158,0.470571,-0.71077181,"ubiquitin specific peptidase 31"
"3123","USP32","211702_s_at",4.79e-31,6.51e-33,15,64.1672723,1.43,"ubiquitin specific peptidase 32","244871_s_at",2.35e-05,3e-06,-5.9464571,4.34233,-1.09664615,"ubiquitin specific peptidase 32"
"3124","USP34","215013_s_at",2.71e-12,3.1e-13,-7.92,19.1818069,-0.961,"ubiquitin specific peptidase 34","207365_x_at",5.13e-06,4.76e-07,-6.6764899,6.181196,-0.66770344,"ubiquitin specific peptidase 34"
"3125","USP45","224441_s_at",1.45e-10,2.03e-11,7.19,15.0597044,1.03,"ubiquitin specific peptidase 45","234132_at",8.1e-07,4.77e-08,-7.6240827,8.480355,-1.03754576,"ubiquitin specific peptidase 45"
"3126","USP47","223119_s_at",1.15e-15,9.08e-17,-9.26,27.2264453,-1.57,"ubiquitin specific peptidase 47","223119_s_at",6.97e-07,3.96e-08,-7.7026995,8.666041,-0.83354623,"ubiquitin specific peptidase 47"
"3127","USP54","227334_at",2.11e-12,2.38e-13,-7.96,19.4418888,-0.643,"ubiquitin specific peptidase 54","227334_at",2.22e-08,4.5e-10,-9.7153501,13.135648,-1.06730854,"ubiquitin specific peptidase 54"
"3128","USP7","230967_s_at",2.45e-29,4.1e-31,-14.4,60.0438994,-0.76,"ubiquitin specific peptidase 7","230967_s_at",1.25e-07,4.38e-09,-8.6626449,10.866626,-0.66345243,"ubiquitin specific peptidase 7"
"3129","UST","205139_s_at",4.95e-19,2.69e-20,-10.5,35.2829618,-1.79,"uronyl 2-sulfotransferase","205139_s_at",1.33e-06,8.9e-08,-7.3623305,7.856344,-1.02197145,"uronyl 2-sulfotransferase"
"3130","VAPA","228480_at",3.1e-07,6.36e-08,-5.66,7.1719553,-0.612,"VAMP associated protein A","242780_at",1.63e-06,1.16e-07,-7.2534492,7.594205,-0.75581559,"VAMP associated protein A"
"3131","VAPB","202549_at",3.01e-09,4.91e-10,-6.61,11.9296268,-0.848,"VAMP associated protein B and C","202549_at",0.0091,0.0034,-3.2286736,-2.562902,-0.71358829,"VAMP associated protein B and C"
"3132","VEZT","207263_x_at",2.37e-10,3.4e-11,-7.1,14.5506257,-0.655,"vezatin, adherens junctions transmembrane protein","207263_x_at",6.38e-05,9.87e-06,-5.4851412,3.15811,-0.68713156,"vezatin, adherens junctions transmembrane protein"
"3133","VGLL3","227399_at",1.26e-12,1.39e-13,-8.05,19.9719023,-0.783,"vestigial like family member 3","220327_at",0.00264,8e-04,3.8005826,-1.170548,0.78351421,"vestigial like family member 3"
"3134","VIPR1","205019_s_at",1.24e-08,2.16e-09,6.33,10.4743495,0.768,"vasoactive intestinal peptide receptor 1","205019_s_at",5.45e-06,5.12e-07,-6.6470025,6.107952,-1.52622807,"vasoactive intestinal peptide receptor 1"
"3135","VIT","227899_at",7.88e-11,1.07e-11,-7.3,15.6906503,-1.95,"vitrin","227899_at",9.67e-06,1.03e-06,-6.3691491,5.413278,-1.36912683,"vitrin"
"3136","VKORC1","217949_s_at",2.95e-07,6.04e-08,5.67,7.2230827,0.661,"vitamin K epoxide reductase complex subunit 1","217949_s_at",7.55e-10,3.2e-12,12.2647903,18.033223,0.94586476,"vitamin K epoxide reductase complex subunit 1"
"3137","VMP1","1569003_at",6.11e-27,1.39e-28,13.5,54.2513961,1.94,"vacuole membrane protein 1","1569003_at",0.000334,6.99e-05,4.7360586,1.218778,1.16009452,"vacuole membrane protein 1"
"3138","VNN1","205844_at",1.25e-57,6.18e-61,26,128.2824879,5.69,"vanin 1","205844_at",1.17e-05,1.29e-06,6.2769962,5.181169,0.97566771,"vanin 1"
"3139","VNN3","220528_at",1.05e-73,1.53e-77,34.1,166.0367923,7.11,"vanin 3","220528_at",0.00409,0.00134,3.6002356,-1.666933,1.59318026,"vanin 3"
"3140","VPS13A","227988_s_at",9.3e-13,1.01e-13,8.11,20.2883502,0.627,"vacuolar protein sorting 13 homolog A","214785_at",1.68e-05,2e-06,-6.1047483,4.745209,-0.78888419,"vacuolar protein sorting 13 homolog A"
"3141","VPS13B","236254_at",5.82e-14,5.54e-15,-8.59,23.1575773,-0.941,"vacuolar protein sorting 13 homolog B","236254_at",0.00141,0.000379,-4.0897693,-0.441844,-0.59133633,"vacuolar protein sorting 13 homolog B"
"3142","VPS13D","212326_at",3.98e-14,3.71e-15,-8.66,23.5544304,-0.66,"vacuolar protein sorting 13 homolog D","212324_s_at",1.67e-05,1.99e-06,-6.1068389,4.750517,-0.6766555,"vacuolar protein sorting 13 homolog D"
"3143","VPS18","223346_at",4.69e-06,1.11e-06,5.06,4.3937489,0.694,"VPS18, CORVET/HOPS core subunit","223346_at",0.000163,3.01e-05,5.0571173,2.050657,0.87712699,"VPS18, CORVET/HOPS core subunit"
"3144","VPS53","1557112_a_at",6.27e-10,9.46e-11,6.91,13.5453924,0.96,"VPS53, GARP complex subunit","235882_at",2.29e-05,2.91e-06,-5.9582362,4.372379,-0.79769857,"VPS53, GARP complex subunit"
"3145","VPS9D1","205781_at",2.18e-15,1.78e-16,9.15,26.5627681,1.03,"VPS9 domain containing 1","205781_at",0.000518,0.000117,4.5406009,0.713581,0.62099548,"VPS9 domain containing 1"
"3146","VSIG10L","238654_at",3.17e-32,3.73e-34,15.5,67.0119208,1.2,"V-set and immunoglobulin domain containing 10 like","238654_at",0.000217,4.21e-05,-4.9295381,1.719978,-1.1285994,"V-set and immunoglobulin domain containing 10 like"
"3147","VTI1A","235923_at",1.74e-31,2.23e-33,15.2,65.2335384,1.9,"vesicle transport through interaction with t-SNAREs 1A","1552536_at",0.000155,2.84e-05,-5.0795909,2.108902,-1.25937738,"vesicle transport through interaction with t-SNAREs 1A"
"3148","VWA1","218731_s_at",7.02e-11,9.46e-12,7.32,15.8104659,1.05,"von Willebrand factor A domain containing 1","225983_s_at",8.59e-05,1.41e-05,5.347651,2.802965,1.11736094,"von Willebrand factor A domain containing 1"
"3149","WARS","200628_s_at",5.19e-32,6.18e-34,15.4,66.5104585,1.93,"tryptophanyl-tRNA synthetase","200628_s_at",3.93e-07,1.92e-08,8.0128252,9.390563,1.78706326,"tryptophanyl-tRNA synthetase"
"3150","WAS","38964_r_at",2.91e-07,5.96e-08,5.67,7.2356138,0.842,"Wiskott-Aldrich syndrome","38964_r_at",7.67e-10,3.32e-12,12.2455791,17.999262,1.65194662,"Wiskott-Aldrich syndrome"
"3151","WASF2","224563_at",1.56e-05,3.95e-06,-4.77,3.1700417,-1.06,"WAS protein family member 2","224563_at",0.0139,0.00561,-3.0241475,-3.038948,-0.60098359,"WAS protein family member 2"
"3152","WDFY2","243514_at",8.6e-10,1.32e-10,-6.85,13.2213564,-0.913,"WD repeat and FYVE domain containing 2","227490_at",5.31e-05,7.92e-06,-5.5700921,3.377126,-0.62323038,"WD repeat and FYVE domain containing 2"
"3153","WDFY3-AS2","238081_at",2.11e-11,2.68e-12,-7.55,17.0545307,-0.601,"WDFY3 antisense RNA 2","238081_at",0.0168,0.007,-2.9322285,-3.248184,-0.58810005,"WDFY3 antisense RNA 2"
"3154","WDFY4","229597_s_at",9.75e-20,4.89e-21,10.8,36.9751243,1.11,"WDFY family member 4","229597_s_at",0.000273,5.52e-05,4.8259443,1.451539,0.97038583,"WDFY family member 4"
"3155","WDR1","200611_s_at",9.03e-32,1.13e-33,15.3,65.9116167,1.34,"WD repeat domain 1","200611_s_at",1.37e-06,9.33e-08,7.3428771,7.809618,0.86963077,"WD repeat domain 1"
"3156","WDR11","229694_at",0.0141,0.00555,-2.81,-3.6703737,-0.722,"WD repeat domain 11","229694_at",0.00116,0.000303,-4.1760304,-0.222267,-0.94602248,"WD repeat domain 11"
"3157","WDR13","238782_at",7.05e-05,1.94e-05,-4.4,1.6396921,-0.66,"WD repeat domain 13","238782_at",5.71e-05,8.66e-06,-5.5355417,3.288092,-0.93513133,"WD repeat domain 13"
"3158","WDR26","224898_at",1.79e-09,2.83e-10,6.71,12.4683285,0.78,"WD repeat domain 26","224898_at",7.54e-07,4.37e-08,-7.6613132,8.568391,-0.68892847,"WD repeat domain 26"
"3159","WDR31","229516_at",1.43e-09,2.24e-10,-6.75,12.7006466,-0.637,"WD repeat domain 31","229516_at",2.21e-05,2.79e-06,-5.9757879,4.417134,-0.79065423,"WD repeat domain 31"
"3160","WDR41","240637_at",6.65e-10,1.01e-10,-6.9,13.4851397,-0.992,"WD repeat domain 41","240637_at",0.00139,0.000373,-4.0952597,-0.427895,-1.22044257,"WD repeat domain 41"
"3161","WDR61","215156_at",7.47e-22,2.94e-23,-11.6,42.055006,-1.35,"WD repeat domain 61","237208_at",0.0043,0.00142,-3.5771191,-1.723674,-0.79869945,"WD repeat domain 61"
"3162","WDR72","227174_at",2.75e-28,5.23e-30,-14,57.5109844,-4.08,"WD repeat domain 72","238253_at",4.67e-05,6.79e-06,-5.6292365,3.529389,-0.99098731,"WD repeat domain 72"
"3163","WDR77","201420_s_at",1.17e-42,4.16e-45,19.5,92.1018497,1.42,"WD repeat domain 77","201420_s_at",5.97e-05,9.12e-06,5.5156525,3.236813,0.62465398,"WD repeat domain 77"
"3164","WDSUB1","226668_at",1.44e-21,5.9e-23,-11.5,41.3647007,-0.72,"WD repeat, sterile alpha motif and U-box domain containing 1","226668_at",3.98e-05,5.61e-06,-5.7033046,3.719792,-0.63080936,"WD repeat, sterile alpha motif and U-box domain containing 1"
"3165","WEE1","215711_s_at",2.2e-09,3.52e-10,-6.67,12.2539725,-1.78,"WEE1 G2 checkpoint kinase","212533_at",1.8e-06,1.3e-07,-7.2037771,7.474124,-0.77313895,"WEE1 G2 checkpoint kinase"
"3166","WFDC12","1553081_at",6.27e-11,8.41e-12,7.34,15.9269253,2.43,"WAP four-disulfide core domain 12","1553081_at",0.00143,0.000388,-4.0805583,-0.465238,-0.92699412,"WAP four-disulfide core domain 12"
"3167","WFDC2","203892_at",5.85e-08,1.1e-08,-6.01,8.8817078,-1.16,"WAP four-disulfide core domain 2","203892_at",0.00255,0.000766,3.8176236,-1.127975,0.85042288,"WAP four-disulfide core domain 2"
"3168","WFDC3","232602_at",1.03e-12,1.12e-13,-8.09,20.1861739,-3.14,"WAP four-disulfide core domain 3","232602_at",0.00211,0.000613,-3.903916,-0.911634,-1.75916135,"WAP four-disulfide core domain 3"
"3169","WFDC5","242204_at",9.83e-17,6.9e-18,9.68,29.7803989,0.825,"WAP four-disulfide core domain 5","242204_at",9.48e-05,1.58e-05,-5.3029925,2.687459,-1.28483826,"WAP four-disulfide core domain 5"
"3170","WHSC1","209053_s_at",9.56e-19,5.39e-20,10.4,34.5943694,0.999,"Wolf-Hirschhorn syndrome candidate 1","223472_at",0.000185,3.49e-05,-5.000807,1.904704,-0.61027943,"Wolf-Hirschhorn syndrome candidate 1"
"3171","WIF1","204712_at",7.59e-26,1.91e-27,-13.1,51.6408937,-4.4,"WNT inhibitory factor 1","204712_at",6.73e-08,1.98e-09,-9.0216949,11.657486,-5.04027162,"WNT inhibitory factor 1"
"3172","WIPF2","231251_at",1.41e-07,2.77e-08,-5.83,7.9829098,-0.772,"WAS/WASL interacting protein family member 2","212049_at",1.5e-05,1.75e-06,-6.158238,4.880876,-0.58855904,"WAS/WASL interacting protein family member 2"
"3173","WIPF3","241600_at",4.17e-12,4.87e-13,-7.84,18.7358254,-0.947,"WAS/WASL interacting protein family member 3","241600_at",0.000268,5.39e-05,-4.8348135,1.474516,-0.81781402,"WAS/WASL interacting protein family member 3"
"3174","WISP2","205792_at",6.32e-05,1.73e-05,-4.43,1.7519847,-1.18,"WNT1 inducible signaling pathway protein 2","205792_at",0.00147,4e-04,4.0684769,-0.495905,1.07291717,"WNT1 inducible signaling pathway protein 2"
"3175","WLS","221958_s_at",9.8e-35,8.86e-37,-16.4,73.0261792,-0.695,"wntless Wnt ligand secretion mediator","221958_s_at",2.3e-06,1.79e-07,-7.0743904,7.15991,-0.64050248,"wntless Wnt ligand secretion mediator"
"3176","WNK1","202940_at",7.94e-05,2.2e-05,-4.37,1.520048,-0.673,"WNK lysine deficient protein kinase 1","211994_at",2.55e-06,2.03e-07,-7.0223999,7.033081,-0.61732675,"WNK lysine deficient protein kinase 1"
"3177","WNK2","227217_at",1.78e-18,1.03e-19,-10.3,33.9499249,-1.6,"WNK lysine deficient protein kinase 2","227217_at",2.78e-07,1.23e-08,-8.2056234,9.834488,-1.3918448,"WNK lysine deficient protein kinase 2"
"3178","WNT2B","236123_at",1.22e-24,3.58e-26,-12.6,48.7275433,-1.62,"Wnt family member 2B","206458_s_at",2.18e-05,2.75e-06,-5.981364,4.431348,-1.26116793,"Wnt family member 2B"
"3179","WNT5A","205990_s_at",1.08e-47,2.12e-50,21.6,104.2159525,2.74,"Wnt family member 5A","205990_s_at",5.12e-05,7.59e-06,5.5864153,3.419167,1.41951137,"Wnt family member 5A"
"3180","WTAP","210285_x_at",0.000602,0.000189,3.82,-0.5260164,0.615,"Wilms tumor 1 associated protein","210285_x_at",7.4e-05,1.18e-05,5.416548,2.981024,0.68793973,"Wilms tumor 1 associated protein"
"3181","WWC1","216074_x_at",0.00171,0.000573,3.51,-1.5719262,0.677,"WW and C2 domain containing 1","243290_at",0.00154,0.000422,-4.0483709,-0.546901,-0.68834878,"WW and C2 domain containing 1"
"3182","XAF1","206133_at",4.5e-38,2.84e-40,17.7,81.0323583,2.3,"XIAP associated factor 1","228617_at",7.67e-05,1.23e-05,5.4001541,2.938672,0.81459746,"XIAP associated factor 1"
"3183","XBP1","242021_at",2.31e-21,9.69e-23,-11.4,40.8705721,-1.69,"X-box binding protein 1","200670_at",3.32e-09,3.14e-11,11.0398615,15.781128,1.54499523,"X-box binding protein 1"
"3184","XG","241931_at",2.26e-06,5.14e-07,-5.22,5.1412273,-1.1,"Xg blood group","1554062_at",0.000132,2.36e-05,-5.151123,2.294255,-0.91760547,"Xg blood group"
"3185","XGY2","1563420_at",0.00786,0.00295,-3.02,-3.0927879,-0.712,"Xg pseudogene, Y-linked 2///Xg blood group","1563420_at",4.99e-08,1.34e-09,-9.2007932,12.045393,-2.67335779,"Xg pseudogene, Y-linked 2///Xg blood group"
"3186","XK","206698_at",1.91e-08,3.41e-09,6.24,10.0297073,1.24,"X-linked Kx blood group","206698_at",1.57e-05,1.85e-06,-6.1371398,4.827394,-1.17985088,"X-linked Kx blood group"
"3187","XKRX","230349_at",5.72e-20,2.8e-21,10.9,37.5286928,2.12,"XK related, X-linked","230349_at",1.31e-05,1.49e-06,-6.222846,5.044404,-1.62235365,"XK related, X-linked"
"3188","XPNPEP3","224188_s_at",5.96e-09,9.99e-10,-6.47,11.2318506,-0.828,"X-prolyl aminopeptidase 3","227910_at",0.0461,0.023,-2.4185005,-4.352552,-0.71501597,"X-prolyl aminopeptidase 3"
"3189","XPO1","235927_at",7.73e-09,1.32e-09,-6.42,10.9616787,-1.18,"exportin 1","235927_at",0.00187,0.000531,-3.9595672,-0.771481,-1.02965883,"exportin 1"
"3190","XPO7","240168_at",3.57e-11,4.64e-12,-7.45,16.5123407,-1.64,"exportin 7","240168_at",6e-06,5.76e-07,-6.5992807,5.989216,-1.47266378,"exportin 7"
"3191","XRN1","1555785_a_at",1.21e-22,4.33e-24,11.9,43.9590223,1.31,"5'-3' exoribonuclease 1","1555785_a_at",0.000478,0.000106,4.5755062,0.803675,0.81934767,"5'-3' exoribonuclease 1"
"3192","YBX2","219704_at",1.12e-16,7.92e-18,-9.65,29.6444666,-1.94,"Y-box binding protein 2","219704_at",8.88e-07,5.35e-08,-7.5756478,8.365554,-1.53272267,"Y-box binding protein 2"
"3193","YIF1B","226437_at",1.65e-10,2.32e-11,7.16,14.9273971,0.771,"Yip1 interacting factor homolog B, membrane trafficking protein","226437_at",3.02e-09,2.72e-11,11.1133397,15.921328,0.86490647,"Yip1 interacting factor homolog B, membrane trafficking protein"
"3194","YKT6","217784_at",7.24e-21,3.21e-22,11.2,39.6819879,0.834,"YKT6 v-SNARE homolog (S. cerevisiae)","217785_s_at",6.44e-09,8.31e-11,10.5424018,14.814115,1.30012079,"YKT6 v-SNARE homolog (S. cerevisiae)"
"3195","YLPM1","214659_x_at",5.42e-07,1.15e-07,-5.54,6.5987387,-0.622,"YLP motif containing 1","1557065_at",4.93e-06,4.54e-07,-6.6956215,6.228667,-1.40408016,"YLP motif containing 1"
"3196","YME1L1","201351_s_at",8.45e-27,1.94e-28,13.4,53.9159367,0.965,"YME1 like 1 ATPase","213830_at",4.72e-07,2.42e-08,7.9130082,9.158767,1.80073454,"YME1 like 1 ATPase"
"3197","YOD1","215150_at",4.16e-21,1.79e-22,11.3,40.2604199,1.82,"YOD1 deubiquitinase","227309_at",1.47e-05,1.7e-06,-6.1688225,4.907692,-1.19978088,"YOD1 deubiquitinase"
"3198","YPEL2","229060_at",2.87e-07,5.86e-08,-5.68,7.2515483,-0.733,"yippee like 2","1556420_s_at",0.000748,0.00018,-4.375182,0.287626,-1.03291617,"yippee like 2"
"3199","YPEL3","232077_s_at",1.05e-11,1.29e-12,-7.67,17.772773,-0.969,"yippee like 3","232077_s_at",0.00532,0.00182,-3.4788159,-1.963596,-0.65582726,"yippee like 3"
"3200","ZADH2","243417_at",8.28e-13,8.95e-14,-8.13,20.4076746,-0.74,"zinc binding alcohol dehydrogenase domain containing 2","227977_at",1.7e-05,2.03e-06,-6.1002788,4.733862,-0.59598588,"zinc binding alcohol dehydrogenase domain containing 2"
"3201","ZAK","218833_at",6.88e-26,1.73e-27,13.1,51.7421059,1.34,"sterile alpha motif and leucine zipper containing kinase AZK","1555259_at",0.00118,0.000307,-4.1705563,-0.236227,-0.681133,"sterile alpha motif and leucine zipper containing kinase AZK"
"3202","ZBTB10","236105_at",2.43e-19,1.27e-20,-10.7,36.0251444,-1.05,"zinc finger and BTB domain containing 10","236105_at",0.0108,0.00414,-3.1484555,-2.751246,-0.58672929,"zinc finger and BTB domain containing 10"
"3203","ZBTB16","205883_at",2.05e-29,3.38e-31,-14.4,60.2379632,-4.08,"zinc finger and BTB domain containing 16","205883_at",0.00581,0.00202,-3.4376663,-2.063335,-1.30458114,"zinc finger and BTB domain containing 16"
"3204","ZBTB20","226250_at",3.81e-27,8.4e-29,-13.6,54.7498711,-0.892,"zinc finger and BTB domain containing 20","213158_at",0.00251,0.000752,-3.8246334,-1.110448,-0.59437325,"zinc finger and BTB domain containing 20"
"3205","ZBTB37","228216_at",1.27e-06,2.81e-07,-5.35,5.7251688,-0.778,"zinc finger and BTB domain containing 37","228216_at",1.35e-05,1.54e-06,-6.2097952,5.011402,-0.65956695,"zinc finger and BTB domain containing 37"
"3206","ZBTB44","225845_at",1.32e-21,5.37e-23,-11.5,41.4578841,-0.709,"zinc finger and BTB domain containing 44","1554470_s_at",0.00818,0.003,-3.2785104,-2.444897,-0.74199137,"zinc finger and BTB domain containing 44"
"3207","ZBTB7B","205853_at",5.93e-17,4.06e-18,9.76,30.3056945,0.833,"zinc finger and BTB domain containing 7B","235145_at",4.34e-08,1.11e-09,-9.2889409,12.234707,-0.81969073,"zinc finger and BTB domain containing 7B"
"3208","ZC3H12C","231899_at",8.53e-16,6.65e-17,9.31,27.5344868,0.789,"zinc finger CCCH-type containing 12C","231899_at",3.67e-08,8.91e-10,-9.3921056,12.454932,-0.81824584,"zinc finger CCCH-type containing 12C"
"3209","ZC3H12D","1559263_s_at",1.32e-08,2.3e-09,6.32,10.4136484,0.821,"zinc finger CCCH-type containing 12D","1559263_s_at",4.23e-08,1.08e-09,9.3021338,12.26295,1.46393193,"zinc finger CCCH-type containing 12D"
"3210","ZC3H14","242443_at",9.81e-12,1.2e-12,-7.69,17.8488818,-0.608,"zinc finger CCCH-type containing 14","242443_at",0.000109,1.88e-05,-5.2380274,2.519326,-0.67693443,"zinc finger CCCH-type containing 14"
"3211","ZC3H6","241372_at",6.23e-06,1.49e-06,-4.99,4.107635,-0.605,"zinc finger CCCH-type containing 6","227809_at",1.37e-07,4.95e-09,-8.6077969,10.744263,-0.80694551,"zinc finger CCCH-type containing 6"
"3212","ZC3H8","223506_at",2.18e-18,1.27e-19,10.3,33.741586,0.886,"zinc finger CCCH-type containing 8","239644_at",4.3e-06,3.86e-07,-6.7603229,6.388907,-0.8655251,"zinc finger CCCH-type containing 8"
"3213","ZCCHC2","222816_s_at",0.000118,3.34e-05,-4.26,1.1187829,-0.829,"zinc finger CCHC-type containing 2","222816_s_at",0.00471,0.00157,-3.5356755,-1.825098,-0.65220523,"zinc finger CCHC-type containing 2"
"3214","ZCCHC6","242776_at",0.00363,0.00129,3.27,-2.327956,0.687,"zinc finger CCHC-type containing 6","238800_s_at",0.00131,0.00035,-4.1198985,-0.36525,-0.66031884,"zinc finger CCHC-type containing 6"
"3215","ZCCHC7","230332_at",5.23e-08,9.81e-09,-6.03,8.995793,-0.843,"zinc finger CCHC-type containing 7","230332_at",1.59e-06,1.12e-07,-7.2653919,7.62303,-1.52317499,"zinc finger CCHC-type containing 7"
"3216","ZDHHC11","232417_x_at",6.77e-19,3.75e-20,-10.5,34.9540947,-2.17,"zinc finger DHHC-type containing 11","232417_x_at",2.48e-07,1.06e-08,-8.2693243,9.980056,-1.25105952,"zinc finger DHHC-type containing 11"
"3217","ZDHHC11B","221646_s_at",3e-20,1.43e-21,-11,38.1997984,-1.9,"zinc finger DHHC-type containing 11B///zinc finger DHHC-type containing 11","1552283_s_at",1.2e-07,4.13e-09,-8.6883941,10.923929,-2.29975676,"zinc finger DHHC-type containing 11B///zinc finger DHHC-type containing 11"
"3218","ZDHHC13","219296_at",2.42e-20,1.14e-21,11,38.4250889,0.708,"zinc finger DHHC-type containing 13","219296_at",0.000101,1.71e-05,-5.2740471,2.612561,-0.64492156,"zinc finger DHHC-type containing 13"
"3219","ZDHHC2","244779_at",6.14e-13,6.55e-14,-8.18,20.7166155,-1.01,"zinc finger DHHC-type containing 2","222730_s_at",1.18e-08,1.94e-10,10.1233445,13.974888,1.33423787,"zinc finger DHHC-type containing 2"
"3220","ZDHHC21","243550_at",2.23e-41,8.96e-44,19,89.0500186,2.91,"zinc finger DHHC-type containing 21","229923_at",0.000928,0.000232,-4.2777394,0.037676,-0.78070526,"zinc finger DHHC-type containing 21"
"3221","ZEB1","212758_s_at",5.87e-09,9.84e-10,-6.48,11.2465258,-1.08,"zinc finger E-box binding homeobox 1","239952_at",9.1e-05,1.51e-05,5.3215357,2.735427,0.70552381,"zinc finger E-box binding homeobox 1"
"3222","ZEB2","203603_s_at",9.85e-16,7.72e-17,-9.29,27.3869433,-0.652,"zinc finger E-box binding homeobox 2","235593_at",5.69e-07,3.07e-08,7.8115313,8.921752,1.29993661,"zinc finger E-box binding homeobox 2"
"3223","ZFAND3","222493_s_at",8.52e-38,5.62e-40,17.6,80.3513112,2.51,"zinc finger AN1-type containing 3","222493_s_at",2.51e-06,1.99e-07,7.0297684,7.051076,0.67891755,"zinc finger AN1-type containing 3"
"3224","ZFAS1","229899_s_at",1.91e-13,1.93e-14,8.39,21.9217398,1.01,"ZNFX1 antisense RNA 1","229899_s_at",0.000306,6.31e-05,-4.775159,1.320005,-0.73506094,"ZNFX1 antisense RNA 1"
"3225","ZFP14","232911_at",1.82e-19,9.42e-21,-10.7,36.324946,-1.1,"ZFP14 zinc finger protein","232911_at",3.7e-05,5.15e-06,-5.736673,3.805461,-1.04003505,"ZFP14 zinc finger protein"
"3226","ZFP69B","235939_at",2.41e-12,2.74e-13,7.94,19.3039848,0.878,"ZFP69 zinc finger protein B","235939_at",4.84e-07,2.49e-08,7.8996859,9.127728,1.13426947,"ZFP69 zinc finger protein B"
"3227","ZFP82","1555793_a_at",3.58e-08,6.59e-09,-6.11,9.3843823,-0.665,"ZFP82 zinc finger protein","1555793_a_at",4.39e-05,6.31e-06,5.6577446,3.602711,0.58625604,"ZFP82 zinc finger protein"
"3228","ZFYVE16","1555982_at",4.47e-20,2.17e-21,10.9,37.7823311,1.57,"zinc finger FYVE-type containing 16","1554638_at",0.0012,0.000315,-4.1611545,-0.260195,-0.8577808,"zinc finger FYVE-type containing 16"
"3229","ZHX2","1557706_at",8.07e-10,1.23e-10,-6.86,13.2868298,-0.933,"zinc fingers and homeoboxes 2","1557706_at",0.0168,0.00698,-2.9330767,-3.246267,-0.63522423,"zinc fingers and homeoboxes 2"
"3230","ZIC2","223642_at",8.77e-15,7.59e-16,8.92,25.1241915,1.88,"Zic family member 2","223642_at",0.0245,0.0109,-2.7449698,-3.664299,-0.69950551,"Zic family member 2"
"3231","ZKSCAN1","1557953_at",3.33e-14,3.08e-15,-8.69,23.7379949,-1.6,"zinc finger with KRAB and SCAN domains 1","1557953_at",0.00748,0.0027,-3.321234,-2.343157,-0.70263685,"zinc finger with KRAB and SCAN domains 1"
"3232","ZKSCAN3","235840_at",4.31e-20,2.08e-21,-10.9,37.822672,-1.41,"zinc finger with KRAB and SCAN domains 3","235840_at",6.95e-06,6.88e-07,-6.5283552,5.812297,-0.81649845,"zinc finger with KRAB and SCAN domains 3"
"3233","ZMYM2","226512_at",2.41e-15,1.97e-16,-9.14,26.4617273,-0.766,"zinc finger MYM-type containing 2","210281_s_at",0.00012,2.09e-05,-5.1962734,2.411208,-0.81017659,"zinc finger MYM-type containing 2"
"3234","ZMYM6","219925_at",6.52e-08,1.24e-08,5.99,8.7701045,0.887,"zinc finger MYM-type containing 6","219924_s_at",5.07e-05,7.51e-06,5.5905919,3.429922,0.76840868,"zinc finger MYM-type containing 6"
"3235","ZNF101","1552634_a_at",1.71e-12,1.92e-13,8,19.6554166,1.22,"zinc finger protein 101","1552634_a_at",2.65e-06,2.12e-07,7.0037415,6.987485,0.94908873,"zinc finger protein 101"
"3236","ZNF107","1560854_s_at",5.63e-06,1.34e-06,-5.01,4.2105508,-0.697,"zinc finger protein 107","1560854_s_at",0.00421,0.00138,-3.5865525,-1.700533,-0.60255612,"zinc finger protein 107"
"3237","ZNF160","239954_at",6.28e-08,1.19e-08,-6,8.8099999,-0.883,"zinc finger protein 160","239954_at",0.0124,0.00486,-3.0828173,-2.903815,-0.80761663,"zinc finger protein 160"
"3238","ZNF185","203585_at",5.71e-22,2.22e-23,11.6,42.3355734,0.779,"zinc finger protein 185 (LIM domain)","203585_at",0.000155,2.83e-05,-5.0806153,2.111556,-0.74364,"zinc finger protein 185 (LIM domain)"
"3239","ZNF200","207338_s_at",2.54e-10,3.66e-11,7.08,14.479559,1.2,"zinc finger protein 200","214706_at",0.00136,0.000364,4.1049535,-0.403257,0.84527077,"zinc finger protein 200"
"3240","ZNF204P","214823_at",8.09e-09,1.38e-09,-6.41,10.9155215,-1.11,"zinc finger protein 204, pseudogene","214823_at",8.53e-09,1.24e-10,-10.3416651,14.414957,-1.44260292,"zinc finger protein 204, pseudogene"
"3241","ZNF207","200828_s_at",2.25e-27,4.82e-29,13.6,55.3032102,1.04,"zinc finger protein 207","239937_at",5.56e-05,8.38e-06,-5.5480436,3.320316,-0.70117006,"zinc finger protein 207"
"3242","ZNF215","220214_at",2.33e-10,3.35e-11,7.1,14.5659844,1.06,"zinc finger protein 215","220214_at",1.35e-07,4.84e-09,8.6175403,10.76603,1.93737674,"zinc finger protein 215"
"3243","ZNF224","244462_at",2.07e-09,3.3e-10,-6.68,12.3192151,-0.612,"zinc finger protein 224","232427_at",0.000107,1.84e-05,-5.2463368,2.540837,-0.81714657,"zinc finger protein 224"
"3244","ZNF24","203247_s_at",0.000218,6.43e-05,-4.1,0.4954565,-0.608,"zinc finger protein 24","1554045_at",0.000125,2.19e-05,5.1791298,2.366806,0.70340725,"zinc finger protein 24"
"3245","ZNF254","242602_x_at",1.16e-13,1.14e-14,-8.47,22.4428775,-0.741,"zinc finger protein 254","1559449_a_at",0.000306,6.3e-05,-4.775615,1.321186,-1.2616265,"zinc finger protein 254"
"3246","ZNF256","223714_at",1.6e-06,3.59e-07,-5.3,5.4895529,-0.759,"zinc finger protein 256","223714_at",3.55e-06,3.06e-07,-6.8548362,6.622133,-0.66548622,"zinc finger protein 256"
"3247","ZNF273","215239_x_at",2.1e-06,4.75e-07,-5.24,5.2166393,-0.685,"zinc finger protein 273","215239_x_at",1.88e-09,1.39e-11,-11.4665316,16.585965,-2.46044448,"zinc finger protein 273"
"3248","ZNF274","232436_at",8.86e-27,2.04e-28,-13.4,53.8676896,-1.53,"zinc finger protein 274","232436_at",3.64e-06,3.15e-07,-6.8428594,6.592634,-1.06087148,"zinc finger protein 274"
"3249","ZNF277","215887_at",6.76e-09,1.14e-09,-6.45,11.1010251,-0.643,"zinc finger protein 277","1555193_a_at",0.00537,0.00184,-3.4747559,-1.973455,-0.597077,"zinc finger protein 277"
"3250","ZNF302","228393_s_at",1.32e-29,2.12e-31,-14.5,60.7018135,-1.24,"zinc finger protein 302","228393_s_at",0.00039,8.38e-05,-4.666893,1.039829,-0.6009063,"zinc finger protein 302"
"3251","ZNF326","227680_at",1.59e-10,2.23e-11,7.17,14.9659456,0.689,"zinc finger protein 326","236196_at",5.28e-08,1.45e-09,-9.1648833,11.967966,-0.7366892,"zinc finger protein 326"
"3252","ZNF33B","1558586_at",2.14e-12,2.41e-13,-7.96,19.4275134,-1.36,"zinc finger protein 33B","1558586_at",8.62e-05,1.42e-05,-5.345919,2.798486,-0.76611207,"zinc finger protein 33B"
"3253","ZNF346","236267_at",5.74e-13,6.09e-14,-8.19,20.7873251,-1.1,"zinc finger protein 346","232753_at",0.000216,4.19e-05,-4.9309582,1.723659,-0.59273311,"zinc finger protein 346"
"3254","ZNF37BP","242208_at",3.49e-15,2.9e-16,-9.07,26.0756262,-1.21,"zinc finger protein 37B, pseudogene","236310_at",0.000783,0.00019,-4.3542341,0.233825,-0.87335995,"zinc finger protein 37B, pseudogene"
"3255","ZNF397","239339_at",2.75e-08,5e-09,-6.17,9.654104,-0.872,"zinc finger protein 397","239339_at",0.012,0.00469,-3.0977155,-2.869312,-0.64600746,"zinc finger protein 397"
"3256","ZNF418","243439_at",1.63e-10,2.3e-11,-7.17,14.9372865,-0.801,"zinc finger protein 418","243439_at",5.1e-08,1.39e-09,-9.1853004,12.01201,-1.15149487,"zinc finger protein 418"
"3257","ZNF440","215892_at",4.34e-06,1.02e-06,-5.07,4.4733254,-0.897,"zinc finger protein 440","215892_at",3.13e-06,2.62e-07,-6.9183834,6.778369,-1.7924224,"zinc finger protein 440"
"3258","ZNF451","1556060_a_at",1.22e-06,2.7e-07,-5.36,5.7658059,-1.11,"zinc finger protein 451","1556060_a_at",0.012,0.00469,-3.0971901,-2.87053,-0.64646526,"zinc finger protein 451"
"3259","ZNF462","226575_at",3.62e-12,4.2e-13,-7.87,18.8814173,-1.06,"zinc finger protein 462","244007_at",0.00228,0.000672,-3.8686069,-1.000306,-0.60049966,"zinc finger protein 462"
"3260","ZNF471","230578_at",1.38e-17,8.77e-19,-10,31.8265007,-1.98,"zinc finger protein 471","211923_s_at",0.00102,0.000258,-4.2367538,-0.067199,-0.83521182,"zinc finger protein 471"
"3261","ZNF483","1559988_at",1.55e-07,3.07e-08,-5.81,7.8805917,-0.645,"zinc finger protein 483","1559988_at",2.8e-05,3.71e-06,-5.8640704,4.131863,-0.68333395,"zinc finger protein 483"
"3262","ZNF493","240155_x_at",2.77e-26,6.72e-28,-13.2,52.6806985,-1.66,"zinc finger protein 493","240155_x_at",6.6e-06,6.46e-07,-6.5535838,5.875289,-1.0860206,"zinc finger protein 493"
"3263","ZNF503-AS2","235928_at",1e-21,4.01e-23,11.6,41.7484742,1.18,"ZNF503 antisense RNA 2","235928_at",0.000209,4.02e-05,4.9470037,1.765247,0.74351627,"ZNF503 antisense RNA 2"
"3264","ZNF506","238493_at",1.17e-05,2.9e-06,-4.84,3.4677678,-0.623,"zinc finger protein 506","1568720_at",0.0042,0.00138,-3.5884644,-1.695841,-0.64840535,"zinc finger protein 506"
"3265","ZNF518A","244132_x_at",7.24e-15,6.22e-16,-8.95,25.32168,-0.789,"zinc finger protein 518A","244132_x_at",0.000446,9.82e-05,-4.6063567,0.883354,-1.1571996,"zinc finger protein 518A"
"3266","ZNF519","1557283_a_at",5.95e-07,1.26e-07,-5.52,6.5042662,-0.665,"zinc finger protein 519","1568873_at",0.000373,7.96e-05,-4.6861457,1.089624,-0.93820567,"zinc finger protein 519"
"3267","ZNF527","244861_at",1.61e-12,1.8e-13,-8.01,19.7178672,-0.944,"zinc finger protein 527","1570238_at",0.000107,1.82e-05,5.2501345,2.550668,0.76634351,"zinc finger protein 527"
"3268","ZNF540","238454_at",1.84e-12,2.07e-13,-7.99,19.581516,-1.76,"zinc finger protein 540","238454_at",9.3e-05,1.55e-05,-5.3113558,2.709095,-0.89869597,"zinc finger protein 540"
"3269","ZNF544","235697_at",0.000103,2.9e-05,-4.3,1.255109,-0.643,"zinc finger protein 544","235697_at",3.82e-05,5.34e-06,-5.7221976,3.768306,-0.59969291,"zinc finger protein 544"
"3270","ZNF573","217627_at",3.77e-29,6.49e-31,-14.3,59.5875029,-1.5,"zinc finger protein 573","217627_at",3.42e-06,2.92e-07,-6.8741721,6.669721,-0.89992634,"zinc finger protein 573"
"3271","ZNF585A","229794_at",1.2e-07,2.35e-08,-5.86,8.1442107,-0.724,"zinc finger protein 585A","243790_at",0.000673,0.000158,-4.4241723,0.413582,-0.79065597,"zinc finger protein 585A"
"3272","ZNF606","219635_at",1.85e-15,1.49e-16,-9.18,26.7336429,-1.22,"zinc finger protein 606","229707_at",2.43e-06,1.91e-07,-7.0463158,7.091463,-0.86023168,"zinc finger protein 606"
"3273","ZNF638-IT1","1554249_a_at",1.79e-08,3.18e-09,-6.25,10.09927,-0.73,"ZNF638 intronic transcript 1///zinc finger protein 638","239243_at",0.000346,7.28e-05,-4.7201334,1.177562,-0.84861593,"ZNF638 intronic transcript 1///zinc finger protein 638"
"3274","ZNF644","229684_s_at",0.0142,0.00563,-2.8,-3.6818721,-0.585,"zinc finger protein 644","229684_s_at",0.0102,0.00387,-3.1762007,-2.686332,-0.74108683,"zinc finger protein 644"
"3275","ZNF652","225266_at",2.38e-42,8.62e-45,-19.4,91.3781682,-1.03,"zinc finger protein 652","205594_at",0.00129,0.000342,-4.1294793,-0.340871,-0.80021574,"zinc finger protein 652"
"3276","ZNF662","228538_at",7.84e-34,7.73e-36,16.1,70.8702035,0.596,"zinc finger protein 662","228538_at",6.25e-05,9.64e-06,-5.4939774,3.180907,-0.77713386,"zinc finger protein 662"
"3277","ZNF675","217547_x_at",1.49e-12,1.66e-13,-8.02,19.79832,-0.738,"zinc finger protein 675","217547_x_at",3.89e-05,5.46e-06,-5.7138295,3.746821,-0.92144066,"zinc finger protein 675"
"3278","ZNF677","228974_at",2.4e-28,4.53e-30,-14,57.6552373,-1.38,"zinc finger protein 677","1569039_s_at",0.0011,0.000283,-4.2019491,-0.156126,-0.6476354,"zinc finger protein 677"
"3279","ZNF682","216468_s_at",9.72e-14,9.5e-15,-8.5,22.6239188,-1.5,"zinc finger protein 682","242915_at",0.00039,8.38e-05,-4.6668845,1.039807,-0.76811885,"zinc finger protein 682"
"3280","ZNF703","222760_at",6.37e-17,4.38e-18,-9.75,30.2312825,-0.757,"zinc finger protein 703","222760_at",1.72e-05,2.06e-06,-6.0944676,4.719106,-0.671824,"zinc finger protein 703"
"3281","ZNF704","223366_at",7.33e-20,3.64e-21,-10.9,37.2700406,-0.875,"zinc finger protein 704","1558941_at",0.00179,0.000504,-3.9795845,-0.720955,-0.72094079,"zinc finger protein 704"
"3282","ZNF706","227132_at",4.29e-07,8.96e-08,-5.59,6.8379692,-0.617,"zinc finger protein 706","227132_at",1.77e-06,1.28e-07,-7.2112154,7.492125,-0.65614922,"zinc finger protein 706"
"3283","ZNF717","229986_at",2.51e-18,1.47e-19,-10.3,33.5954202,-1.01,"zinc finger protein 717","229986_at",7.12e-05,1.12e-05,-5.4348428,3.028275,-0.65413792,"zinc finger protein 717"
"3284","ZNF750","219995_s_at",1.13e-14,9.83e-16,8.88,24.8680676,1.01,"zinc finger protein 750","219995_s_at",2.36e-05,3.02e-06,-5.9444114,4.33711,-1.44108352,"zinc finger protein 750"
"3285","ZNF770","220608_s_at",1.53e-08,2.7e-09,6.29,10.257372,1.37,"zinc finger protein 770","225517_at",2.6e-06,2.08e-07,-7.012506,7.008908,-0.63773289,"zinc finger protein 770"
"3286","ZNF790-AS1","1558809_s_at",5.66e-15,4.81e-16,-8.99,25.5754929,-0.941,"ZNF790 antisense RNA 1","235779_at",3.53e-08,8.4e-10,-9.4197028,12.513599,-0.91736019,"ZNF790 antisense RNA 1"
"3287","ZNF793","244180_at",4.13e-11,5.41e-12,-7.42,16.3611823,-1.13,"zinc finger protein 793","244180_at",5.02e-05,7.41e-06,-5.5955729,3.442747,-0.6697701,"zinc finger protein 793"
"3288","ZNF83","236429_at",4.41e-20,2.14e-21,-10.9,37.7984056,-1.14,"zinc finger protein 83","236429_at",0.000806,0.000197,-4.3410354,0.199945,-0.86270777,"zinc finger protein 83"
"3289","ZNF84","228630_at",7.34e-17,5.1e-18,-9.72,30.0804977,-0.989,"zinc finger protein 84","228630_at",0.000241,4.75e-05,-4.8831449,1.599745,-0.66392519,"zinc finger protein 84"
"3290","ZNF862","213444_at",2.78e-06,6.41e-07,-5.18,4.9266717,-0.801,"zinc finger protein 862","226808_at",8.75e-05,1.44e-05,-5.339023,2.780654,-0.95061843,"zinc finger protein 862"
"3291","ZNRD1ASP","234445_at",2.07e-05,5.31e-06,-4.7,2.8832642,-0.701,"zinc ribbon domain containing 1 antisense, pseudogene","234445_at",3.61e-05,5e-06,-5.7479913,3.834504,-0.82269006,"zinc ribbon domain containing 1 antisense, pseudogene"
"3292","ZRANB1","225131_at",1.42e-13,1.42e-14,8.44,22.2290726,0.657,"zinc finger RANBP2-type containing 1","225131_at",3.93e-06,3.46e-07,-6.8049575,6.499176,-0.58832924,"zinc finger RANBP2-type containing 1"
"3293","ZSCAN18","218312_s_at",1.28e-17,8.12e-19,-10,31.9029163,-1.52,"zinc finger and SCAN domain containing 18","218312_s_at",9.2e-05,1.53e-05,-5.3163021,2.72189,-0.63514517,"zinc finger and SCAN domain containing 18"
"3294","ZSCAN2","231188_at",1.2e-13,1.19e-14,-8.47,22.4048148,-1.11,"zinc finger and SCAN domain containing 2","231188_at",1.57e-06,1.1e-07,7.2736557,7.642965,0.77143711,"zinc finger and SCAN domain containing 2"
"3295","ZXDC","234991_at",4.57e-06,1.08e-06,-5.06,4.4214641,-0.68,"ZXD family zinc finger C","218639_s_at",5.47e-05,8.2e-06,-5.5565174,3.342152,-0.62830577,"ZXD family zinc finger C"
