"","Gene.symbol","ID.PS","adj.P.Val.PS","P.Value.PS","t.PS","B.PS","logFC.PS","Gene.title.PS","ID.VL","adj.P.Val.VL","P.Value.VL","t.VL","B.VL","logFC.VL","Gene.title.VL","ID.HS","adj.P.Val.HS","P.Value.HS","t.HS","B.HS","logFC.HS","Gene.title.HS"
"1","ABLIM2","228132_at",1.89e-29,3.1e-31,-14.4,60.3229346,-2.22,"actin binding LIM protein family member 2","ILMN_1758825",0.00364409,0.00026,-4.1146462,0.31775,-0.8183847,"actin binding LIM protein family member 2","228132_at",0.00111,0.000287,-4.1958948,-0.171583,-0.79588965,"actin binding LIM protein family member 2"
"2","ACAA2","241114_s_at",5.98e-10,9e-11,-6.92,13.5950045,-1.15,"acetyl-CoA acyltransferase 2","ILMN_1660199",0.01182584,0.00145,3.4899491,-1.30072,0.7129633,"acetyl-CoA acyltransferase 2","202002_at",1.71e-07,6.65e-09,8.4762988,10.449222,0.61052869,"acetyl-CoA acyltransferase 2"
"3","ACAT1","205412_at",5.67e-29,9.98e-31,-14.2,59.1600076,-0.948,"acetyl-CoA acetyltransferase 1","ILMN_1800008",0.03651638,0.00719,2.8750528,-2.77741,0.7069348,"acetyl-CoA acetyltransferase 1","1559239_s_at",0.000904,0.000225,-4.2894282,0.067615,-0.8693785,"acetyl-CoA acetyltransferase 1"
"4","ACER3","222689_at",5.34e-17,3.63e-18,9.78,30.4167449,1.21,"alkaline ceramidase 3","ILMN_1812552",0.00364409,0.00026,4.1144945,0.31734,0.6730827,"alkaline ceramidase 3","222689_at",4.84e-08,1.29e-09,9.2202897,12.087356,0.9405161,"alkaline ceramidase 3"
"5","ACP5","204638_at",2.99e-25,8.07e-27,12.9,50.2087432,1.75,"acid phosphatase 5, tartrate resistant","ILMN_2078599",0.02647422,0.0046,-3.0517231,-2.3681,-0.593246,"acid phosphatase 5, tartrate resistant","204638_at",5.38e-07,2.86e-08,7.8411987,8.991186,1.52187236,"acid phosphatase 5, tartrate resistant"
"6","ACSF2","218844_at",1.34e-15,1.07e-16,-9.24,27.0629238,-1.2,"acyl-CoA synthetase family member 2","ILMN_1711928",0.01060497,0.00124,-3.5482192,-1.15397,-0.6163694,"acyl-CoA synthetase family member 2","218844_at",0.00493,0.00166,-3.5138218,-1.87842,-0.64895525,"acyl-CoA synthetase family member 2"
"7","ACVR1B","205209_at",8.46e-08,1.62e-08,-5.94,8.5047275,-0.862,"activin A receptor type 1B","ILMN_2243308",0.0493831,0.0109,-2.7074732,-3.15262,-0.6651741,"activin A receptor type 1B","208218_s_at",0.000619,0.000144,-4.4609683,0.5083,-0.71836458,"activin A receptor type 1B"
"8","ADGRG1","206582_s_at",0.00073,0.000231,3.76,-0.7193887,0.609,"adhesion G protein-coupled receptor G1","ILMN_2352097",0.0447327,0.00951,-2.7621889,-3.03159,-0.8312674,"adhesion G protein-coupled receptor G1","206582_s_at",0.000102,1.73e-05,-5.2684947,2.598191,-0.61505364,"adhesion G protein-coupled receptor G1"
"9","AGFG2","222126_at",2.7e-18,1.58e-19,-10.3,33.5234829,-1.34,"ArfGAP with FG repeats 2","ILMN_1703228",0.00059733,1.61e-05,-5.0876697,2.96314,-0.7365093,"ArfGAP with FG repeats 2","222362_at",4.96e-09,5.56e-11,-10.7460353,15.213746,-1.69429935,"ArfGAP with FG repeats 2"
"10","AGPS","225114_at",4.83e-07,1.02e-07,5.56,6.716301,0.731,"alkylglycerone phosphate synthase","ILMN_1698209",0.00413329,0.000311,4.0507371,0.1482,0.9182704,"alkylglycerone phosphate synthase","205401_at",3.16e-09,2.89e-11,11.0816721,15.860987,0.98595529,"alkylglycerone phosphate synthase"
"11","AGTRAP","225059_at",8.36e-21,3.74e-22,11.2,39.5299528,1.08,"angiotensin II receptor associated protein","ILMN_2307656",0.01195114,0.00148,-3.4833377,-1.3173,-0.5929717,"angiotensin II receptor associated protein","225059_at",2.53e-07,1.09e-08,8.2583369,9.954987,1.01778527,"angiotensin II receptor associated protein"
"12","AHSA2","212980_at",1.48e-07,2.93e-08,-5.82,7.9272187,-0.631,"AHA1, activator of heat shock 90kDa protein ATPase homolog 2 (yeast)","ILMN_1798308",0.02653862,0.00462,3.0499915,-2.37218,1.2324498,"AHA1, activator of heat shock 90kDa protein ATPase homolog 2 (yeast)","230148_at",2.98e-06,2.46e-07,-6.9432534,6.839386,-0.78939569,"AHA1, activator of heat shock 90kDa protein ATPase homolog 2 (yeast)"
"13","AIF1","209901_x_at",0.000294,8.82e-05,4.02,0.1945984,0.677,"allograft inflammatory factor 1","ILMN_1792473",0.01097107,0.0013,3.5309648,-1.19753,0.8874445,"allograft inflammatory factor 1","213095_x_at",1.36e-07,4.86e-09,8.6154621,10.761388,1.16394457,"allograft inflammatory factor 1"
"14","AKR1B10","206561_s_at",2.53e-50,3.33e-53,22.7,110.6252226,6.77,"aldo-keto reductase family 1 member B10","ILMN_1672148",1.813e-05,3.7e-08,7.2234893,8.76967,2.2752749,"aldo-keto reductase family 1 member B10","206561_s_at",0.00425,0.0014,3.5827111,-1.709959,1.77668876,"aldo-keto reductase family 1 member B10"
"15","ALDH7A1","208950_s_at",1.79e-35,1.49e-37,16.7,74.8012283,0.743,"aldehyde dehydrogenase 7 family member A1","ILMN_1687508",0.01126008,0.00135,3.5163811,-1.23428,0.7279067,"aldehyde dehydrogenase 7 family member A1","213591_at",5.8e-05,8.82e-06,-5.5284302,3.269759,-0.83353744,"aldehyde dehydrogenase 7 family member A1"
"16","ALOXE3","222383_s_at",7.36e-14,7.09e-15,8.55,22.9133787,1.2,"arachidonate lipoxygenase 3","ILMN_1678255",0.04127085,0.00851,-2.8074763,-2.93031,-0.8650142,"arachidonate lipoxygenase 3","207708_at",8.68e-08,2.72e-09,-8.8768085,11.340475,-2.00964312,"arachidonate lipoxygenase 3"
"17","ANGPTL4","221009_s_at",9.02e-28,1.84e-29,13.8,56.2583662,3.58,"angiopoietin like 4","ILMN_1707727",0.03819247,0.00765,-2.8504171,-2.83339,-0.616771,"angiopoietin like 4","221009_s_at",0.00175,0.000492,3.9891517,-0.696786,0.86478826,"angiopoietin like 4"
"18","ANK3","239726_at",1.56e-07,3.09e-08,-5.81,7.8746045,-1.14,"ankyrin 3, node of Ranvier (ankyrin G)","ILMN_2390609",0.04500497,0.00958,2.7590252,-3.03862,0.7044751,"ankyrin 3, node of Ranvier (ankyrin G)","206385_s_at",4.18e-08,1.06e-09,-9.3099542,12.279681,-1.24442441,"ankyrin 3, node of Ranvier (ankyrin G)"
"19","ANKRD13C","1556361_s_at",1.16e-37,7.81e-40,17.5,80.0250518,3.82,"ankyrin repeat domain 13C","ILMN_2148507",0.01225987,0.00153,3.4704137,-1.34969,0.7548847,"ankyrin repeat domain 13C","1556361_s_at",0.0083,0.00305,-3.2716426,-2.461203,-0.61391862,"ankyrin repeat domain 13C"
"20","ANLN","1552619_a_at",8.14e-16,6.33e-17,9.32,27.5838447,1.36,"anillin actin binding protein","ILMN_1739645",0.00745713,0.000735,3.740931,-0.66183,2.0315686,"anillin actin binding protein","222608_s_at",0.00146,0.000397,-4.0713383,-0.488644,-0.74879019,"anillin actin binding protein"
"21","ANXA11","214783_s_at",1.35e-20,6.13e-22,-11.1,39.0386821,-1.04,"annexin A11","ILMN_1807003",0.04512854,0.00962,-2.7574369,-3.04216,-0.6702948,"annexin A11","228727_at",0.000263,5.27e-05,-4.8432767,1.496442,-0.79289033,"annexin A11"
"22","APOD","201525_at",6.99e-21,3.09e-22,-11.2,39.7184492,-0.881,"apolipoprotein D","ILMN_1780170",0.00047468,1.12e-05,-5.2140236,3.31148,-1.7934745,"apolipoprotein D","201525_at",0.0434,0.0214,-2.4509338,-4.28651,-0.59472934,"apolipoprotein D"
"23","APOE","212884_x_at",3.24e-16,2.41e-17,-9.48,28.5397996,-0.674,"apolipoprotein E","ILMN_1740938",0.00605211,0.00055,-3.8463329,-0.38863,-1.2549723,"apolipoprotein E","212883_at",0.00269,0.000817,3.7923091,-1.191199,0.98180058,NA
"24","APOOL","222269_at",1.41e-24,4.18e-26,12.6,48.5722682,1.97,"apolipoprotein O like","ILMN_1777483",0.01816435,0.0027,3.2572367,-1.87605,1.2788763,"apolipoprotein O like","213289_at",0.000191,3.63e-05,-4.9863421,1.867211,-0.70300888,"apolipoprotein O like"
"25","AR","211621_at",3.66e-14,3.4e-15,-8.67,23.6402874,-0.629,"androgen receptor","ILMN_1767351",0.03696277,0.0073,-2.8687712,-2.79171,-0.6705351,"androgen receptor","226197_at",0.00197,0.000564,-3.9358778,-0.831199,-0.84481639,"androgen receptor"
"26","ARF3","211622_s_at",3.82e-28,7.42e-30,13.9,57.1635838,2.27,"ADP ribosylation factor 3","ILMN_1682938",0.00298034,0.000194,-4.2186942,0.5953,-0.9485949,"ADP ribosylation factor 3","211622_s_at",3.95e-06,3.48e-07,6.8026889,6.493577,0.75783611,"ADP ribosylation factor 3"
"27","ARG1","231663_s_at",9.66e-32,1.21e-33,15.3,65.8401353,4.59,"arginase 1","ILMN_1812281",0.02797078,0.00497,3.0213343,-2.43945,1.397024,"arginase 1","206177_s_at",0.00513,0.00174,-3.4956325,-1.922715,-0.99763775,"arginase 1"
"28","ARL6IP6","225711_at",6.76e-09,1.14e-09,6.45,11.1008935,0.797,"ADP ribosylation factor like GTPase 6 interacting protein 6","ILMN_1797964",0.02013612,0.00312,3.2019665,-2.00995,0.8952796,"ADP ribosylation factor like GTPase 6 interacting protein 6","225711_at",1.96e-05,2.42e-06,-6.0306438,4.556854,-0.62021576,"ADP ribosylation factor like GTPase 6 interacting protein 6"
"29","ARMC8","236966_at",6.46e-07,1.38e-07,-5.5,6.4198546,-0.948,"armadillo repeat containing 8","ILMN_1781151",0.01284059,0.00165,3.4439042,-1.41595,0.7398211,"armadillo repeat containing 8","236966_at",2.44e-05,3.14e-06,-5.9286804,4.29696,-1.36085451,"armadillo repeat containing 8"
"30","ATG5","202511_s_at",1.34e-23,4.37e-25,12.2,46.2391751,0.805,"autophagy related 5","ILMN_1718265",0.01640022,0.00235,3.3092477,-1.74904,0.6566303,"autophagy related 5","210639_s_at",0.00012,2.09e-05,5.1977824,2.415116,0.58987019,"autophagy related 5"
"31","ATL2","237968_at",0.000142,4.08e-05,4.21,0.9281863,0.635,"atlastin GTPase 2","ILMN_1716384",0.04161031,0.00861,2.8024384,-2.94163,0.871605,"atlastin GTPase 2","1553603_s_at",2.5e-06,1.98e-07,-7.0311483,7.054445,-0.71640786,"atlastin GTPase 2"
"32","ATP11B","1554556_a_at",1.09e-23,3.52e-25,12.3,46.4541471,2.19,"ATPase phospholipid transporting 11B (putative)","ILMN_1658884",0.04925794,0.0108,2.7087023,-3.14992,0.8040641,"ATPase phospholipid transporting 11B (putative)","238811_at",0.00309,0.000958,-3.7303164,-1.345537,-0.77977322,"ATPase phospholipid transporting 11B (putative)"
"33","ATP5S","238799_at",4.69e-14,4.4e-15,-8.63,23.3858172,-1.14,"ATP synthase, H+ transporting, mitochondrial Fo complex subunit s (factor B)","ILMN_1679188",0.02354437,0.00391,3.1149346,-2.21849,0.7178415,"ATP synthase, H+ transporting, mitochondrial Fo complex subunit s (factor B)","239859_x_at",5.53e-06,5.21e-07,-6.6401027,6.0908,-0.63240341,"ATP synthase, H+ transporting, mitochondrial Fo complex subunit s (factor B)"
"34","ATP5SL","1557759_at",2.94e-07,6.02e-08,-5.67,7.2250292,-0.945,"ATP5S like","ILMN_1809027",0.04402023,0.0093,-2.7713794,-3.01111,-0.6123843,"ATP5S like","1557759_at",4.83e-05,7.08e-06,-5.6134625,3.488798,-1.09070612,"ATP5S like"
"35","ATP6V1C1","202872_at",6.56e-15,5.61e-16,8.97,25.4235979,0.995,"ATPase H+ transporting V1 subunit C1","ILMN_1659801",0.01345506,0.00176,3.4192264,-1.47744,0.7456202,"ATPase H+ transporting V1 subunit C1","202872_at",2.44e-06,1.93e-07,7.0434778,7.084539,0.7362041,"ATPase H+ transporting V1 subunit C1"
"36","ATP8B4","220416_at",1.49e-06,3.32e-07,-5.32,5.5649518,-0.676,"ATPase phospholipid transporting 8B4 (putative)","ILMN_1783956",0.00167475,8e-05,4.5307931,1.43739,0.6779693,"ATPase phospholipid transporting 8B4 (putative)","220416_at",0.00434,0.00143,3.5726991,-1.734509,0.67330596,"ATPase phospholipid transporting 8B4 (putative)"
"37","ATP9A","216129_at",1.29e-11,1.6e-12,-7.64,17.5640944,-1.08,"ATPase phospholipid transporting 9A (putative)","ILMN_2089073",0.00836464,0.000872,-3.6785778,-0.82215,-0.8388448,"ATPase phospholipid transporting 9A (putative)","216129_at",1.13e-06,7.27e-08,-7.4466846,8.058402,-1.1276978,"ATPase phospholipid transporting 9A (putative)"
"38","ATXN3","205416_s_at",6.39e-17,4.4e-18,9.75,30.2275721,1.28,"ataxin 3","ILMN_2393497",0.01657895,0.00239,3.3040913,-1.76167,0.810649,"ataxin 3","217321_x_at",6.29e-05,9.71e-06,-5.4911939,3.173726,-0.58643062,"ataxin 3"
"39","AURKA","204092_s_at",8e-29,1.43e-30,14.2,58.8038835,3.02,"aurora kinase A","ILMN_2357438",0.01186649,0.00147,3.4868812,-1.30842,0.6681987,"aurora kinase A","208080_at",0.000359,7.6e-05,4.7039179,1.135602,0.76804333,"aurora kinase A"
"40","B3GALT6","1553959_a_at",1.58e-10,2.22e-11,7.17,14.9709789,1.46,"beta-1,3-galactosyltransferase 6","ILMN_1739749",0.00275711,0.000173,-4.2600569,0.70613,-0.9067917,"beta-1,3-galactosyltransferase 6","1553959_a_at",0.000134,2.38e-05,5.1473649,2.284519,0.86764586,"beta-1,3-galactosyltransferase 6"
"41","BAIAP2","205294_at",9.99e-20,5.03e-21,10.8,36.9488852,1.22,"BAI1 associated protein 2","ILMN_1699727",0.00778193,0.000784,-3.7175465,-0.72207,-0.9431352,"BAI1 associated protein 2","205294_at",0.000385,8.25e-05,-4.6724668,1.054244,-0.68610725,"BAI1 associated protein 2"
"42","BCHE","205433_at",1.85e-06,4.17e-07,-5.27,5.3448654,-0.953,"butyrylcholinesterase","ILMN_2176592",0.02245237,0.00364,3.1426499,-2.1524,1.1445752,"butyrylcholinesterase","205433_at",0.002,0.000575,-3.9288291,-0.848951,-1.35978516,"butyrylcholinesterase"
"43","BGN","201261_x_at",2.93e-11,3.77e-12,-7.49,16.7176538,-0.7,"biglycan","ILMN_2206746",0.00548433,0.000475,-3.8992005,-0.25063,-1.1231488,"biglycan","201262_s_at",5.59e-06,5.27e-07,6.6350353,6.0782,1.40761685,"biglycan"
"44","BUB1","209642_at",1.24e-32,1.39e-34,15.6,67.9944837,2.66,"BUB1 mitotic checkpoint serine/threonine kinase","ILMN_2202948",0.03153793,0.00591,2.9533056,-2.59777,1.4362668,"BUB1 mitotic checkpoint serine/threonine kinase","209642_at",0.00199,0.000571,3.9314217,-0.842422,1.05361904,"BUB1 mitotic checkpoint serine/threonine kinase"
"45","C10orf99","227735_s_at",7.18e-35,6.4e-37,16.5,73.348925,5.25,"chromosome 10 open reading frame 99","ILMN_1802192",0.00071944,2.19e-05,4.9816844,2.67134,1.8205194,"chromosome 10 open reading frame 99","227736_at",0.0249,0.0111,2.7374663,-3.68067,1.23141362,"chromosome 10 open reading frame 99"
"46","C12orf29","228378_at",2.28e-40,1.07e-42,18.6,86.581511,3.07,"chromosome 12 open reading frame 29","ILMN_1792671",0.00977232,0.0011,3.5928281,-1.04095,1.1584999,"chromosome 12 open reading frame 29","213701_at",2.74e-06,2.22e-07,-6.9862318,6.944659,-0.71652297,"chromosome 12 open reading frame 29"
"47","C12orf4","218374_s_at",2.38e-13,2.43e-14,8.35,21.695047,1.19,"chromosome 12 open reading frame 4","ILMN_1751898",0.01201547,0.00149,3.479996,-1.32568,1.4195405,"chromosome 12 open reading frame 4","218374_s_at",3.98e-05,5.6e-06,5.7039751,3.721514,0.619497,"chromosome 12 open reading frame 4"
"48","C15orf59","230475_at",3.6e-06,8.4e-07,-5.12,4.6647443,-0.779,"chromosome 15 open reading frame 59","ILMN_2141118",0.01460729,0.00197,-3.3757367,-1.58532,-0.8046121,"chromosome 15 open reading frame 59","230475_at",6.29e-05,9.73e-06,-5.4907723,3.172639,-0.69787664,"chromosome 15 open reading frame 59"
"49","C1GALT1C1","238989_at",4.33e-11,5.68e-12,-7.41,16.3132657,-1.07,"C1GALT1 specific chaperone 1","ILMN_1751234",0.00968477,0.00109,3.5972842,-1.02963,0.722402,"C1GALT1 specific chaperone 1","219283_at",1e-06,6.24e-08,7.5110746,8.212028,0.71641035,"C1GALT1 specific chaperone 1"
"50","C1orf53","1558508_a_at",1.37e-11,1.7e-12,7.62,17.5041551,0.7,"chromosome 1 open reading frame 53","ILMN_1661595",0.00153401,7.01e-05,4.5770367,1.56317,0.7336152,"chromosome 1 open reading frame 53","1558508_a_at",2.81e-06,2.29e-07,6.972383,6.910761,1.02091543,"chromosome 1 open reading frame 53"
"51","C21orf91","220941_s_at",4.58e-33,4.95e-35,15.8,69.0232021,2.32,"chromosome 21 open reading frame 91","ILMN_1698166",0.00041778,9.21e-06,5.282055,3.49916,0.8684505,"chromosome 21 open reading frame 91","226109_at",2.23e-07,9.25e-09,-8.3306396,10.119652,-0.67231521,"chromosome 21 open reading frame 91"
"52","C2orf40","223623_at",1.96e-18,1.14e-19,-10.3,33.8544354,-1.88,"chromosome 2 open reading frame 40","ILMN_1676822",0.03492583,0.00679,2.8980377,-2.72493,0.7608111,"chromosome 2 open reading frame 40","223623_at",0.00137,0.000367,-4.1016233,-0.411722,-1.53407626,"chromosome 2 open reading frame 40"
"53","C2orf68","238768_at",5.98e-09,1e-09,-6.47,11.2278749,-0.662,"chromosome 2 open reading frame 68","ILMN_1679771",0.00223872,0.000127,-4.3676704,0.99565,-0.9249999,"chromosome 2 open reading frame 68","221878_at",2.68e-06,2.16e-07,-6.9973722,6.971911,-0.62212921,"chromosome 2 open reading frame 68"
"54","C3orf14","236068_s_at",1.01e-18,5.72e-20,-10.4,34.5348071,-1.15,"chromosome 3 open reading frame 14","ILMN_2224486",7.681e-05,6.31e-07,6.2146024,6.06316,1.5358308,"chromosome 3 open reading frame 14","236068_s_at",0.00436,0.00144,-3.571003,-1.738666,-0.6550656,"chromosome 3 open reading frame 14"
"55","C5orf46","1554195_a_at",1.32e-15,1.05e-16,-9.24,27.0839153,-1.75,"chromosome 5 open reading frame 46","ILMN_1718866",0.02105879,0.00333,3.1772852,-2.06938,1.1333679,"chromosome 5 open reading frame 46","1554195_a_at",0.000181,3.39e-05,-5.0121738,1.934167,-2.25469931,"chromosome 5 open reading frame 46"
"56","CAB39L","221003_s_at",2.1e-12,2.37e-13,-7.96,19.4474751,-1.07,"calcium binding protein 39 like","ILMN_1783598",0.00098467,3.6e-05,4.8095376,2.1985,1.288323,"calcium binding protein 39 like","221003_s_at",1.63e-05,1.93e-06,-6.1201117,4.784201,-0.90842243,"calcium binding protein 39 like"
"57","CABLES1","225531_at",1.32e-10,1.84e-11,-7.21,15.1580287,-0.927,"Cdk5 and Abl enzyme substrate 1","ILMN_1653001",0.00259785,0.000158,-4.2907429,0.78852,-0.8709491,"Cdk5 and Abl enzyme substrate 1","225532_at",3.09e-07,1.4e-08,-8.1485541,9.703607,-0.81124544,"Cdk5 and Abl enzyme substrate 1"
"58","CALD1","201615_x_at",1.87e-10,2.65e-11,-7.14,14.7976149,-0.964,"caldesmon 1","ILMN_1730487",6.55e-05,4.93e-07,6.3007273,6.2978,1.7774111,"caldesmon 1","201615_x_at",0.00135,0.000361,4.1083492,-0.394624,0.82482663,"caldesmon 1"
"59","CALM3","200622_x_at",6.52e-11,8.76e-12,7.34,15.8864868,0.759,"calmodulin 3///calmodulin 2///calmodulin 1","ILMN_1666385",0.02936098,0.00533,-2.9936791,-2.50405,-0.6899508,"calmodulin 3","200622_x_at",1.29e-09,7.97e-12,11.7647666,17.135436,1.01603002,"calmodulin 3///calmodulin 2///calmodulin 1"
"60","CAMSAP3","226494_at",1.92e-09,3.05e-10,-6.7,12.3955186,-0.819,"calmodulin regulated spectrin associated protein family member 3","ILMN_2273609",0.00030727,5.52e-06,-5.4594039,3.98853,-0.9685012,"calmodulin regulated spectrin associated protein family member 3","226494_at",2.72e-09,2.32e-11,-11.1960724,16.078386,-1.19692675,"calmodulin regulated spectrin associated protein family member 3"
"61","CAPN3","211890_x_at",3.72e-09,6.11e-10,-6.57,11.7135719,-0.686,"calpain 3","ILMN_1687971",0.03777335,0.00753,-2.8568072,-2.8189,-0.8047958,"calpain 3","210944_s_at",1.68e-07,6.44e-09,-8.490237,10.480606,-1.09557931,"calpain 3"
"62","CARD18","231733_at",9.07e-09,1.56e-09,6.39,10.7977725,1.49,"caspase recruitment domain family member 18","ILMN_1692349",0.00156114,7.26e-05,4.5644915,1.52902,1.5865647,"caspase recruitment domain family member 18","231733_at",0.0264,0.0119,-2.7066192,-3.747716,-0.98371713,"caspase recruitment domain family member 18"
"63","CASK","207620_s_at",1.57e-14,1.39e-15,8.82,24.5235281,0.66,"calcium/calmodulin dependent serine protein kinase","ILMN_1654773",0.02540048,0.00435,3.0731625,-2.31754,0.8025206,"calcium/calmodulin dependent serine protein kinase","238698_at",1.31e-05,1.48e-06,6.2231253,5.04511,0.87991239,"calcium/calmodulin dependent serine protein kinase"
"64","CASP1","211367_s_at",2.33e-21,9.76e-23,11.4,40.8637824,2.04,"caspase 1","ILMN_2326512",0.00060351,1.65e-05,5.0807738,2.94415,1.0422397,"caspase 1","211366_x_at",1.15e-05,1.27e-06,6.2850437,5.201471,0.60193913,"caspase 1"
"65","CAV2","203323_at",8.44e-26,2.14e-27,-13.1,51.529395,-0.683,"caveolin 2","ILMN_1735220",0.03112247,0.00581,2.9599215,-2.58246,0.721353,"caveolin 2","203323_at",5.44e-05,8.16e-06,-5.5585217,3.347316,-0.60341965,"caveolin 2"
"66","CBLC","220638_s_at",3.68e-19,1.97e-20,10.6,35.5949624,1.62,"Cbl proto-oncogene C","ILMN_1811729",0.02373454,0.00395,-3.1107355,-2.22848,-0.8641848,"Cbl proto-oncogene C","220638_s_at",0.000121,2.12e-05,-5.1916551,2.399247,-0.99529393,"Cbl proto-oncogene C"
"67","CBR4","1553693_s_at",4.11e-19,2.21e-20,-10.6,35.4799364,-1.05,"carbonyl reductase 4","ILMN_1813400",0.01850738,0.00277,3.2470542,-1.9008,0.871515,"carbonyl reductase 4","1553693_s_at",3.74e-06,3.26e-07,-6.8286885,6.557711,-1.46908098,"carbonyl reductase 4"
"68","CBX3","230998_at",1.13e-07,2.2e-08,-5.87,8.2071557,-0.656,"chromobox 3","ILMN_1790625",7.757e-05,6.64e-07,6.19658,6.014,1.2084038,"chromobox 3","201091_s_at",1.65e-08,3e-10,9.9101805,13.539169,0.61112085,"chromobox 3"
"69","CCDC146","227091_at",1.03e-16,7.25e-18,-9.67,29.732144,-1.6,"coiled-coil domain containing 146","ILMN_1790555",0.00326562,0.000222,4.1712236,0.46845,1.9648785,"coiled-coil domain containing 146","227091_at",6.71e-10,2.69e-12,-12.3628143,18.205857,-1.57669378,"coiled-coil domain containing 146"
"70","CCDC90B","1568834_s_at",8.48e-08,1.63e-08,-5.94,8.5021825,-1.2,"coiled-coil domain containing 90B","ILMN_2232166",2.959e-05,9.86e-08,6.8707931,7.83506,1.7950556,"coiled-coil domain containing 90B","1568834_s_at",0.000151,2.76e-05,-5.0906336,2.137519,-1.03140326,"coiled-coil domain containing 90B"
"71","CCNC","1569126_at",2.47e-13,2.53e-14,-8.34,21.656707,-1.07,"cyclin C","ILMN_2409395",0.00226726,0.00013,4.3603797,0.97598,1.268207,"cyclin C","1569126_at",0.000762,0.000184,-4.3666691,0.265758,-1.01284236,"cyclin C"
"72","CD207","220428_at",1.67e-11,2.1e-12,-7.59,17.2954909,-1.55,"CD207 molecule","ILMN_1718754",0.0065555,0.000617,-3.8044637,-0.49747,-1.240696,"CD207 molecule","220428_at",6.54e-07,3.65e-08,-7.7376342,8.748294,-2.09693922,"CD207 molecule"
"73","CD248","219025_at",2.17e-07,4.37e-08,-5.74,7.5388355,-0.953,"CD248 molecule","ILMN_1726589",2.406e-05,6.47e-08,-7.022136,8.23781,-1.5211157,"CD248 molecule","219025_at",0.00049,0.000109,4.5650448,0.776666,0.88990499,"CD248 molecule"
"74","CD3D","213539_at",7.45e-22,2.94e-23,11.6,42.0577166,2.71,"CD3d molecule","ILMN_2325837",0.0205502,0.00321,3.1908151,-2.03683,1.3581754,"CD3d molecule","213539_at",1.51e-08,2.65e-10,9.9698856,13.661816,1.47425468,"CD3d molecule"
"75","CD99L2","233825_s_at",1.43e-09,2.25e-10,-6.75,12.6953795,-0.638,"CD99 molecule like 2","ILMN_2388142",0.0284906,0.00509,-3.0120051,-2.46128,-0.6440994,"CD99 molecule like 2","223041_at",3.24e-06,2.73e-07,6.9015156,6.736943,0.73742474,"CD99 molecule like 2"
"76","CDCA7","224428_s_at",5.08e-16,3.85e-17,9.4,28.076761,1.02,"cell division cycle associated 7","ILMN_1737184",0.00146018,6.5e-05,4.6031382,1.63426,0.8173628,"cell division cycle associated 7","224428_s_at",9.91e-05,1.67e-05,-5.2826099,2.63472,-0.71428295,"cell division cycle associated 7"
"77","CDKN3","1555758_a_at",3.21e-33,3.42e-35,15.8,69.3911317,3.34,"cyclin dependent kinase inhibitor 3","ILMN_1666305",0.00019122,2.87e-06,5.6858133,4.61279,1.5495985,"cyclin dependent kinase inhibitor 3","1555758_a_at",0.00055,0.000125,4.5137294,0.644267,0.91498821,"cyclin dependent kinase inhibitor 3"
"78","CEBPA","204039_at",5.47e-06,1.3e-06,5.02,4.2391225,0.61,"CCAAT/enhancer binding protein alpha","ILMN_1715715",0.01113662,0.00133,-3.5226483,-1.21849,-1.0553041,"CCAAT/enhancer binding protein alpha","204039_at",2e-06,1.5e-07,-7.1470004,7.336494,-0.87734569,"CCAAT/enhancer binding protein alpha"
"79","CENPN","228559_at",1.74e-22,6.36e-24,11.8,43.5782638,2.57,"centromere protein N","ILMN_1720526",7.077e-05,5.53e-07,6.2609269,6.18944,1.6494195,"centromere protein N","222118_at",0.000315,6.51e-05,4.7627567,1.287892,1.04638015,"centromere protein N"
"80","CEP135","207286_at",3.73e-14,3.46e-15,-8.67,23.6232089,-1.23,"centrosomal protein 135","ILMN_1693766",0.00177345,8.88e-05,4.4942394,1.33813,1.3028062,"centrosomal protein 135","207286_at",1.37e-05,1.57e-06,-6.200773,4.988578,-0.7641945,"centrosomal protein 135"
"81","CFDP1","236588_at",5.31e-14,5.01e-15,8.61,23.2565785,0.766,"craniofacial development protein 1","ILMN_1800837",0.00108039,4.09e-05,4.764933,2.07628,0.9616837,"craniofacial development protein 1","210701_at",5.67e-05,8.57e-06,-5.5393339,3.297868,-1.41285563,"craniofacial development protein 1"
"82","CHD6","234681_s_at",6.13e-11,8.21e-12,-7.35,15.9509293,-0.774,"chromodomain helicase DNA binding protein 6","ILMN_2209163",0.04800452,0.0105,2.7232542,-3.11787,0.971116,"chromodomain helicase DNA binding protein 6","234681_s_at",0.00188,0.000536,-3.9558335,-0.780898,-0.61467902,"chromodomain helicase DNA binding protein 6"
"83","CHEK1","205393_s_at",3.12e-41,1.3e-43,18.9,88.6822826,2.78,"checkpoint kinase 1","ILMN_1664630",0.0039594,0.000293,4.072018,0.20458,0.8677599,"checkpoint kinase 1","205394_at",0.00418,0.00137,3.590317,-1.691293,0.71358192,"checkpoint kinase 1"
"84","CIRBP","225191_at",4.69e-41,1.98e-43,-18.9,88.2609574,-0.833,"cold inducible RNA binding protein","ILMN_1674661",0.03180275,0.00597,-2.9488389,-2.6081,-0.8041701,"cold inducible RNA binding protein","230142_s_at",2.95e-05,3.95e-06,-5.8396095,4.069279,-0.87242003,"cold inducible RNA binding protein"
"85","CISD2","226686_at",7.38e-14,7.12e-15,8.55,22.9093706,0.892,"CDGSH iron sulfur domain 2","ILMN_1796397",0.00787447,8e-04,3.7102562,-0.74083,0.6808604,"CDGSH iron sulfur domain 2","226686_at",4.47e-07,2.25e-08,7.9435824,9.229908,0.78811692,"CDGSH iron sulfur domain 2"
"86","CKAP2","218252_at",7.57e-14,7.31e-15,8.55,22.8828502,0.826,"cytoskeleton associated protein 2","ILMN_1674411",0.00033489,6.32e-06,5.4125976,3.85938,1.1254541,"cytoskeleton associated protein 2","234884_x_at",7.97e-09,1.13e-10,10.3909107,14.513363,3.44552784,"cytoskeleton associated protein 2///immunoglobulin lambda variable cluster///immunoglobulin lambda constant 1"
"87","CKB","200884_at",9.78e-20,4.92e-21,-10.8,36.9709549,-0.793,"creatine kinase B","ILMN_1671478",0.04538081,0.0097,-2.7540317,-3.04972,-0.7006301,"creatine kinase B","200884_at",1.69e-05,2.02e-06,-6.1026395,4.739856,-1.21789704,"creatine kinase B"
"88","CLEC2D","228426_at",9.79e-08,1.89e-08,5.91,8.3552428,1.05,"C-type lectin domain family 2 member D","ILMN_1711702",0.00468754,0.000374,3.9853729,-0.0244,1.0310271,"C-type lectin domain family 2 member D","235522_at",2.45e-05,3.15e-06,5.9273518,4.293568,1.18835575,"C-type lectin domain family 2 member D"
"89","CLIC3","219529_at",8.39e-13,9.07e-14,8.13,20.3940427,1.81,"chloride intracellular channel 3","ILMN_1796423",0.02338753,0.00387,-3.1185137,-2.20997,-0.9871354,"chloride intracellular channel 3","219529_at",2.55e-05,3.31e-06,-5.9079322,4.243976,-1.16051725,"chloride intracellular channel 3"
"90","CLN8","222874_s_at",1.72e-31,2.2e-33,15.2,65.2451123,2.39,"ceroid-lipofuscinosis, neuronal 8","ILMN_1701094",0.00747273,0.000739,-3.7390653,-0.66664,-0.8735994,"ceroid-lipofuscinosis, neuronal 8","229958_at",1.92e-06,1.42e-07,-7.1697628,7.391719,-0.82001861,"ceroid-lipofuscinosis, neuronal 8"
"91","CLUAP1","235080_at",0.000176,5.11e-05,4.16,0.7132822,0.784,"clusterin associated protein 1","ILMN_2355042",0.00036795,7.52e-06,5.3523907,3.69324,1.0326354,"clusterin associated protein 1","235080_at",5.49e-05,8.25e-06,5.5542017,3.336185,0.81356986,"clusterin associated protein 1"
"92","CMAHP","205518_s_at",1.45e-27,3.01e-29,-13.7,55.7694123,-2,"cytidine monophospho-N-acetylneuraminic acid hydroxylase, pseudogene","ILMN_1704084",0.0125861,0.0016,3.4544307,-1.38967,1.5185436,"cytidine monophospho-N-acetylneuraminic acid hydroxylase, pseudogene","229604_at",0.00879,0.00327,3.2444926,-2.525526,0.7834136,"cytidine monophospho-N-acetylneuraminic acid hydroxylase, pseudogene"
"93","CNIH4","228437_at",1.71e-05,4.32e-06,4.75,3.0819689,0.729,"cornichon family AMPA receptor auxiliary protein 4","ILMN_1714759",0.01723831,0.00252,3.2829189,-1.81345,1.1323292,"cornichon family AMPA receptor auxiliary protein 4","243051_at",3.88e-08,9.61e-10,-9.3566873,12.379487,-1.81516698,"cornichon family AMPA receptor auxiliary protein 4"
"94","CORO1A","209083_at",1.86e-08,3.31e-09,6.25,10.0576338,0.992,"coronin 1A","ILMN_1713749",0.03116592,0.00582,-2.959082,-2.58441,-0.6536843,"coronin 1A","209083_at",2.54e-07,1.1e-08,8.2540769,9.945263,1.4241105,"coronin 1A"
"95","CORO1B","64486_at",5e-09,8.32e-10,6.51,11.4111115,0.772,"coronin 1B","ILMN_2377019",0.00101876,3.77e-05,-4.7930108,2.1532,-0.8007956,"coronin 1B","64486_at",5.63e-07,3.02e-08,7.8177743,8.936373,0.69253392,"coronin 1B"
"96","CPA4","205832_at",4.21e-13,4.42e-14,8.25,21.1052906,0.677,"carboxypeptidase A4","ILMN_1784294",0.00802417,0.000823,-3.6999403,-0.76734,-1.1159,"carboxypeptidase A4","205832_at",0.000429,9.39e-05,-4.6232311,0.926956,-0.95725625,"carboxypeptidase A4"
"97","CRIPT","222702_x_at",1.48e-18,8.5e-20,10.4,34.141175,1.2,"CXXC repeat containing interactor of PDZ3 domain","ILMN_1813256",0.0012517,5.17e-05,4.6834651,1.85343,1.1584391,"CXXC repeat containing interactor of PDZ3 domain","239050_s_at",0.000305,6.27e-05,-4.7774747,1.326002,-0.58785846,"CXXC repeat containing interactor of PDZ3 domain"
"98","CRLS1","241741_at",1.24e-14,1.09e-15,-8.86,24.7668075,-1.32,"cardiolipin synthase 1","ILMN_1737685",0.02908714,0.00528,2.9977983,-2.49445,0.6871981,"cardiolipin synthase 1","241741_at",0.00129,0.000343,-4.1275757,-0.345716,-0.60095031,"cardiolipin synthase 1"
"99","CRYZL1","1552347_at",2.36e-28,4.44e-30,-14,57.6737482,-1.27,"crystallin zeta like 1","ILMN_1762115",0.00534096,0.000459,3.9118575,-0.2175,0.896108,"crystallin zeta like 1","1552347_at",6.07e-06,5.85e-07,-6.593547,5.974933,-0.74459371,"crystallin zeta like 1"
"100","CSPP1","220072_at",8.35e-07,1.8e-07,-5.45,6.1574666,-0.892,"centrosome and spindle pole associated protein 1","ILMN_2393994",0.00010878,1.13e-06,6.0116015,5.50812,1.3836982,"centrosome and spindle pole associated protein 1","242041_at",0.000164,3.04e-05,-5.0536531,2.041678,-0.98402652,"centrosome and spindle pole associated protein 1"
"101","CTNNBIP1","203081_at",3.82e-10,5.63e-11,-7.01,14.056719,-0.841,"catenin beta interacting protein 1","ILMN_2381168",0.01871916,0.00281,-3.2413133,-1.91474,-0.6086922,"catenin beta interacting protein 1","203081_at",3.88e-08,9.61e-10,-9.356643,12.379393,-1.67752794,"catenin beta interacting protein 1"
"102","CTSB","213274_s_at",3.89e-22,1.48e-23,11.7,42.7370113,2,"cathepsin B","ILMN_2359742",0.01589841,0.00225,-3.3267414,-1.70611,-0.7811063,"cathepsin B","213274_s_at",2.13e-11,1.22e-14,15.678307,23.459008,1.94550781,"cathepsin B"
"103","CTSC","225647_s_at",2.12e-16,1.54e-17,9.55,28.9840675,1.27,"cathepsin C","ILMN_2242463",0.01537691,0.00214,3.3456702,-1.65954,0.7334623,"cathepsin C","225647_s_at",2.54e-08,5.4e-10,9.6283233,12.953763,1.15357428,"cathepsin C"
"104","CTSD","200766_at",5.82e-27,1.31e-28,13.5,54.3055219,1.14,"cathepsin D","ILMN_1674038",0.00174273,8.6e-05,-4.5052714,1.36807,-1.3002002,"cathepsin D","200766_at",9.67e-05,1.62e-05,5.2943195,2.66502,0.66805804,"cathepsin D"
"105","CXCL10","204533_at",5.69e-27,1.28e-28,13.5,54.3289888,4.62,"C-X-C motif chemokine ligand 10","ILMN_1791759",3.28e-06,1.96e-09,8.3119596,11.55628,3.6225446,"C-X-C motif chemokine ligand 10","204533_at",6.51e-08,1.9e-09,9.0418641,11.701389,3.82697961,"C-X-C motif chemokine ligand 10"
"106","CXCL16","223454_at",5.79e-16,4.42e-17,9.38,27.940768,0.625,"C-X-C motif chemokine ligand 16","ILMN_1728478",0.0029093,0.000188,-4.2309081,0.628,-0.957479,"C-X-C motif chemokine ligand 16","223454_at",1.91e-08,3.65e-10,9.8150591,13.342792,0.67269173,"C-X-C motif chemokine ligand 16"
"107","CXCL8","202859_x_at",2.79e-44,8.56e-47,20.2,95.9634152,6.75,"C-X-C motif chemokine ligand 8","ILMN_1666733",0.03938638,0.008,2.8324679,-2.87401,1.3750851,"C-X-C motif chemokine ligand 8","211506_s_at",4.47e-05,6.44e-06,5.6499343,3.582628,3.59963039,"C-X-C motif chemokine ligand 8"
"108","CYB5R4","219079_at",8.04e-25,2.3e-26,12.7,49.1652322,1.83,"cytochrome b5 reductase 4","ILMN_1688158",0.0124458,0.00157,3.4612576,-1.3726,1.1704299,"cytochrome b5 reductase 4","219079_at",5.92e-07,3.22e-08,7.7902562,8.871887,0.87916276,"cytochrome b5 reductase 4"
"109","CYP27A1","203979_at",1.07e-31,1.35e-33,-15.3,65.7305068,-1.18,"cytochrome P450 family 27 subfamily A member 1","ILMN_1704985",0.00211352,0.000116,-4.4000506,1.08308,-0.8768174,"cytochrome P450 family 27 subfamily A member 1","203979_at",0.000245,4.87e-05,4.874046,1.576166,0.75890629,"cytochrome P450 family 27 subfamily A member 1"
"110","CYP2C18","208126_s_at",4.66e-25,1.3e-26,12.8,49.7376324,3.18,"cytochrome P450 family 2 subfamily C member 18","ILMN_1683121",0.0398258,0.00812,-2.82603,-2.88854,-0.8333443,"cytochrome P450 family 2 subfamily C member 18","215103_at",7.47e-06,7.52e-07,-6.4929652,5.723822,-1.31887076,"cytochrome P450 family 2 subfamily C member 18"
"111","CYP39A1","220432_s_at",2e-15,1.62e-16,-9.17,26.6562324,-1.06,"cytochrome P450 family 39 subfamily A member 1","ILMN_1808650",0.04279359,0.00896,2.7866141,-2.97709,0.7881198,"cytochrome P450 family 39 subfamily A member 1","1553977_a_at",2.78e-06,2.26e-07,-6.9786964,6.926217,-1.55841725,"cytochrome P450 family 39 subfamily A member 1"
"112","DCAF7","209592_s_at",7.35e-07,1.58e-07,5.47,6.2874001,0.615,"DDB1 and CUL4 associated factor 7","ILMN_1682264",0.01679432,0.00243,-3.2978893,-1.77685,-0.7028122,"DDB1 and CUL4 associated factor 7","236134_at",0.000245,4.85e-05,-4.8752098,1.579182,-0.91416995,"DDB1 and CUL4 associated factor 7"
"113","DCT","216512_s_at",0.0171,0.00683,-2.74,-3.8581188,-0.674,"dopachrome tautomerase","ILMN_1701783",0.00012333,1.4e-06,-5.9364895,5.30213,-1.9981828,"dopachrome tautomerase","216513_at",1.23e-05,1.37e-06,-6.254003,5.123129,-1.3211935,"dopachrome tautomerase"
"114","DCUN1D1","222678_s_at",4.87e-11,6.43e-12,7.39,16.191622,0.774,"defective in cullin neddylation 1 domain containing 1","ILMN_1810719",0.04016888,0.00822,2.8213826,-2.89902,0.6643302,"defective in cullin neddylation 1 domain containing 1","222679_s_at",0.00975,0.00368,-3.1960816,-2.639668,-0.62619175,"defective in cullin neddylation 1 domain containing 1"
"115","DCUN1D5","223151_at",9.42e-22,3.77e-23,11.6,41.8101482,0.809,"defective in cullin neddylation 1 domain containing 5","ILMN_1726839",0.02008463,0.00311,3.2035345,-2.00617,0.6875656,"defective in cullin neddylation 1 domain containing 5","239425_at",2.55e-07,1.11e-08,-8.2518766,9.94024,-0.96879659,"defective in cullin neddylation 1 domain containing 5"
"116","DEGS2","236496_at",4.17e-05,1.11e-05,4.53,2.1731836,0.805,"delta 4-desaturase, sphingolipid 2","ILMN_1768772",0.00232505,0.000135,-4.3481335,0.94297,-1.0729582,"delta 4-desaturase, sphingolipid 2","236496_at",1.95e-05,2.41e-06,-6.0327112,4.562115,-1.45706555,"delta 4-desaturase, sphingolipid 2"
"117","DENND1A","219763_at",5.27e-31,7.2e-33,15,64.0674579,2,"DENN domain containing 1A","ILMN_1753275",0.02992921,0.00548,-2.9830107,-2.52888,-0.7485285,"DENN domain containing 1A","219763_at",1.25e-07,4.4e-09,8.6601006,10.860959,1.40097007,"DENN domain containing 1A"
"118","DENND4A","1554352_s_at",2.68e-09,4.33e-10,6.63,12.0520644,0.839,"DENN domain containing 4A","ILMN_2041161",0.0168047,0.00243,3.2972896,-1.77832,0.7075343,"DENN domain containing 4A","214787_at",2.13e-05,2.68e-06,5.9915907,4.457409,0.85802529,"DENN domain containing 4A"
"119","DENR","234915_s_at",1.05e-23,3.38e-25,12.3,46.4943194,1.8,"density regulated re-initiation and release factor","ILMN_1760954",0.02527368,0.00432,3.0762405,-2.31026,0.7813449,"density regulated re-initiation and release factor","238982_at",2e-06,1.5e-07,-7.1461136,7.334341,-1.24103818,"density regulated re-initiation and release factor"
"120","DFFA","223518_at",3e-23,1.01e-24,12.1,45.4074835,1.19,"DNA fragmentation factor subunit alpha","ILMN_2385220",0.01718912,0.00251,-3.28478,-1.8089,-0.605971,"DNA fragmentation factor subunit alpha","223518_at",7.35e-06,7.37e-07,6.5012078,5.74444,0.94593162,"DNA fragmentation factor subunit alpha"
"121","DHX36","1559039_at",1.35e-08,2.35e-09,-6.31,10.3920156,-0.654,"DEAH-box helicase 36","ILMN_2100000",0.02420297,0.00405,3.1009582,-2.25171,1.0136589,"DEAH-box helicase 36","1559039_at",0.000114,1.97e-05,-5.2196778,2.471816,-0.65199846,"DEAH-box helicase 36"
"122","DLGAP5","203764_at",5.61e-45,1.53e-47,20.5,97.6758847,3.52,"DLG associated protein 5","ILMN_1749829",0.00199197,0.000107,4.42956,1.16287,1.4671555,"DLG associated protein 5","203764_at",0.0191,0.00814,2.8691705,-3.389881,0.65542735,"DLG associated protein 5"
"123","DMTN","204505_s_at",5.72e-14,5.43e-15,-8.6,23.1766352,-0.788,"dematin actin binding protein","ILMN_1671686",0.00052865,1.34e-05,-5.1531617,3.14365,-1.1283305,"dematin actin binding protein","204505_s_at",1.56e-06,1.1e-07,-7.2755516,7.647538,-0.84696274,"dematin actin binding protein"
"124","DNAJC24","1570048_at",2.9e-12,3.34e-13,-7.9,19.1084058,-0.956,"DnaJ heat shock protein family (Hsp40) member C24","ILMN_1685930",0.03711638,0.00734,2.8666427,-2.79655,1.3152107,"DnaJ heat shock protein family (Hsp40) member C24","1570048_at",4.9e-05,7.2e-06,-5.6069765,3.472104,-0.8928582,"DnaJ heat shock protein family (Hsp40) member C24"
"125","DNAJC7","215252_at",5.69e-05,1.54e-05,-4.45,1.8589208,-0.759,"DnaJ heat shock protein family (Hsp40) member C7","ILMN_1663616",0.02465208,0.00416,3.0904594,-2.27661,0.779056,"DnaJ heat shock protein family (Hsp40) member C7","1556053_at",0.000789,0.000192,-4.3503572,0.223872,-0.85469098,"DnaJ heat shock protein family (Hsp40) member C7"
"126","DNER","226281_at",2.79e-12,3.2e-13,-7.91,19.150288,-1.56,"delta/notch like EGF repeat containing","ILMN_1791679",0.0344453,0.00667,2.9050823,-2.70879,0.6048464,"delta/notch like EGF repeat containing","226281_at",0.0295,0.0136,-2.650702,-3.868176,-1.59949923,"delta/notch like EGF repeat containing"
"127","DNM1L","203105_s_at",3.53e-32,4.17e-34,15.4,66.9019167,1.2,"dynamin 1 like","ILMN_1685260",0.0170945,0.00249,3.2883016,-1.8003,0.815597,"dynamin 1 like","237797_at",0.000168,3.13e-05,-5.0429479,2.013932,-0.6015525,"dynamin 1 like"
"128","DNM2","1555895_at",2.03e-14,1.82e-15,8.78,24.2574495,1.01,"dynamin 2","ILMN_2339377",0.00857937,0.000909,-3.663401,-0.86102,-0.6139392,"dynamin 2","1555895_at",1.15e-06,7.42e-08,7.4383654,8.038515,0.65279913,"dynamin 2"
"129","DOCK8","225502_at",2.12e-05,5.43e-06,4.7,2.8624793,0.633,"dedicator of cytokinesis 8","ILMN_1788931",0.01502001,0.00206,3.3601528,-1.62382,0.6920893,"dedicator of cytokinesis 8","239027_at",0.000405,8.75e-05,4.6501211,0.996462,1.08795421,"dedicator of cytokinesis 8"
"130","DPH3","225195_at",8.59e-32,1.07e-33,15.3,65.9667198,1.96,"diphthamide biosynthesis 3","ILMN_2349610",0.0001531,2.01e-06,5.8098132,4.9541,1.0267779,"diphthamide biosynthesis 3","225195_at",1.13e-05,1.24e-06,6.2938444,5.223666,0.75964663,"diphthamide biosynthesis 3"
"131","DSC2","231033_at",2.41e-48,4.27e-51,21.9,105.8059502,6.19,"desmocollin 2","ILMN_1663119",0.04732274,0.0103,2.7305641,-3.10172,0.6912115,"desmocollin 2","204751_x_at",2.14e-05,2.68e-06,5.990305,4.454133,1.85002423,"desmocollin 2"
"132","DST","232098_at",5.19e-17,3.53e-18,-9.78,30.4456047,-1.46,"dystonin","ILMN_1703913",8.065e-05,7.38e-07,6.1593467,5.91235,1.5852599,"dystonin","204455_at",5.12e-07,2.68e-08,-7.8687291,9.055515,-1.20317647,"dystonin"
"133","DSTN","230933_at",1.98e-09,3.15e-10,-6.69,12.3632885,-0.806,"destrin, actin depolymerizing factor","ILMN_1706426",0.03994979,0.00816,2.8241791,-2.89271,0.6536921,"destrin, actin depolymerizing factor","230933_at",0.00116,0.000302,-4.176288,-0.22161,-0.6330065,"destrin, actin depolymerizing factor"
"134","DTWD1","229984_at",1.42e-11,1.76e-12,-7.62,17.4686907,-1.11,"DTW domain containing 1","ILMN_1740861",0.00012333,1.41e-06,5.9345797,5.29689,1.7583784,"DTW domain containing 1","1555210_at",0.0132,0.00523,-3.052732,-2.973259,-0.68038992,"DTW domain containing 1"
"135","DYNC1I2","236698_at",2e-07,4.01e-08,-5.75,7.6209345,-0.983,"dynein cytoplasmic 1 intermediate chain 2","ILMN_1773847",0.00190916,9.93e-05,4.4550356,1.23184,1.1732293,"dynein cytoplasmic 1 intermediate chain 2","236698_at",0.0165,0.00681,-2.9435633,-3.222551,-0.59684407,"dynein cytoplasmic 1 intermediate chain 2"
"136","DYNC2LI1","241757_x_at",6.96e-11,9.37e-12,-7.33,15.8202654,-0.596,"dynein cytoplasmic 2 light intermediate chain 1","ILMN_1811836",0.00042007,9.28e-06,5.2793779,3.49177,1.7057491,"dynein cytoplasmic 2 light intermediate chain 1","241757_x_at",1.3e-05,1.47e-06,-6.2266508,5.054022,-0.60201925,"dynein cytoplasmic 2 light intermediate chain 1"
"137","DYNLRB2","238116_at",2.61e-16,1.92e-17,-9.51,28.7648874,-1.35,"dynein light chain roadblock-type 2","ILMN_1697317",0.00105357,3.95e-05,4.7771389,2.10971,0.7945236,"dynein light chain roadblock-type 2","238116_at",0.000117,2.03e-05,-5.2077685,2.440977,-1.13265618,"dynein light chain roadblock-type 2"
"138","DYNLT1","201999_s_at",1.99e-17,1.29e-18,9.94,31.4467222,0.588,"dynein light chain Tctex-type 1","ILMN_1678766",0.00092809,3.29e-05,4.8404849,2.28337,1.1403182,"dynein light chain Tctex-type 1","201999_s_at",6.37e-07,3.53e-08,7.7510661,8.779876,0.68687175,"dynein light chain Tctex-type 1"
"139","ECM2","206101_at",4.2e-10,6.21e-11,-6.99,13.9598498,-0.831,"extracellular matrix protein 2","ILMN_2228938",0.04628739,0.00997,2.7429096,-3.0744,0.7921214,"extracellular matrix protein 2","1568779_a_at",3.14e-07,1.43e-08,8.1396573,9.683163,1.08269434,"extracellular matrix protein 2"
"140","EFHC1","225656_at",8.14e-16,6.33e-17,-9.32,27.5843678,-1.59,"EF-hand domain containing 1","ILMN_1755051",0.02610406,0.00452,3.0585649,-2.35199,0.9287619,"EF-hand domain containing 1","225656_at",1.83e-06,1.33e-07,-7.19542,7.45389,-0.99079301,"EF-hand domain containing 1"
"141","EFHD2","222483_at",1.26e-10,1.75e-11,7.21,15.2058285,0.889,"EF-hand domain family member D2","ILMN_1761463",0.01143308,0.00139,-3.5081198,-1.25507,-0.9608825,"EF-hand domain family member D2","222483_at",1.86e-07,7.34e-09,8.4322279,10.349812,1.38356748,"EF-hand domain family member D2"
"142","EIF3B","203462_x_at",8.21e-15,7.08e-16,8.93,25.1923464,0.613,"eukaryotic translation initiation factor 3 subunit B","ILMN_2278729",0.00029547,5.17e-06,-5.4817349,4.05014,-0.724024,"eukaryotic translation initiation factor 3 subunit B","242550_at",1.3e-05,1.47e-06,-6.2281944,5.057924,-1.03887451,"eukaryotic translation initiation factor 3 subunit B"
"143","EIF3M","239848_at",1.38e-22,4.98e-24,-11.9,43.819905,-1.1,"eukaryotic translation initiation factor 3 subunit M","ILMN_2192693",0.00159953,7.5e-05,4.5534457,1.49897,1.1965091,"eukaryotic translation initiation factor 3 subunit M","215190_at",0.00164,0.000454,-4.0196127,-0.619749,-0.84328018,"eukaryotic translation initiation factor 3 subunit M"
"144","ELF2","242735_x_at",1.33e-18,7.62e-20,-10.4,34.2502015,-0.701,"E74 like ETS transcription factor 2","ILMN_1691559",0.03755087,0.00746,2.8604268,-2.81068,0.7404123,"E74 like ETS transcription factor 2","242735_x_at",1.35e-06,9.17e-08,-7.3500748,7.826912,-1.22397817,"E74 like ETS transcription factor 2"
"145","ELF4","31845_at",3.84e-05,1.02e-05,4.55,2.2580125,0.591,"E74 like ETS transcription factor 4","ILMN_1652082",0.00123291,5.05e-05,-4.6912571,1.87472,-0.7394373,"E74 like ETS transcription factor 4","31845_at",0.000205,3.93e-05,4.9556093,1.787552,0.68136004,"E74 like ETS transcription factor 4"
"146","ELL2","214446_at",1.44e-39,7.45e-42,18.3,84.6527529,3.02,"elongation factor for RNA polymerase II 2","ILMN_1655930",0.01497286,0.00205,3.3620482,-1.61915,1.1276539,"elongation factor for RNA polymerase II 2","214446_at",2.12e-05,2.65e-06,5.9953135,4.466894,0.84350628,"elongation factor for RNA polymerase II 2"
"147","ELMOD2","1553928_at",8.4e-16,6.54e-17,9.32,27.5511235,1.01,"ELMO domain containing 2","ILMN_1765159",0.01049303,0.00122,3.5546659,-1.13767,1.1391813,"ELMO domain containing 2","1553928_at",1.42e-05,1.64e-06,6.183814,4.945656,0.91391469,"ELMO domain containing 2"
"148","EPSTI1","227609_at",5.03e-49,8.19e-52,22.2,107.4463649,5.13,"epithelial stromal interaction 1 (breast)","ILMN_2388547",0.00014121,1.75e-06,5.8589728,5.08925,1.9459752,"epithelial stromal interaction 1 (breast)","227609_at",5.09e-09,5.77e-11,10.7267989,15.176221,2.58008998,"epithelial stromal interaction 1 (breast)"
"149","ESPN","223549_s_at",1.13e-19,5.72e-21,-10.8,36.8198058,-1.58,"espin","ILMN_1806710",0.00601367,0.000542,-3.8513267,-0.37562,-1.0437521,"espin","223549_s_at",4.19e-06,3.74e-07,-6.7739827,6.422677,-1.20926323,"espin"
"150","EXOC3","212630_at",1.27e-16,9.07e-18,9.63,29.5090961,0.982,"exocyst complex component 3","ILMN_1789419",0.00727961,0.000712,-3.7524714,-0.63205,-0.8206508,"exocyst complex component 3","228847_at",2.04e-07,8.26e-09,-8.3801133,10.231916,-0.79220299,"exocyst complex component 3"
"151","FAM110A","226584_s_at",3.17e-08,5.8e-09,6.14,9.5104218,0.682,"family with sequence similarity 110 member A","ILMN_2323944",0.00931742,0.00103,-3.6185711,-0.97548,-1.049295,"family with sequence similarity 110 member A","226584_s_at",1.61e-08,2.88e-10,-9.9293923,13.578686,-1.09171762,"family with sequence similarity 110 member A"
"152","FAM162A","224345_x_at",2.86e-17,1.89e-18,9.88,31.0664513,0.667,"family with sequence similarity 162 member A","ILMN_1803647",0.01049047,0.00122,3.5551649,-1.13641,1.376063,"family with sequence similarity 162 member A","235850_at",4.04e-07,1.98e-08,-7.9995991,9.359926,-1.0751137,"family with sequence similarity 162 member A"
"153","FAM3C","236316_at",3.38e-15,2.8e-16,-9.08,26.1097494,-0.743,"family with sequence similarity 3 member C","ILMN_2368773",0.03609242,0.00708,2.881449,-2.76283,1.0535513,"family with sequence similarity 3 member C","236316_at",0.00846,0.00312,-3.2629561,-2.481806,-0.69285788,"family with sequence similarity 3 member C"
"154","FAM46B","229518_at",1.34e-09,2.09e-10,6.77,12.7656627,0.805,"family with sequence similarity 46 member B","ILMN_1808011",0.00379675,0.000275,-4.094469,0.26414,-0.8834514,"family with sequence similarity 46 member B","229518_at",0.0213,0.00921,-2.816812,-3.506341,-0.73428363,"family with sequence similarity 46 member B"
"155","FAM83A","239586_at",1.79e-45,4.61e-48,20.7,98.8673687,4.97,"family with sequence similarity 83 member A","ILMN_1670158",0.02057778,0.00322,-3.1896878,-2.03955,-1.0676805,"family with sequence similarity 83 member A","242944_at",0.0349,0.0165,2.5649933,-4.050024,0.69858107,"family with sequence similarity 83 member A"
"156","FAM83B","232202_at",5.22e-07,1.1e-07,5.55,6.6372194,0.586,"family with sequence similarity 83 member B","ILMN_1782863",0.02493074,0.00424,3.0836025,-2.29285,1.579679,"family with sequence similarity 83 member B","232202_at",2.72e-06,2.19e-07,-6.9906352,6.955432,-1.36917354,"family with sequence similarity 83 member B"
"157","FBLN1","201787_at",0.000111,3.14e-05,-4.28,1.1802864,-0.691,"fibulin 1","ILMN_1672536",0.04029876,0.00825,-2.8196867,-2.90284,-0.5982166,"fibulin 1","207835_at",0.000108,1.84e-05,-5.2451812,2.537846,-0.66424691,"fibulin 1"
"158","FCGBP","203240_at",4.61e-10,6.85e-11,-6.97,13.8636353,-0.896,"Fc fragment of IgG binding protein","ILMN_2302757",0.01194808,0.00148,-3.4835826,-1.31669,-1.3111624,"Fc fragment of IgG binding protein","203240_at",7.76e-07,4.51e-08,-7.6471159,8.534841,-1.86075765,"Fc fragment of IgG binding protein"
"159","FER","206412_at",8.04e-09,1.37e-09,6.41,10.9222739,0.855,"FER tyrosine kinase","ILMN_1789618",0.01679179,0.00242,3.2980771,-1.7764,1.046511,"FER tyrosine kinase","232064_at",0.000776,0.000188,-4.358072,0.243679,-0.66862288,"FER tyrosine kinase"
"160","FGFR1OP","205588_s_at",2.96e-10,4.3e-11,7.05,14.3205713,0.981,"FGFR1 oncogene partner","ILMN_2411116",0.04463257,0.00947,2.764033,-3.02748,1.0039743,"FGFR1 oncogene partner","1568678_s_at",9.97e-08,3.25e-09,8.7960638,11.162559,0.65344124,"FGFR1 oncogene partner"
"161","FGFR1OP2","1556283_s_at",1.31e-16,9.32e-18,9.63,29.4829288,1.24,"FGFR1 oncogene partner 2","ILMN_1657436",0.0091401,0.001,3.6284667,-0.95026,1.0421942,"FGFR1 oncogene partner 2","1556283_s_at",7.97e-10,3.55e-12,12.2078108,17.932373,1.19719335,"FGFR1 oncogene partner 2"
"162","FHL1","201540_at",2.11e-17,1.38e-18,-9.93,31.3782255,-0.823,"four and a half LIM domains 1","ILMN_1805842",0.02255667,0.00366,-3.1403383,-2.15792,-1.2737341,"four and a half LIM domains 1","210298_x_at",0.0355,0.0169,-2.556123,-4.068646,-0.65819446,"four and a half LIM domains 1"
"163","FILIP1L","1554966_a_at",5.61e-06,1.34e-06,-5.01,4.213439,-0.607,"filamin A interacting protein 1 like","ILMN_1738578",0.00788137,0.000802,3.7095184,-0.74272,1.021074,"filamin A interacting protein 1 like","1554966_a_at",2.26e-05,2.87e-06,5.9644226,4.388156,0.58816671,"filamin A interacting protein 1 like"
"164","GBP1","202269_x_at",4.65e-36,3.66e-38,16.9,76.1970613,3.23,"guanylate binding protein 1","ILMN_1701114",0.00035481,7.01e-06,5.3763767,3.75943,1.64122,"guanylate binding protein 1","231577_s_at",1.31e-06,8.76e-08,7.3687825,7.871831,2.05610138,"guanylate binding protein 1"
"165","GBP6","1559607_s_at",1.14e-16,8.05e-18,9.65,29.6271581,1.93,"guanylate binding protein family member 6","ILMN_1756953",0.00182847,9.39e-05,4.4745868,1.28482,1.2801267,"guanylate binding protein family member 6","1559606_at",0.0333,0.0157,2.5884658,-4.000567,0.70807921,"guanylate binding protein family member 6"
"166","GHR","205498_at",7.42e-09,1.26e-09,-6.43,11.0056691,-0.669,"growth hormone receptor","ILMN_1775814",0.0060175,0.000545,3.8497729,-0.37967,0.7073674,"growth hormone receptor","205498_at",0.00352,0.00112,-3.6697039,-1.495726,-0.60238788,"growth hormone receptor"
"167","GK","217167_x_at",1.17e-34,1.07e-36,16.4,72.8427653,2.62,"glycerol kinase","ILMN_2393296",0.00475047,0.000382,3.977833,-0.04426,1.1190363,"glycerol kinase","215977_x_at",4.22e-07,2.09e-08,7.976713,9.306857,2.04622604,"glycerol kinase"
"168","GLB1L2","213713_s_at",4.67e-11,6.16e-12,7.4,16.2341273,0.642,"galactosidase beta 1 like 2","ILMN_2144401",0.02338753,0.00387,-3.1185189,-2.20996,-0.6413636,"galactosidase beta 1 like 2","213713_s_at",2.56e-05,3.33e-06,-5.9064687,4.240238,-1.00837239,"galactosidase beta 1 like 2"
"169","GLMP","1558692_at",2.78e-23,9.31e-25,-12.1,45.4879463,-0.782,"glycosylated lysosomal membrane protein","ILMN_1698243",0.00087853,3.03e-05,-4.8691803,2.36213,-1.0856771,"glycosylated lysosomal membrane protein","1558693_s_at",4.82e-09,5.31e-11,10.7690644,15.258609,0.88723491,"glycosylated lysosomal membrane protein"
"170","GLRX3","209080_x_at",9.03e-22,3.6e-23,11.6,41.8550773,1.33,"glutaredoxin 3","ILMN_2056479",0.00241784,0.000142,4.3280797,0.88894,1.2021849,"glutaredoxin 3","230095_at",5.7e-07,3.08e-08,-7.8101764,8.918578,-0.98325044,"glutaredoxin 3"
"171","GM2A","215891_s_at",1.14e-38,6.79e-41,17.9,82.4549693,4.14,"GM2 ganglioside activator","ILMN_2221046",0.01703692,0.00247,-3.2902957,-1.79543,-0.7020782,"GM2 ganglioside activator","215890_at",0.00201,0.000579,3.9262001,-0.85557,0.97190181,"GM2 ganglioside activator"
"172","GNL1","228857_at",2.59e-07,5.27e-08,-5.7,7.3550853,-0.873,"G protein nucleolar 1 (putative)","ILMN_1789457",0.00906161,0.000985,-3.6341647,-0.93573,-0.7230667,"G protein nucleolar 1 (putative)","228857_at",4.5e-05,6.5e-06,-5.6465721,3.573981,-0.79971491,"G protein nucleolar 1 (putative)"
"173","GNRH1","207987_s_at",3.6e-07,7.46e-08,-5.63,7.0164369,-0.694,"gonadotropin releasing hormone 1","ILMN_1745991",0.03260595,0.00618,2.9351865,-2.63961,0.8296745,"gonadotropin releasing hormone 1","207987_s_at",7.36e-09,1.01e-10,-10.4438317,14.618763,-1.36106814,"gonadotropin releasing hormone 1"
"174","GOLGA4","215203_at",4.19e-11,5.49e-12,-7.42,16.3471137,-1.1,"golgin A4","ILMN_1776297",0.00021759,3.4e-06,5.6274378,4.45195,1.6565142,"golgin A4","215203_at",2.05e-06,1.54e-07,-7.1342751,7.305593,-1.7114034,"golgin A4"
"175","GPATCH2","219078_at",7.9e-11,1.07e-11,7.3,15.6881114,1.06,"G-patch domain containing 2","ILMN_1786036",0.0093507,0.00103,3.6160994,-0.98177,1.0844252,"G-patch domain containing 2","1556126_s_at",0.00166,0.000463,-4.0120794,-0.638813,-0.672285,NA
"176","GPCPD1","230492_s_at",2.56e-34,2.41e-36,16.3,72.0313105,2.72,"glycerophosphocholine phosphodiesterase 1","ILMN_1701111",0.01726474,0.00253,3.2820446,-1.81558,0.9412855,"glycerophosphocholine phosphodiesterase 1","230492_s_at",7.64e-07,4.44e-08,7.6544404,8.552153,1.22043181,"glycerophosphocholine phosphodiesterase 1"
"177","GPR87","219936_s_at",7.4e-26,1.86e-27,13.1,51.6671197,0.939,"G protein-coupled receptor 87","ILMN_1656422",0.0160151,0.00227,3.3232616,-1.71466,0.6377695,"G protein-coupled receptor 87","219936_s_at",0.000425,9.3e-05,-4.6271389,0.937055,-1.04169165,"G protein-coupled receptor 87"
"178","GPRIN2","206747_at",7.08e-07,1.52e-07,-5.48,6.3259824,-0.908,"G protein regulated inducer of neurite outgrowth 2","ILMN_1803217",0.00081036,2.7e-05,-4.9093683,2.47251,-1.1970586,"G protein regulated inducer of neurite outgrowth 2","1554541_a_at",2.98e-05,3.99e-06,-5.8358514,4.05966,-0.82555601,"G protein regulated inducer of neurite outgrowth 2"
"179","GPSM2","233058_at",3.75e-05,9.94e-06,4.56,2.2805617,0.809,"G-protein signaling modulator 2","ILMN_2139816",0.00037182,7.68e-06,5.3450385,3.67295,1.423851,"G-protein signaling modulator 2","233058_at",0.000253,5.04e-05,-4.8604325,1.540891,-0.58862468,"G-protein signaling modulator 2"
"180","GPSM3","204265_s_at",1.43e-07,2.82e-08,5.83,7.9644015,0.734,"G-protein signaling modulator 3","ILMN_1662799",0.00538712,0.000464,-3.9079257,-0.2278,-0.9445172,"G-protein signaling modulator 3","204265_s_at",2.64e-09,2.19e-11,11.2265676,16.136065,1.55734956,"G-protein signaling modulator 3"
"181","GRN","211284_s_at",2.05e-20,9.54e-22,11.1,38.5993795,1.12,"granulin","ILMN_1724250",0.0054312,0.000468,-3.9043666,-0.23711,-1.1178189,"granulin","216041_x_at",3.61e-07,1.71e-08,8.0619831,9.504227,0.79772438,"granulin"
"182","GSN","1564525_at",6.19e-08,1.17e-08,-6,8.8235271,-0.688,"gelsolin","ILMN_1801043",0.01999895,0.00309,-3.2061605,-1.99983,-0.6998708,"gelsolin","214040_s_at",0.017,0.0071,-2.9261382,-3.261936,-0.6359075,"gelsolin"
"183","GSTA3","222102_at",1.03e-20,4.61e-22,-11.2,39.3207379,-3.19,"glutathione S-transferase alpha 3","ILMN_2227817",0.01947956,0.00296,3.221582,-1.96255,0.9689269,"glutathione S-transferase alpha 3","222102_at",2.58e-06,2.05e-07,-7.0171621,7.020285,-2.33847669,"glutathione S-transferase alpha 3"
"184","GTF2H5","244294_at",4.38e-12,5.13e-13,-7.83,18.6844124,-0.885,"general transcription factor IIH subunit 5","ILMN_1739497",0.00118222,4.69e-05,4.7168161,1.94459,1.3030345,"general transcription factor IIH subunit 5","1558934_a_at",0.00255,0.000766,-3.8174572,-1.128391,-0.74953122,"general transcription factor IIH subunit 5"
"185","GTF2IRD2","228765_at",2.49e-13,2.56e-14,8.34,21.6460518,0.9,"GTF2I repeat domain containing 2","ILMN_1680501",0.0050616,0.000419,3.9441193,-0.1329,0.6768814,"GTF2I repeat domain containing 2","1557289_s_at",0.00433,0.00143,-3.5744139,-1.730306,-0.94060005,"GTF2I repeat domain containing 2"
"186","HINT3","226533_at",6.29e-08,1.19e-08,-6,8.8077859,-1.17,"histidine triad nucleotide binding protein 3","ILMN_1779076",0.02872193,0.00518,3.0054383,-2.47662,0.7118212,"histidine triad nucleotide binding protein 3","226533_at",0.000125,2.21e-05,-5.1759345,2.358529,-1.3003545,"histidine triad nucleotide binding protein 3"
"187","HIST1H2BJ","215779_s_at",0.0016,0.000535,3.53,-1.5082564,0.876,"histone cluster 1, H2bj///histone cluster 1, H2bg","ILMN_1658702",0.00119136,4.74e-05,4.7132389,1.93481,1.0198248,"histone cluster 1, H2bj","214502_at",0.00341,0.00107,3.6855593,-1.45651,0.61284746,"histone cluster 1, H2bj"
"188","HNMT","228772_at",7.39e-07,1.59e-07,-5.47,6.2827744,-0.629,"histamine N-methyltransferase","ILMN_1751789",0.00015258,1.99e-06,5.8128086,4.96234,1.2453684,"histamine N-methyltransferase","204110_at",0.0073,0.00262,3.3326661,-2.315845,0.70666584,"histamine N-methyltransferase"
"189","HOOK1","225792_at",4.23e-09,6.99e-10,6.54,11.5824349,0.585,"hook microtubule tethering protein 1","ILMN_1741406",0.03593172,0.00703,2.883843,-2.75737,0.7152501,"hook microtubule tethering protein 1","225792_at",4.02e-05,5.68e-06,-5.6988548,3.708362,-0.91822667,"hook microtubule tethering protein 1"
"190","HPCAL1","212552_at",4.11e-15,3.44e-16,9.05,25.9069426,0.936,"hippocalcin like 1","ILMN_1764850",0.00449896,0.00035,-4.0089823,0.03785,-0.7779237,"hippocalcin like 1","212552_at",2.38e-06,1.86e-07,7.0571808,7.117964,0.82128793,"hippocalcin like 1"
"191","HPGD","203913_s_at",0.00241,0.000831,3.4,-1.9189875,0.602,"hydroxyprostaglandin dehydrogenase 15-(NAD)","ILMN_2166457",0.01415316,0.00188,3.393745,-1.54072,1.1928294,"hydroxyprostaglandin dehydrogenase 15-(NAD)","203914_x_at",0.00864,0.0032,-3.2532419,-2.504821,-0.62304584,"hydroxyprostaglandin dehydrogenase 15-(NAD)"
"192","HS3ST6","239547_at",1.14e-20,5.17e-22,-11.2,39.207103,-2.16,"heparan sulfate-glucosamine 3-sulfotransferase 6","ILMN_1710416",6.268e-05,4.42e-07,-6.339224,6.40251,-1.2660522,"heparan sulfate-glucosamine 3-sulfotransferase 6","239547_at",1.59e-08,2.84e-10,-9.9357866,13.591827,-1.63418127,"heparan sulfate-glucosamine 3-sulfotransferase 6"
"193","HSPA12A","214434_at",8.2e-08,1.57e-08,-5.94,8.5370195,-1,"heat shock protein family A (Hsp70) member 12A","ILMN_2081087",0.00935212,0.00104,3.6156442,-0.98293,0.8516198,"heat shock protein family A (Hsp70) member 12A","214434_at",3.75e-05,5.22e-06,-5.7311056,3.791172,-0.69916567,"heat shock protein family A (Hsp70) member 12A"
"194","IDNK","239086_at",7.73e-07,1.66e-07,-5.46,6.2363087,-0.59,"IDNK, gluconokinase","ILMN_1791306",0.02891873,0.00523,3.0015953,-2.48559,0.5956364,"IDNK, gluconokinase","239086_at",3.72e-06,3.25e-07,-6.8307763,6.562858,-0.86075101,"IDNK, gluconokinase"
"195","IDUA","213723_s_at",0.0128,0.005,2.84,-3.5750687,0.706,"iduronidase, alpha-L-","ILMN_1703041",0.00757216,0.000755,-3.731331,-0.68658,-0.6833367,"iduronidase, alpha-L-","205059_s_at",0.00206,0.000597,3.9145133,-0.884982,0.65086624,"iduronidase, alpha-L-"
"196","IER5L","226552_at",3.69e-05,9.77e-06,4.56,2.2974538,0.617,"immediate early response 5 like","ILMN_1755620",0.00074057,2.31e-05,-4.9626875,2.61908,-0.6444854,"immediate early response 5 like","226552_at",0.00124,0.000326,4.1472811,-0.295544,0.90656841,"immediate early response 5 like"
"197","IFI27","202411_at",1.93e-35,1.62e-37,16.7,74.719216,2.21,"interferon alpha inducible protein 27","ILMN_2058782",0.00115248,4.53e-05,4.7292003,1.97847,2.4209813,"interferon alpha inducible protein 27","202411_at",0.000372,7.93e-05,4.687783,1.093859,1.12703023,"interferon alpha inducible protein 27"
"198","IFI6","204415_at",1.38e-35,1.13e-37,16.7,75.0758015,3.56,"interferon alpha inducible protein 6","ILMN_1687384",0.00175869,8.72e-05,4.5003163,1.35462,1.7761612,"interferon alpha inducible protein 6","204415_at",2.2e-07,9.06e-09,8.3394975,10.139777,1.42487165,"interferon alpha inducible protein 6"
"199","IFIH1","219209_at",4.17e-39,2.34e-41,18.1,83.5165521,1.93,"interferon induced with helicase C domain 1","ILMN_1781373",0.02227709,0.00359,3.1475758,-2.14062,1.4961139,"interferon induced with helicase C domain 1","216020_at",5.84e-05,8.89e-06,5.5253744,3.261881,0.7290456,"interferon induced with helicase C domain 1"
"200","IFIT3","229450_at",1.69e-36,1.26e-38,17.1,77.2577696,2.38,"interferon induced protein with tetratricopeptide repeats 3","ILMN_1701789",0.00180017,9.15e-05,4.483469,1.30891,1.2616743,"interferon induced protein with tetratricopeptide repeats 3","204747_at",1.38e-05,1.58e-06,6.1973881,4.980013,1.1574455,"interferon induced protein with tetratricopeptide repeats 3"
"201","IFITM1","214022_s_at",2.81e-16,2.07e-17,9.5,28.690035,0.598,"interferon induced transmembrane protein 1","ILMN_1801246",0.04179289,0.00865,2.800471,-2.94604,0.8471206,"interferon induced transmembrane protein 1","214022_s_at",1.21e-06,7.88e-08,7.4131169,7.978104,0.77739142,"interferon induced transmembrane protein 1"
"202","IFNGR1","211676_s_at",1.93e-08,3.44e-09,6.24,10.0194595,0.804,"interferon gamma receptor 1","ILMN_1675939",0.00548832,0.000476,3.8983182,-0.25294,1.1685715,"interferon gamma receptor 1","242903_at",0.00843,0.00311,-3.26474,-2.477577,-0.82854387,"interferon gamma receptor 1"
"203","IL17RE","229401_at",2.46e-20,1.15e-21,-11,38.411143,-1.34,"interleukin 17 receptor E","ILMN_2409876",0.00017346,2.42e-06,-5.7459438,4.77837,-0.7804542,"interleukin 17 receptor E","229401_at",5.27e-07,2.78e-08,-7.8528062,9.018321,-1.33280283,"interleukin 17 receptor E"
"204","IL22RA1","220056_at",6.59e-14,6.3e-15,8.57,23.0301158,0.846,"interleukin 22 receptor subunit alpha 1","ILMN_1666175",0.04209429,0.00875,-2.7961041,-2.95583,-0.6422679,"interleukin 22 receptor subunit alpha 1","220056_at",6.5e-07,3.62e-08,-7.7408923,8.755957,-1.83020892,"interleukin 22 receptor subunit alpha 1"
"205","IL6ST","234967_at",0.00192,0.000652,-3.47,-1.6930419,-0.68,"interleukin 6 signal transducer","ILMN_1849013",0.02998051,0.0055,2.9818001,-2.5317,1.035688,"interleukin 6 signal transducer","234474_x_at",0.0181,0.0076,-2.8976257,-3.326131,-0.64808228,"interleukin 6 signal transducer"
"206","ISG15","205483_s_at",7.68e-38,5.02e-40,17.6,80.4653435,4.01,"ISG15 ubiquitin-like modifier","ILMN_2054019",0.01153505,0.0014,3.5036028,-1.26642,0.8600667,"ISG15 ubiquitin-like modifier","205483_s_at",7.09e-10,2.96e-12,12.3096825,18.11242,1.83881579,"ISG15 ubiquitin-like modifier"
"207","ITGB1","1553530_a_at",0.00417,0.00149,-3.23,-2.464717,-0.636,"integrin subunit beta 1","ILMN_1714820",0.00992061,0.00113,3.5839003,-1.06362,1.08335,"integrin subunit beta 1","1553530_a_at",0.00785,0.00286,3.298516,-2.397322,0.714118,"integrin subunit beta 1"
"208","ITM2C","221004_s_at",3.9e-11,5.1e-12,-7.43,16.4202844,-1.01,"integral membrane protein 2C","ILMN_2366041",0.03084151,0.00573,-2.9656762,-2.56913,-0.6949633,"integral membrane protein 2C","221004_s_at",1.71e-09,1.2e-11,11.543776,16.729302,1.98324265,"integral membrane protein 2C"
"209","ITPR2","202662_s_at",3.1e-09,5.05e-10,-6.6,11.9005959,-0.703,"inositol 1,4,5-trisphosphate receptor type 2","ILMN_1736103",0.0182247,0.00271,3.2558453,-1.87943,1.0093266,"inositol 1,4,5-trisphosphate receptor type 2","202660_at",7.28e-05,1.16e-05,-5.4243221,3.001105,-0.68896881,"inositol 1,4,5-trisphosphate receptor type 2"
"210","JAML","228094_at",2.86e-07,5.83e-08,5.68,7.2563888,0.938,"junction adhesion molecule like","ILMN_1778723",0.02746962,0.00484,3.0318363,-2.41484,0.6879555,"junction adhesion molecule like","228094_at",2.07e-05,2.58e-06,6.0051179,4.491869,0.8921065,"junction adhesion molecule like"
"211","KAZN","229144_at",1.5e-14,1.33e-15,8.83,24.5688671,0.794,"kazrin, periplakin interacting protein","ILMN_1798458",0.01747459,0.00257,-3.2757195,-1.83102,-0.8358931,"kazrin, periplakin interacting protein","213478_at",0.00238,0.000705,-3.8499199,-1.047152,-0.70286387,"kazrin, periplakin interacting protein"
"212","KCTD21","229873_at",8.93e-20,4.47e-21,10.8,37.0655627,2.12,"potassium channel tetramerization domain containing 21","ILMN_1809708",0.01566887,0.0022,3.3349912,-1.68583,0.7110179,"potassium channel tetramerization domain containing 21","229873_at",3.92e-05,5.5e-06,5.7109086,3.73932,0.68924839,"potassium channel tetramerization domain containing 21"
"213","KDELR1","200922_at",0.00647,0.0024,-3.08,-2.9009799,-0.587,"KDEL endoplasmic reticulum protein retention receptor 1","ILMN_2130411",0.01138175,0.00138,-3.5100957,-1.2501,-0.863426,"KDEL endoplasmic reticulum protein retention receptor 1","200922_at",1.75e-08,3.26e-10,9.8702116,13.456801,0.70717307,"KDEL endoplasmic reticulum protein retention receptor 1"
"214","KIAA0101","202503_s_at",1.17e-35,9.46e-38,16.8,75.2519191,2.47,"KIAA0101","ILMN_2285996",0.00048316,1.14e-05,5.2068017,3.29156,1.4250509,"KIAA0101","202503_s_at",0.00437,0.00144,3.5696458,-1.741992,0.63104461,"KIAA0101"
"215","KIF21A","231875_at",2.96e-11,3.81e-12,-7.48,16.7056471,-0.97,"kinesin family member 21A","ILMN_1681249",0.00356024,0.000252,4.1257628,0.34731,1.068534,"kinesin family member 21A","226003_at",8.72e-09,1.29e-10,-10.3244701,14.380523,-1.20396888,"kinesin family member 21A"
"216","KIF2A","203087_s_at",2.84e-29,4.82e-31,14.4,59.8832461,1.76,"kinesin family member 2A","ILMN_1734476",0.01088346,0.00129,3.5354918,-1.18611,1.0229719,"kinesin family member 2A","203087_s_at",5.61e-07,3.01e-08,7.8193703,8.94011,0.65128559,"kinesin family member 2A"
"217","KRT15","204734_at",3.78e-16,2.84e-17,-9.45,28.3797712,-1.14,"keratin 15","ILMN_1770612",0.04222257,0.0088,-2.7937062,-2.96121,-1.120825,"keratin 15","204734_at",0.006,0.00209,-3.4229173,-2.09898,-0.90669826,"keratin 15"
"218","KRT77","237120_at",4.46e-44,1.42e-46,-20.1,95.4625091,-2.21,"keratin 77","ILMN_1801428",0.00277904,0.000175,-4.2558305,0.69479,-1.3467105,"keratin 77","237120_at",0.000188,3.54e-05,-4.9953825,1.890644,-2.78535566,"keratin 77"
"219","KRT80","231849_at",1.03e-10,1.42e-11,7.25,15.4135385,0.712,"keratin 80","ILMN_1705814",0.02809041,0.005,-3.018673,-2.44568,-0.9514515,"keratin 80","231849_at",1.66e-06,1.18e-07,-7.2446397,7.57293,-1.53852925,"keratin 80"
"220","LACTB","1552485_at",1.45e-09,2.28e-10,6.75,12.6831139,0.963,"lactamase beta","ILMN_1703335",0.02799904,0.00498,3.0206089,-2.44115,0.8041302,"lactamase beta","226354_at",9.84e-05,1.65e-05,5.2864145,2.644566,0.64001143,"lactamase beta"
"221","LAD1","216641_s_at",2.11e-15,1.71e-16,9.16,26.5980176,1.81,"ladinin 1","ILMN_1701581",0.00121642,4.93e-05,-4.6999634,1.89852,-0.6171894,"ladinin 1","216641_s_at",0.000272,5.49e-05,-4.8281693,1.457303,-0.83179076,"ladinin 1"
"222","LAMB4","215516_at",1.3e-29,2.09e-31,-14.5,60.7172696,-1.67,"laminin subunit beta 4","ILMN_1792301",0.00075551,2.39e-05,4.9513654,2.58794,1.3866809,"laminin subunit beta 4","216622_at",1.23e-06,8.08e-08,-7.4025692,7.952843,-1.47547275,"laminin subunit beta 4"
"223","LAP3","217933_s_at",1.29e-14,1.13e-15,8.85,24.7290946,0.672,"leucine aminopeptidase 3","ILMN_1683792",0.00404417,0.000302,4.0618175,0.17754,0.9027078,"leucine aminopeptidase 3","217933_s_at",8.5e-09,1.23e-10,10.3450019,14.421635,1.04681246,"leucine aminopeptidase 3"
"224","LARP7","241385_at",0.000289,8.64e-05,-4.02,0.2139583,-0.612,"La ribonucleoprotein domain family member 7","ILMN_2392717",0.0004865,1.16e-05,5.2022372,3.27897,3.2398133,"La ribonucleoprotein domain family member 7","241385_at",0.00467,0.00156,-3.5393147,-1.816208,-0.65921462,"La ribonucleoprotein domain family member 7"
"225","LGALS3BP","200923_at",1.33e-29,2.13e-31,14.5,60.696262,1.55,"galectin 3 binding protein","ILMN_1659688",0.00238535,0.00014,-4.3350822,0.9078,-1.060257,"galectin 3 binding protein","200923_at",1.7e-07,6.6e-09,8.479836,10.457189,1.1992605,"galectin 3 binding protein"
"226","LIMA1","222456_s_at",1.88e-17,1.21e-18,-9.95,31.5046653,-1.39,"LIM domain and actin binding 1","ILMN_1704369",0.00141571,6.21e-05,4.6190494,1.67762,0.9995065,"LIM domain and actin binding 1","222456_s_at",0.00456,0.00152,-3.5503406,-1.789253,-0.59709305,"LIM domain and actin binding 1"
"227","LIMCH1","212325_at",8.6e-07,1.86e-07,5.44,6.126711,0.708,"LIM and calponin homology domains 1","ILMN_2139761",0.00884468,0.000948,3.6481244,-0.90009,0.8417959,"LIM and calponin homology domains 1","232457_at",1.71e-05,2.05e-06,-6.0956533,4.722117,-0.66110233,"LIM and calponin homology domains 1"
"228","LINC01315","229930_at",2.47e-07,5e-08,-5.71,7.4060488,-0.673,"long intergenic non-protein coding RNA 1315","ILMN_1865056",0.00750115,0.000744,3.7365887,-0.67303,0.7219707,"long intergenic non-protein coding RNA 1315","229930_at",4.81e-06,4.41e-07,-6.7068787,6.25658,-1.01346597,"long intergenic non-protein coding RNA 1315"
"229","LPAR1","204038_s_at",3.56e-06,8.29e-07,-5.12,4.6770729,-0.628,"lysophosphatidic acid receptor 1","ILMN_1701441",0.0269822,0.00472,3.0415054,-2.39213,0.7993056,"lysophosphatidic acid receptor 1","204038_s_at",0.00147,0.000399,4.0697132,-0.492768,0.63561637,"lysophosphatidic acid receptor 1"
"230","LRG1","228648_at",2.75e-30,4.07e-32,14.7,62.3443629,4.08,"leucine rich alpha-2-glycoprotein 1","ILMN_1805228",0.03528456,0.00688,-2.8926322,-2.73729,-0.9888964,"leucine rich alpha-2-glycoprotein 1","228648_at",0.0358,0.017,2.5520301,-4.077225,1.0755858,"leucine rich alpha-2-glycoprotein 1"
"231","LRP10","227252_at",2.82e-17,1.86e-18,9.88,31.0811913,0.806,"LDL receptor related protein 10","ILMN_1670272",0.02066991,0.00324,-3.187364,-2.04514,-0.892868,"LDL receptor related protein 10","227252_at",0.000113,1.95e-05,-5.2238471,2.482612,-0.6134802,"LDL receptor related protein 10"
"232","LRRC8D","218684_at",3.92e-15,3.28e-16,9.06,25.9551347,0.613,"leucine rich repeat containing 8 family member D","ILMN_1763409",0.01116553,0.00134,3.5208933,-1.22291,0.8620351,"leucine rich repeat containing 8 family member D","218684_at",1.14e-06,7.3e-08,7.4449906,8.054354,0.63342636,"leucine rich repeat containing 8 family member D"
"233","LSS","211018_at",1.94e-12,2.18e-13,-7.98,19.5288337,-1.36,"lanosterol synthase (2,3-oxidosqualene-lanosterol cyclase)","ILMN_1715024",0.01375815,0.00181,-3.4078935,-1.50561,-0.8332417,"lanosterol synthase (2,3-oxidosqualene-lanosterol cyclase)","211018_at",2.47e-06,1.95e-07,-7.0388212,7.073175,-0.88232134,"lanosterol synthase (2,3-oxidosqualene-lanosterol cyclase)"
"234","LTB4R","216388_s_at",6.01e-21,2.62e-22,11.3,39.8815485,1.56,"leukotriene B4 receptor","ILMN_1747251",0.01921826,0.00292,-3.2278733,-1.94732,-0.8485531,"leukotriene B4 receptor","210128_s_at",0.0294,0.0135,-2.6537421,-3.861663,-0.64939727,"leukotriene B4 receptor"
"235","LTBP4","204442_x_at",5.97e-06,1.43e-06,-5,4.1493751,-0.694,"latent transforming growth factor beta binding protein 4","ILMN_1665219",0.0091213,0.000996,-3.6298924,-0.94663,-0.824274,"latent transforming growth factor beta binding protein 4","204442_x_at",5.43e-06,5.1e-07,-6.6487857,6.112384,-0.84935657,"latent transforming growth factor beta binding protein 4"
"236","LUC7L","1557066_at",1.24e-12,1.37e-13,-8.06,19.9871117,-0.788,"LUC7 like","ILMN_1765371",0.03783426,0.00755,2.8556028,-2.82163,0.5941107,"LUC7 like","1557066_at",0.00951,0.00358,-3.2079406,-2.611773,-0.78633618,"LUC7 like"
"237","LYAR","223413_s_at",8.37e-18,5.17e-19,10.1,32.3494189,1.43,"Ly1 antibody reactive","ILMN_1764362",6.879e-05,5.27e-07,6.2775201,6.23463,1.8227289,"Ly1 antibody reactive","223414_s_at",2.17e-06,1.67e-07,7.1032331,7.230131,0.66241706,"Ly1 antibody reactive"
"238","LYNX1","1554179_s_at",2.59e-17,1.7e-18,9.9,31.1676248,2.2,"Ly6/neurotoxin 1","ILMN_1722670",0.04090837,0.00841,-2.8122492,-2.91958,-0.7463808,"Ly6/neurotoxin 1","226305_at",0.000138,2.47e-05,-5.1324939,2.24599,-1.02148283,"Ly6/neurotoxin 1"
"239","LYZ","1555745_a_at",7.15e-08,1.36e-08,5.97,8.6754705,2.07,"lysozyme","ILMN_1815205",0.00205459,0.000111,4.4160892,1.12643,1.348751,"lysozyme","1555745_a_at",5.7e-06,5.4e-07,6.6255449,6.054594,2.35344604,"lysozyme"
"240","MACROD1","219188_s_at",5.74e-07,1.22e-07,-5.53,6.5406186,-0.703,"MACRO domain containing 1","ILMN_1740960",0.02004549,0.00309,-3.2050137,-2.0026,-0.7517425,"MACRO domain containing 1","219188_s_at",0.000152,2.78e-05,-5.0883029,2.131479,-0.59368669,"MACRO domain containing 1"
"241","MAP4K5","203553_s_at",4.21e-08,7.79e-09,6.08,9.2207893,0.663,"mitogen-activated protein kinase kinase kinase kinase 5","ILMN_1759030",0.03170106,0.00595,2.9505608,-2.60412,1.0214518,"mitogen-activated protein kinase kinase kinase kinase 5","211081_s_at",5.62e-05,8.48e-06,-5.5435419,3.308714,-0.7170734,"mitogen-activated protein kinase kinase kinase kinase 5"
"242","MAPK6","207121_s_at",1.1e-33,1.11e-35,16,70.5096628,0.776,"mitogen-activated protein kinase 6","ILMN_1757287",0.02853719,0.00511,3.0105103,-2.46477,1.0945355,"mitogen-activated protein kinase 6","243831_at",0.000548,0.000125,-4.5148134,0.647063,-0.63557224,"mitogen-activated protein kinase 6"
"243","MAPKAPK5","212871_at",4e-12,4.66e-13,7.85,18.7788296,0.851,"mitogen-activated protein kinase-activated protein kinase 5","ILMN_1699082",0.00273437,0.000171,4.2635453,0.71549,0.8348961,"mitogen-activated protein kinase-activated protein kinase 5","228925_at",4.11e-05,5.83e-06,-5.6884626,3.681664,-0.66560677,NA
"244","MAPRE3","203842_s_at",2.35e-14,2.13e-15,-8.75,24.1051173,-0.641,"microtubule associated protein RP/EB family member 3","ILMN_1734290",0.01909335,0.00289,-3.2308671,-1.94007,-0.7800458,"microtubule associated protein RP/EB family member 3","203842_s_at",7.01e-06,6.96e-07,-6.5240098,5.801441,-0.79962183,"microtubule associated protein RP/EB family member 3"
"245","MAPT","203929_s_at",1.19e-21,4.8e-23,-11.5,41.5692847,-1.73,"microtubule associated protein tau","ILMN_2310814",0.01049619,0.00122,-3.5539228,-1.13955,-1.081688,"microtubule associated protein tau","203928_x_at",2.07e-05,2.59e-06,-6.0047537,4.490941,-0.92208825,"microtubule associated protein tau"
"246","MARK3","202568_s_at",1.57e-13,1.57e-14,8.42,22.1264118,0.743,"microtubule affinity regulating kinase 3","ILMN_1704795",0.01882615,0.00284,3.2378847,-1.92306,0.5857559,"microtubule affinity regulating kinase 3","232537_x_at",0.000803,0.000196,-4.3427711,0.204399,-1.02470169,"microtubule affinity regulating kinase 3"
"247","MBNL2","205018_s_at",2.55e-06,5.85e-07,-5.19,5.0152195,-0.798,"muscleblind like splicing regulator 2","ILMN_2364272",0.02008463,0.00311,3.2035462,-2.00614,1.1372328,"muscleblind like splicing regulator 2","232138_at",0.00015,2.73e-05,-5.0948889,2.148547,-1.26203653,"muscleblind like splicing regulator 2"
"248","MCM10","223570_at",1.84e-28,3.43e-30,14.1,57.9322677,1.8,"minichromosome maintenance 10 replication initiation factor","ILMN_2413898",0.00641613,0.000597,3.8165418,-0.46612,1.06093,"minichromosome maintenance 10 replication initiation factor","223570_at",0.00217,0.000633,3.8916544,-0.942449,0.59615556,"minichromosome maintenance 10 replication initiation factor"
"249","MCTS1","218163_at",5.61e-25,1.57e-26,12.8,49.5469302,0.807,"MCTS1, re-initiation and release factor","ILMN_1751816",0.0012517,5.17e-05,4.6832109,1.85274,1.0693913,"MCTS1, re-initiation and release factor","230235_at",4.85e-06,4.46e-07,-6.702834,6.246552,-0.88120466,"MCTS1, re-initiation and release factor"
"250","MCUB","218802_at",1.81e-28,3.36e-30,14.1,57.9510357,0.85,"mitochondrial calcium uniporter dominant negative beta subunit","ILMN_1801766",0.0043803,0.000337,4.0225201,0.07359,1.0176872,"mitochondrial calcium uniporter dominant negative beta subunit","218802_at",2.37e-06,1.86e-07,7.0584226,7.120992,0.76480165,"mitochondrial calcium uniporter dominant negative beta subunit"
"251","ME2","210154_at",5.67e-05,1.54e-05,4.45,1.8630234,0.659,"malic enzyme 2","ILMN_1675186",0.00968477,0.00109,3.5973386,-1.0295,0.7368579,"malic enzyme 2","210154_at",4.95e-06,4.56e-07,6.6933001,6.222909,0.94879071,"malic enzyme 2"
"252","MFSD8","229509_at",4.17e-09,6.9e-10,6.54,11.5953568,0.836,"major facilitator superfamily domain containing 8","ILMN_2123119",0.01027991,0.00118,3.5662211,-1.10843,0.9347711,"major facilitator superfamily domain containing 8","243407_at",8.65e-07,5.17e-08,-7.589535,8.3985,-0.97670785,"major facilitator superfamily domain containing 8"
"253","MIB2","228261_at",1.29e-08,2.25e-09,6.32,10.4349673,0.952,"mindbomb E3 ubiquitin protein ligase 2","ILMN_2385178",0.01131325,0.00137,-3.5134067,-1.24176,-0.9353675,"mindbomb E3 ubiquitin protein ligase 2","226644_at",2.55e-06,2.02e-07,-7.0232555,7.035171,-0.6856371,"mindbomb E3 ubiquitin protein ligase 2"
"254","MIR99AHG","239999_at",6.41e-24,2.02e-25,-12.4,47.0059983,-1.12,"mir-99a-let-7c cluster host gene","ILMN_1690703",1.196e-05,2.14e-08,7.422163,9.28977,1.6120014,"mir-99a-let-7c cluster host gene","239999_at",7.67e-05,1.23e-05,-5.4000283,2.938347,-1.59638087,"mir-99a-let-7c cluster host gene"
"255","MLKL","238025_at",9.14e-18,5.68e-19,10.1,32.256313,1.81,"mixed lineage kinase domain like","ILMN_1667825",0.00080352,2.66e-05,4.9144987,2.4866,1.184108,"mixed lineage kinase domain like","238025_at",2.66e-08,5.74e-10,9.5991084,12.892477,1.38651591,"mixed lineage kinase domain like"
"256","MLLT10","1563321_s_at",5.67e-08,1.07e-08,-6.02,8.9142451,-1.51,"myeloid/lymphoid or mixed-lineage leukemia; translocated to, 10","ILMN_2399310",0.03252314,0.00616,2.9365082,-2.63656,0.9497577,"myeloid/lymphoid or mixed-lineage leukemia; translocated to, 10","1563321_s_at",0.000121,2.11e-05,-5.1934601,2.403922,-0.63593682,"myeloid/lymphoid or mixed-lineage leukemia; translocated to, 10"
"257","MLPH","218211_s_at",3.91e-09,6.44e-10,-6.56,11.6631821,-0.806,"melanophilin","ILMN_1795342",0.00137679,5.96e-05,-4.6334146,1.7168,-1.0383166,"melanophilin","218211_s_at",0.00657,0.00232,-3.3812596,-2.199351,-0.82458991,"melanophilin"
"258","MMP28","239273_s_at",9.29e-05,2.6e-05,-4.33,1.3606227,-0.651,"matrix metallopeptidase 28","ILMN_1791508",0.01485651,0.00202,-3.3661958,-1.6089,-0.8822728,"matrix metallopeptidase 28","239273_s_at",3.69e-08,8.99e-10,-9.3877669,12.445699,-1.37093856,"matrix metallopeptidase 28"
"259","MOB3B","219265_at",4.36e-21,1.88e-22,11.3,40.2137546,1.35,"MOB kinase activator 3B","ILMN_1717046",0.01125392,0.00135,3.5170448,-1.23261,0.8774496,"MOB kinase activator 3B","1563521_at",0.000126,2.22e-05,-5.1740639,2.353684,-0.83635518,"MOB kinase activator 3B"
"260","MTHFD2","201761_at",1.7e-16,1.23e-17,9.58,29.2091251,0.716,"methylenetetrahydrofolate dehydrogenase (NADP+ dependent) 2, methenyltetrahydrofolate cyclohydrolase","ILMN_1674706",0.01080056,0.00127,3.5391045,-1.17699,0.6707065,"methylenetetrahydrofolate dehydrogenase (NADP+ dependent) 2, methenyltetrahydrofolate cyclohydrolase","201761_at",3.3e-07,1.52e-08,8.112513,9.620724,1.0643115,"methylenetetrahydrofolate dehydrogenase (NADP+ dependent) 2, methenyltetrahydrofolate cyclohydrolase"
"261","MTUS1","212093_s_at",1.77e-05,4.5e-06,-4.74,3.0443033,-0.605,"microtubule associated tumor suppressor 1","ILMN_2346727",0.0247481,0.00419,3.0877717,-2.28298,1.1300195,"microtubule associated tumor suppressor 1","239576_at",2.37e-05,3.03e-06,-5.9431721,4.333948,-1.63562991,"microtubule associated tumor suppressor 1"
"262","MYH14","219946_x_at",2.75e-22,1.03e-23,-11.8,43.1031797,-1.71,"myosin, heavy chain 14, non-muscle","ILMN_2392370",0.00027504,4.72e-06,-5.5136902,4.1383,-0.9322224,"myosin, heavy chain 14, non-muscle","217545_at",5.36e-05,8.01e-06,-5.5653689,3.364958,-0.60356888,"myosin, heavy chain 14, non-muscle"
"263","MYNN","224206_x_at",1.4e-10,1.95e-11,7.2,15.0986637,0.642,"myoneurin","ILMN_1672287",0.00111829,4.31e-05,4.7463621,2.02543,1.0222897,"myoneurin","237510_at",0.000193,3.66e-05,-4.9825198,1.857304,-0.7935314,"myoneurin"
"264","MYO1B","212365_at",5.66e-37,4.07e-39,17.3,78.3833859,2.74,"myosin IB","ILMN_2093027",0.00850503,0.000896,3.6687261,-0.84739,0.8350216,"myosin IB","212365_at",7.38e-08,2.24e-09,8.9659998,11.535965,1.39532665,"myosin IB"
"265","MYO5A","204527_at",1.69e-50,2.2e-53,22.8,111.0396896,1.96,"myosin VA","ILMN_1698225",0.00282125,0.00018,4.2460767,0.66864,1.0600667,"myosin VA","204527_at",0.000354,7.48e-05,4.7100074,1.151358,0.59008444,"myosin VA"
"266","MYRFL","1556267_at",3.46e-08,6.35e-09,-6.12,9.4205367,-0.95,"myelin regulatory factor-like","ILMN_1787199",0.00044235,1.01e-05,5.2492123,3.40855,0.997608,"myelin regulatory factor-like","1556267_at",1.76e-06,1.27e-07,-7.2155883,7.502705,-1.78393949,"myelin regulatory factor-like"
"267","N4BP2L2","1565743_at",4.16e-10,6.14e-11,-6.99,13.9702679,-0.62,"NEDD4 binding protein 2 like 2","ILMN_1737561",0.00985508,0.00112,3.5876332,-1.05414,1.784281,"NEDD4 binding protein 2 like 2","202259_s_at",5.66e-05,8.56e-06,-5.5401059,3.299857,-0.80331253,"NEDD4 binding protein 2 like 2"
"268","NASP","201970_s_at",1.24e-09,1.93e-10,6.78,12.8464053,0.605,"nuclear autoantigenic sperm protein","ILMN_2348975",0.01512637,0.00208,3.355582,-1.6351,0.6003221,"nuclear autoantigenic sperm protein","242918_at",0.00259,0.000779,-3.810991,-1.144551,-0.88078056,"nuclear autoantigenic sperm protein"
"269","NCAPH2","40640_at",8.22e-37,5.94e-39,17.2,78.0069261,2.46,"non-SMC condensin II complex subunit H2","ILMN_1715908",0.00517139,0.000433,-3.932542,-0.16329,-0.6198589,"non-SMC condensin II complex subunit H2","40640_at",0.00344,0.00109,3.6814075,-1.466783,0.61580877,"non-SMC condensin II complex subunit H2"
"270","NCBP2","201521_s_at",7.84e-30,1.23e-31,14.6,61.2429241,1.96,"nuclear cap binding protein subunit 2","ILMN_2412564",0.00014826,1.93e-06,5.8249427,4.99571,0.6835964,"nuclear cap binding protein subunit 2","201521_s_at",1.06e-07,3.52e-09,8.7600243,11.082861,0.83114976,"nuclear cap binding protein subunit 2"
"271","NECTIN1","211846_s_at",2.36e-12,2.67e-13,7.94,19.3267941,1.27,"nectin cell adhesion molecule 1","ILMN_1744815",0.03370358,0.00647,-2.9173787,-2.68058,-0.7238673,"nectin cell adhesion molecule 1","225211_at",0.00177,0.000499,-3.983903,-0.710047,-0.7740496,"nectin cell adhesion molecule 1"
"272","NECTIN2","232079_s_at",5.23e-09,8.71e-10,6.5,11.3660049,0.847,"nectin cell adhesion molecule 2","ILMN_2337336",0.00345604,0.000241,-4.1413525,0.38881,-0.7312585,"nectin cell adhesion molecule 2","225418_at",8.42e-06,8.66e-07,6.4364954,5.582381,0.73020072,"nectin cell adhesion molecule 2"
"273","NFIC","213298_at",5.44e-14,5.15e-15,-8.6,23.2301681,-0.954,"nuclear factor I C","ILMN_1814402",0.00969111,0.00109,-3.596856,-1.03072,-0.6465621,"nuclear factor I C","226895_at",8.82e-05,1.46e-05,-5.3357155,2.772101,-0.59317453,"nuclear factor I C"
"274","NFIX","229834_at",6.83e-05,1.87e-05,-4.4,1.6723786,-0.628,"nuclear factor I X","ILMN_1694325",0.01443615,0.00193,-3.3832267,-1.56678,-1.0373865,"nuclear factor I X","227400_at",7.67e-05,1.23e-05,-5.400407,2.939325,-0.73380818,"nuclear factor I X"
"275","NGDN","216263_s_at",8.63e-13,9.34e-14,-8.12,20.3658951,-0.708,"neuroguidin","ILMN_2324998",0.04030674,0.00826,2.8195087,-2.90324,0.7962558,"neuroguidin","216263_s_at",5.82e-06,5.57e-07,-6.6133025,6.024129,-0.95850574,"neuroguidin"
"276","NIPAL4","230188_at",2.55e-32,2.96e-34,15.5,67.2444141,1.64,"NIPA like domain containing 4","ILMN_1713638",0.02073562,0.00325,-3.186023,-2.04837,-0.9145045,"NIPA like domain containing 4","230188_at",0.000959,0.000241,-4.2625834,-0.001124,-1.09900782,"NIPA like domain containing 4"
"277","NIPBL","213918_s_at",3.33e-16,2.48e-17,9.47,28.512539,0.982,"NIPBL, cohesin loading factor","ILMN_2264625",0.00401116,0.000298,4.0659503,0.18849,1.1724906,"NIPBL, cohesin loading factor","242352_at",0.0229,0.0101,-2.7791389,-3.589443,-0.64409353,"NIPBL, cohesin loading factor"
"278","NKTR","231235_at",2.94e-06,6.79e-07,-5.16,4.8703742,-0.602,"natural killer cell triggering receptor","ILMN_1721621",0.00885524,0.00095,3.6473459,-0.90208,1.4662452,"natural killer cell triggering receptor","1570342_at",0.00168,0.000468,-4.0083067,-0.648357,-0.68212442,"natural killer cell triggering receptor"
"279","NMI","203964_at",1.9e-38,1.15e-40,17.8,81.9306479,1.14,"N-myc and STAT interactor","ILMN_1739541",0.00792088,0.000808,3.7066218,-0.75017,0.9702025,"N-myc and STAT interactor","203964_at",3.98e-06,3.52e-07,6.7985235,6.483295,0.63497655,"N-myc and STAT interactor"
"280","NMT2","215069_at",1.1e-06,2.42e-07,-5.38,5.8722727,-0.743,"N-myristoyltransferase 2","ILMN_1656378",0.03144883,0.00589,2.9546359,-2.5947,0.6640085,"N-myristoyltransferase 2","215069_at",0.000215,4.16e-05,-4.9341235,1.731863,-0.9873343,"N-myristoyltransferase 2"
"281","NOL3","1558738_at",1.25e-22,4.49e-24,-11.9,43.9234196,-1.68,"nucleolar protein 3","ILMN_1813925",0.02760731,0.00487,-3.0291042,-2.42124,-0.7095798,"nucleolar protein 3","221566_s_at",5.47e-07,2.92e-08,-7.8327009,8.971309,-0.74109573,"nucleolar protein 3"
"282","NRBF2","223650_s_at",5.93e-22,2.31e-23,11.6,42.2958829,2.32,"nuclear receptor binding factor 2","ILMN_1719344",0.02647661,0.0046,3.051576,-2.36845,0.8409105,"nuclear receptor binding factor 2","221803_s_at",7.03e-06,6.98e-07,6.5227495,5.798292,0.62230718,"nuclear receptor binding factor 2"
"283","NT5DC1","223177_at",5.94e-23,2.06e-24,12,44.6982028,0.818,"5'-nucleotidase domain containing 1","ILMN_1680673",0.0217643,0.00349,3.1593661,-2.11239,0.7460752,"5'-nucleotidase domain containing 1","235830_at",1.23e-05,1.37e-06,-6.2534513,5.121736,-0.61200187,"5'-nucleotidase domain containing 1"
"284","NUDT5","223100_s_at",5.12e-31,6.97e-33,15,64.0987865,1.17,"nudix hydrolase 5","ILMN_1711314",0.00292529,0.000189,4.2278176,0.61972,1.098563,"nudix hydrolase 5","222824_at",1.1e-05,1.2e-06,-6.3059775,5.254253,-0.60120793,"nudix hydrolase 5"
"285","NUMA1","214250_at",5.46e-20,2.67e-21,-10.9,37.5769153,-1.24,"nuclear mitotic apparatus protein 1","ILMN_2160005",0.0139303,0.00184,-3.4011099,-1.52245,-0.953387,"nuclear mitotic apparatus protein 1","1554663_a_at",0.00025,4.96e-05,-4.8664122,1.556385,-0.7963328,"nuclear mitotic apparatus protein 1"
"286","NUP62CL","220520_s_at",7.28e-18,4.47e-19,10.1,32.4946313,0.705,"nucleoporin 62 C-terminal like","ILMN_1756550",0.00548655,0.000476,3.8988481,-0.25155,0.7432731,"nucleoporin 62 C-terminal like","232960_at",0.00165,0.00046,-4.0150332,-0.631339,-0.83133909,"nucleoporin 62 C-terminal like"
"287","OAS1","205552_s_at",2.11e-44,6.38e-47,20.2,96.2555378,4.8,"2'-5'-oligoadenylate synthetase 1","ILMN_2410826",0.00324477,0.00022,4.1745368,0.47729,1.2061049,"2'-5'-oligoadenylate synthetase 1","205552_s_at",0.000359,7.6e-05,4.7038405,1.135402,0.82581831,"2'-5'-oligoadenylate synthetase 1"
"288","OAS2","204972_at",6.42e-46,1.6e-48,20.8,99.9208459,4.46,"2'-5'-oligoadenylate synthetase 2","ILMN_1674063",0.00058694,1.58e-05,5.0950289,2.98342,1.8368148,"2'-5'-oligoadenylate synthetase 2","204972_at",5.04e-08,1.37e-09,9.1932476,12.029138,1.83556287,"2'-5'-oligoadenylate synthetase 2"
"289","OFD1","241751_at",2.49e-12,2.83e-13,-7.93,19.2699511,-0.768,"OFD1, centriole and centriolar satellite protein","ILMN_1785266",0.00309052,0.000207,4.1967919,0.53673,1.0015174,"OFD1, centriole and centriolar satellite protein","241751_at",8.19e-05,1.33e-05,-5.3700055,2.860758,-1.08421672,"OFD1, centriole and centriolar satellite protein"
"290","OGDH","201282_at",0.00136,0.00045,3.58,-1.3441913,0.627,"oxoglutarate dehydrogenase","ILMN_1733869",0.00886799,0.000954,-3.6456285,-0.90646,-0.9036922,"oxoglutarate dehydrogenase","1554152_a_at",0.000459,0.000102,-4.5927608,0.848234,-0.62232245,"oxoglutarate dehydrogenase"
"291","OVGP1","205432_at",7.19e-06,1.74e-06,-4.96,3.9602041,-1.16,"oviductal glycoprotein 1","ILMN_1734542",0.01045675,0.00121,3.557213,-1.13123,0.7515609,"oviductal glycoprotein 1","205432_at",8.47e-05,1.39e-05,-5.3541799,2.819846,-0.70426136,"oviductal glycoprotein 1"
"292","OXCT1","202780_at",6.3e-17,4.33e-18,9.75,30.2417055,0.661,"3-oxoacid CoA-transferase 1","ILMN_1813544",0.03498175,0.00681,2.8969908,-2.72732,0.8038946,"3-oxoacid CoA-transferase 1","202780_at",2.53e-06,2.01e-07,-7.0263703,7.042778,-0.72478987,"3-oxoacid CoA-transferase 1"
"293","PAK6","219461_at",1.1e-18,6.24e-20,10.4,34.4479338,1.01,"p21 (RAC1) activated kinase 6","ILMN_1708223",0.01940954,0.00295,-3.2233348,-1.95831,-0.7869991,"p21 (RAC1) activated kinase 6","1555310_a_at",0.000425,9.29e-05,-4.6275454,0.938106,-1.1810686,"p21 (RAC1) activated kinase 6"
"294","PAOX","238333_s_at",9.76e-10,1.5e-10,6.83,13.0908702,2.26,"polyamine oxidase (exo-N4-amino)","ILMN_1765116",0.00255716,0.000154,-4.299571,0.81224,-0.5934306,"polyamine oxidase (exo-N4-amino)","50400_at",0.00015,2.74e-05,5.0937026,2.145473,0.89085469,"polyamine oxidase (exo-N4-amino)"
"295","PAPD4","1556277_a_at",3.78e-11,4.92e-12,-7.44,16.4541403,-0.914,"poly(A) RNA polymerase D4, non-canonical","ILMN_1681845",0.03385459,0.00651,2.9148639,-2.68636,0.8213147,"poly(A) RNA polymerase D4, non-canonical","238706_at",0.000151,2.77e-05,-5.0897357,2.135192,-1.01902939,"poly(A) RNA polymerase D4, non-canonical"
"296","PAPOLA","228569_at",3.26e-25,8.85e-27,-12.8,50.1166807,-0.722,"poly(A) polymerase alpha","ILMN_1798354",0.0443591,0.00939,2.767205,-3.02042,0.6849177,"poly(A) polymerase alpha","228569_at",1.31e-06,8.75e-08,-7.369572,7.873725,-0.64234984,"poly(A) polymerase alpha"
"297","PARP14","224701_at",1.4e-28,2.57e-30,14.1,58.2190309,0.929,"poly(ADP-ribose) polymerase family member 14","ILMN_1691731",0.00530461,0.000453,3.9159879,-0.20668,0.9792602,"poly(ADP-ribose) polymerase family member 14","224701_at",0.000131,2.33e-05,5.1561156,2.307189,0.60816052,"poly(ADP-ribose) polymerase family member 14"
"298","PAWR","204005_s_at",5.12e-24,1.59e-25,12.4,47.2416099,0.994,"pro-apoptotic WT1 regulator","ILMN_1806907",0.0068747,0.000662,3.7792446,-0.56283,1.2618564,"pro-apoptotic WT1 regulator","226223_at",1.91e-06,1.41e-07,-7.1721212,7.397437,-0.73495775,"pro-apoptotic WT1 regulator"
"299","PCM1","228905_at",4.66e-22,1.79e-23,-11.7,42.5489924,-0.744,"pericentriolar material 1","ILMN_2042595",0.00052345,1.3e-05,5.1613167,3.16613,1.7566257,"pericentriolar material 1","228905_at",1.57e-06,1.1e-07,-7.2747934,7.645709,-0.86194142,"pericentriolar material 1"
"300","PDCD5","219275_at",8.31e-20,4.14e-21,10.8,37.141201,0.981,"programmed cell death 5","ILMN_2228710",3.36e-06,2.34e-09,8.2450133,11.38952,1.8316383,"programmed cell death 5","227751_at",1.24e-06,8.18e-08,-7.3973453,7.940327,-1.07439439,"programmed cell death 5"
"301","PDCD6","203415_at",9.99e-24,3.22e-25,12.3,46.5445194,0.86,"programmed cell death 6","ILMN_1733931",0.03390024,0.00652,2.914182,-2.68792,0.6506291,"programmed cell death 6","222152_at",1.56e-06,1.09e-07,-7.277699,7.652716,-0.9812746,"programmed cell death 6"
"302","PDCD6IP","222394_at",1.32e-18,7.56e-20,-10.4,34.2581252,-0.836,"programmed cell death 6 interacting protein","ILMN_1693259",0.04520325,0.00964,2.7564714,-3.0443,0.9924059,"programmed cell death 6 interacting protein","222394_at",0.00013,2.31e-05,-5.1578689,2.311731,-0.66880185,"programmed cell death 6 interacting protein"
"303","PDS5B","215888_at",2.1e-06,4.77e-07,-5.24,5.2128214,-0.841,"PDS5 cohesin associated factor B","ILMN_1746696",0.01579724,0.00222,3.3307046,-1.69637,0.6003449,"PDS5 cohesin associated factor B","215888_at",0.000145,2.62e-05,-5.1102863,2.188447,-0.89031086,"PDS5 cohesin associated factor B"
"304","PDSS1","220865_s_at",2.06e-29,3.41e-31,14.4,60.2290631,1.59,"prenyl (decaprenyl) diphosphate synthase, subunit 1","ILMN_1703324",0.02866723,0.00516,3.0067045,-2.47366,0.9804832,"prenyl (decaprenyl) diphosphate synthase, subunit 1","236298_at",3.09e-07,1.4e-08,-8.1488577,9.704304,-0.92326767,"prenyl (decaprenyl) diphosphate synthase, subunit 1"
"305","PDXK","202671_s_at",1.68e-13,1.69e-14,8.41,22.0536727,1.42,"pyridoxal (pyridoxine, vitamin B6) kinase","ILMN_1672504",0.03414256,0.00659,-2.9101537,-2.69717,-0.807629,"pyridoxal (pyridoxine, vitamin B6) kinase","218018_at",2.24e-08,4.6e-10,9.7046771,13.113396,1.46520697,"pyridoxal (pyridoxine, vitamin B6) kinase"
"306","PGAP1","244321_at",4.89e-07,1.03e-07,5.56,6.7049719,0.67,"post-GPI attachment to proteins 1","ILMN_2185665",0.0317555,0.00596,2.9496377,-2.60625,0.9585733,"post-GPI attachment to proteins 1","213469_at",6.93e-09,9.29e-11,-10.4867312,14.703938,-1.21012737,"post-GPI attachment to proteins 1"
"307","PHKB","238601_at",6.29e-20,3.1e-21,-10.9,37.4287464,-1.23,"phosphorylase kinase regulatory subunit beta","ILMN_1800447",0.01004187,0.00115,3.5774337,-1.08002,0.7964476,"phosphorylase kinase regulatory subunit beta","242248_at",0.0162,0.00671,-2.9500072,-3.207957,-0.72286616,"phosphorylase kinase regulatory subunit beta"
"308","PHYHD1","226846_at",1.12e-26,2.62e-28,-13.4,53.6192335,-1.5,"phytanoyl-CoA dioxygenase domain containing 1","ILMN_2183692",0.00069509,2.07e-05,-5.0010443,2.72461,-0.883283,"phytanoyl-CoA dioxygenase domain containing 1","226846_at",4.68e-06,4.26e-07,-6.7209662,6.291491,-0.9391406,"phytanoyl-CoA dioxygenase domain containing 1"
"309","PHYHIP","205325_at",7.87e-25,2.25e-26,-12.7,49.1876722,-3.34,"phytanoyl-CoA 2-hydroxylase interacting protein","ILMN_1713387",0.00095931,3.49e-05,-4.8200533,2.22733,-1.1344089,"phytanoyl-CoA 2-hydroxylase interacting protein","205325_at",3.47e-08,8.22e-10,-9.4297839,12.535004,-2.46920292,"phytanoyl-CoA 2-hydroxylase interacting protein"
"310","PIAS2","214442_s_at",4.08e-19,2.19e-20,10.6,35.4891572,1.61,"protein inhibitor of activated STAT 2","ILMN_1694799",0.02835497,0.00506,3.0143371,-2.45583,0.6240825,"protein inhibitor of activated STAT 2","235107_at",1.33e-06,8.91e-08,-7.3618336,7.855151,-0.78697669,"protein inhibitor of activated STAT 2"
"311","PIK3C2G","215129_at",1.9e-12,2.13e-13,-7.98,19.5517733,-1.38,"phosphatidylinositol-4-phosphate 3-kinase catalytic subunit type 2 gamma","ILMN_1738993",0.03498175,0.00681,2.8970433,-2.7272,0.8254177,"phosphatidylinositol-4-phosphate 3-kinase catalytic subunit type 2 gamma","215129_at",5.95e-07,3.24e-08,-7.7879394,8.866453,-1.87427987,"phosphatidylinositol-4-phosphate 3-kinase catalytic subunit type 2 gamma"
"312","PKP3","209872_s_at",1.01e-16,7.09e-18,9.67,29.7529393,1.01,"plakophilin 3","ILMN_1753457",0.01436435,0.00192,-3.3859386,-1.56007,-0.8069331,"plakophilin 3","209873_s_at",2.55e-05,3.31e-06,-5.9080153,4.244189,-1.11335748,"plakophilin 3"
"313","PLA2G4F","235958_at",4e-09,6.59e-10,6.55,11.6396993,0.598,"phospholipase A2 group IVF","ILMN_1744211",0.01323077,0.00172,-3.4278078,-1.45608,-0.9178979,"phospholipase A2 group IVF","235958_at",0.000351,7.42e-05,-4.712985,1.159063,-0.92368939,"phospholipase A2 group IVF"
"314","PLLP","204519_s_at",3.33e-24,1.02e-25,-12.5,47.6876301,-2.19,"plasmolipin","ILMN_2082865",0.02987811,0.00547,-2.9837915,-2.52707,-0.8633923,"plasmolipin","204519_s_at",5.94e-05,9.07e-06,-5.5175819,3.241788,-1.77493247,"plasmolipin"
"315","PMEL","209848_s_at",2.58e-06,5.92e-07,5.19,5.0032621,0.849,"premelanosome protein","ILMN_1665994",2.78e-06,1.41e-09,-8.436841,11.86564,-3.0623019,"premelanosome protein","209848_s_at",0.000119,2.07e-05,-5.2012145,2.424005,-0.87558225,"premelanosome protein"
"316","PMEPA1","222450_at",7.71e-15,6.64e-16,-8.94,25.2566407,-0.603,"prostate transmembrane protein, androgen induced 1","ILMN_1734276",0.01827817,0.00272,-3.2542191,-1.88338,-0.6605297,"prostate transmembrane protein, androgen induced 1","222449_at",9.71e-08,3.15e-09,8.8114329,11.196493,1.10418211,"prostate transmembrane protein, androgen induced 1"
"317","PNPLA7","228383_at",3.31e-14,3.06e-15,-8.69,23.7434946,-1.04,"patatin like phospholipase domain containing 7","ILMN_1662587",0.04201472,0.00872,-2.797613,-2.95245,-0.6449961,"patatin like phospholipase domain containing 7","228383_at",7.41e-06,7.44e-07,-6.4974056,5.73493,-0.91018035,"patatin like phospholipase domain containing 7"
"318","PON2","210830_s_at",8.36e-25,2.4e-26,12.7,49.1241231,1.11,"paraoxonase 2","ILMN_1714158",0.00747273,0.00074,3.7388863,-0.6671,0.963796,"paraoxonase 2","242700_at",0.000325,6.75e-05,-4.7494068,1.253331,-0.77840242,"paraoxonase 2"
"319","POSTN","210809_s_at",1.09e-32,1.21e-34,-15.6,68.1308965,-1.04,"periostin","ILMN_1790761",0.00052026,1.28e-05,5.16761,3.18348,1.8725076,"periostin","1555778_a_at",7.53e-07,4.36e-08,7.6620327,8.57009,1.44377611,"periostin"
"320","POU2F3","215355_at",1.07e-15,8.42e-17,-9.27,27.3017289,-1.35,"POU class 2 homeobox 3","ILMN_1773613",0.00761327,0.00076,-3.7288118,-0.69307,-0.9949495,"POU class 2 homeobox 3","207109_at",3.3e-07,1.52e-08,-8.1129717,9.62178,-1.56480531,"POU class 2 homeobox 3"
"321","PPA2","1556285_s_at",4.61e-14,4.32e-15,8.63,23.4032337,0.81,"pyrophosphatase (inorganic) 2","ILMN_1687785",0.01497286,0.00205,3.3619955,-1.61928,1.0310182,"pyrophosphatase (inorganic) 2","1559496_at",2.06e-06,1.56e-07,-7.1304343,7.296263,-1.75462637,"pyrophosphatase (inorganic) 2"
"322","PPIL1","222500_at",3.33e-17,2.22e-18,9.86,30.9059114,0.889,"peptidylprolyl isomerase like 1","ILMN_2054392",0.00091093,3.19e-05,4.8516541,2.31402,0.9661389,"peptidylprolyl isomerase like 1","222500_at",1.59e-06,1.12e-07,7.2680866,7.629531,0.7269106,"peptidylprolyl isomerase like 1"
"323","PPM1M","226074_at",8.46e-11,1.15e-11,-7.29,15.6157112,-0.811,"protein phosphatase, Mg2+/Mn2+ dependent 1M","ILMN_1657810",0.0188754,0.00285,-3.2366352,-1.92609,-0.7266138,"protein phosphatase, Mg2+/Mn2+ dependent 1M","226074_at",0.000338,7.07e-05,4.7313242,1.206524,0.63395773,"protein phosphatase, Mg2+/Mn2+ dependent 1M"
"324","PPP1R2","202166_s_at",7.78e-21,3.46e-22,11.2,39.607598,1.58,"protein phosphatase 1 regulatory inhibitor subunit 2","ILMN_1683044",0.04538081,0.0097,2.7540169,-3.04976,0.6957585,"protein phosphatase 1 regulatory inhibitor subunit 2","202166_s_at",4.85e-05,7.11e-06,5.6114123,3.483522,0.67700638,"protein phosphatase 1 regulatory inhibitor subunit 2"
"325","PPP2R3C","239188_at",1.08e-05,2.66e-06,-4.86,3.5488503,-0.705,"protein phosphatase 2 regulatory subunit B''gamma","ILMN_1662617",0.0014158,6.23e-05,4.6178426,1.67433,1.2476067,"protein phosphatase 2 regulatory subunit B''gamma","218852_at",1.96e-08,3.82e-10,9.7939844,13.299121,0.76737902,"protein phosphatase 2 regulatory subunit B''gamma"
"326","PPP4R3B","224474_x_at",7.05e-08,1.34e-08,5.97,8.6891867,0.742,"protein phosphatase 4 regulatory subunit 3B","ILMN_1661650",0.04023481,0.00824,2.8204611,-2.9011,0.9315539,"protein phosphatase 4 regulatory subunit 3B","1568627_at",1.7e-05,2.04e-06,-6.0982741,4.728772,-0.62184726,"protein phosphatase 4 regulatory subunit 3B"
"327","PRSS8","202525_at",2.11e-22,7.8e-24,11.8,43.3740728,1.61,"protease, serine 8","ILMN_1796461",0.00343948,0.000239,-4.1445809,0.39741,-1.0398077,"protease, serine 8","202525_at",0.00302,0.000933,-3.7408044,-1.319477,-1.0574914,"protease, serine 8"
"328","PSD4","203317_at",8.37e-18,5.18e-19,10.1,32.3491447,0.995,"pleckstrin and Sec7 domain containing 4","ILMN_2154115",0.00014121,1.79e-06,-5.8506758,5.06645,-0.8912858,"pleckstrin and Sec7 domain containing 4","236616_at",2.55e-08,5.42e-10,-9.6261282,12.949163,-1.65656239,"pleckstrin and Sec7 domain containing 4"
"329","PSMA3","201532_at",6.68e-27,1.52e-28,13.5,54.1597642,0.604,"proteasome subunit alpha 3","ILMN_2318011",0.00010944,1.16e-06,6.0024874,5.48314,1.5760728,"proteasome subunit alpha 3","232648_at",0.00118,0.000309,-4.167436,-0.244182,-0.8354619,"proteasome subunit alpha 3"
"330","PSORS1C2","220635_at",3.71e-11,4.83e-12,7.44,16.4723614,2.36,"psoriasis susceptibility 1 candidate 2","ILMN_1653447",0.01704785,0.00248,-3.2897275,-1.79682,-1.4130187,"psoriasis susceptibility 1 candidate 2","220635_at",0.00757,0.00274,-3.3152513,-2.357435,-1.3323833,"psoriasis susceptibility 1 candidate 2"
"331","PSPC1","226574_at",1.25e-20,5.65e-22,11.1,39.1200119,0.754,"paraspeckle component 1","ILMN_1724490",0.00194205,0.000103,4.4419345,1.19636,1.2954319,"paraspeckle component 1","243997_x_at",1.29e-05,1.45e-06,-6.2310198,5.065066,-1.18118683,NA
"332","PTGS2","204748_at",0.00127,0.00042,3.6,-1.2802307,0.854,"prostaglandin-endoperoxide synthase 2","ILMN_2054297",0.00968477,0.00109,3.5972602,-1.02969,1.5983493,"prostaglandin-endoperoxide synthase 2","204748_at",0.00351,0.00112,3.6710439,-1.492414,1.22179571,"prostaglandin-endoperoxide synthase 2"
"333","PTK6","1553114_a_at",4.94e-19,2.69e-20,10.5,35.2848938,0.768,"protein tyrosine kinase 6","ILMN_1764508",0.04724054,0.0103,-2.731513,-3.09963,-0.7042488,"protein tyrosine kinase 6","206482_at",2.36e-06,1.85e-07,-7.0603576,7.12571,-1.39083289,"protein tyrosine kinase 6"
"334","PTPN13","243792_x_at",1.47e-06,3.26e-07,-5.32,5.5820779,-0.732,"protein tyrosine phosphatase, non-receptor type 13","ILMN_2374687",0.02447055,0.00412,3.0947909,-2.26634,1.3818988,"protein tyrosine phosphatase, non-receptor type 13","204201_s_at",5.7e-10,2.14e-12,-12.4902138,18.428605,-1.15586796,"protein tyrosine phosphatase, non-receptor type 13"
"335","PTPN2","204935_at",1.05e-11,1.29e-12,7.67,17.773293,0.993,"protein tyrosine phosphatase, non-receptor type 2","ILMN_2400030",0.00685002,0.000658,3.7813267,-0.55744,1.8291995,"protein tyrosine phosphatase, non-receptor type 2","204935_at",7.31e-06,7.32e-07,6.5037829,5.75088,1.20826883,"protein tyrosine phosphatase, non-receptor type 2"
"336","QSOX1","230523_at",3.66e-07,7.58e-08,5.62,7.0011662,0.636,"quiescin sulfhydryl oxidase 1","ILMN_2411282",0.03263276,0.0062,-2.934444,-2.64132,-0.6240025,"quiescin sulfhydryl oxidase 1","201482_at",1.01e-07,3.3e-09,8.7893463,11.147718,1.02603208,"quiescin sulfhydryl oxidase 1"
"337","RAB11FIP4","225739_at",5.28e-11,7.01e-12,7.38,16.1067464,0.624,"RAB11 family interacting protein 4","ILMN_1681467",0.00149318,6.75e-05,-4.5902929,1.59926,-0.7432746,"RAB11 family interacting protein 4","225746_at",1.11e-06,7.13e-08,-7.4549003,8.078034,-0.85538271,"RAB11 family interacting protein 4"
"338","RAB23","229504_at",2.05e-05,5.23e-06,-4.71,2.8977507,-0.657,"RAB23, member RAS oncogene family","ILMN_1667417",0.00594425,0.000531,3.8587253,-0.35634,0.9370373,"RAB23, member RAS oncogene family","220955_x_at",0.00229,0.000674,3.8671344,-1.003999,0.79244938,"RAB23, member RAS oncogene family"
"339","RAB40C","227269_s_at",5.04e-06,1.2e-06,-5.04,4.3229302,-0.719,"RAB40C, member RAS oncogene family","ILMN_1712705",0.0121341,0.00151,-3.4749702,-1.33828,-0.9501589,"RAB40C, member RAS oncogene family","227269_s_at",1.07e-08,1.7e-10,-10.1877576,14.105374,-1.11734925,"RAB40C, member RAS oncogene family"
"340","RABL3","226089_at",1.95e-28,3.64e-30,14,57.8723083,2,"RAB, member of RAS oncogene family like 3","ILMN_1662306",0.00130646,5.5e-05,4.6616214,1.79377,1.0271446,"RAB, member of RAS oncogene family like 3","226089_at",9.22e-06,9.68e-07,6.3923264,5.471526,0.72567975,"RAB, member of RAS oncogene family like 3"
"341","RAD50","208393_s_at",4.76e-13,5.01e-14,8.23,20.9799055,0.896,"RAD50 double strand break repair protein","ILMN_1755023",0.0006746,1.98e-05,5.016348,2.76673,1.5810497,"RAD50 double strand break repair protein","238656_at",3.88e-06,3.41e-07,-6.8103077,6.512378,-0.84772956,"RAD50 double strand break repair protein"
"342","RALGAPA1","1566272_at",6.96e-06,1.68e-06,-4.96,3.9934783,-0.64,"Ral GTPase activating protein catalytic alpha subunit 1","ILMN_2324574",0.04305071,0.00902,2.7836999,-2.9836,0.9784116,"Ral GTPase activating protein catalytic alpha subunit 1","213049_at",5.01e-09,5.65e-11,-10.7380416,15.198158,-0.81478645,"Ral GTPase activating protein catalytic alpha subunit 1"
"343","RBM39","227223_at",2.1e-11,2.66e-12,-7.55,17.0614412,-0.933,"RNA binding motif protein 39","ILMN_2411963",0.00191336,9.98e-05,4.4532592,1.22703,1.0351512,"RNA binding motif protein 39","227223_at",0.00396,0.00129,-3.6151357,-1.630298,-0.79933519,"RNA binding motif protein 39"
"344","RBM41","232860_x_at",6.39e-16,4.9e-17,9.36,27.8381122,0.768,"RNA binding motif protein 41","ILMN_1695717",0.01956606,0.00299,3.2185128,-1.96998,1.465811,"RNA binding motif protein 41","219754_at",0.000126,2.22e-05,-5.174003,2.353526,-0.71174537,"RNA binding motif protein 41"
"345","RFESD","239142_at",3.4e-08,6.23e-09,-6.12,9.4402489,-0.735,"Rieske Fe-S domain containing","ILMN_2100458",0.00027444,4.68e-06,5.5162977,4.14549,1.2317646,"Rieske Fe-S domain containing","239142_at",4.79e-05,7.01e-06,-5.6170163,3.497944,-0.73456415,"Rieske Fe-S domain containing"
"346","RHOC","200885_at",8.18e-14,7.93e-15,-8.53,22.8022713,-0.795,"ras homolog family member C","ILMN_1673305",0.00986482,0.00112,-3.5868971,-1.05601,-0.7792392,"ras homolog family member C","235742_at",6.25e-05,9.65e-06,-5.4938374,3.180546,-0.82603494,"ras homolog family member C"
"347","RHOG","203175_at",4.3e-22,1.65e-23,11.7,42.6318599,1.41,"ras homolog family member G","ILMN_1739792",0.00608755,0.000555,-3.8429583,-0.39742,-1.027699,"ras homolog family member G","203175_at",9.9e-07,6.13e-08,7.518457,8.229607,0.94604577,"ras homolog family member G"
"348","RIF1","236620_at",2.02e-07,4.05e-08,-5.75,7.6130012,-0.608,"replication timing regulatory factor 1","ILMN_2149053",0.00357648,0.000254,4.1238211,0.34215,1.2353205,"replication timing regulatory factor 1","226821_at",2.03e-05,2.52e-06,-6.0157747,4.519006,-0.73583595,"replication timing regulatory factor 1"
"349","RIOK3","202129_s_at",3.98e-12,4.64e-13,7.85,18.7829381,0.791,"RIO kinase 3","ILMN_1724700",0.04275234,0.00894,2.7872951,-2.97556,0.9086878,"RIO kinase 3","215588_x_at",1.35e-06,9.11e-08,-7.352722,7.833271,-0.74089258,"RIO kinase 3"
"350","RIPK4","221215_s_at",1.23e-14,1.08e-15,8.86,24.7719377,0.895,"receptor interacting serine/threonine kinase 4","ILMN_1680018",0.02057778,0.00322,-3.189255,-2.04059,-0.7195992,"receptor interacting serine/threonine kinase 4","221215_s_at",0.00353,0.00112,-3.6687169,-1.498166,-0.96809016,"receptor interacting serine/threonine kinase 4"
"351","RIT1","209882_at",3.08e-41,1.27e-43,18.9,88.7021676,3.35,"Ras like without CAAX 1","ILMN_1656335",0.0039594,0.000293,4.0727208,0.20644,0.8199745,"Ras like without CAAX 1","209882_at",2.99e-08,6.72e-10,9.5248138,12.736104,1.02315517,"Ras like without CAAX 1"
"352","RNF39","219916_s_at",1.08e-08,1.86e-09,6.36,10.6230882,0.819,"ring finger protein 39","ILMN_1730223",0.03041784,0.0056,-2.9741643,-2.54944,-1.1191637,"ring finger protein 39","219916_s_at",5.74e-06,5.46e-07,-6.6211261,6.0436,-1.59344148,"ring finger protein 39"
"353","RORA","226682_at",1.42e-14,1.26e-15,-8.84,24.6257053,-0.72,"RAR related orphan receptor A","ILMN_2322499",0.04610821,0.00992,2.7449669,-3.06984,1.0169935,"RAR related orphan receptor A","226682_at",6.59e-09,8.67e-11,-10.5216212,14.773035,-1.55030353,"RAR related orphan receptor A"
"354","RORC","228806_at",2.68e-49,4.06e-52,-22.3,108.1427674,-1.92,"RAR related orphan receptor C","ILMN_1734366",0.0042853,0.000328,-4.0324472,0.09982,-0.7416798,"RAR related orphan receptor C","228806_at",2.99e-05,4.01e-06,-5.8336654,4.054065,-1.33695779,"RAR related orphan receptor C"
"355","RPAIN","216962_at",1.17e-07,2.28e-08,5.87,8.1738589,0.816,"RPA interacting protein","ILMN_1770339",0.00039859,8.51e-06,5.309467,3.5748,1.320906,"RPA interacting protein","1558719_s_at",2.05e-06,1.55e-07,-7.1338507,7.304562,-1.09365711,"RPA interacting protein"
"356","RPRD1A","218209_s_at",1.89e-26,4.52e-28,13.3,53.0744733,2.22,"regulation of nuclear pre-mRNA domain containing 1A","ILMN_1764207",0.01744476,0.00256,3.2770167,-1.82786,0.7765444,"regulation of nuclear pre-mRNA domain containing 1A","228566_at",6.88e-05,1.08e-05,-5.4506538,3.0691,-0.80514952,"regulation of nuclear pre-mRNA domain containing 1A"
"357","RPRML","1554655_a_at",2.67e-10,3.85e-11,-7.07,14.429022,-0.862,"reprimo like","ILMN_1676504",0.04220628,0.00879,-2.7942499,-2.95999,-0.5927848,"reprimo like","1554655_a_at",7.71e-06,7.8e-07,-6.4782178,5.686916,-0.94346011,"reprimo like"
"358","RPS15A","229882_at",4.35e-14,4.06e-15,8.64,23.4640695,1.48,"ribosomal protein S15a","ILMN_2255310",0.0116824,0.00143,3.496913,-1.28323,1.332158,"ribosomal protein S15a","235309_at",0.00366,0.00117,-3.6521673,-1.539042,-0.78476644,"ribosomal protein S15a"
"359","RTP4","219684_at",2.26e-44,6.86e-47,20.2,96.1838264,4.1,"receptor transporter protein 4","ILMN_2173975",0.0284906,0.0051,3.011603,-2.46222,0.9104527,"receptor transporter protein 4","219684_at",2.42e-08,5.05e-10,9.6601235,13.020343,1.47769866,"receptor transporter protein 4"
"360","RUFY3","213939_s_at",1.98e-18,1.15e-19,-10.3,33.8396221,-0.659,"RUN and FYVE domain containing 3","ILMN_2262901",0.00886015,0.000951,3.6467976,-0.90348,0.9641804,"RUN and FYVE domain containing 3","210251_s_at",0.000212,4.08e-05,-4.9408177,1.749213,-0.60153401,"RUN and FYVE domain containing 3"
"361","RXRA","202426_s_at",7.63e-11,1.03e-11,7.31,15.72529,0.805,"retinoid X receptor alpha","ILMN_1687315",0.01484652,0.00202,-3.3665866,-1.60794,-0.9939538,"retinoid X receptor alpha","202449_s_at",5.6e-09,6.68e-11,-10.6524779,15.030797,-0.90327217,"retinoid X receptor alpha"
"362","S100A8","202917_s_at",2.01e-35,1.69e-37,16.7,74.6756451,1.52,"S100 calcium binding protein A8","ILMN_1729801",0.01968822,0.00301,3.2150299,-1.9784,1.093257,"S100 calcium binding protein A8","214370_at",0.000716,0.000171,4.3954757,0.33978,0.92942154,"S100 calcium binding protein A8"
"363","S100P","204351_at",1.55e-14,1.37e-15,8.82,24.5374861,1.74,"S100 calcium binding protein P","ILMN_1801216",0.00557697,0.000486,3.8909589,-0.27219,0.9310712,"S100 calcium binding protein P","204351_at",0.0459,0.0229,2.4210507,-4.347379,1.07976097,"S100 calcium binding protein P"
"364","SAP30L","226772_s_at",2.09e-14,1.88e-15,8.77,24.2250697,1.04,"SAP30 like","ILMN_1757781",0.02928268,0.00532,2.994838,-2.50135,0.6717155,"SAP30 like","232135_at",0.000118,2.05e-05,-5.2046988,2.433028,-0.77787162,"SAP30 like"
"365","SAR1B","223512_at",5.12e-20,2.5e-21,10.9,37.6418083,2.13,"secretion associated Ras related GTPase 1B","ILMN_1736888",0.01718912,0.00251,3.2851977,-1.80788,0.8075609,"secretion associated Ras related GTPase 1B","1554482_a_at",0.00162,0.00045,4.0232127,-0.610636,0.60992557,"secretion associated Ras related GTPase 1B"
"366","SCAF11","1570507_at",1.22e-07,2.38e-08,-5.86,8.1290047,-0.734,"SR-related CTD associated factor 11","ILMN_2069593",0.00826014,0.000858,3.6846478,-0.80659,1.486933,"SR-related CTD associated factor 11","232597_x_at",4.32e-05,6.2e-06,-5.6648979,3.621102,-0.59329966,"SR-related CTD associated factor 11"
"367","SCAPER","216399_s_at",2.29e-21,9.59e-23,11.4,40.8817384,1.49,"S-phase cyclin A associated protein in the ER","ILMN_1811178",0.0029093,0.000188,4.2308098,0.62774,0.8260162,"S-phase cyclin A associated protein in the ER","215848_at",0.0099,0.00375,-3.1885789,-2.657293,-0.80305847,"S-phase cyclin A associated protein in the ER"
"368","SCARB1","1552256_a_at",4.27e-06,1.01e-06,-5.08,4.4898596,-0.703,"scavenger receptor class B member 1","ILMN_2183409",0.00016174,2.2e-06,-5.7777893,4.86601,-1.0107721,"scavenger receptor class B member 1","232421_at",0.016,0.0066,-2.9566016,-3.193007,-0.59842274,"scavenger receptor class B member 1"
"369","SCEL","232056_at",9.89e-17,6.95e-18,-9.67,29.7737077,-0.875,"sciellin","ILMN_1710325",0.00221645,0.000124,4.3767035,1.02002,2.1492927,"sciellin","232056_at",2.26e-06,1.74e-07,-7.0841508,7.183684,-1.6306119,"sciellin"
"370","SCML1","222747_s_at",4.4e-08,8.17e-09,-6.07,9.1748052,-0.968,"sex comb on midleg-like 1 (Drosophila)","ILMN_1776653",0.02542568,0.00436,3.0722082,-2.31979,1.1374796,"sex comb on midleg-like 1 (Drosophila)","222747_s_at",6.59e-05,1.03e-05,-5.4698395,3.118624,-0.59087961,"sex comb on midleg-like 1 (Drosophila)"
"371","SDC4","202071_at",1.76e-22,6.44e-24,-11.8,43.5643891,-0.936,"syndecan 4","ILMN_1663042",0.00084252,2.86e-05,-4.8887679,2.41592,-1.1408111,"syndecan 4","202071_at",1.45e-05,1.68e-06,-6.174406,4.921834,-0.84071835,"syndecan 4"
"372","SELM","226051_at",1.4e-06,3.12e-07,-5.33,5.6259069,-0.668,"selenoprotein M","ILMN_1651429",0.00738026,0.000724,-3.7464409,-0.64761,-1.1175221,"selenoprotein M","226051_at",1.25e-08,2.07e-10,10.0904877,13.908118,1.45248916,"selenoprotein M"
"373","SELT","217811_at",2.16e-05,5.54e-06,4.69,2.8424632,0.65,"selenoprotein T","ILMN_1746368",0.00523713,0.000442,3.9251662,-0.18263,0.9430957,"selenoprotein T","217811_at",7.28e-05,1.16e-05,5.4243215,3.001103,0.69381665,"selenoprotein T"
"374","SEPP1","229620_at",7.32e-10,1.11e-10,-6.88,13.3862617,-0.964,"selenoprotein P, plasma, 1","ILMN_1785071",0.00136233,5.83e-05,4.6412287,1.73811,1.3608987,"selenoprotein P, plasma, 1","229620_at",0.00107,0.000276,-4.2117783,-0.131025,-0.6998611,"selenoprotein P, plasma, 1"
"375","SEPTIN11","201307_at",6.87e-21,3.04e-22,-11.2,39.7365628,-1,"septin 11","ILMN_1788778",0.04943732,0.0109,2.7065962,-3.15455,0.8806102,"septin 11","214293_at",0.000351,7.42e-05,4.7131035,1.15937,0.70095592,"septin 11"
"376","SERPINB3","209719_x_at",2.26e-45,5.87e-48,20.6,98.6267003,5.51,"serpin family B member 3","ILMN_1703855",0.02797726,0.00497,3.0210238,-2.44018,0.9657831,"serpin family B member 3","209720_s_at",0.026,0.0117,2.7144654,-3.730702,1.26082522,"serpin family B member 3"
"377","SERPINB8","206034_at",2.31e-21,9.7e-23,11.4,40.869647,2.15,"serpin family B member 8","ILMN_1718960",0.04630057,0.00998,2.7426044,-3.07508,0.830939,"serpin family B member 8","206034_at",2.44e-05,3.14e-06,-5.929217,4.29833,-0.95871833,"serpin family B member 8"
"378","SF1","1555749_at",0.0365,0.0157,-2.44,-4.6018315,-0.648,"splicing factor 1","ILMN_1712560",0.03231383,0.00611,-2.9401125,-2.62825,-0.6109512,"splicing factor 1","210172_at",0.00873,0.00324,-3.2478281,-2.517635,-1.07268695,"splicing factor 1"
"379","SGSM1","230287_at",1.36e-24,4.02e-26,-12.6,48.6120739,-1.91,"small G protein signaling modulator 1","ILMN_1762207",0.00016646,2.29e-06,-5.76526,4.83154,-1.2550448,"small G protein signaling modulator 1","230287_at",3.73e-11,2.83e-14,-15.120333,22.648479,-1.59293089,"small G protein signaling modulator 1"
"380","SHC1","201469_s_at",1.89e-31,2.44e-33,15.2,65.1424315,2.01,"SHC adaptor protein 1","ILMN_1721022",0.03204995,0.00604,-2.9443734,-2.61841,-0.7973669,"SHC adaptor protein 1","201469_s_at",2.18e-05,2.74e-06,5.9819917,4.432947,0.86133303,"SHC adaptor protein 1"
"381","SHKBP1","224846_at",3.45e-10,5.05e-11,7.02,14.163056,0.859,"SH3KBP1 binding protein 1","ILMN_1765493",0.00216572,0.00012,-4.3886195,1.0522,-0.7024315,"SH3KBP1 binding protein 1","224846_at",1.63e-05,1.93e-06,6.1196875,4.783125,0.82586853,"SH3KBP1 binding protein 1"
"382","SHMT2","214095_at",1.9e-11,2.39e-12,7.57,17.1654007,0.868,"serine hydroxymethyltransferase 2","ILMN_1661264",0.04141507,0.00856,-2.8049265,-2.93604,-0.7629844,"serine hydroxymethyltransferase 2","214095_at",3.97e-05,5.59e-06,5.7050108,3.724174,0.60702566,"serine hydroxymethyltransferase 2"
"383","SIRPG","220485_s_at",1.24e-17,7.8e-19,10,31.94184,1.61,"signal regulatory protein gamma","ILMN_1771801",0.01421275,0.00189,3.3913506,-1.54666,0.7018416,"signal regulatory protein gamma","220485_s_at",1.18e-10,1.73e-13,13.9740161,20.894187,2.12409305,"signal regulatory protein gamma"
"384","SLC1A3","202800_at",2.62e-16,1.93e-17,9.51,28.7602923,0.985,"solute carrier family 1 member 3","ILMN_1738552",0.00085651,2.94e-05,4.8800274,2.39191,0.7522134,"solute carrier family 1 member 3","202800_at",9.03e-07,5.47e-08,7.5662785,8.343311,0.93165373,"solute carrier family 1 member 3"
"385","SLC25A29","225306_s_at",1.1e-06,2.42e-07,-5.38,5.8728888,-0.595,"solute carrier family 25 member 29","ILMN_2350801",0.00384178,0.000281,-4.0873475,0.24523,-0.6694337,"solute carrier family 25 member 29","232280_at",9.16e-07,5.56e-08,-7.5590107,8.32605,-1.14033982,"solute carrier family 25 member 29"
"386","SLC29A4","1570124_at",1.65e-11,2.07e-12,-7.59,17.3090133,-1.57,"solute carrier family 29 member 4","ILMN_1801377",0.00858131,0.00091,-3.662974,-0.86212,-0.6352981,"solute carrier family 29 member 4","1570124_at",0.0185,0.00784,-2.8845554,-3.355453,-0.61332494,"solute carrier family 29 member 4"
"387","SLC38A10","230448_at",9.84e-16,7.72e-17,9.29,27.3877023,1.34,"solute carrier family 38 member 10","ILMN_2277419",0.00130646,5.49e-05,-4.6620126,1.79484,-0.7760381,"solute carrier family 38 member 10","230448_at",2.57e-06,2.04e-07,7.0191752,7.025203,1.38469149,"solute carrier family 38 member 10"
"388","SLC38A9","243709_at",4.18e-08,7.75e-09,-6.08,9.2267557,-0.996,"solute carrier family 38 member 9","ILMN_1773643",0.0025061,0.00015,4.3092393,0.83824,0.7156541,"solute carrier family 38 member 9","243709_at",0.0024,0.000713,-3.8452967,-1.058732,-1.12195241,"solute carrier family 38 member 9"
"389","SLC39A8","216504_s_at",0.000301,9.03e-05,-4.01,0.1725981,-0.87,"solute carrier family 39 member 8","ILMN_1695316",0.04780565,0.0104,2.7253726,-3.11319,0.6206374,"solute carrier family 39 member 8","219869_s_at",1.07e-07,3.58e-09,8.7530826,11.06749,2.29815095,"solute carrier family 39 member 8"
"390","SLC47A2","231068_at",3.35e-05,8.81e-06,4.59,2.3971316,1.02,"solute carrier family 47 member 2","ILMN_1693912",0.00083362,2.82e-05,4.8939846,2.43024,1.6783035,"solute carrier family 47 member 2","231068_at",0.0169,0.00704,-2.9300275,-3.253155,-0.75761023,"solute carrier family 47 member 2"
"391","SLK","206875_s_at",1.61e-19,8.28e-21,10.7,36.4534842,0.605,"STE20 like kinase","ILMN_1700834",0.00258021,0.000157,4.2943018,0.79808,1.4319668,"STE20 like kinase","206874_s_at",3.16e-07,1.44e-08,-8.1362938,9.675432,-0.86813034,"STE20 like kinase"
"392","SMAD5-AS1","220263_at",0.00272,0.000946,-3.37,-2.0399189,-0.676,"SMAD5 antisense RNA 1","ILMN_1867725",0.01181831,0.00145,3.4911069,-1.29781,0.89029,"SMAD5 antisense RNA 1","220263_at",2.03e-07,8.2e-09,-8.3836681,10.239969,-1.89006303,"SMAD5 antisense RNA 1"
"393","SMARCC2","201320_at",2.13e-09,3.41e-10,-6.68,12.2872119,-0.644,"SWI/SNF related, matrix associated, actin dependent regulator of chromatin subfamily c member 2","ILMN_1773620",0.04279708,0.00896,-2.7864188,-2.97752,-0.8471591,"SWI/SNF related, matrix associated, actin dependent regulator of chromatin subfamily c member 2","1561973_at",0.00016,2.96e-05,-5.0644447,2.069648,-1.26643262,"SWI/SNF related, matrix associated, actin dependent regulator of chromatin subfamily c member 2"
"394","SMYD2","212922_s_at",2.26e-18,1.32e-19,10.3,33.7055059,0.63,"SET and MYND domain containing 2","ILMN_1721605",0.00076315,2.44e-05,4.9443593,2.56868,0.7951538,"SET and MYND domain containing 2","212921_at",1.65e-08,3e-10,-9.9098914,13.538574,-1.2727389,"SET and MYND domain containing 2"
"395","SNRPA1","242146_at",1.94e-07,3.88e-08,-5.76,7.6547092,-1.4,"small nuclear ribonucleoprotein polypeptide A'","ILMN_1715179",0.00595323,0.000533,3.857567,-0.35936,1.1547001,"small nuclear ribonucleoprotein polypeptide A'","242146_at",0.000211,4.08e-05,-4.9415009,1.750984,-1.68420415,"small nuclear ribonucleoprotein polypeptide A'"
"396","SNX33","229898_at",8.94e-15,7.75e-16,-8.92,25.104164,-0.588,"sorting nexin 33","ILMN_1736093",0.00159953,7.5e-05,-4.5533869,1.49881,-1.0096386,"sorting nexin 33","229898_at",2.86e-05,3.8e-06,-5.8548467,4.108269,-0.74161631,"sorting nexin 33"
"397","SP1","214732_at",5.45e-08,1.02e-08,6.03,8.9535735,0.84,"Sp1 transcription factor","ILMN_1676010",0.01421275,0.00189,-3.3913248,-1.54672,-0.6794782,"Sp1 transcription factor","224754_at",0.00044,9.66e-05,-4.6123942,0.898953,-0.94351925,"Sp1 transcription factor"
"398","SP110","209762_x_at",5.38e-30,8.29e-32,14.6,61.6361617,1.54,"SP110 nuclear body protein","ILMN_2415144",0.0411394,0.00847,2.8090919,-2.92668,0.6901647,"SP110 nuclear body protein","209762_x_at",1.07e-07,3.59e-09,8.7516041,11.064215,0.96539107,"SP110 nuclear body protein"
"399","SPAG16","219109_at",2.9e-25,7.81e-27,-12.9,50.2419204,-0.719,"sperm associated antigen 16","ILMN_1768732",0.03423768,0.00662,2.9082889,-2.70144,0.7145956,"sperm associated antigen 16","219109_at",1.68e-07,6.48e-09,-8.4879489,10.475456,-0.99301879,"sperm associated antigen 16"
"400","SPCS3","218817_at",3.2e-29,5.47e-31,14.3,59.7581899,2.63,"signal peptidase complex subunit 3","ILMN_1667707",0.04688051,0.0101,2.736041,-3.08961,0.6828736,"signal peptidase complex subunit 3","222753_s_at",2.27e-10,4.93e-13,13.3403484,19.869483,1.73608937,"signal peptidase complex subunit 3"
"401","SPTAN1","214925_s_at",5.9e-27,1.33e-28,-13.5,54.2902143,-1.96,"spectrin alpha, non-erythrocytic 1","ILMN_2095133",0.02141875,0.00341,-3.168228,-2.09113,-0.8506002,"spectrin alpha, non-erythrocytic 1","214925_s_at",4.11e-06,3.66e-07,-6.782369,6.443399,-1.5756282,"spectrin alpha, non-erythrocytic 1"
"402","SPTBN2","205155_s_at",5.16e-09,8.59e-10,6.5,11.3801935,0.757,"spectrin beta, non-erythrocytic 2","ILMN_1667079",0.00069742,2.09e-05,-4.9976103,2.71516,-1.101405,"spectrin beta, non-erythrocytic 2","205155_s_at",4.42e-07,2.21e-08,-7.9515555,9.24844,-1.18292211,"spectrin beta, non-erythrocytic 2"
"403","SREK1","243361_at",1.36e-08,2.39e-09,-6.31,10.3791413,-1.04,"splicing regulatory glutamic acid and lysine rich protein 1","ILMN_2373266",0.00047468,1.12e-05,5.2138022,3.31087,1.7816563,"splicing regulatory glutamic acid and lysine rich protein 1","238781_at",0.0015,0.000409,-4.0600247,-0.517349,-0.61480959,"splicing regulatory glutamic acid and lysine rich protein 1"
"404","SRGN","201858_s_at",6.39e-08,1.21e-08,5.99,8.7912836,1.22,"serglycin","ILMN_1760347",0.0001315,1.57e-06,5.8961598,5.19141,1.470269,"serglycin","201858_s_at",2.31e-08,4.78e-10,9.6864072,13.075271,1.77771881,"serglycin"
"405","SRM","201516_at",6.5e-26,1.63e-27,13.1,51.8017749,1.43,"spermidine synthase","ILMN_1661337",0.00747273,0.000739,-3.7389217,-0.66701,-0.9248467,"spermidine synthase","201516_at",1.85e-09,1.35e-11,11.481488,16.613775,1.20780367,"spermidine synthase"
"406","SSBP1","214060_at",0.00053,0.000164,3.85,-0.3965686,0.677,"single stranded DNA binding protein 1","ILMN_1809478",0.00318619,0.000215,4.1817818,0.49663,1.1838416,"single stranded DNA binding protein 1","1562442_a_at",0.00505,0.00171,-3.5026248,-1.905697,-0.60519525,"single stranded DNA binding protein 1"
"407","SSBP2","238484_s_at",1.13e-14,9.87e-16,-8.88,24.8641625,-1.35,"single stranded DNA binding protein 2","ILMN_1711608",0.01113662,0.00133,3.5233018,-1.21685,0.638125,"single stranded DNA binding protein 2","238483_at",1.51e-05,1.77e-06,-6.1546351,4.871746,-0.6899674,"single stranded DNA binding protein 2"
"408","SSH3","219241_x_at",5.23e-10,7.83e-11,6.95,13.7318937,0.641,"slingshot protein phosphatase 3","ILMN_1755234",0.02446356,0.00411,-3.0951883,-2.2654,-0.6958708,"slingshot protein phosphatase 3","51192_at",0.00074,0.000178,-4.3798187,0.29954,-0.59072138,"slingshot protein phosphatase 3"
"409","SSX2IP","203017_s_at",4.58e-10,6.79e-11,6.97,13.8715868,0.653,"SSX family member 2 interacting protein","ILMN_1720844",0.02134569,0.00339,3.1704195,-2.08587,0.8784289,"SSX family member 2 interacting protein","203019_x_at",9.83e-05,1.65e-05,-5.2868833,2.645778,-0.61733686,"SSX family member 2 interacting protein"
"410","STAT1","AFFX-HUMISGF3A/M97935_MA_at",5.62e-35,4.95e-37,16.5,73.6052364,3.61,"signal transducer and activator of transcription 1","ILMN_1690105",0.00354559,0.000251,4.127479,0.35188,1.1446364,"signal transducer and activator of transcription 1","209969_s_at",1.64e-05,1.95e-06,6.1157691,4.773182,1.98366367,"signal transducer and activator of transcription 1"
"411","STK17B","205214_at",1.22e-15,9.72e-17,9.25,27.1588163,1.31,"serine/threonine kinase 17b","ILMN_1798543",0.01796682,0.00266,3.2630622,-1.86187,1.0435787,"serine/threonine kinase 17b","217503_at",0.000232,4.55e-05,4.8992447,1.641467,1.09659296,"serine/threonine kinase 17b"
"412","STRBP","229513_at",1.45e-18,8.31e-20,-10.4,34.163916,-0.92,"spermatid perinuclear RNA binding protein","ILMN_1808783",0.01654537,0.00238,3.305253,-1.75883,0.9016983,"spermatid perinuclear RNA binding protein","233251_at",0.00269,0.000817,-3.7927276,-1.190155,-0.85927037,"spermatid perinuclear RNA binding protein"
"413","STX19","1555173_at",3.14e-24,9.58e-26,12.5,47.7484195,1.78,"syntaxin 19","ILMN_1775587",8.93e-06,9.33e-09,7.727218,10.07873,2.4180636,"syntaxin 19","1555173_at",6.63e-06,6.49e-07,-6.5518352,5.870925,-1.59906832,"syntaxin 19"
"414","SUB1","214512_s_at",2.14e-30,3.12e-32,14.8,62.6081012,1.06,"SUB1 homolog, transcriptional regulator","ILMN_1736054",0.00035481,7.04e-06,5.3749887,3.7556,1.2329639,"SUB1 homolog, transcriptional regulator","214512_s_at",1.4e-07,5.09e-09,8.5952655,10.716248,0.73117003,"SUB1 homolog, transcriptional regulator"
"415","SUGT1","244368_x_at",7.74e-05,2.14e-05,-4.37,1.5453995,-0.666,"SGT1 homolog, MIS12 kinetochore complex assembly cochaperone","ILMN_2054725",0.00491269,0.000401,3.9598386,-0.0916,0.9470494,"SGT1 homolog, MIS12 kinetochore complex assembly cochaperone","228045_at",2.13e-06,1.63e-07,-7.1112092,7.249532,-0.88883108,"SGT1 homolog, MIS12 kinetochore complex assembly cochaperone"
"416","SULT2B1","205759_s_at",2.45e-18,1.44e-19,10.3,33.6210483,1.93,"sulfotransferase family 2B member 1","ILMN_1763520",0.0320447,0.00603,-2.9448924,-2.61722,-0.6580889,"sulfotransferase family 2B member 1","205759_s_at",0.000582,0.000134,-4.4888852,0.580221,-1.17611784,"sulfotransferase family 2B member 1"
"417","SUPT20H","216682_s_at",1.43e-12,1.59e-13,-8.03,19.8408072,-1.14,"SPT20 homolog, SAGA complex component","ILMN_1669555",0.00193586,0.000102,4.4445144,1.20335,0.9581886,"SPT20 homolog, SAGA complex component","216717_at",0.000404,8.75e-05,-4.6504548,0.997325,-0.9294204,"SPT20 homolog, SAGA complex component"
"418","SURF4","222977_at",3.01e-06,6.97e-07,5.16,4.8461637,0.629,"surfeit 4","ILMN_1690761",0.01495242,0.00204,-3.3629483,-1.61692,-0.8264207,"surfeit 4","222977_at",9.44e-05,1.58e-05,5.3050077,2.692672,0.71480555,"surfeit 4"
"419","SUSD2","227480_at",8.99e-13,9.76e-14,-8.11,20.3224435,-1.44,"sushi domain containing 2","ILMN_1693270",0.01012344,0.00116,-3.573485,-1.09003,-1.3630699,"sushi domain containing 2","234310_s_at",6.71e-06,6.59e-07,-6.5456191,5.85541,-0.70135408,"sushi domain containing 2"
"420","SYNE2","202761_s_at",5.15e-23,1.77e-24,-12,44.846948,-0.852,"spectrin repeat containing nuclear envelope protein 2","ILMN_1754579",0.02895649,0.00524,3.0007897,-2.48747,0.6625261,"spectrin repeat containing nuclear envelope protein 2","202761_s_at",4.65e-08,1.22e-09,-9.2454861,12.141511,-1.29394247,"spectrin repeat containing nuclear envelope protein 2"
"421","SYNGR1","204287_at",1.04e-10,1.43e-11,-7.25,15.4063591,-1.11,"synaptogyrin 1","ILMN_1810875",0.00353859,0.00025,-4.1286819,0.35508,-0.8439689,"synaptogyrin 1","204287_at",5.08e-08,1.38e-09,-9.1878483,12.017502,-1.58148331,"synaptogyrin 1"
"422","SYT17","205613_at",3.3e-14,3.04e-15,-8.69,23.7496108,-0.927,"synaptotagmin 17","ILMN_1657760",0.01454432,0.00195,-3.3795491,-1.57589,-0.8135947,"synaptotagmin 17","205613_at",2.55e-06,2.03e-07,-7.0216593,7.031272,-1.06071392,"synaptotagmin 17"
"423","SYT8","232802_at",4.17e-19,2.24e-20,-10.6,35.4652271,-1.69,"synaptotagmin 8","ILMN_1679836",0.00053636,1.37e-05,-5.1453264,3.12205,-1.4742654,"synaptotagmin 8","232802_at",4.65e-05,6.76e-06,-5.6311483,3.534307,-0.76163338,"synaptotagmin 8"
"424","TAF13","227278_at",7.9e-17,5.51e-18,9.71,30.0042211,0.626,"TATA-box binding protein associated factor 13","ILMN_2061318",0.02966801,0.0054,2.9885051,-2.5161,0.7495156,"TATA-box binding protein associated factor 13","205966_at",0.00826,0.00304,3.2740138,-2.455574,0.64642883,"TATA-box binding protein associated factor 13"
"425","TAGLN","205547_s_at",4.3e-18,2.56e-19,-10.2,33.04625,-1.42,"transgelin","ILMN_1778668",0.00508812,0.000424,-3.9405193,-0.14235,-0.7200326,"transgelin","1555724_s_at",3.44e-07,1.61e-08,8.0898592,9.568538,1.42867164,"transgelin"
"426","TAOK2","204986_s_at",0.000834,0.000267,3.72,-0.8533108,0.624,"TAO kinase 2","ILMN_1701487",0.03071888,0.00569,-2.9683605,-2.56291,-0.6050718,"TAO kinase 2","204986_s_at",0.000361,7.66e-05,4.7010133,1.128087,0.76759528,"TAO kinase 2"
"427","TCEAL9","217975_at",3.13e-15,2.59e-16,9.09,26.1888213,0.6,"transcription elongation factor A like 9","ILMN_1679838",1.69e-06,5.88e-10,8.7743578,12.69051,2.2816159,"transcription elongation factor A like 9","217975_at",1.11e-05,1.21e-06,6.3038208,5.248817,0.59723699,"transcription elongation factor A like 9"
"428","TCF12","233678_at",2.14e-10,3.06e-11,-7.11,14.6559474,-0.943,"transcription factor 12","ILMN_2314007",0.03233259,0.00612,2.9395693,-2.6295,0.8049318,"transcription factor 12","215611_at",2.69e-05,3.53e-06,-5.8829543,4.180149,-1.30069811,"transcription factor 12"
"429","TEF","225840_at",2.43e-07,4.93e-08,-5.71,7.4202996,-0.841,"TEF, PAR bZIP transcription factor","ILMN_1706511",0.00066807,1.95e-05,-5.0218513,2.78188,-0.7870104,"TEF, PAR bZIP transcription factor","225840_at",0.00752,0.00272,-3.3187614,-2.34906,-0.82119079,"TEF, PAR bZIP transcription factor"
"430","TGFB1I1","209651_at",2.63e-10,3.79e-11,-7.08,14.4448443,-0.715,"transforming growth factor beta 1 induced transcript 1","ILMN_2389876",0.00222985,0.000125,-4.3729351,1.00985,-0.6376603,"transforming growth factor beta 1 induced transcript 1","209651_at",2.69e-05,3.53e-06,5.8838092,4.182334,0.71575868,"transforming growth factor beta 1 induced transcript 1"
"431","THAP6","230169_at",1.63e-08,2.88e-09,-6.27,10.1942242,-0.852,"THAP domain containing 6","ILMN_1661424",0.03160961,0.00593,2.9519863,-2.60082,0.6413014,"THAP domain containing 6","230169_at",2.63e-05,3.44e-06,-5.8933095,4.206616,-0.63500975,"THAP domain containing 6"
"432","TIGAR","219099_at",6.32e-35,5.61e-37,16.5,73.4806863,3.03,"TP53 induced glycolysis regulatory phosphatase","ILMN_1791792",0.00472676,0.000378,3.9811844,-0.03543,0.6411004,"TP53 induced glycolysis regulatory phosphatase","219099_at",9.64e-05,1.62e-05,5.2955893,2.668305,0.98343301,"TP53 induced glycolysis regulatory phosphatase"
"433","TIMM8A","205217_at",3.31e-18,1.96e-19,10.2,33.3120122,1.2,"translocase of inner mitochondrial membrane 8 homolog A (yeast)","ILMN_1722239",0.00262965,0.000161,4.2841495,0.7708,0.6081553,"translocase of inner mitochondrial membrane 8 homolog A (yeast)","210800_at",2.83e-06,2.31e-07,-6.9699394,6.904777,-1.3455888,"translocase of inner mitochondrial membrane 8 homolog A (yeast)"
"434","TM7SF2","210130_s_at",7.53e-11,1.02e-11,7.31,15.7389683,1.13,"transmembrane 7 superfamily member 2","ILMN_1690040",0.0202094,0.00314,-3.1999287,-2.01487,-0.752735,"transmembrane 7 superfamily member 2","210130_s_at",0.00107,0.000275,-4.2126274,-0.128856,-0.85095126,"transmembrane 7 superfamily member 2"
"435","TM9SF1","209149_s_at",3.62e-27,7.94e-29,13.6,54.8054958,1.55,"transmembrane 9 superfamily member 1","ILMN_1709334",0.00900445,0.000975,-3.6378224,-0.9264,-0.6533323,"transmembrane 9 superfamily member 1","209149_s_at",3e-08,6.76e-10,9.5217237,12.729584,1.10073263,"transmembrane 9 superfamily member 1"
"436","TMED5","202195_s_at",2.16e-15,1.76e-16,9.16,26.5730104,1.01,"transmembrane p24 trafficking protein 5","ILMN_1803279",0.01470687,0.002,3.3716595,-1.5954,1.2114517,"transmembrane p24 trafficking protein 5","202195_s_at",4.67e-08,1.23e-09,9.242083,12.134202,1.10818618,"transmembrane p24 trafficking protein 5"
"437","TMEM159","213272_s_at",1.47e-06,3.26e-07,-5.32,5.5824271,-1.05,"transmembrane protein 159","ILMN_1655876",0.0396792,0.00808,-2.8281012,-2.88387,-0.7300607,"transmembrane protein 159","213272_s_at",0.000508,0.000114,-4.5487261,0.734547,-0.93874448,"transmembrane protein 159"
"438","TMEM167A","226276_at",2.44e-17,1.6e-18,9.91,31.2291258,1.37,"transmembrane protein 167A","ILMN_1742813",0.00208313,0.000113,4.4080189,1.10461,0.6630655,"transmembrane protein 167A","226276_at",1.62e-07,6.18e-09,8.5084713,10.521625,0.79852831,"transmembrane protein 167A"
"439","TMEM237","228255_at",3.53e-20,1.69e-21,-11,38.0299607,-0.838,"transmembrane protein 237","ILMN_1800958",0.00375012,0.000271,4.1007293,0.28076,0.9773315,"transmembrane protein 237","1553956_at",1.59e-05,1.87e-06,-6.1318091,4.813875,-0.71055143,"transmembrane protein 237"
"440","TMEM266","1552400_a_at",7.04e-06,1.7e-06,-4.96,3.9819642,-0.85,"transmembrane protein 266","ILMN_1808956",0.01063681,0.00125,-3.546848,-1.15743,-0.7220477,"transmembrane protein 266","1552400_a_at",0.000837,0.000206,-4.324149,0.15662,-1.05815501,"transmembrane protein 266"
"441","TMEM91","229957_at",1.44e-15,1.15e-16,-9.22,26.992752,-0.73,"transmembrane protein 91","ILMN_2211065",0.02982971,0.00545,-2.9850529,-2.52413,-0.7813407,"transmembrane protein 91","229957_at",0.02,0.00858,-2.8470344,-3.439253,-0.58728051,"transmembrane protein 91"
"442","TMOD3","223078_s_at",9.85e-20,4.95e-21,10.8,36.9636132,1.57,"tropomodulin 3","ILMN_1809484",0.03777335,0.00752,2.8569603,-2.81855,0.5913994,"tropomodulin 3","242316_at",0.000132,2.34e-05,-5.1530832,2.299334,-0.88764852,"tropomodulin 3"
"443","TMSB15B","214051_at",1.29e-09,2.01e-10,-6.77,12.8042185,-0.926,"thymosin beta 15B///thymosin beta 15a","ILMN_1740512",0.00110484,4.22e-05,4.7537355,2.04562,0.9839878,"thymosin beta 15B","205347_s_at",5.83e-05,8.87e-06,5.5260533,3.263631,1.56514715,"thymosin beta 15B///thymosin beta 15a"
"444","TNFRSF21","214581_x_at",7.05e-25,2e-26,12.7,49.3047167,1.61,"TNF receptor superfamily member 21","ILMN_1699695",0.02748486,0.00484,3.0315085,-2.41561,1.0411976,"TNF receptor superfamily member 21","214581_x_at",0.00468,0.00156,3.5387548,-1.817576,0.84900622,"TNF receptor superfamily member 21"
"445","TNNT2","215389_s_at",2.26e-23,7.5e-25,-12.2,45.7019623,-1.9,"troponin T2, cardiac type","ILMN_1664071",0.01393167,0.00185,3.4009319,-1.52289,0.6522375,"troponin T2, cardiac type","215389_s_at",1.38e-08,2.39e-10,-10.0212766,13.767005,-1.49710373,"troponin T2, cardiac type"
"446","TNPO1","225766_s_at",7.16e-20,3.55e-21,10.9,37.2950175,1.49,"transportin 1","ILMN_1837935",0.02373454,0.00395,3.1107556,-2.22843,0.7213024,"transportin 1","225765_at",1.8e-07,7.05e-09,8.4500098,10.389954,0.70727605,"transportin 1"
"447","TPM2","227397_at",0.000275,8.22e-05,-4.04,0.2617489,-0.601,"tropomyosin 2 (beta)","ILMN_1789196",0.04221,0.0088,2.7939236,-2.96072,0.7784066,"tropomyosin 2 (beta)","212654_at",3.34e-07,1.54e-08,8.1064641,9.606797,0.96433506,"tropomyosin 2 (beta)"
"448","TRAF3IP2","215411_s_at",1.49e-21,6.1e-23,11.5,41.3313402,0.638,"TRAF3 interacting protein 2","ILMN_1701514",0.0014773,6.64e-05,-4.5955717,1.61364,-0.8399879,"TRAF3 interacting protein 2","202987_at",0.0118,0.00459,-3.1060108,-2.850068,-0.62205159,"TRAF3 interacting protein 2"
"449","TRIM22","213293_s_at",1.79e-30,2.59e-32,14.8,62.7949615,1.12,"tripartite motif containing 22","ILMN_1779252",3.258e-05,1.22e-07,6.7939874,7.62974,1.44365,"tripartite motif containing 22","213293_s_at",5.24e-06,4.89e-07,6.6657091,6.154429,0.72824022,"tripartite motif containing 22"
"450","TRIOBP","243690_at",8.64e-05,2.41e-05,-4.34,1.4337636,-0.594,"TRIO and F-actin binding protein","ILMN_1735788",0.01718912,0.00251,-3.2851254,-1.80806,-0.7753307,"TRIO and F-actin binding protein","1552334_at",9.59e-06,1.01e-06,-6.3735725,5.424399,-0.96979138,"TRIO and F-actin binding protein"
"451","TRMT13","232489_at",7.76e-12,9.33e-13,-7.73,18.0936276,-0.899,"tRNA methyltransferase 13 homolog","ILMN_1659786",0.00209523,0.000115,4.404694,1.09562,1.5988431,"tRNA methyltransferase 13 homolog","232489_at",5.78e-06,5.51e-07,-6.6175492,6.034699,-1.47107399,"tRNA methyltransferase 13 homolog"
"452","TRNT1","222754_at",2.83e-12,3.25e-13,7.91,19.1341724,0.982,"tRNA nucleotidyl transferase 1","ILMN_1655924",0.00690347,0.000665,3.7773518,-0.56773,0.9032867,"tRNA nucleotidyl transferase 1","223814_at",8.86e-06,9.23e-07,6.4114789,5.519619,0.97185035,"tRNA nucleotidyl transferase 1"
"453","TSC22D4","1554501_at",1.05e-07,2.05e-08,-5.89,8.277441,-0.6,"TSC22 domain family member 4","ILMN_1721636",0.00533317,0.000457,-3.9128,-0.21503,-0.6891093,"TSC22 domain family member 4","1554501_at",0.000135,2.42e-05,-5.1413478,2.26893,-0.60222052,"TSC22 domain family member 4"
"454","TSEN15","225400_at",6.61e-12,7.89e-13,7.76,18.2594198,0.759,"tRNA splicing endonuclease subunit 15","ILMN_1734486",0.00427779,0.000326,4.0337729,0.10333,0.9196206,"tRNA splicing endonuclease subunit 15","230257_s_at",2e-07,8.04e-09,8.3922074,10.259309,0.84722115,"tRNA splicing endonuclease subunit 15"
"455","TTC37","1554029_a_at",2.35e-05,6.06e-06,-4.67,2.7563293,-0.789,"tetratricopeptide repeat domain 37","ILMN_1795911",0.00474188,0.00038,3.9791488,-0.04079,1.1866119,"tetratricopeptide repeat domain 37","1554029_a_at",0.000412,8.94e-05,-4.6420391,0.975568,-1.11114344,"tetratricopeptide repeat domain 37"
"456","TTC39B","236826_at",1.3e-11,1.61e-12,7.63,17.5547083,1.18,"tetratricopeptide repeat domain 39B","ILMN_1769290",0.03002915,0.00551,2.980733,-2.53418,0.9065841,"tetratricopeptide repeat domain 39B","242477_at",0.00707,0.00253,-3.3476591,-2.279971,-0.63399116,"tetratricopeptide repeat domain 39B"
"457","TTLL12","216251_s_at",2.4e-11,3.06e-12,7.52,16.922388,0.601,"tubulin tyrosine ligase like 12","ILMN_1663113",0.00377314,0.000273,-4.0976702,0.27264,-1.0593567,"tubulin tyrosine ligase like 12","216251_s_at",0.000151,2.76e-05,-5.0908852,2.138172,-0.58882191,"tubulin tyrosine ligase like 12"
"458","TTPAL","219633_at",0.00202,0.000689,3.46,-1.7443949,0.61,"alpha tocopherol transfer protein like","ILMN_1744442",0.04683716,0.0101,-2.7366665,-3.08823,-0.6542429,"alpha tocopherol transfer protein like","228031_at",3.35e-08,7.83e-10,-9.4526412,12.583486,-0.66833111,"alpha tocopherol transfer protein like"
"459","TUBB2B","209372_x_at",1.81e-08,3.21e-09,6.25,10.0890473,1.46,"tubulin beta 2B class IIb///tubulin beta 2A class IIa","ILMN_1680874",6.601e-05,5.02e-07,-6.2942795,6.28026,-1.5016689,"tubulin beta 2B class IIb","214023_x_at",0.0146,0.00591,3.0023592,-3.088824,0.8402949,"tubulin beta 2B class IIb"
"460","TWSG1","219201_s_at",4.58e-11,6.03e-12,7.4,16.2539553,0.874,"twisted gastrulation BMP signaling modulator 1","ILMN_2214144",0.01553201,0.00217,3.3404527,-1.67239,1.0276901,"twisted gastrulation BMP signaling modulator 1","219201_s_at",9.23e-08,2.94e-09,8.8413481,11.26245,1.06996369,"twisted gastrulation BMP signaling modulator 1"
"461","TXNDC17","224511_s_at",7.38e-45,2.07e-47,20.4,97.3765731,1.43,"thioredoxin domain containing 17","ILMN_1659437",0.00257091,0.000156,4.2963074,0.80347,1.3578533,"thioredoxin domain containing 17","224511_s_at",6.22e-05,9.58e-06,5.4966302,3.18775,0.65077199,"thioredoxin domain containing 17"
"462","TXNDC9","1554047_at",1.11e-06,2.43e-07,5.38,5.869529,0.753,"thioredoxin domain containing 9","ILMN_1731137",0.00020266,3.1e-06,5.6599463,4.54153,1.3423221,"thioredoxin domain containing 9","1554047_at",0.00538,0.00184,3.4738704,-1.975605,0.70779106,"thioredoxin domain containing 9"
"463","TYMS","1554696_s_at",6.24e-25,1.76e-26,12.7,49.4310943,1.14,"thymidylate synthetase","ILMN_1806040",0.02542568,0.00436,3.0722709,-2.31964,0.7590675,"thymidylate synthetase","217684_at",2.58e-06,2.05e-07,-7.0170929,7.020116,-1.09415856,"thymidylate synthetase"
"464","TYSND1","238802_at",1.83e-14,1.64e-15,-8.79,24.3623537,-0.93,"trypsin domain containing 1","ILMN_2248725",0.00206587,0.000112,-4.4119065,1.11512,-0.6397401,"trypsin domain containing 1","238802_at",1.2e-07,4.15e-09,-8.6863996,10.919494,-1.15462763,"trypsin domain containing 1"
"465","UBA6","218340_s_at",1.11e-10,1.53e-11,7.24,15.3369931,1.81,"ubiquitin like modifier activating enzyme 6","ILMN_1675085",0.0217643,0.00349,3.1591836,-2.11283,1.1035929,"ubiquitin like modifier activating enzyme 6","1555441_at",0.0015,0.000411,4.0580736,-0.522298,0.79827881,"ubiquitin like modifier activating enzyme 6"
"466","UBE2Z","236107_at",1.15e-05,2.86e-06,-4.84,3.479392,-1.31,"ubiquitin conjugating enzyme E2 Z","ILMN_1692168",0.01369555,0.0018,-3.4105535,-1.499,-0.6849721,"ubiquitin conjugating enzyme E2 Z","236107_at",0.002,0.000576,-3.9283446,-0.850171,-0.91556702,"ubiquitin conjugating enzyme E2 Z"
"467","UGGT2","1558467_a_at",1.52e-07,3.01e-08,-5.81,7.902146,-0.874,"UDP-glucose glycoprotein glucosyltransferase 2","ILMN_1788387",0.00192025,0.000101,4.4500385,1.2183,0.6885447,"UDP-glucose glycoprotein glucosyltransferase 2","218801_at",4.25e-05,6.07e-06,5.6730944,3.642171,0.58822846,"UDP-glucose glycoprotein glucosyltransferase 2"
"468","UGP2","232180_at",2.28e-15,1.85e-16,-9.15,26.5192905,-0.725,"UDP-glucose pyrophosphorylase 2","ILMN_2389151",0.01049619,0.00122,3.5539982,-1.13936,1.0184907,"UDP-glucose pyrophosphorylase 2","232180_at",0.0011,0.000284,-4.2002073,-0.160573,-0.75230281,"UDP-glucose pyrophosphorylase 2"
"469","VAPA","228480_at",3.1e-07,6.36e-08,-5.66,7.1719553,-0.612,"VAMP associated protein A","ILMN_1690822",0.00142095,6.27e-05,4.6157858,1.66873,0.6337484,"VAMP associated protein A","242780_at",1.63e-06,1.16e-07,-7.2534492,7.594205,-0.75581559,"VAMP associated protein A"
"470","VEZT","207263_x_at",2.37e-10,3.4e-11,-7.1,14.5506257,-0.655,"vezatin, adherens junctions transmembrane protein","ILMN_1774828",0.00222985,0.000125,4.3737702,1.01211,1.222258,"vezatin, adherens junctions transmembrane protein","207263_x_at",6.38e-05,9.87e-06,-5.4851412,3.15811,-0.68713156,"vezatin, adherens junctions transmembrane protein"
"471","VIPR1","205019_s_at",1.24e-08,2.16e-09,6.33,10.4743495,0.768,"vasoactive intestinal peptide receptor 1","ILMN_2199389",0.02025927,0.00315,-3.1986147,-2.01803,-0.60252,"vasoactive intestinal peptide receptor 1","205019_s_at",5.45e-06,5.12e-07,-6.6470025,6.107952,-1.52622807,"vasoactive intestinal peptide receptor 1"
"472","VPS18","223346_at",4.69e-06,1.11e-06,5.06,4.3937489,0.694,"VPS18, CORVET/HOPS core subunit","ILMN_1721575",9.367e-05,9.22e-07,-6.0815975,5.6998,-0.9464742,"VPS18, CORVET/HOPS core subunit","223346_at",0.000163,3.01e-05,5.0571173,2.050657,0.87712699,"VPS18, CORVET/HOPS core subunit"
"473","VPS9D1","205781_at",2.18e-15,1.78e-16,9.15,26.5627681,1.03,"VPS9 domain containing 1","ILMN_1693630",0.02099419,0.00331,-3.1793149,-2.0645,-0.6490758,"VPS9 domain containing 1","205781_at",0.000518,0.000117,4.5406009,0.713581,0.62099548,"VPS9 domain containing 1"
"474","VWA1","218731_s_at",7.02e-11,9.46e-12,7.32,15.8104659,1.05,"von Willebrand factor A domain containing 1","ILMN_1781636",0.00603743,0.000547,-3.8481114,-0.384,-0.673788,"von Willebrand factor A domain containing 1","225983_s_at",8.59e-05,1.41e-05,5.347651,2.802965,1.11736094,"von Willebrand factor A domain containing 1"
"475","WASF2","224563_at",1.56e-05,3.95e-06,-4.77,3.1700417,-1.06,"WAS protein family member 2","ILMN_1684051",0.00977988,0.0011,-3.5921878,-1.04258,-1.1251092,"WAS protein family member 2","224563_at",0.0139,0.00561,-3.0241475,-3.038948,-0.60098359,"WAS protein family member 2"
"476","WDR11","229694_at",0.0141,0.00555,-2.81,-3.6703737,-0.722,"WD repeat domain 11","ILMN_1662896",0.02428713,0.00407,3.0990346,-2.25627,0.8139636,"WD repeat domain 11","229694_at",0.00116,0.000303,-4.1760304,-0.222267,-0.94602248,"WD repeat domain 11"
"477","WDR13","238782_at",7.05e-05,1.94e-05,-4.4,1.6396921,-0.66,"WD repeat domain 13","ILMN_1805512",0.00266668,0.000165,-4.2772127,0.75217,-1.0719256,"WD repeat domain 13","238782_at",5.71e-05,8.66e-06,-5.5355417,3.288092,-0.93513133,"WD repeat domain 13"
"478","WDR61","215156_at",7.47e-22,2.94e-23,-11.6,42.055006,-1.35,"WD repeat domain 61","ILMN_1665887",0.03916417,0.00794,2.8351426,-2.86797,0.7482606,"WD repeat domain 61","237208_at",0.0043,0.00142,-3.5771191,-1.723674,-0.79869945,"WD repeat domain 61"
"479","WDSUB1","226668_at",1.44e-21,5.9e-23,-11.5,41.3647007,-0.72,"WD repeat, sterile alpha motif and U-box domain containing 1","ILMN_1735275",0.0060175,0.000544,3.8500815,-0.37887,0.8249764,"WD repeat, sterile alpha motif and U-box domain containing 1","226668_at",3.98e-05,5.61e-06,-5.7033046,3.719792,-0.63080936,"WD repeat, sterile alpha motif and U-box domain containing 1"
"480","WTAP","210285_x_at",0.000602,0.000189,3.82,-0.5260164,0.615,"Wilms tumor 1 associated protein","ILMN_1748904",0.0386381,0.00778,2.8436015,-2.84883,0.8216277,"Wilms tumor 1 associated protein","210285_x_at",7.4e-05,1.18e-05,5.416548,2.981024,0.68793973,"Wilms tumor 1 associated protein"
"481","YIF1B","226437_at",1.65e-10,2.32e-11,7.16,14.9273971,0.771,"Yip1 interacting factor homolog B, membrane trafficking protein","ILMN_2363668",0.01110508,0.00132,-3.5250683,-1.21239,-0.7961367,"Yip1 interacting factor homolog B, membrane trafficking protein","226437_at",3.02e-09,2.72e-11,11.1133397,15.921328,0.86490647,"Yip1 interacting factor homolog B, membrane trafficking protein"
"482","YPEL3","232077_s_at",1.05e-11,1.29e-12,-7.67,17.772773,-0.969,"yippee like 3","ILMN_1791147",0.00936482,0.00104,-3.6145522,-0.98571,-0.8305849,"yippee like 3","232077_s_at",0.00532,0.00182,-3.4788159,-1.963596,-0.65582726,"yippee like 3"
"483","ZBTB16","205883_at",2.05e-29,3.38e-31,-14.4,60.2379632,-4.08,"zinc finger and BTB domain containing 16","ILMN_2305407",0.03777335,0.00753,-2.8567465,-2.81904,-1.1766706,"zinc finger and BTB domain containing 16","205883_at",0.00581,0.00202,-3.4376663,-2.063335,-1.30458114,"zinc finger and BTB domain containing 16"
"484","ZC3H14","242443_at",9.81e-12,1.2e-12,-7.69,17.8488818,-0.608,"zinc finger CCCH-type containing 14","ILMN_2335669",0.01954555,0.00298,3.219039,-1.96871,1.0167822,"zinc finger CCCH-type containing 14","242443_at",0.000109,1.88e-05,-5.2380274,2.519326,-0.67693443,"zinc finger CCCH-type containing 14"
"485","ZC3H8","223506_at",2.18e-18,1.27e-19,10.3,33.741586,0.886,"zinc finger CCCH-type containing 8","ILMN_1657837",0.00766553,0.000768,3.7248666,-0.70323,0.6220357,"zinc finger CCCH-type containing 8","239644_at",4.3e-06,3.86e-07,-6.7603229,6.388907,-0.8655251,"zinc finger CCCH-type containing 8"
"486","ZCCHC6","242776_at",0.00363,0.00129,3.27,-2.327956,0.687,"zinc finger CCHC-type containing 6","ILMN_1779677",0.00155761,7.24e-05,4.5656612,1.53221,1.6474186,"zinc finger CCHC-type containing 6","238800_s_at",0.00131,0.00035,-4.1198985,-0.36525,-0.66031884,"zinc finger CCHC-type containing 6"
"487","ZCCHC7","230332_at",5.23e-08,9.81e-09,-6.03,8.995793,-0.843,"zinc finger CCHC-type containing 7","ILMN_1744980",0.00078796,2.56e-05,4.9279044,2.52345,1.2065279,"zinc finger CCHC-type containing 7","230332_at",1.59e-06,1.12e-07,-7.2653919,7.62303,-1.52317499,"zinc finger CCHC-type containing 7"
"488","ZMYM2","226512_at",2.41e-15,1.97e-16,-9.14,26.4617273,-0.766,"zinc finger MYM-type containing 2","ILMN_1661636",0.00845813,0.000888,3.6718652,-0.83935,1.1154755,"zinc finger MYM-type containing 2","210281_s_at",0.00012,2.09e-05,-5.1962734,2.411208,-0.81017659,"zinc finger MYM-type containing 2"
"489","ZNF24","203247_s_at",0.000218,6.43e-05,-4.1,0.4954565,-0.608,"zinc finger protein 24","ILMN_1654357",0.02971796,0.00542,2.9876274,-2.51814,0.9002582,"zinc finger protein 24","1554045_at",0.000125,2.19e-05,5.1791298,2.366806,0.70340725,"zinc finger protein 24"
"490","ZNF277","215887_at",6.76e-09,1.14e-09,-6.45,11.1010251,-0.643,"zinc finger protein 277","ILMN_1681628",0.00047468,1.12e-05,5.2143558,3.3124,1.5905073,"zinc finger protein 277","1555193_a_at",0.00537,0.00184,-3.4747559,-1.973455,-0.597077,"zinc finger protein 277"
"491","ZNF302","228393_s_at",1.32e-29,2.12e-31,-14.5,60.7018135,-1.24,"zinc finger protein 302","ILMN_2307450",0.00335805,0.000231,4.1569242,0.43031,1.2064525,"zinc finger protein 302","228393_s_at",0.00039,8.38e-05,-4.666893,1.039829,-0.6009063,"zinc finger protein 302"
"492","ZNF33B","1558586_at",2.14e-12,2.41e-13,-7.96,19.4275134,-1.36,"zinc finger protein 33B","ILMN_1742935",0.00228713,0.000132,4.3554803,0.96277,1.3207998,"zinc finger protein 33B","1558586_at",8.62e-05,1.42e-05,-5.345919,2.798486,-0.76611207,"zinc finger protein 33B"
"493","ZNF451","1556060_a_at",1.22e-06,2.7e-07,-5.36,5.7658059,-1.11,"zinc finger protein 451","ILMN_1706734",0.0052255,0.00044,3.9266685,-0.17869,1.1870669,"zinc finger protein 451","1556060_a_at",0.012,0.00469,-3.0971901,-2.87053,-0.64646526,"zinc finger protein 451"
"494","ZNF518A","244132_x_at",7.24e-15,6.22e-16,-8.95,25.32168,-0.789,"zinc finger protein 518A","ILMN_1742541",0.04719942,0.0102,2.7323829,-3.0977,0.9264746,"zinc finger protein 518A","244132_x_at",0.000446,9.82e-05,-4.6063567,0.883354,-1.1571996,"zinc finger protein 518A"
"495","ZNF585A","229794_at",1.2e-07,2.35e-08,-5.86,8.1442107,-0.724,"zinc finger protein 585A","ILMN_1764415",3.36e-06,2.25e-09,8.2599727,11.42684,1.8464225,"zinc finger protein 585A","243790_at",0.000673,0.000158,-4.4241723,0.413582,-0.79065597,"zinc finger protein 585A"
"496","ZNF644","229684_s_at",0.0142,0.00563,-2.8,-3.6818721,-0.585,"zinc finger protein 644","ILMN_1730118",0.00771707,0.000774,3.7220603,-0.71046,0.7957635,"zinc finger protein 644","229684_s_at",0.0102,0.00387,-3.1762007,-2.686332,-0.74108683,"zinc finger protein 644"
