"","Gene.symbol","ID.PS","adj.P.Val.PS","P.Value.PS","t.PS","B.PS","logFC.PS","Gene.title.PS","ID.VL","adj.P.Val.VL","P.Value.VL","t.VL","B.VL","logFC.VL","Gene.title.VL"
"1","AASDH","235435_at",0.000201,5.88e-05,-4.12,0.5801078,-0.602,"aminoadipate-semialdehyde dehydrogenase","ILMN_1784269",0.04635946,0.01,2.7418013,-3.07686,0.7257071,"aminoadipate-semialdehyde dehydrogenase"
"2","AASDHPPT","202170_s_at",7.62e-14,7.36e-15,8.55,22.8764103,0.927,"aminoadipate-semialdehyde dehydrogenase-phosphopantetheinyl transferase","ILMN_2096191",0.02904606,0.00526,2.9988941,-2.49189,0.9753801,"aminoadipate-semialdehyde dehydrogenase-phosphopantetheinyl transferase"
"3","ABHD4","242023_at",8.85e-08,1.7e-08,5.93,8.4583943,1.11,"abhydrolase domain containing 4","ILMN_1700633",0.00095256,3.45e-05,-4.823537,2.23688,-0.5910461,"abhydrolase domain containing 4"
"4","ABLIM2","228132_at",1.89e-29,3.1e-31,-14.4,60.3229346,-2.22,"actin binding LIM protein family member 2","ILMN_1758825",0.00364409,0.00026,-4.1146462,0.31775,-0.8183847,"actin binding LIM protein family member 2"
"5","ACAA2","241114_s_at",5.98e-10,9e-11,-6.92,13.5950045,-1.15,"acetyl-CoA acyltransferase 2","ILMN_1660199",0.01182584,0.00145,3.4899491,-1.30072,0.7129633,"acetyl-CoA acyltransferase 2"
"6","ACAP2","1552472_a_at",1.63e-36,1.21e-38,17.1,77.297785,2.68,"ArfGAP with coiled-coil, ankyrin repeat and PH domains 2","ILMN_2088825",0.03440531,0.00666,2.9057652,-2.70723,0.8131197,"ArfGAP with coiled-coil, ankyrin repeat and PH domains 2"
"7","ACAT1","205412_at",5.67e-29,9.98e-31,-14.2,59.1600076,-0.948,"acetyl-CoA acetyltransferase 1","ILMN_1800008",0.03651638,0.00719,2.8750528,-2.77741,0.7069348,"acetyl-CoA acetyltransferase 1"
"8","ACER3","222689_at",5.34e-17,3.63e-18,9.78,30.4167449,1.21,"alkaline ceramidase 3","ILMN_1812552",0.00364409,0.00026,4.1144945,0.31734,0.6730827,"alkaline ceramidase 3"
"9","ACOT7","208002_s_at",1.88e-26,4.51e-28,13.3,53.0787742,1.23,"acyl-CoA thioesterase 7","ILMN_2332250",0.00640275,0.000594,-3.8184096,-0.46127,-0.6895868,"acyl-CoA thioesterase 7"
"10","ACP1","201629_s_at",6.62e-21,2.92e-22,11.3,39.7761676,2.11,"acid phosphatase 1, soluble","ILMN_1669633",0.00120736,4.88e-05,4.702996,1.90681,0.9411387,"acid phosphatase 1, soluble"
"11","ACP5","204638_at",2.99e-25,8.07e-27,12.9,50.2087432,1.75,"acid phosphatase 5, tartrate resistant","ILMN_2078599",0.02647422,0.0046,-3.0517231,-2.3681,-0.593246,"acid phosphatase 5, tartrate resistant"
"12","ACSF2","218844_at",1.34e-15,1.07e-16,-9.24,27.0629238,-1.2,"acyl-CoA synthetase family member 2","ILMN_1711928",0.01060497,0.00124,-3.5482192,-1.15397,-0.6163694,"acyl-CoA synthetase family member 2"
"13","ACSM3","210377_at",1.15e-05,2.87e-06,-4.84,3.4774026,-1.22,"acyl-CoA synthetase medium-chain family member 3","ILMN_1771084",0.02239258,0.00362,3.1445099,-2.14795,1.4990075,"acyl-CoA synthetase medium-chain family member 3"
"14","ACSS1","224882_at",7.7e-14,7.45e-15,-8.54,22.864937,-0.641,"acyl-CoA synthetase short-chain family member 1","ILMN_1752269",0.00042842,9.62e-06,-5.2670121,3.45766,-0.9352907,"acyl-CoA synthetase short-chain family member 1"
"15","ACVR1B","205209_at",8.46e-08,1.62e-08,-5.94,8.5047275,-0.862,"activin A receptor type 1B","ILMN_2243308",0.0493831,0.0109,-2.7074732,-3.15262,-0.6651741,"activin A receptor type 1B"
"16","ADAT3","230634_x_at",1.13e-13,1.11e-14,8.48,22.4694278,1.83,"adenosine deaminase, tRNA specific 3///secretory carrier membrane protein 4","ILMN_1806275",0.00061095,1.68e-05,-5.0740551,2.92564,-0.9452009,"adenosine deaminase, tRNA specific 3"
"17","ADGRG1","206582_s_at",0.00073,0.000231,3.76,-0.7193887,0.609,"adhesion G protein-coupled receptor G1","ILMN_2352097",0.0447327,0.00951,-2.7621889,-3.03159,-0.8312674,"adhesion G protein-coupled receptor G1"
"18","ADRM1","201281_at",9.44e-17,6.62e-18,9.68,29.8219066,0.949,"adhesion regulating molecule 1","ILMN_2389013",0.01975436,0.00303,-3.2131044,-1.98306,-0.7138294,"adhesion regulating molecule 1"
"19","AGFG2","222126_at",2.7e-18,1.58e-19,-10.3,33.5234829,-1.34,"ArfGAP with FG repeats 2","ILMN_1703228",0.00059733,1.61e-05,-5.0876697,2.96314,-0.7365093,"ArfGAP with FG repeats 2"
"20","AGGF1","218534_s_at",6.77e-21,2.99e-22,11.2,39.7523847,0.957,"angiogenic factor with G-patch and FHA domains 1","ILMN_2064917",0.00404417,0.000302,4.0622092,0.17858,1.0583187,"angiogenic factor with G-patch and FHA domains 1"
"21","AGO2","225827_at",3.65e-29,6.28e-31,14.3,59.6211072,1.8,"argonaute 2, RISC catalytic component","ILMN_1695719",0.03705653,0.00733,-2.8674532,-2.79471,-0.8071665,"argonaute 2, RISC catalytic component"
"22","AGPS","225114_at",4.83e-07,1.02e-07,5.56,6.716301,0.731,"alkylglycerone phosphate synthase","ILMN_1698209",0.00413329,0.000311,4.0507371,0.1482,0.9182704,"alkylglycerone phosphate synthase"
"23","AGTRAP","225059_at",8.36e-21,3.74e-22,11.2,39.5299528,1.08,"angiotensin II receptor associated protein","ILMN_2307656",0.01195114,0.00148,-3.4833377,-1.3173,-0.5929717,"angiotensin II receptor associated protein"
"24","AHSA2","212980_at",1.48e-07,2.93e-08,-5.82,7.9272187,-0.631,"AHA1, activator of heat shock 90kDa protein ATPase homolog 2 (yeast)","ILMN_1798308",0.02653862,0.00462,3.0499915,-2.37218,1.2324498,"AHA1, activator of heat shock 90kDa protein ATPase homolog 2 (yeast)"
"25","AIF1","209901_x_at",0.000294,8.82e-05,4.02,0.1945984,0.677,"allograft inflammatory factor 1","ILMN_1792473",0.01097107,0.0013,3.5309648,-1.19753,0.8874445,"allograft inflammatory factor 1"
"26","AK2","212173_at",4.42e-10,6.54e-11,6.98,13.9080289,0.866,"adenylate kinase 2","ILMN_1670542",0.02588589,0.00447,3.0627375,-2.34215,0.7808366,"adenylate kinase 2"
"27","AKR1B10","206561_s_at",2.53e-50,3.33e-53,22.7,110.6252226,6.77,"aldo-keto reductase family 1 member B10","ILMN_1672148",1.813e-05,3.7e-08,7.2234893,8.76967,2.2752749,"aldo-keto reductase family 1 member B10"
"28","AKR1C3","209160_at",2.01e-09,3.2e-10,-6.69,12.3475583,-0.696,"aldo-keto reductase family 1, member C3","ILMN_1713124",0.02982205,0.00545,2.9853064,-2.52354,0.8309589,"aldo-keto reductase family 1, member C3"
"29","ALDH1A1","212224_at",3.13e-09,5.09e-10,-6.6,11.8926831,-0.849,"aldehyde dehydrogenase 1 family member A1","ILMN_2096372",0.01181195,0.00145,3.4917536,-1.29619,0.9145535,"aldehyde dehydrogenase 1 family member A1"
"30","ALDH7A1","208950_s_at",1.79e-35,1.49e-37,16.7,74.8012283,0.743,"aldehyde dehydrogenase 7 family member A1","ILMN_1687508",0.01126008,0.00135,3.5163811,-1.23428,0.7279067,"aldehyde dehydrogenase 7 family member A1"
"31","ALG11","221513_s_at",9.4e-16,7.36e-17,9.3,27.4348646,0.741,"ALG11, alpha-1,2-mannosyltransferase///UTP14A small subunit processome component///UTP14, small subunit processome component homolog C (S. cerevisiae)","ILMN_1660856",0.01238213,0.00155,3.4658256,-1.36117,0.8755508,"ALG11, alpha-1,2-mannosyltransferase"
"32","ALG13","219015_s_at",2.65e-24,8.02e-26,12.5,47.9254847,1.49,"ALG13, UDP-N-acetylglucosaminyltransferase subunit","ILMN_1761456",2.648e-05,7.9e-08,6.9500429,8.04626,1.7220372,"ALG13, UDP-N-acetylglucosaminyltransferase subunit"
"33","ALOXE3","222383_s_at",7.36e-14,7.09e-15,8.55,22.9133787,1.2,"arachidonate lipoxygenase 3","ILMN_1678255",0.04127085,0.00851,-2.8074763,-2.93031,-0.8650142,"arachidonate lipoxygenase 3"
"34","ANGPTL4","221009_s_at",9.02e-28,1.84e-29,13.8,56.2583662,3.58,"angiopoietin like 4","ILMN_1707727",0.03819247,0.00765,-2.8504171,-2.83339,-0.616771,"angiopoietin like 4"
"35","ANK3","239726_at",1.56e-07,3.09e-08,-5.81,7.8746045,-1.14,"ankyrin 3, node of Ranvier (ankyrin G)","ILMN_2390609",0.04500497,0.00958,2.7590252,-3.03862,0.7044751,"ankyrin 3, node of Ranvier (ankyrin G)"
"36","ANKRD12","212286_at",1.88e-10,2.67e-11,7.14,14.7897881,0.822,"ankyrin repeat domain 12","ILMN_1661833",0.00022241,3.54e-06,5.6136417,4.41392,1.7467286,"ankyrin repeat domain 12"
"37","ANKRD13C","1556361_s_at",1.16e-37,7.81e-40,17.5,80.0250518,3.82,"ankyrin repeat domain 13C","ILMN_2148507",0.01225987,0.00153,3.4704137,-1.34969,0.7548847,"ankyrin repeat domain 13C"
"38","ANKRD29","238332_at",1.22e-08,2.12e-09,6.33,10.4957586,1.29,"ankyrin repeat domain 29","ILMN_2075643",0.0029887,0.000196,4.2147814,0.58483,1.772159,"ankyrin repeat domain 29"
"39","ANKRD6","204671_s_at",1.58e-05,3.99e-06,-4.77,3.1590724,-0.915,"ankyrin repeat domain 6","ILMN_2178587",0.04232552,0.00883,2.7925252,-2.96385,0.7132695,"ankyrin repeat domain 6"
"40","ANKRD9","227959_at",7.03e-06,1.7e-06,4.96,3.9833097,0.761,"ankyrin repeat domain 9","ILMN_2048607",0.0143482,0.00192,-3.3866412,-1.55833,-0.753683,"ankyrin repeat domain 9"
"41","ANLN","1552619_a_at",8.14e-16,6.33e-17,9.32,27.5838447,1.36,"anillin actin binding protein","ILMN_1739645",0.00745713,0.000735,3.740931,-0.66183,2.0315686,"anillin actin binding protein"
"42","ANXA11","214783_s_at",1.35e-20,6.13e-22,-11.1,39.0386821,-1.04,"annexin A11","ILMN_1807003",0.04512854,0.00962,-2.7574369,-3.04216,-0.6702948,"annexin A11"
"43","AP1S2","203300_x_at",3.94e-06,9.23e-07,-5.1,4.5734473,-1.16,"adaptor related protein complex 1 sigma 2 subunit","ILMN_1766411",0.00313703,0.000211,4.1896533,0.51765,0.7730484,"adaptor related protein complex 1 sigma 2 subunit"
"44","AP3B1","203142_s_at",8.06e-09,1.37e-09,6.41,10.919396,0.696,"adaptor related protein complex 3 beta 1 subunit","ILMN_1768867",0.04055521,0.00832,2.8164385,-2.91015,0.7158337,"adaptor related protein complex 3 beta 1 subunit"
"45","AP5M1","222531_s_at",8.57e-17,6e-18,9.7,29.9193318,0.848,"adaptor related protein complex 5 mu 1 subunit","ILMN_1741331",0.01184643,0.00146,3.4881105,-1.30533,0.8309917,"adaptor related protein complex 5 mu 1 subunit"
"46","APEX2","204408_at",4.49e-39,2.53e-41,18.1,83.4369483,2.11,"apurinic/apyrimidinic endodeoxyribonuclease 2","ILMN_1652505",0.00923261,0.00101,-3.6237636,-0.96225,-0.872234,"apurinic/apyrimidinic endodeoxyribonuclease 2"
"47","APITD1-CORT","213454_at",1.44e-15,1.15e-16,9.22,26.9929396,1.11,"APITD1-CORT readthrough///apoptosis-inducing, TAF9-like domain 1","ILMN_1793360",2.622e-05,7.62e-08,6.96324,8.08137,0.9449499,"APITD1-CORT readthrough"
"48","APOD","201525_at",6.99e-21,3.09e-22,-11.2,39.7184492,-0.881,"apolipoprotein D","ILMN_1780170",0.00047468,1.12e-05,-5.2140236,3.31148,-1.7934745,"apolipoprotein D"
"49","APOE","212884_x_at",3.24e-16,2.41e-17,-9.48,28.5397996,-0.674,"apolipoprotein E","ILMN_1740938",0.00605211,0.00055,-3.8463329,-0.38863,-1.2549723,"apolipoprotein E"
"50","APOOL","222269_at",1.41e-24,4.18e-26,12.6,48.5722682,1.97,"apolipoprotein O like","ILMN_1777483",0.01816435,0.0027,3.2572367,-1.87605,1.2788763,"apolipoprotein O like"
"51","AR","211621_at",3.66e-14,3.4e-15,-8.67,23.6402874,-0.629,"androgen receptor","ILMN_1767351",0.03696277,0.0073,-2.8687712,-2.79171,-0.6705351,"androgen receptor"
"52","ARF3","211622_s_at",3.82e-28,7.42e-30,13.9,57.1635838,2.27,"ADP ribosylation factor 3","ILMN_1682938",0.00298034,0.000194,-4.2186942,0.5953,-0.9485949,"ADP ribosylation factor 3"
"53","ARG1","231663_s_at",9.66e-32,1.21e-33,15.3,65.8401353,4.59,"arginase 1","ILMN_1812281",0.02797078,0.00497,3.0213343,-2.43945,1.397024,"arginase 1"
"54","ARGLU1","227448_at",1.65e-18,9.53e-20,-10.4,34.028368,-0.977,"arginine and glutamate rich 1","ILMN_1788468",0.02671679,0.00466,3.0467072,-2.37991,1.1229793,"arginine and glutamate rich 1"
"55","ARHGAP11A","204492_at",6.16e-18,3.74e-19,10.1,32.6719494,1.03,"Rho GTPase activating protein 11A","ILMN_1673815",0.00056563,1.49e-05,5.1156225,3.04017,0.9318429,"Rho GTPase activating protein 11A"
"56","ARHGAP27","1554594_at",4.47e-13,4.7e-14,8.24,21.0430178,0.724,"Rho GTPase activating protein 27","ILMN_1656361",0.01187792,0.00147,-3.4863733,-1.30969,-0.6977366,"Rho GTPase activating protein 27"
"57","ARL6IP6","225711_at",6.76e-09,1.14e-09,6.45,11.1008935,0.797,"ADP ribosylation factor like GTPase 6 interacting protein 6","ILMN_1797964",0.02013612,0.00312,3.2019665,-2.00995,0.8952796,"ADP ribosylation factor like GTPase 6 interacting protein 6"
"58","ARMC8","236966_at",6.46e-07,1.38e-07,-5.5,6.4198546,-0.948,"armadillo repeat containing 8","ILMN_1781151",0.01284059,0.00165,3.4439042,-1.41595,0.7398211,"armadillo repeat containing 8"
"59","ARRB1","221861_at",7.7e-10,1.17e-10,6.87,13.3345934,0.984,"arrestin beta 1","ILMN_2325168",0.01508246,0.00207,-3.3572229,-1.63106,-0.6097428,"arrestin beta 1"
"60","ARSD","225280_x_at",1e-11,1.22e-12,-7.68,17.825631,-0.681,"arylsulfatase D","ILMN_1684873",0.01369555,0.0018,-3.4105887,-1.49891,-0.5971981,"arylsulfatase D"
"61","ASB6","221657_s_at",2.22e-10,3.17e-11,7.11,14.6197052,1.18,"ankyrin repeat and SOCS box containing 6","ILMN_2397776",0.01513375,0.00208,-3.3551257,-1.63623,-0.6095326,"ankyrin repeat and SOCS box containing 6"
"62","ASCC3","231269_at",1.21e-13,1.19e-14,8.47,22.3973208,1.15,"activating signal cointegrator 1 complex subunit 3","ILMN_1745772",0.02134569,0.00339,3.1705197,-2.08563,1.1169486,"activating signal cointegrator 1 complex subunit 3"
"63","ASMTL","36553_at",2.99e-11,3.85e-12,-7.48,16.6962309,-0.623,"acetylserotonin O-methyltransferase-like","ILMN_1689786",0.03373878,0.00648,-2.9165369,-2.68252,-0.6158336,"acetylserotonin O-methyltransferase-like"
"64","ASUN","221652_s_at",6.3e-20,3.11e-21,10.9,37.4268699,0.76,"asunder, spermatogenesis regulator","ILMN_2196337",0.00046655,1.09e-05,5.2247916,3.34118,1.6209429,"asunder, spermatogenesis regulator"
"65","ATAD2","222740_at",1.99e-21,8.25e-23,11.4,41.0309726,1.95,"ATPase family, AAA domain containing 2","ILMN_2048700",0.02120354,0.00336,3.1739244,-2.07746,1.6103156,"ATPase family, AAA domain containing 2"
"66","ATG2A","213300_at",1.67e-22,6.09e-24,11.8,43.6198672,1.02,"autophagy related 2A","ILMN_1756006",0.01014913,0.00117,-3.5720689,-1.09362,-0.9107922,"autophagy related 2A"
"67","ATG3","220237_at",6.1e-24,1.92e-25,12.4,47.0594053,1,"autophagy related 3","ILMN_1769566",0.00025112,4.11e-06,5.5615424,4.27027,1.3586774,"autophagy related 3"
"68","ATG4A","213115_at",2.5e-22,9.31e-24,11.8,43.1992604,0.683,"autophagy related 4A cysteine peptidase","ILMN_2313782",0.0080788,0.000833,3.6955087,-0.77872,0.9120588,"autophagy related 4A cysteine peptidase"
"69","ATG5","202511_s_at",1.34e-23,4.37e-25,12.2,46.2391751,0.805,"autophagy related 5","ILMN_1718265",0.01640022,0.00235,3.3092477,-1.74904,0.6566303,"autophagy related 5"
"70","ATG9A","202492_at",1.57e-09,2.48e-10,6.73,12.5999441,0.616,"autophagy related 9A","ILMN_1739008",0.00530092,0.000453,-3.9164481,-0.20548,-0.8566368,"autophagy related 9A"
"71","ATL2","237968_at",0.000142,4.08e-05,4.21,0.9281863,0.635,"atlastin GTPase 2","ILMN_1716384",0.04161031,0.00861,2.8024384,-2.94163,0.871605,"atlastin GTPase 2"
"72","ATM","210858_x_at",3.59e-10,5.27e-11,-7.02,14.1216103,-0.697,"ATM serine/threonine kinase","ILMN_2370825",0.01928524,0.00293,3.226042,-1.95176,1.5340904,"ATM serine/threonine kinase"
"73","ATP11B","1554556_a_at",1.09e-23,3.52e-25,12.3,46.4541471,2.19,"ATPase phospholipid transporting 11B (putative)","ILMN_1658884",0.04925794,0.0108,2.7087023,-3.14992,0.8040641,"ATPase phospholipid transporting 11B (putative)"
"74","ATP13A2","218608_at",6.47e-06,1.56e-06,4.98,4.0688658,0.664,"ATPase 13A2","ILMN_1704164",0.00339367,0.000235,-4.151383,0.41554,-0.7021088,"ATPase 13A2"
"75","ATP5S","238799_at",4.69e-14,4.4e-15,-8.63,23.3858172,-1.14,"ATP synthase, H+ transporting, mitochondrial Fo complex subunit s (factor B)","ILMN_1679188",0.02354437,0.00391,3.1149346,-2.21849,0.7178415,"ATP synthase, H+ transporting, mitochondrial Fo complex subunit s (factor B)"
"76","ATP5SL","1557759_at",2.94e-07,6.02e-08,-5.67,7.2250292,-0.945,"ATP5S like","ILMN_1809027",0.04402023,0.0093,-2.7713794,-3.01111,-0.6123843,"ATP5S like"
"77","ATP6V0D1","212041_at",1.44e-14,1.27e-15,8.83,24.6141079,0.808,"ATPase H+ transporting V0 subunit d1","ILMN_1795826",0.0041344,0.000312,-4.0504047,0.14732,-1.0726143,"ATPase H+ transporting V0 subunit d1"
"78","ATP6V1C1","202872_at",6.56e-15,5.61e-16,8.97,25.4235979,0.995,"ATPase H+ transporting V1 subunit C1","ILMN_1659801",0.01345506,0.00176,3.4192264,-1.47744,0.7456202,"ATPase H+ transporting V1 subunit C1"
"79","ATP6V1D","208899_x_at",1.78e-13,1.79e-14,8.4,21.9965589,1.18,"ATPase H+ transporting V1 subunit D","ILMN_1797310",0.03011278,0.00553,2.9793155,-2.53747,0.8605267,"ATPase H+ transporting V1 subunit D"
"80","ATP6V1G1","238765_at",7.63e-16,5.91e-17,9.33,27.6515795,1.6,"ATPase H+ transporting V1 subunit G1","ILMN_1784523",0.00753627,0.00075,3.7339737,-0.67977,0.8894927,"ATPase H+ transporting V1 subunit G1"
"81","ATP8B4","220416_at",1.49e-06,3.32e-07,-5.32,5.5649518,-0.676,"ATPase phospholipid transporting 8B4 (putative)","ILMN_1783956",0.00167475,8e-05,4.5307931,1.43739,0.6779693,"ATPase phospholipid transporting 8B4 (putative)"
"82","ATP9A","216129_at",1.29e-11,1.6e-12,-7.64,17.5640944,-1.08,"ATPase phospholipid transporting 9A (putative)","ILMN_2089073",0.00836464,0.000872,-3.6785778,-0.82215,-0.8388448,"ATPase phospholipid transporting 9A (putative)"
"83","ATXN3","205416_s_at",6.39e-17,4.4e-18,9.75,30.2275721,1.28,"ataxin 3","ILMN_2393497",0.01657895,0.00239,3.3040913,-1.76167,0.810649,"ataxin 3"
"84","AURKA","204092_s_at",8e-29,1.43e-30,14.2,58.8038835,3.02,"aurora kinase A","ILMN_2357438",0.01186649,0.00147,3.4868812,-1.30842,0.6681987,"aurora kinase A"
"85","AZI2","227904_at",2.61e-12,2.99e-13,7.92,19.217847,0.904,"5-azacytidine induced 2","ILMN_1733680",0.01899435,0.00287,3.2338082,-1.93294,1.3262533,"5-azacytidine induced 2"
"86","B3GALT6","1553959_a_at",1.58e-10,2.22e-11,7.17,14.9709789,1.46,"beta-1,3-galactosyltransferase 6","ILMN_1739749",0.00275711,0.000173,-4.2600569,0.70613,-0.9067917,"beta-1,3-galactosyltransferase 6"
"87","B4GAT1","203188_at",1.99e-20,9.25e-22,-11.1,38.6292661,-0.809,"beta-1,4-glucuronyltransferase 1","ILMN_1715384",0.00331672,0.000226,-4.1644153,0.45028,-0.791994,"beta-1,4-glucuronyltransferase 1"
"88","BAIAP2","205294_at",9.99e-20,5.03e-21,10.8,36.9488852,1.22,"BAI1 associated protein 2","ILMN_1699727",0.00778193,0.000784,-3.7175465,-0.72207,-0.9431352,"BAI1 associated protein 2"
"89","BAMBI","203304_at",5.09e-05,1.37e-05,-4.48,1.9716401,-0.961,"BMP and activin membrane bound inhibitor","ILMN_1691410",0.01382314,0.00183,3.4050878,-1.51258,0.8182873,"BMP and activin membrane bound inhibitor"
"90","BBS4","212744_at",5.7e-25,1.6e-26,-12.8,49.5279547,-0.77,"Bardet-Biedl syndrome 4","ILMN_1762466",0.00350561,0.000247,4.1325123,0.36528,0.9144435,"Bardet-Biedl syndrome 4"
"91","BBS7","219688_at",8.45e-12,1.02e-12,7.71,18.0049312,0.98,"Bardet-Biedl syndrome 7","ILMN_2257833",0.00058009,1.55e-05,5.1024958,3.004,1.220891,"Bardet-Biedl syndrome 7"
"92","BCHE","205433_at",1.85e-06,4.17e-07,-5.27,5.3448654,-0.953,"butyrylcholinesterase","ILMN_2176592",0.02245237,0.00364,3.1426499,-2.1524,1.1445752,"butyrylcholinesterase"
"93","BCKDK","202030_at",1.82e-18,1.05e-19,10.3,33.9299184,1.1,"branched chain ketoacid dehydrogenase kinase","ILMN_1693394",0.01688642,0.00245,-3.2947707,-1.78448,-0.7914533,"branched chain ketoacid dehydrogenase kinase"
"94","BCLAF1","229454_at",0.000477,0.000147,-3.88,-0.2917725,-0.648,"BCL2 associated transcription factor 1","ILMN_2357272",0.00980184,0.00111,3.5908788,-1.0459,1.7104008,"BCL2 associated transcription factor 1"
"95","BCR","202315_s_at",6.44e-18,3.92e-19,10.1,32.6249207,1.6,"BCR, RhoGEF and GTPase activating protein","ILMN_1670398",0.04002636,0.00818,-2.8231117,-2.89512,-0.7389334,"BCR, RhoGEF and GTPase activating protein"
"96","BEX5","229963_at",2.88e-12,3.31e-13,-7.91,19.117341,-0.983,"brain expressed X-linked 5","ILMN_1806473",0.02094623,0.00329,3.181166,-2.06005,0.6361842,"brain expressed X-linked 5"
"97","BGN","201261_x_at",2.93e-11,3.77e-12,-7.49,16.7176538,-0.7,"biglycan","ILMN_2206746",0.00548433,0.000475,-3.8992005,-0.25063,-1.1231488,"biglycan"
"98","BOK","223349_s_at",1.16e-18,6.59e-20,10.4,34.3941738,1.59,"BOK, BCL2 family apoptosis regulator","ILMN_1730032",0.00886015,0.000952,-3.6466324,-0.9039,-0.7617319,"BOK, BCL2 family apoptosis regulator"
"99","BORA","219544_at",8.19e-21,3.65e-22,11.2,39.5524448,1.58,"bora, aurora kinase A activator","ILMN_1761486",0.00062314,1.75e-05,5.0604632,2.8882,0.9940332,"bora, aurora kinase A activator"
"100","BPNT1","232103_at",2.32e-06,5.28e-07,5.22,5.1139086,0.591,"3'(2'), 5'-bisphosphate nucleotidase 1","ILMN_1712718",0.00559389,0.000489,3.8889791,-0.27736,0.596667,"3'(2'), 5'-bisphosphate nucleotidase 1"
"101","BRD3","203825_at",1.15e-13,1.14e-14,-8.47,22.4462225,-1.3,"bromodomain containing 3","ILMN_1785635",0.00604841,0.000549,-3.8470574,-0.38675,-1.0117944,"bromodomain containing 3"
"102","BRMS1L","224484_s_at",8.89e-21,3.98e-22,11.2,39.4663896,0.793,"breast cancer metastasis-suppressor 1-like","ILMN_1775943",0.00502343,0.000415,3.9479194,-0.12292,1.0709914,"breast cancer metastasis-suppressor 1-like"
"103","BTBD7","220297_at",3.24e-26,7.93e-28,13.2,52.5168615,1.31,"BTB domain containing 7","ILMN_1757298",0.01713877,0.0025,3.2869301,-1.80365,1.145828,"BTB domain containing 7"
"104","BUB1","209642_at",1.24e-32,1.39e-34,15.6,67.9944837,2.66,"BUB1 mitotic checkpoint serine/threonine kinase","ILMN_2202948",0.03153793,0.00591,2.9533056,-2.59777,1.4362668,"BUB1 mitotic checkpoint serine/threonine kinase"
"105","C10orf99","227735_s_at",7.18e-35,6.4e-37,16.5,73.348925,5.25,"chromosome 10 open reading frame 99","ILMN_1802192",0.00071944,2.19e-05,4.9816844,2.67134,1.8205194,"chromosome 10 open reading frame 99"
"106","C12orf29","228378_at",2.28e-40,1.07e-42,18.6,86.581511,3.07,"chromosome 12 open reading frame 29","ILMN_1792671",0.00977232,0.0011,3.5928281,-1.04095,1.1584999,"chromosome 12 open reading frame 29"
"107","C12orf4","218374_s_at",2.38e-13,2.43e-14,8.35,21.695047,1.19,"chromosome 12 open reading frame 4","ILMN_1751898",0.01201547,0.00149,3.479996,-1.32568,1.4195405,"chromosome 12 open reading frame 4"
"108","C12orf45","226349_at",4.6e-11,6.06e-12,7.4,16.2502253,0.902,"chromosome 12 open reading frame 45","ILMN_1728435",1.69e-06,3.34e-10,8.9956336,13.22226,1.3557627,"chromosome 12 open reading frame 45"
"109","C12orf56","236840_at",9.42e-52,1e-54,23.4,114.1066198,4,"chromosome 12 open reading frame 56","ILMN_1770616",0.00123291,5.05e-05,4.6910133,1.87406,1.4086963,"chromosome 12 open reading frame 56"
"110","C15orf59","230475_at",3.6e-06,8.4e-07,-5.12,4.6647443,-0.779,"chromosome 15 open reading frame 59","ILMN_2141118",0.01460729,0.00197,-3.3757367,-1.58532,-0.8046121,"chromosome 15 open reading frame 59"
"111","C19orf24","221587_s_at",7.36e-13,7.91e-14,8.15,20.52985,0.989,"chromosome 19 open reading frame 24","ILMN_1678052",0.0003107,5.61e-06,-5.4536454,3.97264,-1.1060509,"chromosome 19 open reading frame 24"
"112","C1GALT1C1","238989_at",4.33e-11,5.68e-12,-7.41,16.3132657,-1.07,"C1GALT1 specific chaperone 1","ILMN_1751234",0.00968477,0.00109,3.5972842,-1.02963,0.722402,"C1GALT1 specific chaperone 1"
"113","C1orf112","220840_s_at",2.09e-08,3.74e-09,6.22,9.9392136,0.663,"chromosome 1 open reading frame 112","ILMN_1727540",0.02554828,0.00439,3.0699277,-2.32518,0.99103,"chromosome 1 open reading frame 112"
"114","C1orf115","218546_at",4.51e-23,1.54e-24,-12.1,44.9850626,-1.43,"chromosome 1 open reading frame 115","ILMN_1674817",0.01015953,0.00117,-3.5712112,-1.09579,-0.6061371,"chromosome 1 open reading frame 115"
"115","C1orf53","1558508_a_at",1.37e-11,1.7e-12,7.62,17.5041551,0.7,"chromosome 1 open reading frame 53","ILMN_1661595",0.00153401,7.01e-05,4.5770367,1.56317,0.7336152,"chromosome 1 open reading frame 53"
"116","C21orf91","220941_s_at",4.58e-33,4.95e-35,15.8,69.0232021,2.32,"chromosome 21 open reading frame 91","ILMN_1698166",0.00041778,9.21e-06,5.282055,3.49916,0.8684505,"chromosome 21 open reading frame 91"
"117","C2orf40","223623_at",1.96e-18,1.14e-19,-10.3,33.8544354,-1.88,"chromosome 2 open reading frame 40","ILMN_1676822",0.03492583,0.00679,2.8980377,-2.72493,0.7608111,"chromosome 2 open reading frame 40"
"118","C2orf49","219662_at",4.73e-25,1.31e-26,12.8,49.7235199,1.57,"chromosome 2 open reading frame 49","ILMN_1701131",0.00021758,3.39e-06,5.6285662,4.45506,1.2867857,"chromosome 2 open reading frame 49"
"119","C2orf68","238768_at",5.98e-09,1e-09,-6.47,11.2278749,-0.662,"chromosome 2 open reading frame 68","ILMN_1679771",0.00223872,0.000127,-4.3676704,0.99565,-0.9249999,"chromosome 2 open reading frame 68"
"120","C3orf14","236068_s_at",1.01e-18,5.72e-20,-10.4,34.5348071,-1.15,"chromosome 3 open reading frame 14","ILMN_2224486",7.681e-05,6.31e-07,6.2146024,6.06316,1.5358308,"chromosome 3 open reading frame 14"
"121","C4orf33","1552370_at",8.35e-09,1.43e-09,6.41,10.8825796,0.634,"chromosome 4 open reading frame 33","ILMN_1812701",0.00126383,5.26e-05,4.6769204,1.83555,1.5965189,"chromosome 4 open reading frame 33"
"122","C5orf46","1554195_a_at",1.32e-15,1.05e-16,-9.24,27.0839153,-1.75,"chromosome 5 open reading frame 46","ILMN_1718866",0.02105879,0.00333,3.1772852,-2.06938,1.1333679,"chromosome 5 open reading frame 46"
"123","C6orf106","217924_at",3.02e-31,4.02e-33,15.1,64.6466113,2.67,"chromosome 6 open reading frame 106","ILMN_1704253",0.02698556,0.00472,-3.0413456,-2.39251,-0.5962755,"chromosome 6 open reading frame 106"
"124","C7orf25","53202_at",1.32e-09,2.06e-10,6.77,12.7793648,0.708,"chromosome 7 open reading frame 25///proteasome subunit alpha 2","ILMN_1751051",0.0027813,0.000175,4.255009,0.69259,0.6052691,"chromosome 7 open reading frame 25"
"125","C8orf48","236634_at",8.72e-13,9.45e-14,-8.12,20.3544305,-0.841,"chromosome 8 open reading frame 48","ILMN_1784408",0.04525454,0.00966,2.7556251,-3.04618,0.7281982,"chromosome 8 open reading frame 48"
"126","C9orf16","204480_s_at",8.66e-13,9.37e-14,8.12,20.3620652,1.21,"chromosome 9 open reading frame 16","ILMN_1782618",0.00073238,2.26e-05,-4.9709952,2.64193,-1.194603,"chromosome 9 open reading frame 16"
"127","CAB39L","221003_s_at",2.1e-12,2.37e-13,-7.96,19.4474751,-1.07,"calcium binding protein 39 like","ILMN_1783598",0.00098467,3.6e-05,4.8095376,2.1985,1.288323,"calcium binding protein 39 like"
"128","CABLES1","225531_at",1.32e-10,1.84e-11,-7.21,15.1580287,-0.927,"Cdk5 and Abl enzyme substrate 1","ILMN_1653001",0.00259785,0.000158,-4.2907429,0.78852,-0.8709491,"Cdk5 and Abl enzyme substrate 1"
"129","CALD1","201615_x_at",1.87e-10,2.65e-11,-7.14,14.7976149,-0.964,"caldesmon 1","ILMN_1730487",6.55e-05,4.93e-07,6.3007273,6.2978,1.7774111,"caldesmon 1"
"130","CALM3","200622_x_at",6.52e-11,8.76e-12,7.34,15.8864868,0.759,"calmodulin 3///calmodulin 2///calmodulin 1","ILMN_1666385",0.02936098,0.00533,-2.9936791,-2.50405,-0.6899508,"calmodulin 3"
"131","CAMSAP3","226494_at",1.92e-09,3.05e-10,-6.7,12.3955186,-0.819,"calmodulin regulated spectrin associated protein family member 3","ILMN_2273609",0.00030727,5.52e-06,-5.4594039,3.98853,-0.9685012,"calmodulin regulated spectrin associated protein family member 3"
"132","CANT1","221732_at",2.36e-06,5.38e-07,5.21,5.0967834,0.716,"calcium activated nucleotidase 1","ILMN_1664012",0.00918168,0.00101,-3.6265756,-0.95508,-0.93839,"calcium activated nucleotidase 1"
"133","CAPN15","204275_at",1.38e-15,1.1e-16,9.23,27.0323313,0.83,"calpain 15","ILMN_1763739",0.00238877,0.00014,-4.3339199,0.90467,-0.6214911,"calpain 15"
"134","CAPN3","211890_x_at",3.72e-09,6.11e-10,-6.57,11.7135719,-0.686,"calpain 3","ILMN_1687971",0.03777335,0.00753,-2.8568072,-2.8189,-0.8047958,"calpain 3"
"135","CAPRIN1","226285_at",1.78e-10,2.51e-11,7.15,14.8487839,0.681,"cell cycle associated protein 1","ILMN_1782897",0.01301191,0.00168,3.4364918,-1.43444,0.6344288,"cell cycle associated protein 1"
"136","CARD18","231733_at",9.07e-09,1.56e-09,6.39,10.7977725,1.49,"caspase recruitment domain family member 18","ILMN_1692349",0.00156114,7.26e-05,4.5644915,1.52902,1.5865647,"caspase recruitment domain family member 18"
"137","CASK","207620_s_at",1.57e-14,1.39e-15,8.82,24.5235281,0.66,"calcium/calmodulin dependent serine protein kinase","ILMN_1654773",0.02540048,0.00435,3.0731625,-2.31754,0.8025206,"calcium/calmodulin dependent serine protein kinase"
"138","CASP1","211367_s_at",2.33e-21,9.76e-23,11.4,40.8637824,2.04,"caspase 1","ILMN_2326512",0.00060351,1.65e-05,5.0807738,2.94415,1.0422397,"caspase 1"
"139","CASP4","209310_s_at",5.52e-35,4.86e-37,16.5,73.6238289,1.03,"caspase 4","ILMN_1678454",0.00022241,3.53e-06,5.6146032,4.41657,1.2243882,"caspase 4"
"140","CAV2","203323_at",8.44e-26,2.14e-27,-13.1,51.529395,-0.683,"caveolin 2","ILMN_1735220",0.03112247,0.00581,2.9599215,-2.58246,0.721353,"caveolin 2"
"141","CBLC","220638_s_at",3.68e-19,1.97e-20,10.6,35.5949624,1.62,"Cbl proto-oncogene C","ILMN_1811729",0.02373454,0.00395,-3.1107355,-2.22848,-0.8641848,"Cbl proto-oncogene C"
"142","CBR4","1553693_s_at",4.11e-19,2.21e-20,-10.6,35.4799364,-1.05,"carbonyl reductase 4","ILMN_1813400",0.01850738,0.00277,3.2470542,-1.9008,0.871515,"carbonyl reductase 4"
"143","CBX3","230998_at",1.13e-07,2.2e-08,-5.87,8.2071557,-0.656,"chromobox 3","ILMN_1790625",7.757e-05,6.64e-07,6.19658,6.014,1.2084038,"chromobox 3"
"144","CBX6","202047_s_at",6.85e-17,4.73e-18,-9.73,30.1539277,-0.606,"chromobox 6","ILMN_1691930",3.452e-05,1.43e-07,-6.7394342,7.48354,-1.4092802,"chromobox 6"
"145","CBX7","212914_at",2.18e-19,1.13e-20,-10.7,36.1404545,-1.19,"chromobox 7","ILMN_1657361",0.03762057,0.00748,-2.859381,-2.81306,-0.7178263,"chromobox 7"
"146","CCDC121","220321_s_at",1.18e-19,6.01e-21,-10.8,36.7714579,-0.799,"coiled-coil domain containing 121","ILMN_1739054",0.04635946,0.01,2.7416132,-3.07727,0.856693,"coiled-coil domain containing 121"
"147","CCDC138","235644_at",1.03e-09,1.58e-10,6.82,13.0404525,1.01,"coiled-coil domain containing 138","ILMN_1767260",0.01008209,0.00116,3.5753166,-1.08539,1.2431951,"coiled-coil domain containing 138"
"148","CCDC146","227091_at",1.03e-16,7.25e-18,-9.67,29.732144,-1.6,"coiled-coil domain containing 146","ILMN_1790555",0.00326562,0.000222,4.1712236,0.46845,1.9648785,"coiled-coil domain containing 146"
"149","CCDC50","236831_at",1.06e-08,1.83e-09,-6.36,10.6394685,-0.638,"coiled-coil domain containing 50","ILMN_2302118",0.00153563,7.03e-05,4.5759074,1.56009,1.0147914,"coiled-coil domain containing 50"
"150","CCDC58","235244_at",0.00197,0.000671,3.47,-1.719966,0.721,"coiled-coil domain containing 58","ILMN_1686920",3.68e-06,2.93e-09,8.1601468,11.17722,1.8061621,"coiled-coil domain containing 58"
"151","CCDC59","222792_s_at",8.3e-09,1.42e-09,6.41,10.8887966,0.649,"coiled-coil domain containing 59","ILMN_1662318",0.00027185,4.61e-06,5.521615,4.16015,1.7204144,"coiled-coil domain containing 59"
"152","CCDC85C","219018_s_at",4.89e-27,1.09e-28,13.5,54.4861823,1.4,"coiled-coil domain containing 85C","ILMN_1838863",0.03016127,0.00554,-2.9783604,-2.53969,-0.7421096,"coiled-coil domain containing 85C"
"153","CCDC90B","1568834_s_at",8.48e-08,1.63e-08,-5.94,8.5021825,-1.2,"coiled-coil domain containing 90B","ILMN_2232166",2.959e-05,9.86e-08,6.8707931,7.83506,1.7950556,"coiled-coil domain containing 90B"
"154","CCL22","207861_at",3.24e-19,1.72e-20,10.6,35.7276485,2.06,"C-C motif chemokine ligand 22","ILMN_2160476",0.01160904,0.00141,-3.500368,-1.27455,-1.2154115,"C-C motif chemokine ligand 22"
"155","CCNA2","203418_at",2.82e-47,5.82e-50,21.4,103.2117697,3.86,"cyclin A2","ILMN_1786125",0.00064543,1.83e-05,5.0434349,2.8413,0.8852213,"cyclin A2"
"156","CCNB1","228729_at",1.85e-38,1.12e-40,17.8,81.9580554,3.17,"cyclin B1","ILMN_1712803",0.00783651,0.000793,3.7135349,-0.73239,0.9198075,"cyclin B1"
"157","CCNB2","202705_at",2.89e-36,2.21e-38,17,76.7003221,2.48,"cyclin B2","ILMN_1801939",0.00177837,8.95e-05,4.4914092,1.33045,1.0034087,"cyclin B2"
"158","CCNC","1569126_at",2.47e-13,2.53e-14,-8.34,21.656707,-1.07,"cyclin C","ILMN_2409395",0.00226726,0.00013,4.3603797,0.97598,1.268207,"cyclin C"
"159","CCNF","204826_at",7.79e-24,2.47e-25,12.3,46.8053068,1.16,"cyclin F","ILMN_1773119",0.02158542,0.00344,-3.1639948,-2.10129,-0.6811408,"cyclin F"
"160","CCT2","201947_s_at",5.91e-35,5.23e-37,16.5,73.5501184,0.626,"chaperonin containing TCP1 subunit 2","ILMN_1679382",0.00641613,0.000597,3.8165842,-0.46601,0.9401019,"chaperonin containing TCP1 subunit 2"
"161","CD207","220428_at",1.67e-11,2.1e-12,-7.59,17.2954909,-1.55,"CD207 molecule","ILMN_1718754",0.0065555,0.000617,-3.8044637,-0.49747,-1.240696,"CD207 molecule"
"162","CD248","219025_at",2.17e-07,4.37e-08,-5.74,7.5388355,-0.953,"CD248 molecule","ILMN_1726589",2.406e-05,6.47e-08,-7.022136,8.23781,-1.5211157,"CD248 molecule"
"163","CD36","206488_s_at",2.53e-16,1.86e-17,9.52,28.7981144,1.22,"CD36 molecule","ILMN_1796094",0.00049153,1.18e-05,5.1952342,3.25966,2.5602112,"CD36 molecule"
"164","CD3D","213539_at",7.45e-22,2.94e-23,11.6,42.0577166,2.71,"CD3d molecule","ILMN_2325837",0.0205502,0.00321,3.1908151,-2.03683,1.3581754,"CD3d molecule"
"165","CD58","216942_s_at",1.2e-14,1.05e-15,8.86,24.7987915,0.967,"CD58 molecule","ILMN_1785268",6.417e-05,4.76e-07,6.3135024,6.33256,1.7056386,"CD58 molecule"
"166","CD99","201028_s_at",2.47e-13,2.53e-14,-8.34,21.6558006,-0.929,"CD99 molecule","ILMN_2056032",0.03273328,0.00622,-2.9329111,-2.64485,-0.7474809,"CD99 molecule"
"167","CD99L2","233825_s_at",1.43e-09,2.25e-10,-6.75,12.6953795,-0.638,"CD99 molecule like 2","ILMN_2388142",0.0284906,0.00509,-3.0120051,-2.46128,-0.6440994,"CD99 molecule like 2"
"168","CDC34","212540_at",2.46e-08,4.45e-09,6.19,9.7700476,0.628,"cell division cycle 34","ILMN_1713006",0.03579349,0.007,-2.8857908,-2.75292,-0.5896888,"cell division cycle 34"
"169","CDC42","208727_s_at",3.17e-35,2.73e-37,16.6,74.196237,0.992,"cell division cycle 42","ILMN_1675156",0.00273338,0.000171,4.2645177,0.7181,0.6799245,"cell division cycle 42"
"170","CDC42EP1","204693_at",4.19e-23,1.43e-24,12.1,45.0610384,1.26,"CDC42 effector protein 1","ILMN_2401964",0.00516487,0.000432,-3.9334229,-0.16097,-0.7505557,"CDC42 effector protein 1"
"171","CDC45","204126_s_at",3e-27,6.5e-29,13.6,55.0047017,1.5,"cell division cycle 45","ILMN_1670238",0.01388352,0.00184,3.4030772,-1.51757,0.6505419,"cell division cycle 45"
"172","CDC7","204510_at",3.67e-09,6.02e-10,6.57,11.7281949,0.725,"cell division cycle 7","ILMN_1741801",0.01300985,0.00168,3.4367006,-1.43392,1.0593769,"cell division cycle 7"
"173","CDCA7","224428_s_at",5.08e-16,3.85e-17,9.4,28.076761,1.02,"cell division cycle associated 7","ILMN_1737184",0.00146018,6.5e-05,4.6031382,1.63426,0.8173628,"cell division cycle associated 7"
"174","CDH3","203256_at",4.31e-24,1.33e-25,12.4,47.4204116,1.48,"cadherin 3","ILMN_1704294",0.00899164,0.000973,-3.6385141,-0.92463,-0.7724432,"cadherin 3"
"175","CDK1","210559_s_at",1.67e-41,6.67e-44,19.1,89.3433774,3.55,"cyclin dependent kinase 1","ILMN_1747911",5.69e-05,3.68e-07,6.403924,6.57821,1.3881929,"cyclin dependent kinase 1"
"176","CDK9","236023_at",0.00124,0.000408,-3.61,-1.254092,-0.683,"cyclin dependent kinase 9","ILMN_1747556",0.00706336,0.000686,-3.7662266,-0.59651,-0.6822522,"cyclin dependent kinase 9"
"177","CDKN3","1555758_a_at",3.21e-33,3.42e-35,15.8,69.3911317,3.34,"cyclin dependent kinase inhibitor 3","ILMN_1666305",0.00019122,2.87e-06,5.6858133,4.61279,1.5495985,"cyclin dependent kinase inhibitor 3"
"178","CEBPA","204039_at",5.47e-06,1.3e-06,5.02,4.2391225,0.61,"CCAAT/enhancer binding protein alpha","ILMN_1715715",0.01113662,0.00133,-3.5226483,-1.21849,-1.0553041,"CCAAT/enhancer binding protein alpha"
"179","CENPE","205046_at",7.11e-40,3.53e-42,18.4,85.397299,3.77,"centromere protein E","ILMN_1716279",0.00041082,8.91e-06,5.2933934,3.53045,1.3133472,"centromere protein E"
"180","CENPF","207828_s_at",4.76e-30,7.25e-32,14.6,61.7693775,2.19,"centromere protein F","ILMN_1664516",0.00061617,1.71e-05,5.0682395,2.90962,1.3726695,"centromere protein F"
"181","CENPN","228559_at",1.74e-22,6.36e-24,11.8,43.5782638,2.57,"centromere protein N","ILMN_1720526",7.077e-05,5.53e-07,6.2609269,6.18944,1.6494195,"centromere protein N"
"182","CENPW","226936_at",4.6e-30,6.99e-32,14.7,61.8047967,1.55,"centromere protein W","ILMN_1763907",0.00030004,5.32e-06,5.4723933,4.02437,1.1746424,"centromere protein W"
"183","CEP135","207286_at",3.73e-14,3.46e-15,-8.67,23.6232089,-1.23,"centrosomal protein 135","ILMN_1693766",0.00177345,8.88e-05,4.4942394,1.33813,1.3028062,"centrosomal protein 135"
"184","CEP55","218542_at",4.49e-31,6.08e-33,15,64.2352355,1.97,"centrosomal protein 55","ILMN_1747016",0.0001263,1.48e-06,5.917275,5.24939,1.1407715,"centrosomal protein 55"
"185","CEP83","239282_at",0.00282,0.000985,3.35,-2.078127,0.644,"centrosomal protein 83","ILMN_1799113",0.00169174,8.16e-05,4.5239142,1.4187,1.8570364,"centrosomal protein 83"
"186","CFDP1","236588_at",5.31e-14,5.01e-15,8.61,23.2565785,0.766,"craniofacial development protein 1","ILMN_1800837",0.00108039,4.09e-05,4.764933,2.07628,0.9616837,"craniofacial development protein 1"
"187","CHCHD4","229595_at",1.85e-10,2.62e-11,7.14,14.8065921,0.74,"coiled-coil-helix-coiled-coil-helix domain containing 4","ILMN_1813938",0.02337398,0.00387,3.1193931,-2.20788,0.6479571,"coiled-coil-helix-coiled-coil-helix domain containing 4"
"188","CHD6","234681_s_at",6.13e-11,8.21e-12,-7.35,15.9509293,-0.774,"chromodomain helicase DNA binding protein 6","ILMN_2209163",0.04800452,0.0105,2.7232542,-3.11787,0.971116,"chromodomain helicase DNA binding protein 6"
"189","CHEK1","205393_s_at",3.12e-41,1.3e-43,18.9,88.6822826,2.78,"checkpoint kinase 1","ILMN_1664630",0.0039594,0.000293,4.072018,0.20458,0.8677599,"checkpoint kinase 1"
"190","CHEK2","210416_s_at",2.47e-14,2.25e-15,8.74,24.0501497,0.732,"checkpoint kinase 2","ILMN_2395236",0.0017663,8.83e-05,4.4960045,1.34292,0.6248419,"checkpoint kinase 2"
"191","CHURC1","223210_at",1.01e-07,1.96e-08,-5.9,8.3205757,-0.622,"churchill domain containing 1","ILMN_1798177",0.01482848,0.00202,3.3675948,-1.60545,1.1098844,"churchill domain containing 1"
"192","CIRBP","225191_at",4.69e-41,1.98e-43,-18.9,88.2609574,-0.833,"cold inducible RNA binding protein","ILMN_1674661",0.03180275,0.00597,-2.9488389,-2.6081,-0.8041701,"cold inducible RNA binding protein"
"193","CISD2","226686_at",7.38e-14,7.12e-15,8.55,22.9093706,0.892,"CDGSH iron sulfur domain 2","ILMN_1796397",0.00787447,8e-04,3.7102562,-0.74083,0.6808604,"CDGSH iron sulfur domain 2"
"194","CITED4","228625_at",2.45e-08,4.43e-09,6.19,9.7729689,0.62,"Cbp/p300 interacting transactivator with Glu/Asp rich carboxy-terminal domain 4","ILMN_1787691",0.00264699,0.000163,-4.2806851,0.7615,-1.1900739,"Cbp/p300 interacting transactivator with Glu/Asp rich carboxy-terminal domain 4"
"195","CKAP2","218252_at",7.57e-14,7.31e-15,8.55,22.8828502,0.826,"cytoskeleton associated protein 2","ILMN_1674411",0.00033489,6.32e-06,5.4125976,3.85938,1.1254541,"cytoskeleton associated protein 2"
"196","CKAP2L","229610_at",1.7e-27,3.55e-29,13.7,55.6053374,2.27,"cytoskeleton associated protein 2 like","ILMN_1751776",0.00064877,1.85e-05,5.0403613,2.83284,1.4208574,"cytoskeleton associated protein 2 like"
"197","CKB","200884_at",9.78e-20,4.92e-21,-10.8,36.9709549,-0.793,"creatine kinase B","ILMN_1671478",0.04538081,0.0097,-2.7540317,-3.04972,-0.7006301,"creatine kinase B"
"198","CKS2","204170_s_at",4.49e-28,8.74e-30,13.9,57.0005716,1.54,"CDC28 protein kinase regulatory subunit 2","ILMN_2072296",0.00091064,3.17e-05,4.8538244,2.31998,1.523319,"CDC28 protein kinase regulatory subunit 2"
"199","CLCN7","38069_at",9.13e-10,1.4e-10,6.84,13.1602224,0.661,"chloride voltage-gated channel 7","ILMN_1694731",0.0092459,0.00102,-3.6229012,-0.96445,-0.9720959,"chloride voltage-gated channel 7"
"200","CLEC2D","228426_at",9.79e-08,1.89e-08,5.91,8.3552428,1.05,"C-type lectin domain family 2 member D","ILMN_1711702",0.00468754,0.000374,3.9853729,-0.0244,1.0310271,"C-type lectin domain family 2 member D"
"201","CLIC3","219529_at",8.39e-13,9.07e-14,8.13,20.3940427,1.81,"chloride intracellular channel 3","ILMN_1796423",0.02338753,0.00387,-3.1185137,-2.20997,-0.9871354,"chloride intracellular channel 3"
"202","CLN8","222874_s_at",1.72e-31,2.2e-33,15.2,65.2451123,2.39,"ceroid-lipofuscinosis, neuronal 8","ILMN_1701094",0.00747273,0.000739,-3.7390653,-0.66664,-0.8735994,"ceroid-lipofuscinosis, neuronal 8"
"203","CLPTM1","211136_s_at",0.00104,0.000337,3.66,-1.0734826,0.621,"CLPTM1, transmembrane protein","ILMN_1665831",0.00384178,0.000281,-4.087583,0.24586,-1.1333622,"CLPTM1, transmembrane protein"
"204","CLPX","204809_at",6e-38,3.87e-40,17.6,80.7227574,0.931,"caseinolytic mitochondrial matrix peptidase chaperone subunit","ILMN_1709894",0.02872193,0.00517,3.0055642,-2.47633,0.9311775,"caseinolytic mitochondrial matrix peptidase chaperone subunit"
"205","CLUAP1","235080_at",0.000176,5.11e-05,4.16,0.7132822,0.784,"clusterin associated protein 1","ILMN_2355042",0.00036795,7.52e-06,5.3523907,3.69324,1.0326354,"clusterin associated protein 1"
"206","CMAHP","205518_s_at",1.45e-27,3.01e-29,-13.7,55.7694123,-2,"cytidine monophospho-N-acetylneuraminic acid hydroxylase, pseudogene","ILMN_1704084",0.0125861,0.0016,3.4544307,-1.38967,1.5185436,"cytidine monophospho-N-acetylneuraminic acid hydroxylase, pseudogene"
"207","CMIP","224992_s_at",4.31e-08,8e-09,6.07,9.1958099,0.724,"c-Maf inducing protein","ILMN_1738075",0.00854701,0.000905,-3.6651301,-0.8566,-0.8944444,"c-Maf inducing protein"
"208","CMSS1","224523_s_at",2.13e-09,3.41e-10,6.68,12.2878228,0.646,"cms1 ribosomal small subunit homolog (yeast)","ILMN_2215545",4.105e-05,2.24e-07,6.5790011,7.05191,1.3996515,"cms1 ribosomal small subunit homolog (yeast)"
"209","CNIH4","228437_at",1.71e-05,4.32e-06,4.75,3.0819689,0.729,"cornichon family AMPA receptor auxiliary protein 4","ILMN_1714759",0.01723831,0.00252,3.2829189,-1.81345,1.1323292,"cornichon family AMPA receptor auxiliary protein 4"
"210","COA6","225638_at",1.24e-25,3.2e-27,13,51.1290525,0.801,"cytochrome c oxidase assembly factor 6","ILMN_1681741",0.00017617,2.52e-06,5.7319779,4.73993,1.104757,"cytochrome c oxidase assembly factor 6"
"211","COMMD2","223491_at",6.56e-21,2.88e-22,11.3,39.7872663,1.13,"COMM domain containing 2","ILMN_1683305",0.00049311,1.19e-05,5.1932491,3.25419,1.0352137,"COMM domain containing 2"
"212","COMMD8","218351_at",9.8e-12,1.19e-12,7.69,17.8499196,0.695,"COMM domain containing 8","ILMN_1765644",6.971e-05,5.38e-07,6.2705607,6.21568,2.0694505,"COMM domain containing 8"
"213","COPS2","202467_s_at",5.2e-26,1.29e-27,13.1,52.0314191,0.596,"COP9 signalosome subunit 2","ILMN_1655827",0.00319172,0.000216,4.1809068,0.49429,1.241907,"COP9 signalosome subunit 2"
"214","COQ3","223515_s_at",1.64e-10,2.32e-11,7.16,14.9294009,0.659,"coenzyme Q3, methyltransferase","ILMN_1801378",8.151e-05,7.5e-07,6.1537473,5.89705,1.1419901,"coenzyme Q3, methyltransferase"
"215","COQ8A","218168_s_at",1.27e-29,2.03e-31,-14.5,60.7422322,-1.01,"coenzyme Q8A","ILMN_1731064",0.00550768,0.000478,-3.8966361,-0.25734,-1.0189789,"coenzyme Q8A"
"216","CORO1A","209083_at",1.86e-08,3.31e-09,6.25,10.0576338,0.992,"coronin 1A","ILMN_1713749",0.03116592,0.00582,-2.959082,-2.58441,-0.6536843,"coronin 1A"
"217","CORO1B","64486_at",5e-09,8.32e-10,6.51,11.4111115,0.772,"coronin 1B","ILMN_2377019",0.00101876,3.77e-05,-4.7930108,2.1532,-0.8007956,"coronin 1B"
"218","CPA4","205832_at",4.21e-13,4.42e-14,8.25,21.1052906,0.677,"carboxypeptidase A4","ILMN_1784294",0.00802417,0.000823,-3.6999403,-0.76734,-1.1159,"carboxypeptidase A4"
"219","CRIP2","208978_at",4.32e-18,2.58e-19,-10.2,33.0405563,-1.56,"cysteine rich protein 2","ILMN_1694432",0.03069416,0.00568,-2.9688921,-2.56167,-0.9132377,"cysteine rich protein 2"
"220","CRIPT","222702_x_at",1.48e-18,8.5e-20,10.4,34.141175,1.2,"CXXC repeat containing interactor of PDZ3 domain","ILMN_1813256",0.0012517,5.17e-05,4.6834651,1.85343,1.1584391,"CXXC repeat containing interactor of PDZ3 domain"
"221","CRLS1","241741_at",1.24e-14,1.09e-15,-8.86,24.7668075,-1.32,"cardiolipin synthase 1","ILMN_1737685",0.02908714,0.00528,2.9977983,-2.49445,0.6871981,"cardiolipin synthase 1"
"222","CRY2","212695_at",2.45e-28,4.63e-30,-14,57.6320513,-1.91,"cryptochrome circadian clock 2","ILMN_1796180",0.00039438,8.3e-06,-5.318025,3.59841,-1.0594794,"cryptochrome circadian clock 2"
"223","CRYZL1","1552347_at",2.36e-28,4.44e-30,-14,57.6737482,-1.27,"crystallin zeta like 1","ILMN_1762115",0.00534096,0.000459,3.9118575,-0.2175,0.896108,"crystallin zeta like 1"
"224","CSK","202329_at",1.32e-22,4.73e-24,11.9,43.871689,0.729,"c-src tyrosine kinase","ILMN_1754121",0.02004549,0.0031,-3.2048857,-2.00291,-1.0082519,"c-src tyrosine kinase"
"225","CSPP1","220072_at",8.35e-07,1.8e-07,-5.45,6.1574666,-0.892,"centrosome and spindle pole associated protein 1","ILMN_2393994",0.00010878,1.13e-06,6.0116015,5.50812,1.3836982,"centrosome and spindle pole associated protein 1"
"226","CTNNBIP1","203081_at",3.82e-10,5.63e-11,-7.01,14.056719,-0.841,"catenin beta interacting protein 1","ILMN_2381168",0.01871916,0.00281,-3.2413133,-1.91474,-0.6086922,"catenin beta interacting protein 1"
"227","CTNS","204925_at",1.19e-13,1.17e-14,8.47,22.416585,1.37,"cystinosin, lysosomal cystine transporter","ILMN_1807719",0.01426962,0.0019,-3.3895445,-1.55113,-0.6802388,"cystinosin, lysosomal cystine transporter"
"228","CTSB","213274_s_at",3.89e-22,1.48e-23,11.7,42.7370113,2,"cathepsin B","ILMN_2359742",0.01589841,0.00225,-3.3267414,-1.70611,-0.7811063,"cathepsin B"
"229","CTSC","225647_s_at",2.12e-16,1.54e-17,9.55,28.9840675,1.27,"cathepsin C","ILMN_2242463",0.01537691,0.00214,3.3456702,-1.65954,0.7334623,"cathepsin C"
"230","CTSD","200766_at",5.82e-27,1.31e-28,13.5,54.3055219,1.14,"cathepsin D","ILMN_1674038",0.00174273,8.6e-05,-4.5052714,1.36807,-1.3002002,"cathepsin D"
"231","CTSF","203657_s_at",1.81e-21,7.49e-23,-11.5,41.1268409,-1.07,"cathepsin F","ILMN_1804955",0.00346409,0.000243,-4.1392618,0.38324,-1.0014431,"cathepsin F"
"232","CUL5","203532_x_at",1.27e-06,2.81e-07,5.35,5.7278418,0.623,"cullin 5","ILMN_2176955",0.00786698,0.000798,3.7110798,-0.73871,1.0897937,"cullin 5"
"233","CWC27","223337_at",7.59e-17,5.28e-18,9.72,30.0456519,0.679,"CWC27 spliceosome associated protein homolog","ILMN_1686194",7.077e-05,5.53e-07,6.2607441,6.18894,1.9716517,"CWC27 spliceosome associated protein homolog"
"234","CWF19L2","237040_at",1.16e-17,7.32e-19,-10,32.004777,-0.731,"CWF19-like 2, cell cycle control (S. pombe)","ILMN_1668498",9.755e-05,9.83e-07,6.0592555,5.63865,1.4898628,"CWF19-like 2, cell cycle control (S. pombe)"
"235","CXCL10","204533_at",5.69e-27,1.28e-28,13.5,54.3289888,4.62,"C-X-C motif chemokine ligand 10","ILMN_1791759",3.28e-06,1.96e-09,8.3119596,11.55628,3.6225446,"C-X-C motif chemokine ligand 10"
"236","CXCL16","223454_at",5.79e-16,4.42e-17,9.38,27.940768,0.625,"C-X-C motif chemokine ligand 16","ILMN_1728478",0.0029093,0.000188,-4.2309081,0.628,-0.957479,"C-X-C motif chemokine ligand 16"
"237","CXCL8","202859_x_at",2.79e-44,8.56e-47,20.2,95.9634152,6.75,"C-X-C motif chemokine ligand 8","ILMN_1666733",0.03938638,0.008,2.8324679,-2.87401,1.3750851,"C-X-C motif chemokine ligand 8"
"238","CYB5R3","1554574_a_at",2.95e-09,4.8e-10,-6.61,11.949989,-1.55,"cytochrome b5 reductase 3","ILMN_2308582",0.02891647,0.00523,-3.0017342,-2.48527,-0.7533385,"cytochrome b5 reductase 3"
"239","CYB5R4","219079_at",8.04e-25,2.3e-26,12.7,49.1652322,1.83,"cytochrome b5 reductase 4","ILMN_1688158",0.0124458,0.00157,3.4612576,-1.3726,1.1704299,"cytochrome b5 reductase 4"
"240","CYP20A1","219565_at",3.8e-10,5.59e-11,7.01,14.0621401,0.707,"cytochrome P450 family 20 subfamily A member 1","ILMN_1718177",0.00830012,0.000864,3.6822856,-0.81265,0.7634502,"cytochrome P450 family 20 subfamily A member 1"
"241","CYP27A1","203979_at",1.07e-31,1.35e-33,-15.3,65.7305068,-1.18,"cytochrome P450 family 27 subfamily A member 1","ILMN_1704985",0.00211352,0.000116,-4.4000506,1.08308,-0.8768174,"cytochrome P450 family 27 subfamily A member 1"
"242","CYP2C18","208126_s_at",4.66e-25,1.3e-26,12.8,49.7376324,3.18,"cytochrome P450 family 2 subfamily C member 18","ILMN_1683121",0.0398258,0.00812,-2.82603,-2.88854,-0.8333443,"cytochrome P450 family 2 subfamily C member 18"
"243","CYP39A1","220432_s_at",2e-15,1.62e-16,-9.17,26.6562324,-1.06,"cytochrome P450 family 39 subfamily A member 1","ILMN_1808650",0.04279359,0.00896,2.7866141,-2.97709,0.7881198,"cytochrome P450 family 39 subfamily A member 1"
"244","CYP4V2","235719_at",0.00113,0.00037,-3.63,-1.1614786,-0.649,"cytochrome P450 family 4 subfamily V member 2","ILMN_2054607",0.01267156,0.00162,3.4507433,-1.39888,0.8817997,"cytochrome P450 family 4 subfamily V member 2"
"245","CYP4X1","227702_at",6.81e-07,1.46e-07,-5.49,6.3663222,-0.86,"cytochrome P450 family 4 subfamily X member 1","ILMN_2175317",0.0494332,0.0109,2.7068705,-3.15395,0.6695886,"cytochrome P450 family 4 subfamily X member 1"
"246","DBN1","202806_at",6.96e-20,3.44e-21,-10.9,37.3253905,-1.24,"drebrin 1","ILMN_1769926",0.0014674,6.56e-05,-4.6002459,1.62637,-0.8196031,"drebrin 1"
"247","DCAF7","209592_s_at",7.35e-07,1.58e-07,5.47,6.2874001,0.615,"DDB1 and CUL4 associated factor 7","ILMN_1682264",0.01679432,0.00243,-3.2978893,-1.77685,-0.7028122,"DDB1 and CUL4 associated factor 7"
"248","DCT","216512_s_at",0.0171,0.00683,-2.74,-3.8581188,-0.674,"dopachrome tautomerase","ILMN_1701783",0.00012333,1.4e-06,-5.9364895,5.30213,-1.9981828,"dopachrome tautomerase"
"249","DCUN1D1","222678_s_at",4.87e-11,6.43e-12,7.39,16.191622,0.774,"defective in cullin neddylation 1 domain containing 1","ILMN_1810719",0.04016888,0.00822,2.8213826,-2.89902,0.6643302,"defective in cullin neddylation 1 domain containing 1"
"250","DCUN1D5","223151_at",9.42e-22,3.77e-23,11.6,41.8101482,0.809,"defective in cullin neddylation 1 domain containing 5","ILMN_1726839",0.02008463,0.00311,3.2035345,-2.00617,0.6875656,"defective in cullin neddylation 1 domain containing 5"
"251","DDX10","204977_at",5.22e-11,6.91e-12,7.38,16.1202351,1.03,"DEAD-box helicase 10","ILMN_1753249",0.00041419,9.07e-06,5.2873993,3.51391,1.3952082,"DEAD-box helicase 10"
"252","DDX18","208897_s_at",2.14e-14,1.93e-15,8.77,24.2023747,0.748,"DEAD-box helicase 18","ILMN_1756220",0.01811038,0.00269,3.2589976,-1.87176,0.8307611,"DEAD-box helicase 18"
"253","DDX21","224654_at",1.17e-32,1.3e-34,15.6,68.0629774,0.846,"DEAD-box helicase 21","ILMN_1735461",0.0054154,0.000467,3.9056818,-0.23367,1.2655795,"DEAD-box helicase 21"
"254","DDX52","212834_at",5.7e-23,1.97e-24,12,44.7413256,1.6,"DEAD-box helicase 52","ILMN_2366790",0.00466075,0.000369,3.989496,-0.01354,0.9827755,"DEAD-box helicase 52"
"255","DDX56","217754_at",9.01e-19,5.07e-20,10.4,34.6541042,0.64,"DEAD-box helicase 56","ILMN_1679405",0.04724054,0.0103,-2.7314638,-3.09973,-0.6865611,"DEAD-box helicase 56"
"256","DDX58","222793_at",1.12e-19,5.68e-21,10.8,36.8270877,1.89,"DEXD/H-box helicase 58","ILMN_1797001",0.0181587,0.0027,3.2575152,-1.87537,0.7749349,"DEXD/H-box helicase 58"
"257","DDX59","228386_s_at",2.58e-08,4.67e-09,-6.18,9.7224537,-0.682,"DEAD-box helicase 59","ILMN_1748077",0.00223872,0.000127,4.3676782,0.99567,1.4971416,"DEAD-box helicase 59"
"258","DEF8","219646_at",2.04e-08,3.65e-09,6.23,9.9638634,0.59,"differentially expressed in FDCP 8 homolog","ILMN_1767509",0.0263765,0.00458,-3.0537271,-2.36338,-0.7396631,"differentially expressed in FDCP 8 homolog"
"259","DEGS2","236496_at",4.17e-05,1.11e-05,4.53,2.1731836,0.805,"delta 4-desaturase, sphingolipid 2","ILMN_1768772",0.00232505,0.000135,-4.3481335,0.94297,-1.0729582,"delta 4-desaturase, sphingolipid 2"
"260","DENND1A","219763_at",5.27e-31,7.2e-33,15,64.0674579,2,"DENN domain containing 1A","ILMN_1753275",0.02992921,0.00548,-2.9830107,-2.52888,-0.7485285,"DENN domain containing 1A"
"261","DENND4A","1554352_s_at",2.68e-09,4.33e-10,6.63,12.0520644,0.839,"DENN domain containing 4A","ILMN_2041161",0.0168047,0.00243,3.2972896,-1.77832,0.7075343,"DENN domain containing 4A"
"262","DENR","234915_s_at",1.05e-23,3.38e-25,12.3,46.4943194,1.8,"density regulated re-initiation and release factor","ILMN_1760954",0.02527368,0.00432,3.0762405,-2.31026,0.7813449,"density regulated re-initiation and release factor"
"263","DFFA","223518_at",3e-23,1.01e-24,12.1,45.4074835,1.19,"DNA fragmentation factor subunit alpha","ILMN_2385220",0.01718912,0.00251,-3.28478,-1.8089,-0.605971,"DNA fragmentation factor subunit alpha"
"264","DGAT1","203669_s_at",2.59e-08,4.68e-09,6.18,9.7188386,0.586,"diacylglycerol O-acyltransferase 1","ILMN_1704091",0.00175527,8.7e-05,-4.5013493,1.35742,-0.8185784,"diacylglycerol O-acyltransferase 1"
"265","DHRS3","202481_at",1.36e-14,1.2e-15,-8.84,24.6740303,-0.615,"dehydrogenase/reductase 3","ILMN_1752478",0.04857996,0.0106,-2.7168176,-3.13206,-0.718367,"dehydrogenase/reductase 3"
"266","DHX36","1559039_at",1.35e-08,2.35e-09,-6.31,10.3920156,-0.654,"DEAH-box helicase 36","ILMN_2100000",0.02420297,0.00405,3.1009582,-2.25171,1.0136589,"DEAH-box helicase 36"
"267","DIMT1","210802_s_at",2.53e-28,4.79e-30,14,57.6001428,1.2,"DIM1 dimethyladenosine transferase 1 homolog","ILMN_1803312",0.02769433,0.0049,3.0268203,-2.4266,0.6372221,"DIM1 dimethyladenosine transferase 1 homolog"
"268","DLAT","211150_s_at",4.02e-19,2.15e-20,10.6,35.5039172,1.35,"dihydrolipoamide S-acetyltransferase","ILMN_1706583",0.04321195,0.00906,2.7816998,-2.98807,0.7404636,"dihydrolipoamide S-acetyltransferase"
"269","DLEU1","205677_s_at",2.78e-11,3.57e-12,7.5,16.7714925,0.791,"deleted in lymphocytic leukemia 1","ILMN_2043918",0.02866723,0.00516,3.0068951,-2.47322,0.664784,"deleted in lymphocytic leukemia 1"
"270","DLGAP5","203764_at",5.61e-45,1.53e-47,20.5,97.6758847,3.52,"DLG associated protein 5","ILMN_1749829",0.00199197,0.000107,4.42956,1.16287,1.4671555,"DLG associated protein 5"
"271","DMTN","204505_s_at",5.72e-14,5.43e-15,-8.6,23.1766352,-0.788,"dematin actin binding protein","ILMN_1671686",0.00052865,1.34e-05,-5.1531617,3.14365,-1.1283305,"dematin actin binding protein"
"272","DNAAF2","219166_at",1.51e-06,3.36e-07,5.31,5.5540103,0.7,"dynein axonemal assembly factor 2","ILMN_1769757",0.03596359,0.00704,2.8832853,-2.75864,1.2542007,"dynein axonemal assembly factor 2"
"273","DNAJC24","1570048_at",2.9e-12,3.34e-13,-7.9,19.1084058,-0.956,"DnaJ heat shock protein family (Hsp40) member C24","ILMN_1685930",0.03711638,0.00734,2.8666427,-2.79655,1.3152107,"DnaJ heat shock protein family (Hsp40) member C24"
"274","DNAJC30","223367_at",4.02e-09,6.63e-10,6.55,11.6337384,0.691,"DnaJ heat shock protein family (Hsp40) member C30","ILMN_1771824",0.00230346,0.000133,-4.3523666,0.95438,-1.0937033,"DnaJ heat shock protein family (Hsp40) member C30"
"275","DNAJC7","215252_at",5.69e-05,1.54e-05,-4.45,1.8589208,-0.759,"DnaJ heat shock protein family (Hsp40) member C7","ILMN_1663616",0.02465208,0.00416,3.0904594,-2.27661,0.779056,"DnaJ heat shock protein family (Hsp40) member C7"
"276","DNAJC9","213092_x_at",8.31e-18,5.13e-19,10.1,32.358225,0.848,"DnaJ heat shock protein family (Hsp40) member C9","ILMN_1799516",0.0019128,9.96e-05,4.4537108,1.22825,1.0047259,"DnaJ heat shock protein family (Hsp40) member C9"
"277","DNASE1L2","207192_at",5.51e-08,1.03e-08,6.02,8.943624,0.954,"deoxyribonuclease 1 like 2","ILMN_1801366",0.03370358,0.00647,-2.9172617,-2.68085,-0.9065024,"deoxyribonuclease 1 like 2"
"278","DNASE1L3","205554_s_at",1.13e-24,3.29e-26,12.6,48.8097685,1.56,"deoxyribonuclease 1 like 3","ILMN_2049184",0.00399948,0.000297,4.0672292,0.19188,0.8033121,"deoxyribonuclease 1 like 3"
"279","DNER","226281_at",2.79e-12,3.2e-13,-7.91,19.150288,-1.56,"delta/notch like EGF repeat containing","ILMN_1791679",0.0344453,0.00667,2.9050823,-2.70879,0.6048464,"delta/notch like EGF repeat containing"
"280","DNM1L","203105_s_at",3.53e-32,4.17e-34,15.4,66.9019167,1.2,"dynamin 1 like","ILMN_1685260",0.0170945,0.00249,3.2883016,-1.8003,0.815597,"dynamin 1 like"
"281","DNM2","1555895_at",2.03e-14,1.82e-15,8.78,24.2574495,1.01,"dynamin 2","ILMN_2339377",0.00857937,0.000909,-3.663401,-0.86102,-0.6139392,"dynamin 2"
"282","DOCK8","225502_at",2.12e-05,5.43e-06,4.7,2.8624793,0.633,"dedicator of cytokinesis 8","ILMN_1788931",0.01502001,0.00206,3.3601528,-1.62382,0.6920893,"dedicator of cytokinesis 8"
"283","DOLK","204488_at",7.63e-11,1.03e-11,7.31,15.7240501,0.703,"dolichol kinase","ILMN_1753627",0.00933102,0.00103,-3.617371,-0.97854,-0.7698995,"dolichol kinase"
"284","DPH3","225195_at",8.59e-32,1.07e-33,15.3,65.9667198,1.96,"diphthamide biosynthesis 3","ILMN_2349610",0.0001531,2.01e-06,5.8098132,4.9541,1.0267779,"diphthamide biosynthesis 3"
"285","DRG2","203267_s_at",1.78e-09,2.82e-10,6.71,12.4717159,1.02,"developmentally regulated GTP binding protein 2","ILMN_1810531",0.01191278,0.00147,-3.4848336,-1.31355,-0.6475381,"developmentally regulated GTP binding protein 2"
"286","DSC2","231033_at",2.41e-48,4.27e-51,21.9,105.8059502,6.19,"desmocollin 2","ILMN_1663119",0.04732274,0.0103,2.7305641,-3.10172,0.6912115,"desmocollin 2"
"287","DST","232098_at",5.19e-17,3.53e-18,-9.78,30.4456047,-1.46,"dystonin","ILMN_1703913",8.065e-05,7.38e-07,6.1593467,5.91235,1.5852599,"dystonin"
"288","DSTN","230933_at",1.98e-09,3.15e-10,-6.69,12.3632885,-0.806,"destrin, actin depolymerizing factor","ILMN_1706426",0.03994979,0.00816,2.8241791,-2.89271,0.6536921,"destrin, actin depolymerizing factor"
"289","DTWD1","229984_at",1.42e-11,1.76e-12,-7.62,17.4686907,-1.11,"DTW domain containing 1","ILMN_1740861",0.00012333,1.41e-06,5.9345797,5.29689,1.7583784,"DTW domain containing 1"
"290","DUS3L","230145_at",3.59e-05,9.49e-06,4.57,2.325301,1.17,"dihydrouridine synthase 3 like","ILMN_1723235",0.00309036,0.000206,-4.1978673,0.5396,-0.8218027,"dihydrouridine synthase 3 like"
"291","DUSP12","218576_s_at",8.49e-14,8.25e-15,8.53,22.7639508,0.68,"dual specificity phosphatase 12","ILMN_1767892",0.02175473,0.00348,3.1600589,-2.11073,0.7206443,"dual specificity phosphatase 12"
"292","DYNC1I2","236698_at",2e-07,4.01e-08,-5.75,7.6209345,-0.983,"dynein cytoplasmic 1 intermediate chain 2","ILMN_1773847",0.00190916,9.93e-05,4.4550356,1.23184,1.1732293,"dynein cytoplasmic 1 intermediate chain 2"
"293","DYNC2LI1","241757_x_at",6.96e-11,9.37e-12,-7.33,15.8202654,-0.596,"dynein cytoplasmic 2 light intermediate chain 1","ILMN_1811836",0.00042007,9.28e-06,5.2793779,3.49177,1.7057491,"dynein cytoplasmic 2 light intermediate chain 1"
"294","DYNLRB2","238116_at",2.61e-16,1.92e-17,-9.51,28.7648874,-1.35,"dynein light chain roadblock-type 2","ILMN_1697317",0.00105357,3.95e-05,4.7771389,2.10971,0.7945236,"dynein light chain roadblock-type 2"
"295","DYNLT1","201999_s_at",1.99e-17,1.29e-18,9.94,31.4467222,0.588,"dynein light chain Tctex-type 1","ILMN_1678766",0.00092809,3.29e-05,4.8404849,2.28337,1.1403182,"dynein light chain Tctex-type 1"
"296","ECI2","218025_s_at",1.95e-20,9.05e-22,-11.1,38.6514935,-0.939,"enoyl-CoA delta isomerase 2","ILMN_1761131",0.01241486,0.00156,3.4641629,-1.36533,0.689946,"enoyl-CoA delta isomerase 2"
"297","ECM2","206101_at",4.2e-10,6.21e-11,-6.99,13.9598498,-0.831,"extracellular matrix protein 2","ILMN_2228938",0.04628739,0.00997,2.7429096,-3.0744,0.7921214,"extracellular matrix protein 2"
"298","ECT2","219787_s_at",3.19e-22,1.2e-23,11.7,42.9466745,1.84,"epithelial cell transforming 2","ILMN_1717173",0.0006746,1.98e-05,5.016123,2.76611,1.3363701,"epithelial cell transforming 2"
"299","EDNRB","206701_x_at",3.05e-07,6.25e-08,-5.66,7.1888304,-0.946,"endothelin receptor type B","ILMN_1751904",0.00182847,9.38e-05,-4.4747477,1.28526,-0.7759643,"endothelin receptor type B"
"300","EEF1E1","213907_at",5.82e-14,5.54e-15,8.59,23.1572257,0.827,"eukaryotic translation elongation factor 1 epsilon 1","ILMN_1725105",6.268e-05,4.29e-07,6.3498462,6.43138,1.5491436,"eukaryotic translation elongation factor 1 epsilon 1"
"301","EFCAB11","214264_s_at",4.64e-14,4.35e-15,8.63,23.3959942,0.901,"EF-hand calcium binding domain 11","ILMN_2193315",0.00047147,1.1e-05,5.219683,3.32709,1.1781695,"EF-hand calcium binding domain 11"
"302","EFEMP1","228421_s_at",1.84e-06,4.14e-07,-5.27,5.3511434,-0.825,"EGF containing fibulin like extracellular matrix protein 1","ILMN_2350634",0.0229654,0.00377,3.1290856,-2.18478,0.916493,"EGF containing fibulin like extracellular matrix protein 1"
"303","EFHC1","225656_at",8.14e-16,6.33e-17,-9.32,27.5843678,-1.59,"EF-hand domain containing 1","ILMN_1755051",0.02610406,0.00452,3.0585649,-2.35199,0.9287619,"EF-hand domain containing 1"
"304","EFHD2","222483_at",1.26e-10,1.75e-11,7.21,15.2058285,0.889,"EF-hand domain family member D2","ILMN_1761463",0.01143308,0.00139,-3.5081198,-1.25507,-0.9608825,"EF-hand domain family member D2"
"305","EFNB3","205031_at",0.000127,3.61e-05,-4.24,1.0446059,-0.619,"ephrin B3","ILMN_1695606",0.00998446,0.00114,-3.5804312,-1.07242,-0.7528701,"ephrin B3"
"306","EGFL8","209490_s_at",7.27e-24,2.3e-25,12.3,46.8758442,1.28,"EGF like domain multiple 8///palmitoyl-protein thioesterase 2","ILMN_1693515",0.02803946,0.00499,-3.0196044,-2.4435,-0.7302791,"EGF like domain multiple 8"
"307","EHBP1","212650_at",4.43e-05,1.19e-05,-4.51,2.1107477,-0.871,"EH domain binding protein 1","ILMN_1803348",0.00198908,0.000106,4.4303957,1.16513,1.0310301,"EH domain binding protein 1"
"308","EHD1","209037_s_at",2.47e-16,1.81e-17,9.52,28.8240996,1.65,"EH domain containing 1","ILMN_1651832",0.00267252,0.000165,-4.2758697,0.74857,-0.8445629,"EH domain containing 1"
"309","EHD4","233660_at",4.87e-11,6.44e-12,7.39,16.1901877,1.34,"EH domain containing 4","ILMN_1720083",0.01013981,0.00116,-3.5725682,-1.09235,-0.6859662,"EH domain containing 4"
"310","EIF3B","203462_x_at",8.21e-15,7.08e-16,8.93,25.1923464,0.613,"eukaryotic translation initiation factor 3 subunit B","ILMN_2278729",0.00029547,5.17e-06,-5.4817349,4.05014,-0.724024,"eukaryotic translation initiation factor 3 subunit B"
"311","EIF3H","230570_at",4.01e-08,7.41e-09,-6.09,9.2703119,-0.614,"eukaryotic translation initiation factor 3 subunit H","ILMN_1683660",0.00448219,0.000348,4.0107346,0.04247,0.8599222,"eukaryotic translation initiation factor 3 subunit H"
"312","EIF3J","208985_s_at",1.36e-28,2.49e-30,14.1,58.2509564,0.775,"eukaryotic translation initiation factor 3 subunit J","ILMN_1815345",0.00625122,0.000574,3.8311345,-0.42819,1.1545791,"eukaryotic translation initiation factor 3 subunit J"
"313","EIF3M","239848_at",1.38e-22,4.98e-24,-11.9,43.819905,-1.1,"eukaryotic translation initiation factor 3 subunit M","ILMN_2192693",0.00159953,7.5e-05,4.5534457,1.49897,1.1965091,"eukaryotic translation initiation factor 3 subunit M"
"314","EIF4G3","1554309_at",0.000309,9.29e-05,4,0.1456062,0.592,"eukaryotic translation initiation factor 4 gamma 3","ILMN_1775692",0.00985329,0.00112,3.5879756,-1.05328,1.1248133,"eukaryotic translation initiation factor 4 gamma 3"
"315","EIF5","208290_s_at",1.17e-33,1.2e-35,16,70.4360296,1.81,"eukaryotic translation initiation factor 5","ILMN_1815733",0.00281509,0.000179,4.2482342,0.67442,0.9545826,"eukaryotic translation initiation factor 5"
"316","EIF5B","201025_at",5.22e-22,2.01e-23,11.7,42.4321991,0.827,"eukaryotic translation initiation factor 5B","ILMN_1756767",0.00031556,5.75e-06,5.4454146,3.94993,1.0720785,"eukaryotic translation initiation factor 5B"
"317","ELF2","242735_x_at",1.33e-18,7.62e-20,-10.4,34.2502015,-0.701,"E74 like ETS transcription factor 2","ILMN_1691559",0.03755087,0.00746,2.8604268,-2.81068,0.7404123,"E74 like ETS transcription factor 2"
"318","ELF4","31845_at",3.84e-05,1.02e-05,4.55,2.2580125,0.591,"E74 like ETS transcription factor 4","ILMN_1652082",0.00123291,5.05e-05,-4.6912571,1.87472,-0.7394373,"E74 like ETS transcription factor 4"
"319","ELL2","214446_at",1.44e-39,7.45e-42,18.3,84.6527529,3.02,"elongation factor for RNA polymerase II 2","ILMN_1655930",0.01497286,0.00205,3.3620482,-1.61915,1.1276539,"elongation factor for RNA polymerase II 2"
"320","ELMOD2","1553928_at",8.4e-16,6.54e-17,9.32,27.5511235,1.01,"ELMO domain containing 2","ILMN_1765159",0.01049303,0.00122,3.5546659,-1.13767,1.1391813,"ELMO domain containing 2"
"321","ENDOG","204824_at",1.22e-07,2.39e-08,5.86,8.127638,0.824,"endonuclease G","ILMN_1722309",0.03083145,0.00572,-2.9661726,-2.56798,-0.6396922,"endonuclease G"
"322","ENO2","201313_at",2.41e-14,2.19e-15,-8.75,24.0771133,-1.34,"enolase 2","ILMN_1765796",0.00682573,0.000653,-3.7839113,-0.55075,-0.5909351,"enolase 2"
"323","ENY2","226776_at",2.17e-13,2.21e-14,-8.36,21.7895092,-0.877,"ENY2, transcription and export complex 2 subunit","ILMN_2166865",3.947e-05,1.97e-07,6.625379,7.17694,1.8245222,"ENY2, transcription and export complex 2 subunit"
"324","EPHX1","202017_at",7.1e-19,3.94e-20,-10.5,34.9044025,-1.09,"epoxide hydrolase 1","ILMN_1701025",0.03117114,0.00583,-2.9585661,-2.5856,-0.5995593,"epoxide hydrolase 1"
"325","EPN1","226667_x_at",5.8e-12,6.89e-13,7.78,18.3932468,0.612,"epsin 1","ILMN_1772981",0.00361647,0.000257,-4.1189413,0.32917,-1.037638,"epsin 1"
"326","EPRS","200843_s_at",6.27e-23,2.18e-24,12,44.64399,0.741,"glutamyl-prolyl-tRNA synthetase","ILMN_1783695",0.02280154,0.00372,3.1340876,-2.17285,0.9563551,"glutamyl-prolyl-tRNA synthetase"
"327","EPSTI1","227609_at",5.03e-49,8.19e-52,22.2,107.4463649,5.13,"epithelial stromal interaction 1 (breast)","ILMN_2388547",0.00014121,1.75e-06,5.8589728,5.08925,1.9459752,"epithelial stromal interaction 1 (breast)"
"328","ERCC8","205162_at",3.79e-09,6.23e-10,6.56,11.6946708,0.916,"ERCC excision repair 8, CSA ubiquitin ligase complex subunit","ILMN_1792107",0.00588921,0.000523,3.8643033,-0.3418,1.0222816,"ERCC excision repair 8, CSA ubiquitin ligase complex subunit"
"329","ESD","228162_at",0.00181,0.000613,3.49,-1.6342785,0.62,"esterase D","ILMN_1720285",0.00880759,0.000942,3.6504559,-0.89413,0.8514812,"esterase D"
"330","ESPN","223549_s_at",1.13e-19,5.72e-21,-10.8,36.8198058,-1.58,"espin","ILMN_1806710",0.00601367,0.000542,-3.8513267,-0.37562,-1.0437521,"espin"
"331","EXO1","204603_at",1.95e-27,4.11e-29,13.7,55.4601304,1.81,"exonuclease 1","ILMN_1673721",0.02255035,0.00366,3.1406128,-2.15726,0.9765893,"exonuclease 1"
"332","EXOC3","212630_at",1.27e-16,9.07e-18,9.63,29.5090961,0.982,"exocyst complex component 3","ILMN_1789419",0.00727961,0.000712,-3.7524714,-0.63205,-0.8206508,"exocyst complex component 3"
"333","EXOC5","228418_at",1.51e-14,1.34e-15,8.83,24.5625084,1.28,"exocyst complex component 5","ILMN_1788625",0.03394471,0.00653,2.9134967,-2.6895,0.8024648,"exocyst complex component 5"
"334","EXOSC3","227913_at",1.06e-24,3.09e-26,12.7,48.8746952,2.17,"exosome component 3","ILMN_1708936",0.01553926,0.00217,3.3401191,-1.67321,0.7991892,"exosome component 3"
"335","EXOSC4","218695_at",7.21e-17,5e-18,9.73,30.0995861,1.2,"exosome component 4","ILMN_1745271",0.00967865,0.00109,-3.5981462,-1.02744,-0.8537222,"exosome component 4"
"336","EXTL3","209202_s_at",1.03e-05,2.55e-06,4.87,3.5909115,0.804,"exostosin like glycosyltransferase 3","ILMN_1778226",0.01034872,0.00119,-3.562959,-1.11669,-0.6896609,"exostosin like glycosyltransferase 3"
"337","FABP5","202345_s_at",2.63e-41,1.08e-43,19,88.8663793,1.47,"fatty acid binding protein 5","ILMN_2146761",0.00036923,7.61e-06,5.3482996,3.68195,1.9711333,"fatty acid binding protein 5"
"338","FAM110A","226584_s_at",3.17e-08,5.8e-09,6.14,9.5104218,0.682,"family with sequence similarity 110 member A","ILMN_2323944",0.00931742,0.00103,-3.6185711,-0.97548,-1.049295,"family with sequence similarity 110 member A"
"339","FAM117A","221249_s_at",6.92e-32,8.44e-34,-15.3,66.2009549,-1.46,"family with sequence similarity 117 member A","ILMN_1745533",0.01862662,0.00279,-3.2442125,-1.9077,-0.7190362,"family with sequence similarity 117 member A"
"340","FAM129B","223019_at",6.81e-19,3.77e-20,10.5,34.9480471,0.794,"family with sequence similarity 129 member B","ILMN_1661755",0.0096204,0.00108,-3.6013514,-1.0193,-0.7568376,"family with sequence similarity 129 member B"
"341","FAM162A","224345_x_at",2.86e-17,1.89e-18,9.88,31.0664513,0.667,"family with sequence similarity 162 member A","ILMN_1803647",0.01049047,0.00122,3.5551649,-1.13641,1.376063,"family with sequence similarity 162 member A"
"342","FAM174B","222085_at",1.14e-28,2.07e-30,-14.1,58.4350566,-1.14,"family with sequence similarity 174 member B","ILMN_1652797",0.00012434,1.42e-06,-5.9302385,5.28498,-1.1583575,"family with sequence similarity 174 member B"
"343","FAM206A","218998_at",2.98e-12,3.43e-13,7.9,19.081538,0.764,"family with sequence similarity 206 member A","ILMN_2191929",0.00606603,0.000552,3.8448187,-0.39258,1.0604414,"family with sequence similarity 206 member A"
"344","FAM214A","235193_at",5.68e-05,1.54e-05,4.45,1.860086,0.852,"family with sequence similarity 214 member A","ILMN_1700733",0.01876678,0.00282,3.2399696,-1.918,1.3783551,"family with sequence similarity 214 member A"
"345","FAM3C","236316_at",3.38e-15,2.8e-16,-9.08,26.1097494,-0.743,"family with sequence similarity 3 member C","ILMN_2368773",0.03609242,0.00708,2.881449,-2.76283,1.0535513,"family with sequence similarity 3 member C"
"346","FAM46B","229518_at",1.34e-09,2.09e-10,6.77,12.7656627,0.805,"family with sequence similarity 46 member B","ILMN_1808011",0.00379675,0.000275,-4.094469,0.26414,-0.8834514,"family with sequence similarity 46 member B"
"347","FAM69B","229003_x_at",0.00152,0.000508,-3.55,-1.4582386,-0.632,"family with sequence similarity 69 member B","ILMN_1757440",0.02761128,0.00488,-3.0288171,-2.42192,-1.2873939,"family with sequence similarity 69 member B"
"348","FAM83A","239586_at",1.79e-45,4.61e-48,20.7,98.8673687,4.97,"family with sequence similarity 83 member A","ILMN_1670158",0.02057778,0.00322,-3.1896878,-2.03955,-1.0676805,"family with sequence similarity 83 member A"
"349","FAM83B","232202_at",5.22e-07,1.1e-07,5.55,6.6372194,0.586,"family with sequence similarity 83 member B","ILMN_1782863",0.02493074,0.00424,3.0836025,-2.29285,1.579679,"family with sequence similarity 83 member B"
"350","FARSA","216602_s_at",3.67e-08,6.75e-09,6.11,9.3611711,0.899,"phenylalanyl-tRNA synthetase alpha subunit","ILMN_1778255",0.00069509,2.08e-05,-4.9999214,2.72152,-0.8828566,"phenylalanyl-tRNA synthetase alpha subunit"
"351","FASTKD1","219002_at",5.78e-20,2.84e-21,10.9,37.5166333,0.869,"FAST kinase domains 1","ILMN_1751362",0.00063826,1.8e-05,5.0490878,2.85687,1.1066047,"FAST kinase domains 1"
"352","FASTKD3","219200_at",1.43e-09,2.24e-10,6.75,12.6982859,0.774,"FAST kinase domains 3","ILMN_1750160",0.00042842,9.63e-06,5.2664507,3.45611,0.8956249,"FAST kinase domains 3"
"353","FBLN1","201787_at",0.000111,3.14e-05,-4.28,1.1802864,-0.691,"fibulin 1","ILMN_1672536",0.04029876,0.00825,-2.8196867,-2.90284,-0.5982166,"fibulin 1"
"354","FBXO38","219608_s_at",0.00272,0.000946,-3.37,-2.0403011,-0.724,"F-box protein 38","ILMN_1754811",0.01537691,0.00214,3.3455888,-1.65974,0.7749299,"F-box protein 38"
"355","FBXO46","205310_at",4.66e-25,1.3e-26,12.8,49.7372112,1.07,"F-box protein 46","ILMN_2350266",0.00162578,7.64e-05,-4.5465815,1.48031,-0.6216834,"F-box protein 46"
"356","FBXW9","223419_at",3.56e-12,4.13e-13,7.87,18.8982789,0.625,"F-box and WD repeat domain containing 9","ILMN_1750661",0.02104879,0.00332,-3.1776545,-2.0685,-0.6728289,"F-box and WD repeat domain containing 9"
"357","FCGBP","203240_at",4.61e-10,6.85e-11,-6.97,13.8636353,-0.896,"Fc fragment of IgG binding protein","ILMN_2302757",0.01194808,0.00148,-3.4835826,-1.31669,-1.3111624,"Fc fragment of IgG binding protein"
"358","FER","206412_at",8.04e-09,1.37e-09,6.41,10.9222739,0.855,"FER tyrosine kinase","ILMN_1789618",0.01679179,0.00242,3.2980771,-1.7764,1.046511,"FER tyrosine kinase"
"359","FEZ1","203562_at",2.2e-06,5.01e-07,-5.23,5.1648413,-0.811,"fasciculation and elongation protein zeta 1","ILMN_1779071",0.00531146,0.000455,-3.9148958,-0.20954,-1.1375699,"fasciculation and elongation protein zeta 1"
"360","FGFBP1","205014_at",5.03e-30,7.71e-32,14.6,61.7081776,1.61,"fibroblast growth factor binding protein 1","ILMN_1785404",0.00992061,0.00113,3.5838478,-1.06375,0.9184298,"fibroblast growth factor binding protein 1"
"361","FGFR1OP","205588_s_at",2.96e-10,4.3e-11,7.05,14.3205713,0.981,"FGFR1 oncogene partner","ILMN_2411116",0.04463257,0.00947,2.764033,-3.02748,1.0039743,"FGFR1 oncogene partner"
"362","FGFR1OP2","1556283_s_at",1.31e-16,9.32e-18,9.63,29.4829288,1.24,"FGFR1 oncogene partner 2","ILMN_1657436",0.0091401,0.001,3.6284667,-0.95026,1.0421942,"FGFR1 oncogene partner 2"
"363","FHL1","201540_at",2.11e-17,1.38e-18,-9.93,31.3782255,-0.823,"four and a half LIM domains 1","ILMN_1805842",0.02255667,0.00366,-3.1403383,-2.15792,-1.2737341,"four and a half LIM domains 1"
"364","FILIP1L","1554966_a_at",5.61e-06,1.34e-06,-5.01,4.213439,-0.607,"filamin A interacting protein 1 like","ILMN_1738578",0.00788137,0.000802,3.7095184,-0.74272,1.021074,"filamin A interacting protein 1 like"
"365","FIP1L1","227293_at",3.36e-13,3.48e-14,-8.29,21.339886,-0.657,"factor interacting with PAPOLA and CPSF1","ILMN_1768743",0.0048458,0.000393,3.9669505,-0.0729,1.2741472,"factor interacting with PAPOLA and CPSF1"
"366","FLOT2","201350_at",2.8e-15,2.3e-16,9.11,26.3056177,0.629,"flotillin 2","ILMN_1726222",0.0060175,0.000544,-3.8506243,-0.37745,-1.0412953,"flotillin 2"
"367","FOXC1","1553613_s_at",1.01e-18,5.72e-20,-10.4,34.5346794,-1.43,"forkhead box C1","ILMN_1738401",0.01504993,0.00207,-3.358632,-1.62758,-0.8446071,"forkhead box C1"
"368","FRAT2","209864_at",7.05e-05,1.94e-05,4.4,1.6399506,0.656,"frequently rearranged in advanced T-cell lymphomas 2","ILMN_1788213",0.02228468,0.0036,-3.1473253,-2.14122,-0.8870336,"frequently rearranged in advanced T-cell lymphomas 2"
"369","FXR1","230201_at",6.62e-08,1.25e-08,-5.99,8.7553453,-0.906,"FMR1 autosomal homolog 1","ILMN_2389273",0.00070481,2.13e-05,4.9922343,2.70036,1.4424799,"FMR1 autosomal homolog 1"
"370","G6PD","202275_at",2.14e-19,1.11e-20,10.7,36.1603694,1.72,"glucose-6-phosphate dehydrogenase","ILMN_1697559",0.0039594,0.000293,-4.0729397,0.20702,-0.7294919,"glucose-6-phosphate dehydrogenase"
"371","GABRP","205044_at",1.62e-11,2.03e-12,-7.59,17.327303,-1.54,"gamma-aminobutyric acid type A receptor pi subunit","ILMN_1689146",0.02467869,0.00417,3.0898299,-2.2781,0.8167488,"gamma-aminobutyric acid type A receptor pi subunit"
"372","GAL3ST4","219815_at",1.34e-35,1.1e-37,-16.7,75.1037962,-0.934,"galactose-3-O-sulfotransferase 4","ILMN_1693452",0.00605211,0.00055,-3.8462423,-0.38887,-0.7124427,"galactose-3-O-sulfotransferase 4"
"373","GBP1","202269_x_at",4.65e-36,3.66e-38,16.9,76.1970613,3.23,"guanylate binding protein 1","ILMN_1701114",0.00035481,7.01e-06,5.3763767,3.75943,1.64122,"guanylate binding protein 1"
"374","GBP6","1559607_s_at",1.14e-16,8.05e-18,9.65,29.6271581,1.93,"guanylate binding protein family member 6","ILMN_1756953",0.00182847,9.39e-05,4.4745868,1.28482,1.2801267,"guanylate binding protein family member 6"
"375","GEMIN6","219539_at",1.17e-19,5.94e-21,10.8,36.7827698,0.929,"gem nuclear organelle associated protein 6","ILMN_1707484",0.00010878,1.14e-06,6.0085823,5.49985,1.2727532,"gem nuclear organelle associated protein 6"
"376","GGCT","215380_s_at",1.14e-21,4.62e-23,11.5,41.6067968,0.79,"gamma-glutamylcyclotransferase","ILMN_2101526",0.00465868,0.000369,3.9899685,-0.01229,1.3171969,"gamma-glutamylcyclotransferase"
"377","GGH","203560_at",4.08e-31,5.5e-33,15,64.3345239,1.69,"gamma-glutamyl hydrolase","ILMN_1681754",0.00105406,3.96e-05,4.7755922,2.10547,1.7318077,"gamma-glutamyl hydrolase"
"378","GHR","205498_at",7.42e-09,1.26e-09,-6.43,11.0056691,-0.669,"growth hormone receptor","ILMN_1775814",0.0060175,0.000545,3.8497729,-0.37967,0.7073674,"growth hormone receptor"
"379","GINS2","221521_s_at",5.37e-26,1.34e-27,13.1,51.997751,1.8,"GINS complex subunit 2","ILMN_1809590",0.04277432,0.00895,2.78699,-2.97624,0.5859676,"GINS complex subunit 2"
"380","GK","217167_x_at",1.17e-34,1.07e-36,16.4,72.8427653,2.62,"glycerol kinase","ILMN_2393296",0.00475047,0.000382,3.977833,-0.04426,1.1190363,"glycerol kinase"
"381","GLB1L2","213713_s_at",4.67e-11,6.16e-12,7.4,16.2341273,0.642,"galactosidase beta 1 like 2","ILMN_2144401",0.02338753,0.00387,-3.1185189,-2.20996,-0.6413636,"galactosidase beta 1 like 2"
"382","GLMP","1558692_at",2.78e-23,9.31e-25,-12.1,45.4879463,-0.782,"glycosylated lysosomal membrane protein","ILMN_1698243",0.00087853,3.03e-05,-4.8691803,2.36213,-1.0856771,"glycosylated lysosomal membrane protein"
"383","GLRX2","219933_at",4.09e-17,2.74e-18,9.82,30.6953863,0.857,"glutaredoxin 2","ILMN_1680727",0.00925948,0.00102,3.6220285,-0.96667,0.8759246,"glutaredoxin 2"
"384","GLRX3","209080_x_at",9.03e-22,3.6e-23,11.6,41.8550773,1.33,"glutaredoxin 3","ILMN_2056479",0.00241784,0.000142,4.3280797,0.88894,1.2021849,"glutaredoxin 3"
"385","GM2A","215891_s_at",1.14e-38,6.79e-41,17.9,82.4549693,4.14,"GM2 ganglioside activator","ILMN_2221046",0.01703692,0.00247,-3.2902957,-1.79543,-0.7020782,"GM2 ganglioside activator"
"386","GNA15","205349_at",2.18e-33,2.29e-35,15.9,69.790652,2.22,"G protein subunit alpha 15","ILMN_1773963",0.04719942,0.0102,-2.7321961,-3.09812,-0.7621046,"G protein subunit alpha 15"
"387","GNB2","200852_x_at",2.79e-09,4.51e-10,6.62,12.0114999,0.678,"G protein subunit beta 2","ILMN_1658928",0.00654583,0.000616,-3.8053824,-0.49509,-0.8354857,"G protein subunit beta 2"
"388","GNL1","228857_at",2.59e-07,5.27e-08,-5.7,7.3550853,-0.873,"G protein nucleolar 1 (putative)","ILMN_1789457",0.00906161,0.000985,-3.6341647,-0.93573,-0.7230667,"G protein nucleolar 1 (putative)"
"389","GNRH1","207987_s_at",3.6e-07,7.46e-08,-5.63,7.0164369,-0.694,"gonadotropin releasing hormone 1","ILMN_1745991",0.03260595,0.00618,2.9351865,-2.63961,0.8296745,"gonadotropin releasing hormone 1"
"390","GOLGA4","215203_at",4.19e-11,5.49e-12,-7.42,16.3471137,-1.1,"golgin A4","ILMN_1776297",0.00021759,3.4e-06,5.6274378,4.45195,1.6565142,"golgin A4"
"391","GOLIM4","204324_s_at",3.04e-07,6.24e-08,-5.66,7.1909055,-1.28,"golgi integral membrane protein 4","ILMN_2186216",0.00014121,1.78e-06,5.852358,5.07107,1.3863695,"golgi integral membrane protein 4"
"392","GOPC","236862_at",2.45e-24,7.37e-26,-12.5,48.0092161,-1.72,"golgi associated PDZ and coiled-coil motif containing","ILMN_2388585",0.0383068,0.00768,2.8487166,-2.83725,0.6441572,"golgi associated PDZ and coiled-coil motif containing"
"393","GPAM","225424_at",7.02e-05,1.93e-05,-4.4,1.6447378,-1.09,"glycerol-3-phosphate acyltransferase, mitochondrial","ILMN_1758213",0.04694706,0.0102,2.7352368,-3.09139,1.1204671,"glycerol-3-phosphate acyltransferase, mitochondrial"
"394","GPATCH2","219078_at",7.9e-11,1.07e-11,7.3,15.6881114,1.06,"G-patch domain containing 2","ILMN_1786036",0.0093507,0.00103,3.6160994,-0.98177,1.0844252,"G-patch domain containing 2"
"395","GPATCH4","224634_at",6.76e-23,2.36e-24,12,44.5632517,1.26,"G-patch domain containing 4","ILMN_2383305",6.55e-05,4.95e-07,6.2993134,6.29396,1.3902018,"G-patch domain containing 4"
"396","GPCPD1","230492_s_at",2.56e-34,2.41e-36,16.3,72.0313105,2.72,"glycerophosphocholine phosphodiesterase 1","ILMN_1701111",0.01726474,0.00253,3.2820446,-1.81558,0.9412855,"glycerophosphocholine phosphodiesterase 1"
"397","GPR1","214605_x_at",1.35e-20,6.12e-22,11.1,39.0403248,1.65,"G protein-coupled receptor 1","ILMN_1655348",0.00529262,0.000451,3.9180451,-0.20129,0.6782971,"G protein-coupled receptor 1"
"398","GPR87","219936_s_at",7.4e-26,1.86e-27,13.1,51.6671197,0.939,"G protein-coupled receptor 87","ILMN_1656422",0.0160151,0.00227,3.3232616,-1.71466,0.6377695,"G protein-coupled receptor 87"
"399","GPRIN2","206747_at",7.08e-07,1.52e-07,-5.48,6.3259824,-0.908,"G protein regulated inducer of neurite outgrowth 2","ILMN_1803217",0.00081036,2.7e-05,-4.9093683,2.47251,-1.1970586,"G protein regulated inducer of neurite outgrowth 2"
"400","GPSM2","233058_at",3.75e-05,9.94e-06,4.56,2.2805617,0.809,"G-protein signaling modulator 2","ILMN_2139816",0.00037182,7.68e-06,5.3450385,3.67295,1.423851,"G-protein signaling modulator 2"
"401","GPSM3","204265_s_at",1.43e-07,2.82e-08,5.83,7.9644015,0.734,"G-protein signaling modulator 3","ILMN_1662799",0.00538712,0.000464,-3.9079257,-0.2278,-0.9445172,"G-protein signaling modulator 3"
"402","GRN","211284_s_at",2.05e-20,9.54e-22,11.1,38.5993795,1.12,"granulin","ILMN_1724250",0.0054312,0.000468,-3.9043666,-0.23711,-1.1178189,"granulin"
"403","GSN","1564525_at",6.19e-08,1.17e-08,-6,8.8235271,-0.688,"gelsolin","ILMN_1801043",0.01999895,0.00309,-3.2061605,-1.99983,-0.6998708,"gelsolin"
"404","GSTA3","222102_at",1.03e-20,4.61e-22,-11.2,39.3207379,-3.19,"glutathione S-transferase alpha 3","ILMN_2227817",0.01947956,0.00296,3.221582,-1.96255,0.9689269,"glutathione S-transferase alpha 3"
"405","GTF2E2","202680_at",3.18e-08,5.81e-09,6.14,9.507363,0.714,"general transcription factor IIE subunit 2","ILMN_1664931",0.02869136,0.00517,3.0062163,-2.4748,0.6589094,"general transcription factor IIE subunit 2"
"406","GTF2H1","242656_at",1.03e-18,5.82e-20,10.4,34.517933,1.78,"general transcription factor IIH subunit 1","ILMN_1726693",0.01685711,0.00244,3.2955602,-1.78255,1.0695453,"general transcription factor IIH subunit 1"
"407","GTF2H5","244294_at",4.38e-12,5.13e-13,-7.83,18.6844124,-0.885,"general transcription factor IIH subunit 5","ILMN_1739497",0.00118222,4.69e-05,4.7168161,1.94459,1.3030345,"general transcription factor IIH subunit 5"
"408","GTF2IRD2","228765_at",2.49e-13,2.56e-14,8.34,21.6460518,0.9,"GTF2I repeat domain containing 2","ILMN_1680501",0.0050616,0.000419,3.9441193,-0.1329,0.6768814,"GTF2I repeat domain containing 2"
"409","GTF3C6","225083_at",6.27e-42,2.42e-44,19.2,90.3521277,1.04,"general transcription factor IIIC subunit 6","ILMN_1691578",0.01533805,0.00213,3.347084,-1.65605,0.8902462,"general transcription factor IIIC subunit 6"
"410","GTPBP8","223486_at",4.56e-13,4.8e-14,8.23,21.0220704,0.958,"GTP binding protein 8 (putative)","ILMN_2393243",0.00031749,5.8e-06,5.44236,3.9415,0.8364737,"GTP binding protein 8 (putative)"
"411","GUF1","218884_s_at",3.15e-20,1.5e-21,11,38.1500291,1.98,"GUF1 homolog, GTPase","ILMN_1696330",0.03088212,0.00574,2.9644726,-2.57192,0.8960594,"GUF1 homolog, GTPase"
"412","GYS1","201673_s_at",6.66e-26,1.67e-27,13.1,51.7773572,2.02,"glycogen synthase 1","ILMN_1711289",0.01265784,0.00161,-3.4515852,-1.39678,-0.7124835,"glycogen synthase 1"
"413","H6PD","221892_at",1.07e-14,9.3e-16,-8.89,24.9227972,-1.18,"hexose-6-phosphate dehydrogenase/glucose 1-dehydrogenase","ILMN_1721136",0.0103809,0.0012,-3.5612941,-1.1209,-0.6623135,"hexose-6-phosphate dehydrogenase/glucose 1-dehydrogenase"
"414","HDHD3","221256_s_at",2.16e-08,3.88e-09,6.22,9.9031205,0.796,"haloacid dehalogenase like hydrolase domain containing 3","ILMN_1726466",0.00508812,0.000423,-3.9411807,-0.14062,-0.7974167,"haloacid dehalogenase like hydrolase domain containing 3"
"415","HECW2","236089_at",2.98e-05,7.78e-06,-4.61,2.5160765,-0.605,"HECT, C2 and WW domain containing E3 ubiquitin protein ligase 2","ILMN_1775268",0.01871916,0.00281,3.2415283,-1.91422,0.9212738,"HECT, C2 and WW domain containing E3 ubiquitin protein ligase 2"
"416","HIGD1A","242317_at",5.18e-18,3.11e-19,10.2,32.8531279,1.37,"HIG1 hypoxia inducible domain family member 1A","ILMN_1674522",0.01054487,0.00123,3.5518956,-1.14468,1.1630797,"HIG1 hypoxia inducible domain family member 1A"
"417","HINT3","226533_at",6.29e-08,1.19e-08,-6,8.8077859,-1.17,"histidine triad nucleotide binding protein 3","ILMN_1779076",0.02872193,0.00518,3.0054383,-2.47662,0.7118212,"histidine triad nucleotide binding protein 3"
"418","HIST1H2BJ","215779_s_at",0.0016,0.000535,3.53,-1.5082564,0.876,"histone cluster 1, H2bj///histone cluster 1, H2bg","ILMN_1658702",0.00119136,4.74e-05,4.7132389,1.93481,1.0198248,"histone cluster 1, H2bj"
"419","HJURP","218726_at",3.79e-20,1.82e-21,11,37.9559651,1.5,"Holliday junction recognition protein","ILMN_1703906",0.00653435,0.000613,3.8069784,-0.49095,0.7979293,"Holliday junction recognition protein"
"420","HNMT","228772_at",7.39e-07,1.59e-07,-5.47,6.2827744,-0.629,"histamine N-methyltransferase","ILMN_1751789",0.00015258,1.99e-06,5.8128086,4.96234,1.2453684,"histamine N-methyltransferase"
"421","HOOK1","225792_at",4.23e-09,6.99e-10,6.54,11.5824349,0.585,"hook microtubule tethering protein 1","ILMN_1741406",0.03593172,0.00703,2.883843,-2.75737,0.7152501,"hook microtubule tethering protein 1"
"422","HPCAL1","212552_at",4.11e-15,3.44e-16,9.05,25.9069426,0.936,"hippocalcin like 1","ILMN_1764850",0.00449896,0.00035,-4.0089823,0.03785,-0.7779237,"hippocalcin like 1"
"423","HPGD","203913_s_at",0.00241,0.000831,3.4,-1.9189875,0.602,"hydroxyprostaglandin dehydrogenase 15-(NAD)","ILMN_2166457",0.01415316,0.00188,3.393745,-1.54072,1.1928294,"hydroxyprostaglandin dehydrogenase 15-(NAD)"
"424","HS3ST6","239547_at",1.14e-20,5.17e-22,-11.2,39.207103,-2.16,"heparan sulfate-glucosamine 3-sulfotransferase 6","ILMN_1710416",6.268e-05,4.42e-07,-6.339224,6.40251,-1.2660522,"heparan sulfate-glucosamine 3-sulfotransferase 6"
"425","HSF2","209657_s_at",3.55e-13,3.7e-14,-8.28,21.2805806,-0.623,"heat shock transcription factor 2","ILMN_1800311",0.03352799,0.00642,2.9202689,-2.67394,0.7580834,"heat shock transcription factor 2"
"426","HSPA12A","214434_at",8.2e-08,1.57e-08,-5.94,8.5370195,-1,"heat shock protein family A (Hsp70) member 12A","ILMN_2081087",0.00935212,0.00104,3.6156442,-0.98293,0.8516198,"heat shock protein family A (Hsp70) member 12A"
"427","HSPA14","219212_at",5.41e-19,2.96e-20,10.5,35.1892864,0.767,"heat shock protein family A (Hsp70) member 14","ILMN_1797318",0.00018686,2.76e-06,5.6996247,4.65084,1.5620392,"heat shock protein family A (Hsp70) member 14"
"428","HSPA4","211016_x_at",4.99e-29,8.71e-31,14.3,59.2949421,1.36,"heat shock protein family A (Hsp70) member 4","ILMN_1734814",0.01499145,0.00205,3.3610068,-1.62172,0.9086539,"heat shock protein family A (Hsp70) member 4"
"429","HSPB2","205824_at",4.66e-08,8.69e-09,-6.06,9.1142771,-0.804,"heat shock protein family B (small) member 2","ILMN_1671046",0.00238535,0.000139,-4.335498,0.90892,-0.9494403,"heat shock protein family B (small) member 2"
"430","HSPBP1","202415_s_at",2.91e-24,8.85e-26,12.5,47.8268922,1.56,"HSPA (Hsp70) binding protein 1","ILMN_1769902",0.00125872,5.24e-05,-4.6787495,1.84055,-0.7665561,"HSPA (Hsp70) binding protein 1"
"431","HSPH1","208744_x_at",1.68e-17,1.08e-18,9.97,31.621111,1.08,"heat shock protein family H (Hsp110) member 1","ILMN_1712888",0.00643001,0.000599,3.8155129,-0.46879,1.4045676,"heat shock protein family H (Hsp110) member 1"
"432","HYI","221435_x_at",3.01e-16,2.24e-17,-9.49,28.6155265,-0.728,"hydroxypyruvate isomerase (putative)","ILMN_1706660",0.01356158,0.00178,-3.4154534,-1.48682,-0.6660877,"hydroxypyruvate isomerase (putative)"
"433","HYLS1","227687_at",2.09e-19,1.09e-20,10.7,36.1846937,1.14,"HYLS1, centriolar and ciliogenesis associated","ILMN_1747078",0.00333858,0.000228,4.1613069,0.44199,0.6516135,"HYLS1, centriolar and ciliogenesis associated"
"434","IDI1","233014_at",5.26e-14,4.96e-15,-8.61,23.2662205,-0.721,"isopentenyl-diphosphate delta isomerase 1","ILMN_1755075",0.03281184,0.00625,2.9310246,-2.6492,0.6668698,"isopentenyl-diphosphate delta isomerase 1"
"435","IDNK","239086_at",7.73e-07,1.66e-07,-5.46,6.2363087,-0.59,"IDNK, gluconokinase","ILMN_1791306",0.02891873,0.00523,3.0015953,-2.48559,0.5956364,"IDNK, gluconokinase"
"436","IDUA","213723_s_at",0.0128,0.005,2.84,-3.5750687,0.706,"iduronidase, alpha-L-","ILMN_1703041",0.00757216,0.000755,-3.731331,-0.68658,-0.6833367,"iduronidase, alpha-L-"
"437","IER5L","226552_at",3.69e-05,9.77e-06,4.56,2.2974538,0.617,"immediate early response 5 like","ILMN_1755620",0.00074057,2.31e-05,-4.9626875,2.61908,-0.6444854,"immediate early response 5 like"
"438","IFI16","208965_s_at",2.71e-20,1.28e-21,11,38.3040906,0.853,"interferon gamma inducible protein 16","ILMN_1710937",0.00295357,0.000192,4.2230143,0.60687,1.7822848,"interferon gamma inducible protein 16"
"439","IFI27","202411_at",1.93e-35,1.62e-37,16.7,74.719216,2.21,"interferon alpha inducible protein 27","ILMN_2058782",0.00115248,4.53e-05,4.7292003,1.97847,2.4209813,"interferon alpha inducible protein 27"
"440","IFI6","204415_at",1.38e-35,1.13e-37,16.7,75.0758015,3.56,"interferon alpha inducible protein 6","ILMN_1687384",0.00175869,8.72e-05,4.5003163,1.35462,1.7761612,"interferon alpha inducible protein 6"
"441","IFIH1","219209_at",4.17e-39,2.34e-41,18.1,83.5165521,1.93,"interferon induced with helicase C domain 1","ILMN_1781373",0.02227709,0.00359,3.1475758,-2.14062,1.4961139,"interferon induced with helicase C domain 1"
"442","IFIT3","229450_at",1.69e-36,1.26e-38,17.1,77.2577696,2.38,"interferon induced protein with tetratricopeptide repeats 3","ILMN_1701789",0.00180017,9.15e-05,4.483469,1.30891,1.2616743,"interferon induced protein with tetratricopeptide repeats 3"
"443","IFITM1","214022_s_at",2.81e-16,2.07e-17,9.5,28.690035,0.598,"interferon induced transmembrane protein 1","ILMN_1801246",0.04179289,0.00865,2.800471,-2.94604,0.8471206,"interferon induced transmembrane protein 1"
"444","IFNGR1","211676_s_at",1.93e-08,3.44e-09,6.24,10.0194595,0.804,"interferon gamma receptor 1","ILMN_1675939",0.00548832,0.000476,3.8983182,-0.25294,1.1685715,"interferon gamma receptor 1"
"445","IFT20","210312_s_at",8.73e-20,4.36e-21,-10.8,37.0903788,-0.687,"intraflagellar transport 20","ILMN_1753890",4.155e-05,2.29e-07,6.5705779,7.02918,1.3503956,"intraflagellar transport 20"
"446","IL17RE","229401_at",2.46e-20,1.15e-21,-11,38.411143,-1.34,"interleukin 17 receptor E","ILMN_2409876",0.00017346,2.42e-06,-5.7459438,4.77837,-0.7804542,"interleukin 17 receptor E"
"447","IL1RN","216243_s_at",2.89e-10,4.19e-11,7.06,14.3453714,1.7,"interleukin 1 receptor antagonist","ILMN_1774874",0.01338466,0.00175,-3.4216191,-1.47149,-0.9901166,"interleukin 1 receptor antagonist"
"448","IL22RA1","220056_at",6.59e-14,6.3e-15,8.57,23.0301158,0.846,"interleukin 22 receptor subunit alpha 1","ILMN_1666175",0.04209429,0.00875,-2.7961041,-2.95583,-0.6422679,"interleukin 22 receptor subunit alpha 1"
"449","IL34","237046_x_at",1.63e-14,1.45e-15,-8.81,24.4834105,-1.19,"interleukin 34","ILMN_1713686",0.00105173,3.94e-05,-4.7782084,2.11264,-1.9963324,"interleukin 34"
"450","IL36G","220322_at",9.04e-46,2.26e-48,20.8,99.5738522,5.5,"interleukin 36, gamma","ILMN_2158713",0.02771087,0.00491,3.0262037,-2.42804,1.3028448,"interleukin 36, gamma"
"451","IL6ST","234967_at",0.00192,0.000652,-3.47,-1.6930419,-0.68,"interleukin 6 signal transducer","ILMN_1849013",0.02998051,0.0055,2.9818001,-2.5317,1.035688,"interleukin 6 signal transducer"
"452","ING2","213544_at",1.88e-10,2.66e-11,7.14,14.7942458,0.994,"inhibitor of growth family member 2","ILMN_1671265",0.00284418,0.000182,4.2410212,0.65509,1.1144666,"inhibitor of growth family member 2"
"453","INIP","223559_s_at",4.74e-11,6.25e-12,7.4,16.2195181,0.608,"INTS3 and NABP interacting protein","ILMN_1688621",0.01545795,0.00215,3.3430654,-1.66595,0.6349853,"INTS3 and NABP interacting protein"
"454","INPP5A","203006_at",5.45e-21,2.37e-22,-11.3,39.9815282,-0.729,"inositol polyphosphate-5-phosphatase A","ILMN_1664608",0.04817767,0.0105,-2.7215386,-3.12165,-0.6838904,"inositol polyphosphate-5-phosphatase A"
"455","IPO4","218305_at",7.81e-16,6.06e-17,9.33,27.6272878,1.2,"importin 4","ILMN_1798172",0.00751757,0.000747,-3.7352436,-0.67649,-0.7064563,"importin 4"
"456","ISG15","205483_s_at",7.68e-38,5.02e-40,17.6,80.4653435,4.01,"ISG15 ubiquitin-like modifier","ILMN_2054019",0.01153505,0.0014,3.5036028,-1.26642,0.8600667,"ISG15 ubiquitin-like modifier"
"457","ITGB1","1553530_a_at",0.00417,0.00149,-3.23,-2.464717,-0.636,"integrin subunit beta 1","ILMN_1714820",0.00992061,0.00113,3.5839003,-1.06362,1.08335,"integrin subunit beta 1"
"458","ITM2C","221004_s_at",3.9e-11,5.1e-12,-7.43,16.4202844,-1.01,"integral membrane protein 2C","ILMN_2366041",0.03084151,0.00573,-2.9656762,-2.56913,-0.6949633,"integral membrane protein 2C"
"459","ITPKC","213076_at",4.32e-26,1.06e-27,13.2,52.2254339,1.4,"inositol-trisphosphate 3-kinase C","ILMN_1714945",0.02316599,0.00382,-3.1244329,-2.19587,-0.84619,"inositol-trisphosphate 3-kinase C"
"460","ITPR2","202662_s_at",3.1e-09,5.05e-10,-6.6,11.9005959,-0.703,"inositol 1,4,5-trisphosphate receptor type 2","ILMN_1736103",0.0182247,0.00271,3.2558453,-1.87943,1.0093266,"inositol 1,4,5-trisphosphate receptor type 2"
"461","ITSN1","35776_at",1.63e-26,3.87e-28,-13.3,53.2288527,-0.66,"intersectin 1","ILMN_1718769",0.0247529,0.0042,3.0872425,-2.28423,0.6327823,"intersectin 1"
"462","JADE1","225816_at",4.79e-37,3.41e-39,-17.3,78.556969,-1.48,"jade family PHD finger 1","ILMN_1736015",0.01947037,0.00296,-3.2220128,-1.96151,-0.6171611,"jade family PHD finger 1"
"463","JADE2","212660_at",3.59e-13,3.74e-14,-8.27,21.2708674,-0.855,"jade family PHD finger 2","ILMN_1795285",0.00024968,4.07e-06,-5.5645944,4.27869,-1.0166422,"jade family PHD finger 2"
"464","JAM3","212813_at",1.54e-30,2.21e-32,-14.8,62.9519477,-0.751,"junctional adhesion molecule 3","ILMN_1769575",0.02095231,0.0033,-3.1808114,-2.06091,-0.6456269,"junctional adhesion molecule 3"
"465","JAML","228094_at",2.86e-07,5.83e-08,5.68,7.2563888,0.938,"junction adhesion molecule like","ILMN_1778723",0.02746962,0.00484,3.0318363,-2.41484,0.6879555,"junction adhesion molecule like"
"466","KATNB1","203163_at",6.4e-21,2.8e-22,11.3,39.816017,1.48,"katanin regulatory subunit B1","ILMN_1735735",0.00448219,0.000348,-4.0109199,0.04296,-0.8223967,"katanin regulatory subunit B1"
"467","KAZN","229144_at",1.5e-14,1.33e-15,8.83,24.5688671,0.794,"kazrin, periplakin interacting protein","ILMN_1798458",0.01747459,0.00257,-3.2757195,-1.83102,-0.8358931,"kazrin, periplakin interacting protein"
"468","KCTD21","229873_at",8.93e-20,4.47e-21,10.8,37.0655627,2.12,"potassium channel tetramerization domain containing 21","ILMN_1809708",0.01566887,0.0022,3.3349912,-1.68583,0.7110179,"potassium channel tetramerization domain containing 21"
"469","KDELR1","200922_at",0.00647,0.0024,-3.08,-2.9009799,-0.587,"KDEL endoplasmic reticulum protein retention receptor 1","ILMN_2130411",0.01138175,0.00138,-3.5100957,-1.2501,-0.863426,"KDEL endoplasmic reticulum protein retention receptor 1"
"470","KIAA0101","202503_s_at",1.17e-35,9.46e-38,16.8,75.2519191,2.47,"KIAA0101","ILMN_2285996",0.00048316,1.14e-05,5.2068017,3.29156,1.4250509,"KIAA0101"
"471","KIF11","204444_at",1.03e-28,1.87e-30,14.1,58.534973,1.39,"kinesin family member 11","ILMN_2143155",0.00092809,3.29e-05,4.8404383,2.28325,1.2360078,"kinesin family member 11"
"472","KIF14","236641_at",4.26e-32,5.05e-34,15.4,66.7105503,2.49,"kinesin family member 14","ILMN_1808071",0.04410057,0.00932,2.77035,-3.01341,0.6456445,"kinesin family member 14"
"473","KIF20A","218755_at",2.72e-39,1.48e-41,18.2,83.9735906,3.28,"kinesin family member 20A","ILMN_1695658",0.00526942,0.000447,3.9211163,-0.19325,0.8383024,"kinesin family member 20A"
"474","KIF20B","205235_s_at",3.94e-18,2.35e-19,10.2,33.1338975,0.789,"kinesin family member 20B","ILMN_1712452",2.888e-05,9.34e-08,6.8902694,7.88703,1.2171962,"kinesin family member 20B"
"475","KIF21A","231875_at",2.96e-11,3.81e-12,-7.48,16.7056471,-0.97,"kinesin family member 21A","ILMN_1681249",0.00356024,0.000252,4.1257628,0.34731,1.068534,"kinesin family member 21A"
"476","KIF2A","203087_s_at",2.84e-29,4.82e-31,14.4,59.8832461,1.76,"kinesin family member 2A","ILMN_1734476",0.01088346,0.00129,3.5354918,-1.18611,1.0229719,"kinesin family member 2A"
"477","KIF5B","201992_s_at",2.84e-17,1.87e-18,9.88,31.0724214,0.752,"kinesin family member 5B","ILMN_1788160",0.00177779,8.92e-05,4.4926879,1.33392,1.8151699,"kinesin family member 5B"
"478","KIT","205051_s_at",2.44e-25,6.52e-27,-12.9,50.4203501,-0.891,"KIT proto-oncogene receptor tyrosine kinase","ILMN_2229379",0.00800402,0.00082,-3.7013849,-0.76363,-0.6545655,"KIT proto-oncogene receptor tyrosine kinase"
"479","KLHL7","220239_at",5.89e-25,1.66e-26,12.8,49.4929534,2.1,"kelch like family member 7","ILMN_1760792",0.01776858,0.00263,3.2677978,-1.85033,0.8800329,"kelch like family member 7"
"480","KNTC1","206316_s_at",2.91e-14,2.66e-15,8.71,23.8818279,0.889,"kinetochore associated 1","ILMN_1732516",0.00153114,6.97e-05,4.5788356,1.56806,1.4084392,"kinetochore associated 1"
"481","KRCC1","222585_x_at",2.44e-08,4.41e-09,-6.19,9.7773733,-0.594,"lysine rich coiled-coil 1","ILMN_1745620",0.00011998,1.33e-06,5.9534363,5.34864,1.8669758,"lysine rich coiled-coil 1"
"482","KREMEN1","235370_at",1.28e-13,1.26e-14,8.46,22.3412204,1.05,"kringle containing transmembrane protein 1","ILMN_1788936",0.01924834,0.00292,-3.2270246,-1.94938,-0.6012059,"kringle containing transmembrane protein 1"
"483","KRT15","204734_at",3.78e-16,2.84e-17,-9.45,28.3797712,-1.14,"keratin 15","ILMN_1770612",0.04222257,0.0088,-2.7937062,-2.96121,-1.120825,"keratin 15"
"484","KRT77","237120_at",4.46e-44,1.42e-46,-20.1,95.4625091,-2.21,"keratin 77","ILMN_1801428",0.00277904,0.000175,-4.2558305,0.69479,-1.3467105,"keratin 77"
"485","KRT80","231849_at",1.03e-10,1.42e-11,7.25,15.4135385,0.712,"keratin 80","ILMN_1705814",0.02809041,0.005,-3.018673,-2.44568,-0.9514515,"keratin 80"
"486","LACTB","1552485_at",1.45e-09,2.28e-10,6.75,12.6831139,0.963,"lactamase beta","ILMN_1703335",0.02799904,0.00498,3.0206089,-2.44115,0.8041302,"lactamase beta"
"487","LAD1","216641_s_at",2.11e-15,1.71e-16,9.16,26.5980176,1.81,"ladinin 1","ILMN_1701581",0.00121642,4.93e-05,-4.6999634,1.89852,-0.6171894,"ladinin 1"
"488","LAMB2","216264_s_at",1.26e-10,1.75e-11,-7.21,15.2031428,-0.637,"laminin subunit beta 2","ILMN_1752968",0.03088212,0.00574,-2.9647636,-2.57124,-0.80687,"laminin subunit beta 2"
"489","LAMB4","215516_at",1.3e-29,2.09e-31,-14.5,60.7172696,-1.67,"laminin subunit beta 4","ILMN_1792301",0.00075551,2.39e-05,4.9513654,2.58794,1.3866809,"laminin subunit beta 4"
"490","LAP3","217933_s_at",1.29e-14,1.13e-15,8.85,24.7290946,0.672,"leucine aminopeptidase 3","ILMN_1683792",0.00404417,0.000302,4.0618175,0.17754,0.9027078,"leucine aminopeptidase 3"
"491","LARGE1","204414_at",8.29e-07,1.79e-07,-5.45,6.1652229,-0.598,"LARGE xylosyl- and glucuronyltransferase 1","ILMN_1662038",0.00842163,0.000882,-3.6745231,-0.83254,-0.5992603,"LARGE xylosyl- and glucuronyltransferase 1"
"492","LARP1B","1554038_at",1.05e-09,1.61e-10,6.81,13.0212628,0.772,"La ribonucleoprotein domain family member 1B","ILMN_1733390",0.00299407,0.000198,4.2122716,0.57812,1.1906265,"La ribonucleoprotein domain family member 1B"
"493","LARP7","241385_at",0.000289,8.64e-05,-4.02,0.2139583,-0.612,"La ribonucleoprotein domain family member 7","ILMN_2392717",0.0004865,1.16e-05,5.2022372,3.27897,3.2398133,"La ribonucleoprotein domain family member 7"
"494","LCN2","212531_at",1.1e-36,7.98e-39,17.2,77.7129185,5.52,"lipocalin 2","ILMN_1692223",0.03687403,0.00727,-2.8707445,-2.78722,-0.9426977,"lipocalin 2"
"495","LDLRAP1","221790_s_at",3.57e-14,3.31e-15,8.68,23.6675278,0.8,"low density lipoprotein receptor adaptor protein 1","ILMN_1809040",0.00226931,0.00013,-4.3595267,0.97368,-0.6192101,"low density lipoprotein receptor adaptor protein 1"
"496","LFNG","228762_at",8.84e-29,1.59e-30,-14.2,58.6938883,-0.76,"LFNG O-fucosylpeptide 3-beta-N-acetylglucosaminyltransferase","ILMN_1663080",0.01458093,0.00197,-3.3768318,-1.58261,-0.9324468,"LFNG O-fucosylpeptide 3-beta-N-acetylglucosaminyltransferase"
"497","LGALS3BP","200923_at",1.33e-29,2.13e-31,14.5,60.696262,1.55,"galectin 3 binding protein","ILMN_1659688",0.00238535,0.00014,-4.3350822,0.9078,-1.060257,"galectin 3 binding protein"
"498","LGALS8","210732_s_at",1.86e-17,1.2e-18,9.95,31.5130718,2.03,"galectin 8","ILMN_2356654",0.02301704,0.00378,3.1279822,-2.18741,0.8815523,"galectin 8"
"499","LIMA1","222456_s_at",1.88e-17,1.21e-18,-9.95,31.5046653,-1.39,"LIM domain and actin binding 1","ILMN_1704369",0.00141571,6.21e-05,4.6190494,1.67762,0.9995065,"LIM domain and actin binding 1"
"500","LIMCH1","212325_at",8.6e-07,1.86e-07,5.44,6.126711,0.708,"LIM and calponin homology domains 1","ILMN_2139761",0.00884468,0.000948,3.6481244,-0.90009,0.8417959,"LIM and calponin homology domains 1"
"501","LINC01315","229930_at",2.47e-07,5e-08,-5.71,7.4060488,-0.673,"long intergenic non-protein coding RNA 1315","ILMN_1865056",0.00750115,0.000744,3.7365887,-0.67303,0.7219707,"long intergenic non-protein coding RNA 1315"
"502","LLPH","224446_at",8.07e-28,1.63e-29,13.8,56.3795533,1.05,"LLP homolog, long-term synaptic facilitation","ILMN_2122176",8.417e-05,7.87e-07,6.1368761,5.85096,1.3945245,"LLP homolog, long-term synaptic facilitation"
"503","LMNB1","203276_at",1.09e-17,6.82e-19,10,32.0752163,1.01,"lamin B1","ILMN_2126706",0.04188843,0.00868,2.7993515,-2.94855,0.7424461,"lamin B1"
"504","LPAR1","204038_s_at",3.56e-06,8.29e-07,-5.12,4.6770729,-0.628,"lysophosphatidic acid receptor 1","ILMN_1701441",0.0269822,0.00472,3.0415054,-2.39213,0.7993056,"lysophosphatidic acid receptor 1"
"505","LPAR5","230252_at",1.09e-10,1.5e-11,7.24,15.356914,0.59,"lysophosphatidic acid receptor 5","ILMN_2044453",0.0247529,0.0042,-3.0872913,-2.28411,-0.7943903,"lysophosphatidic acid receptor 5"
"506","LRG1","228648_at",2.75e-30,4.07e-32,14.7,62.3443629,4.08,"leucine rich alpha-2-glycoprotein 1","ILMN_1805228",0.03528456,0.00688,-2.8926322,-2.73729,-0.9888964,"leucine rich alpha-2-glycoprotein 1"
"507","LRP10","227252_at",2.82e-17,1.86e-18,9.88,31.0811913,0.806,"LDL receptor related protein 10","ILMN_1670272",0.02066991,0.00324,-3.187364,-2.04514,-0.892868,"LDL receptor related protein 10"
"508","LRRC8D","218684_at",3.92e-15,3.28e-16,9.06,25.9551347,0.613,"leucine rich repeat containing 8 family member D","ILMN_1763409",0.01116553,0.00134,3.5208933,-1.22291,0.8620351,"leucine rich repeat containing 8 family member D"
"509","LSS","211018_at",1.94e-12,2.18e-13,-7.98,19.5288337,-1.36,"lanosterol synthase (2,3-oxidosqualene-lanosterol cyclase)","ILMN_1715024",0.01375815,0.00181,-3.4078935,-1.50561,-0.8332417,"lanosterol synthase (2,3-oxidosqualene-lanosterol cyclase)"
"510","LTB4R","216388_s_at",6.01e-21,2.62e-22,11.3,39.8815485,1.56,"leukotriene B4 receptor","ILMN_1747251",0.01921826,0.00292,-3.2278733,-1.94732,-0.8485531,"leukotriene B4 receptor"
"511","LTBP4","204442_x_at",5.97e-06,1.43e-06,-5,4.1493751,-0.694,"latent transforming growth factor beta binding protein 4","ILMN_1665219",0.0091213,0.000996,-3.6298924,-0.94663,-0.824274,"latent transforming growth factor beta binding protein 4"
"512","LUC7L","1557066_at",1.24e-12,1.37e-13,-8.06,19.9871117,-0.788,"LUC7 like","ILMN_1765371",0.03783426,0.00755,2.8556028,-2.82163,0.5941107,"LUC7 like"
"513","LYAR","223413_s_at",8.37e-18,5.17e-19,10.1,32.3494189,1.43,"Ly1 antibody reactive","ILMN_1764362",6.879e-05,5.27e-07,6.2775201,6.23463,1.8227289,"Ly1 antibody reactive"
"514","LYNX1","1554179_s_at",2.59e-17,1.7e-18,9.9,31.1676248,2.2,"Ly6/neurotoxin 1","ILMN_1722670",0.04090837,0.00841,-2.8122492,-2.91958,-0.7463808,"Ly6/neurotoxin 1"
"515","LYPLA2","215566_x_at",7.96e-15,6.86e-16,8.94,25.2242502,0.666,"lysophospholipase II","ILMN_1764628",0.02028587,0.00315,-3.1977171,-2.0202,-0.6197718,"lysophospholipase II"
"516","LYZ","1555745_a_at",7.15e-08,1.36e-08,5.97,8.6754705,2.07,"lysozyme","ILMN_1815205",0.00205459,0.000111,4.4160892,1.12643,1.348751,"lysozyme"
"517","LZIC","226087_at",6.29e-13,6.71e-14,8.18,20.6922706,0.602,"leucine zipper and CTNNBIP1 domain containing","ILMN_1661627",0.00657338,0.000619,3.8032843,-0.50053,0.7896847,"leucine zipper and CTNNBIP1 domain containing"
"518","LZTFL1","222632_s_at",2.61e-14,2.38e-15,8.73,23.9934923,1.19,"leucine zipper transcription factor like 1","ILMN_1815705",0.0052978,0.000452,3.9168699,-0.20437,0.7224926,"leucine zipper transcription factor like 1"
"519","MACROD1","219188_s_at",5.74e-07,1.22e-07,-5.53,6.5406186,-0.703,"MACRO domain containing 1","ILMN_1740960",0.02004549,0.00309,-3.2050137,-2.0026,-0.7517425,"MACRO domain containing 1"
"520","MAD2L1","203362_s_at",3.38e-24,1.03e-25,12.5,47.6725785,1.17,"MAD2 mitotic arrest deficient-like 1 (yeast)","ILMN_1777564",1.498e-05,2.83e-08,7.3203781,9.02391,1.4181245,"MAD2 mitotic arrest deficient-like 1 (yeast)"
"521","MAFF","205193_at",7.11e-15,6.1e-16,8.95,25.3400053,0.776,"MAF bZIP transcription factor F","ILMN_1700413",0.0414875,0.00858,2.8039271,-2.93828,0.7056292,"MAF bZIP transcription factor F"
"522","MALT1","208309_s_at",4.91e-28,9.65e-30,13.9,56.9021821,2.03,"MALT1 paracaspase","ILMN_1730986",0.03058708,0.00566,2.97059,-2.55773,1.4460569,"MALT1 paracaspase"
"523","MAN1A2","217921_at",9.75e-23,3.47e-24,11.9,44.1802739,1.63,"mannosidase alpha class 1A member 2","ILMN_1755120",0.03410498,0.00657,2.9109871,-2.69526,0.8915584,"mannosidase alpha class 1A member 2"
"524","MAP3K11","203652_at",2.03e-07,4.07e-08,5.75,7.6066564,0.684,"mitogen-activated protein kinase kinase kinase 11","ILMN_1651788",0.00073518,2.28e-05,-4.9681863,2.6342,-1.0267203,"mitogen-activated protein kinase kinase kinase 11"
"525","MAP3K7","211537_x_at",0.000166,4.78e-05,4.17,0.777095,0.864,"mitogen-activated protein kinase kinase kinase 7","ILMN_1810176",0.02673723,0.00466,3.0462966,-2.38087,0.7544893,"mitogen-activated protein kinase kinase kinase 7"
"526","MAP4K5","203553_s_at",4.21e-08,7.79e-09,6.08,9.2207893,0.663,"mitogen-activated protein kinase kinase kinase kinase 5","ILMN_1759030",0.03170106,0.00595,2.9505608,-2.60412,1.0214518,"mitogen-activated protein kinase kinase kinase kinase 5"
"527","MAPK13","210058_at",6.17e-30,9.56e-32,14.6,61.4939306,1.5,"mitogen-activated protein kinase 13","ILMN_1749327",0.02436143,0.00409,-3.097388,-2.26018,-0.6132659,"mitogen-activated protein kinase 13"
"528","MAPK3","212046_x_at",1.23e-15,9.75e-17,9.25,27.1559802,0.706,"mitogen-activated protein kinase 3","ILMN_1667260",0.0247481,0.00419,-3.0882695,-2.2818,-0.7928803,"mitogen-activated protein kinase 3"
"529","MAPK6","207121_s_at",1.1e-33,1.11e-35,16,70.5096628,0.776,"mitogen-activated protein kinase 6","ILMN_1757287",0.02853719,0.00511,3.0105103,-2.46477,1.0945355,"mitogen-activated protein kinase 6"
"530","MAPK7","35617_at",8.08e-27,1.85e-28,13.4,53.9631382,1.54,"mitogen-activated protein kinase 7","ILMN_1709623",0.03300638,0.00629,-2.928469,-2.65508,-0.6471956,"mitogen-activated protein kinase 7"
"531","MAPKAPK3","202787_s_at",1.58e-22,5.73e-24,11.9,43.6809722,2.2,"mitogen-activated protein kinase-activated protein kinase 3","ILMN_1732452",0.02214479,0.00356,-3.150708,-2.13312,-0.7121948,"mitogen-activated protein kinase-activated protein kinase 3"
"532","MAPKAPK5","212871_at",4e-12,4.66e-13,7.85,18.7788296,0.851,"mitogen-activated protein kinase-activated protein kinase 5","ILMN_1699082",0.00273437,0.000171,4.2635453,0.71549,0.8348961,"mitogen-activated protein kinase-activated protein kinase 5"
"533","MAPRE3","203842_s_at",2.35e-14,2.13e-15,-8.75,24.1051173,-0.641,"microtubule associated protein RP/EB family member 3","ILMN_1734290",0.01909335,0.00289,-3.2308671,-1.94007,-0.7800458,"microtubule associated protein RP/EB family member 3"
"534","MAPT","203929_s_at",1.19e-21,4.8e-23,-11.5,41.5692847,-1.73,"microtubule associated protein tau","ILMN_2310814",0.01049619,0.00122,-3.5539228,-1.13955,-1.081688,"microtubule associated protein tau"
"535","MARK3","202568_s_at",1.57e-13,1.57e-14,8.42,22.1264118,0.743,"microtubule affinity regulating kinase 3","ILMN_1704795",0.01882615,0.00284,3.2378847,-1.92306,0.5857559,"microtubule affinity regulating kinase 3"
"536","MATR3","242260_at",0.00051,0.000158,-3.87,-0.3585811,-0.661,"matrin 3","ILMN_1815107",0.00840328,0.000878,3.6761925,-0.82827,1.0046516,"matrin 3"
"537","MBNL2","205018_s_at",2.55e-06,5.85e-07,-5.19,5.0152195,-0.798,"muscleblind like splicing regulator 2","ILMN_2364272",0.02008463,0.00311,3.2035462,-2.00614,1.1372328,"muscleblind like splicing regulator 2"
"538","MBOAT7","209179_s_at",2.9e-11,3.73e-12,7.49,16.7270756,0.846,"membrane bound O-acyltransferase domain containing 7","ILMN_1722218",0.00192297,0.000101,-4.4485102,1.21417,-0.9324407,"membrane bound O-acyltransferase domain containing 7"
"539","MCM10","223570_at",1.84e-28,3.43e-30,14.1,57.9322677,1.8,"minichromosome maintenance 10 replication initiation factor","ILMN_2413898",0.00641613,0.000597,3.8165418,-0.46612,1.06093,"minichromosome maintenance 10 replication initiation factor"
"540","MCM5","216237_s_at",4.77e-18,2.86e-19,10.2,32.9373504,2.05,"minichromosome maintenance complex component 5","ILMN_1815169",0.00292529,0.000189,-4.2277788,0.61962,-0.8754787,"minichromosome maintenance complex component 5"
"541","MCTS1","218163_at",5.61e-25,1.57e-26,12.8,49.5469302,0.807,"MCTS1, re-initiation and release factor","ILMN_1751816",0.0012517,5.17e-05,4.6832109,1.85274,1.0693913,"MCTS1, re-initiation and release factor"
"542","MCUB","218802_at",1.81e-28,3.36e-30,14.1,57.9510357,0.85,"mitochondrial calcium uniporter dominant negative beta subunit","ILMN_1801766",0.0043803,0.000337,4.0225201,0.07359,1.0176872,"mitochondrial calcium uniporter dominant negative beta subunit"
"543","ME2","210154_at",5.67e-05,1.54e-05,4.45,1.8630234,0.659,"malic enzyme 2","ILMN_1675186",0.00968477,0.00109,3.5973386,-1.0295,0.7368579,"malic enzyme 2"
"544","MED8","213696_s_at",5.57e-44,1.79e-46,20,95.2288209,1.77,"mediator complex subunit 8","ILMN_2339705",0.00222985,0.000126,4.3718456,1.00691,0.6783984,"mediator complex subunit 8"
"545","MELK","204825_at",4.1e-38,2.58e-40,17.7,81.1272691,3,"maternal embryonic leucine zipper kinase","ILMN_2212909",0.00085432,2.92e-05,4.8819906,2.3973,1.3863669,"maternal embryonic leucine zipper kinase"
"546","MEPCE","219798_s_at",2.12e-09,3.38e-10,6.68,12.2937329,0.639,"methylphosphate capping enzyme","ILMN_2180827",0.02457603,0.00415,-3.0920291,-2.27289,-0.8046148,"methylphosphate capping enzyme"
"547","MEX3D","91816_f_at",0.00509,0.00185,-3.16,-2.6635289,-0.77,"mex-3 RNA binding family member D","ILMN_1669268",0.01589841,0.00225,-3.3265829,-1.7065,-0.683906,"mex-3 RNA binding family member D"
"548","MFSD5","212861_at",1.88e-05,4.79e-06,4.73,2.9834436,0.645,"major facilitator superfamily domain containing 5","ILMN_1702065",0.02304905,0.00379,-3.1267421,-2.19037,-1.0114414,"major facilitator superfamily domain containing 5"
"549","MFSD8","229509_at",4.17e-09,6.9e-10,6.54,11.5953568,0.836,"major facilitator superfamily domain containing 8","ILMN_2123119",0.01027991,0.00118,3.5662211,-1.10843,0.9347711,"major facilitator superfamily domain containing 8"
"550","MGST1","224918_x_at",1.46e-14,1.29e-15,-8.83,24.6020792,-1.46,"microsomal glutathione S-transferase 1","ILMN_2355168",0.00235328,0.000137,4.3412052,0.9243,1.3828295,"microsomal glutathione S-transferase 1"
"551","MIB2","228261_at",1.29e-08,2.25e-09,6.32,10.4349673,0.952,"mindbomb E3 ubiquitin protein ligase 2","ILMN_2385178",0.01131325,0.00137,-3.5134067,-1.24176,-0.9353675,"mindbomb E3 ubiquitin protein ligase 2"
"552","MIER2","44822_s_at",7.45e-09,1.26e-09,6.43,11.0013307,1.02,"MIER family member 2","ILMN_1766159",0.00135414,5.78e-05,-4.6442008,1.74622,-0.9392693,"MIER family member 2"
"553","MIR99AHG","239999_at",6.41e-24,2.02e-25,-12.4,47.0059983,-1.12,"mir-99a-let-7c cluster host gene","ILMN_1690703",1.196e-05,2.14e-08,7.422163,9.28977,1.6120014,"mir-99a-let-7c cluster host gene"
"554","MIS18A","219004_s_at",7.67e-12,9.22e-13,7.73,18.1052419,0.743,"MIS18 kinetochore protein A","ILMN_1712386",0.02528589,0.00432,3.0759391,-2.31098,0.6196594,"MIS18 kinetochore protein A"
"555","MKKS","222530_s_at",5.15e-21,2.24e-22,11.3,40.0400226,0.632,"McKusick-Kaufman syndrome","ILMN_2274180",1.999e-05,4.22e-08,7.1759854,8.64461,1.2666563,"McKusick-Kaufman syndrome"
"556","MLKL","238025_at",9.14e-18,5.68e-19,10.1,32.256313,1.81,"mixed lineage kinase domain like","ILMN_1667825",0.00080352,2.66e-05,4.9144987,2.4866,1.184108,"mixed lineage kinase domain like"
"557","MLLT10","1563321_s_at",5.67e-08,1.07e-08,-6.02,8.9142451,-1.51,"myeloid/lymphoid or mixed-lineage leukemia; translocated to, 10","ILMN_2399310",0.03252314,0.00616,2.9365082,-2.63656,0.9497577,"myeloid/lymphoid or mixed-lineage leukemia; translocated to, 10"
"558","MLPH","218211_s_at",3.91e-09,6.44e-10,-6.56,11.6631821,-0.806,"melanophilin","ILMN_1795342",0.00137679,5.96e-05,-4.6334146,1.7168,-1.0383166,"melanophilin"
"559","MLST8","220587_s_at",2.34e-08,4.22e-09,6.2,9.8212769,0.655,"MTOR associated protein, LST8 homolog","ILMN_1789240",0.01509088,0.00208,-3.3567398,-1.63225,-0.8498749,"MTOR associated protein, LST8 homolog"
"560","MMP28","239273_s_at",9.29e-05,2.6e-05,-4.33,1.3606227,-0.651,"matrix metallopeptidase 28","ILMN_1791508",0.01485651,0.00202,-3.3661958,-1.6089,-0.8822728,"matrix metallopeptidase 28"
"561","MND1","223700_at",2.58e-19,1.35e-20,10.7,35.9648618,1.34,"meiotic nuclear divisions 1","ILMN_1671906",0.02052456,0.00321,3.1914165,-2.03538,1.478945,"meiotic nuclear divisions 1"
"562","MOB3B","219265_at",4.36e-21,1.88e-22,11.3,40.2137546,1.35,"MOB kinase activator 3B","ILMN_1717046",0.01125392,0.00135,3.5170448,-1.23261,0.8774496,"MOB kinase activator 3B"
"563","MPHOSPH6","1554906_a_at",1.11e-29,1.78e-31,14.5,60.8766468,2.14,"M-phase phosphoprotein 6","ILMN_1781360",0.00083234,2.81e-05,4.8950304,2.43312,1.1990949,"M-phase phosphoprotein 6"
"564","MPHOSPH8","221771_s_at",9.97e-12,1.22e-12,-7.68,17.8316437,-1.48,"M-phase phosphoprotein 8","ILMN_2054213",0.03110283,0.0058,2.9603164,-2.58155,0.687375,"M-phase phosphoprotein 8"
"565","MPP5","219321_at",1.71e-14,1.52e-15,8.81,24.4374988,0.938,"membrane palmitoylated protein 5","ILMN_1750689",0.04890452,0.0107,2.7125915,-3.14136,0.6187924,"membrane palmitoylated protein 5"
"566","MPZL2","203779_s_at",3.48e-47,7.25e-50,21.4,102.9938995,3.96,"myelin protein zero like 2","ILMN_1752932",0.01491642,0.00204,3.3639934,-1.61434,0.9462937,"myelin protein zero like 2"
"567","MRPL21","225315_at",2.61e-11,3.34e-12,7.51,16.837087,0.626,"mitochondrial ribosomal protein L21","ILMN_2348050",0.01871916,0.00281,3.2413353,-1.91468,0.9565138,"mitochondrial ribosomal protein L21"
"568","MRPL35","218890_x_at",1.6e-21,6.57e-23,11.5,41.257455,1.07,"mitochondrial ribosomal protein L35","ILMN_2341952",0.00012511,1.44e-06,5.9264677,5.27463,1.5493375,"mitochondrial ribosomal protein L35"
"569","MRPL42","217919_s_at",2.52e-17,1.65e-18,9.9,31.1961476,1.35,"mitochondrial ribosomal protein L42","ILMN_2356895",3.42e-06,2.56e-09,8.2113203,11.30535,1.693845,"mitochondrial ribosomal protein L42"
"570","MRPL46","219244_s_at",1.49e-20,6.81e-22,11.1,38.9337496,0.976,"mitochondrial ribosomal protein L46","ILMN_1722838",0.01966319,0.00301,3.2157456,-1.97667,0.7413672,"mitochondrial ribosomal protein L46"
"571","MRPL47","223481_s_at",0.000311,9.35e-05,4,0.1391817,0.774,"mitochondrial ribosomal protein L47","ILMN_2391522",3.612e-05,1.56e-07,6.7084794,7.40045,1.1852334,"mitochondrial ribosomal protein L47"
"572","MRPL50","225580_at",1.4e-15,1.12e-16,9.23,27.0193326,0.985,"mitochondrial ribosomal protein L50","ILMN_1664833",0.00011359,1.22e-06,5.9832445,5.43039,1.4614995,"mitochondrial ribosomal protein L50"
"573","MRPL51","224334_s_at",1.84e-16,1.33e-17,9.57,29.1315852,0.841,"mitochondrial ribosomal protein L51///serine palmitoyltransferase long chain base subunit 1","ILMN_2097421",0.02905109,0.00527,2.998718,-2.4923,0.8819415,"mitochondrial ribosomal protein L51"
"574","MRPS12","213840_s_at",4.81e-23,1.65e-24,12,44.9187173,0.948,"mitochondrial ribosomal protein S12","ILMN_1714515",0.03862408,0.00777,-2.8440047,-2.84792,-0.6986338,"mitochondrial ribosomal protein S12"
"575","MRPS15","223291_at",5.77e-21,2.51e-22,11.3,39.9237452,0.899,"mitochondrial ribosomal protein S15","ILMN_1680703",0.00072571,2.23e-05,4.9758523,2.65529,1.0915912,"mitochondrial ribosomal protein S15"
"576","MRPS17","218982_s_at",5.55e-27,1.25e-28,13.5,54.3551602,1.48,"mitochondrial ribosomal protein S17","ILMN_1804851",0.00010944,1.16e-06,6.0015289,5.48052,1.5312349,"mitochondrial ribosomal protein S17"
"577","MRPS23","238728_at",1.19e-10,1.64e-11,-7.23,15.2663008,-0.695,"mitochondrial ribosomal protein S23","ILMN_1687359",0.00120012,4.84e-05,4.7063353,1.91594,0.8031685,"mitochondrial ribosomal protein S23"
"578","MRPS31","212604_at",1.81e-10,2.56e-11,7.15,14.8328697,0.881,"mitochondrial ribosomal protein S31","ILMN_1654552",0.00012333,1.39e-06,5.9372202,5.30414,1.519361,"mitochondrial ribosomal protein S31"
"579","MRRF","225126_at",6.64e-18,4.05e-19,10.1,32.5929841,0.841,"mitochondrial ribosome recycling factor","ILMN_2415949",0.00223872,0.000127,4.3675998,0.99546,0.7025301,"mitochondrial ribosome recycling factor"
"580","MRS2","228542_at",1.63e-10,2.3e-11,7.17,14.9384723,1.32,"MRS2, magnesium transporter","ILMN_1778677",0.00114457,4.45e-05,4.7354128,1.99547,1.004487,"MRS2, magnesium transporter"
"581","MSH3","210947_s_at",5.05e-11,6.68e-12,7.39,16.1535645,0.768,"mutS homolog 3","ILMN_1719471",0.00466563,0.00037,3.98861,-0.01587,1.3135257,"mutS homolog 3"
"582","MTDH","227277_at",2.58e-06,5.92e-07,-5.19,5.0043404,-0.585,"metadherin","ILMN_1810838",0.04305641,0.00902,2.7835498,-2.98394,0.9253264,"metadherin"
"583","MTFMT","235689_at",1.81e-06,4.07e-07,5.27,5.3674632,0.683,"mitochondrial methionyl-tRNA formyltransferase","ILMN_1672884",0.00423276,0.000322,4.0382538,0.11517,0.6515995,"mitochondrial methionyl-tRNA formyltransferase"
"584","MTHFD2","201761_at",1.7e-16,1.23e-17,9.58,29.2091251,0.716,"methylenetetrahydrofolate dehydrogenase (NADP+ dependent) 2, methenyltetrahydrofolate cyclohydrolase","ILMN_1674706",0.01080056,0.00127,3.5391045,-1.17699,0.6707065,"methylenetetrahydrofolate dehydrogenase (NADP+ dependent) 2, methenyltetrahydrofolate cyclohydrolase"
"585","MTO1","224430_s_at",1e-24,2.91e-26,12.7,48.932995,1.48,"mitochondrial tRNA translation optimization 1","ILMN_2380740",0.0156034,0.00218,3.3375113,-1.67963,0.8440338,"mitochondrial tRNA translation optimization 1"
"586","MTUS1","212093_s_at",1.77e-05,4.5e-06,-4.74,3.0443033,-0.605,"microtubule associated tumor suppressor 1","ILMN_2346727",0.0247481,0.00419,3.0877717,-2.28298,1.1300195,"microtubule associated tumor suppressor 1"
"587","MVB12A","227864_s_at",1.98e-13,2.01e-14,8.38,21.8820257,0.678,"multivesicular body subunit 12A","ILMN_2121207",0.02033368,0.00316,-3.1964357,-2.02329,-0.8415452,"multivesicular body subunit 12A"
"588","MYH14","219946_x_at",2.75e-22,1.03e-23,-11.8,43.1031797,-1.71,"myosin, heavy chain 14, non-muscle","ILMN_2392370",0.00027504,4.72e-06,-5.5136902,4.1383,-0.9322224,"myosin, heavy chain 14, non-muscle"
"589","MYNN","224206_x_at",1.4e-10,1.95e-11,7.2,15.0986637,0.642,"myoneurin","ILMN_1672287",0.00111829,4.31e-05,4.7463621,2.02543,1.0222897,"myoneurin"
"590","MYO1B","212365_at",5.66e-37,4.07e-39,17.3,78.3833859,2.74,"myosin IB","ILMN_2093027",0.00850503,0.000896,3.6687261,-0.84739,0.8350216,"myosin IB"
"591","MYO1C","32811_at",0.000126,3.57e-05,-4.25,1.0562659,-0.631,"myosin IC","ILMN_2329165",0.00128634,5.38e-05,-4.6695178,1.81533,-0.7851963,"myosin IC"
"592","MYO5A","204527_at",1.69e-50,2.2e-53,22.8,111.0396896,1.96,"myosin VA","ILMN_1698225",0.00282125,0.00018,4.2460767,0.66864,1.0600667,"myosin VA"
"593","MYRFL","1556267_at",3.46e-08,6.35e-09,-6.12,9.4205367,-0.95,"myelin regulatory factor-like","ILMN_1787199",0.00044235,1.01e-05,5.2492123,3.40855,0.997608,"myelin regulatory factor-like"
"594","N4BP1","204601_at",5.2e-47,1.13e-49,21.3,102.5508987,2.55,"NEDD4 binding protein 1","ILMN_2201966",0.03107803,0.0058,-2.9608132,-2.5804,-0.6970023,"NEDD4 binding protein 1"
"595","N4BP2L2","1565743_at",4.16e-10,6.14e-11,-6.99,13.9702679,-0.62,"NEDD4 binding protein 2 like 2","ILMN_1737561",0.00985508,0.00112,3.5876332,-1.05414,1.784281,"NEDD4 binding protein 2 like 2"
"596","N6AMT1","234698_at",6.32e-06,1.52e-06,-4.99,4.0919836,-0.595,"N-6 adenine-specific DNA methyltransferase 1 (putative)","ILMN_1701077",0.00043703,9.98e-06,5.254161,3.4222,0.880097,"N-6 adenine-specific DNA methyltransferase 1 (putative)"
"597","NAPG","210048_at",5.7e-38,3.67e-40,17.6,80.7764801,2.59,"NSF attachment protein gamma","ILMN_1788268",0.02429362,0.00408,3.0988156,-2.25679,0.7895208,"NSF attachment protein gamma"
"598","NAPRT","226707_at",7.4e-14,7.14e-15,8.55,22.9066544,0.771,"nicotinate phosphoribosyltransferase","ILMN_1710752",0.00789206,0.000803,-3.7086664,-0.74491,-0.8516213,"nicotinate phosphoribosyltransferase"
"599","NASP","201970_s_at",1.24e-09,1.93e-10,6.78,12.8464053,0.605,"nuclear autoantigenic sperm protein","ILMN_2348975",0.01512637,0.00208,3.355582,-1.6351,0.6003221,"nuclear autoantigenic sperm protein"
"600","NCAPH2","40640_at",8.22e-37,5.94e-39,17.2,78.0069261,2.46,"non-SMC condensin II complex subunit H2","ILMN_1715908",0.00517139,0.000433,-3.932542,-0.16329,-0.6198589,"non-SMC condensin II complex subunit H2"
"601","NCBP1","209520_s_at",1.93e-20,8.92e-22,11.1,38.6654667,1.37,"nuclear cap binding protein subunit 1","ILMN_1777528",0.01589841,0.00225,3.3264258,-1.70688,0.7233898,"nuclear cap binding protein subunit 1"
"602","NCBP2","201521_s_at",7.84e-30,1.23e-31,14.6,61.2429241,1.96,"nuclear cap binding protein subunit 2","ILMN_2412564",0.00014826,1.93e-06,5.8249427,4.99571,0.6835964,"nuclear cap binding protein subunit 2"
"603","NCK1","204725_s_at",6.13e-12,7.3e-13,7.77,18.3365487,1.11,"NCK adaptor protein 1","ILMN_1698001",0.03508175,0.00683,2.8955454,-2.73063,0.9013814,"NCK adaptor protein 1"
"604","NCOA7","225344_at",3.13e-30,4.66e-32,14.7,62.2080246,1.19,"nuclear receptor coactivator 7","ILMN_1687768",0.04823107,0.0105,2.720897,-3.12306,1.1332613,"nuclear receptor coactivator 7"
"605","NCS1","222570_at",4.96e-07,1.04e-07,-5.56,6.6887527,-1.16,"neuronal calcium sensor 1","ILMN_1756784",0.01634997,0.00234,-3.3114618,-1.74361,-0.6320612,"neuronal calcium sensor 1"
"606","NDC80","204162_at",3.76e-35,3.28e-37,16.6,74.015691,3.05,"NDC80, kinetochore complex component","ILMN_1664511",0.02329367,0.00384,3.1217211,-2.20233,1.505632,"NDC80, kinetochore complex component"
"607","NDE1","230219_at",1.5e-11,1.86e-12,7.61,17.4110393,0.944,"nudE neurodevelopment protein 1","ILMN_1739805",0.03842632,0.00771,-2.8472647,-2.84054,-0.8379053,"nudE neurodevelopment protein 1"
"608","NDST1","1554010_at",1.01e-13,9.88e-15,8.5,22.5856746,0.906,"N-deacetylase and N-sulfotransferase 1","ILMN_1807283",0.02901812,0.00525,-2.9995968,-2.49025,-0.7986398,"N-deacetylase and N-sulfotransferase 1"
"609","NDUFAF2","228355_s_at",1.17e-26,2.73e-28,13.4,53.5788003,0.846,"NADH:ubiquinone oxidoreductase complex assembly factor 2","ILMN_1682857",1.15e-06,5.74e-11,9.7004519,14.86766,2.1669831,"NADH:ubiquinone oxidoreductase complex assembly factor 2"
"610","NDUFAF4","219006_at",3.46e-16,2.58e-17,9.46,28.4735691,0.938,"NADH:ubiquinone oxidoreductase complex assembly factor 4","ILMN_2205350",0.03403437,0.00655,2.9121025,-2.6927,1.9963218,"NADH:ubiquinone oxidoreductase complex assembly factor 4"
"611","NECTIN1","211846_s_at",2.36e-12,2.67e-13,7.94,19.3267941,1.27,"nectin cell adhesion molecule 1","ILMN_1744815",0.03370358,0.00647,-2.9173787,-2.68058,-0.7238673,"nectin cell adhesion molecule 1"
"612","NECTIN2","232079_s_at",5.23e-09,8.71e-10,6.5,11.3660049,0.847,"nectin cell adhesion molecule 2","ILMN_2337336",0.00345604,0.000241,-4.1413525,0.38881,-0.7312585,"nectin cell adhesion molecule 2"
"613","NEDD4","213012_at",9.52e-11,1.31e-11,7.27,15.4939817,0.763,"neural precursor cell expressed, developmentally down-regulated 4, E3 ubiquitin protein ligase","ILMN_1703140",0.00314697,0.000212,4.1882684,0.51395,0.9309614,"neural precursor cell expressed, developmentally down-regulated 4, E3 ubiquitin protein ligase"
"614","NEK1","213328_at",2.5e-09,4.03e-10,-6.64,12.1220922,-0.7,"NIMA related kinase 1","ILMN_2162234",0.00673376,0.000639,3.792058,-0.52964,1.3029838,"NIMA related kinase 1"
"615","NEK2","204641_at",6.69e-28,1.34e-29,13.8,56.5780257,1.98,"NIMA related kinase 2","ILMN_2051373",0.02248036,0.00365,3.1420503,-2.15383,1.2371528,"NIMA related kinase 2"
"616","NFIC","213298_at",5.44e-14,5.15e-15,-8.6,23.2301681,-0.954,"nuclear factor I C","ILMN_1814402",0.00969111,0.00109,-3.596856,-1.03072,-0.6465621,"nuclear factor I C"
"617","NFIX","229834_at",6.83e-05,1.87e-05,-4.4,1.6723786,-0.628,"nuclear factor I X","ILMN_1694325",0.01443615,0.00193,-3.3832267,-1.56678,-1.0373865,"nuclear factor I X"
"618","NFXL1","227220_at",2.93e-14,2.69e-15,8.71,23.87091,0.758,"nuclear transcription factor, X-box binding like 1","ILMN_1682197",0.01457115,0.00196,3.3776687,-1.58054,1.0784585,"nuclear transcription factor, X-box binding like 1"
"619","NGDN","216263_s_at",8.63e-13,9.34e-14,-8.12,20.3658951,-0.708,"neuroguidin","ILMN_2324998",0.04030674,0.00826,2.8195087,-2.90324,0.7962558,"neuroguidin"
"620","NHS","242800_at",1.31e-14,1.16e-15,-8.85,24.7075653,-1.13,"NHS actin remodeling regulator","ILMN_1715864",0.02456925,0.00414,3.0923656,-2.27209,0.7616599,"NHS actin remodeling regulator"
"621","NIN","224304_x_at",1e-12,1.09e-13,8.09,20.2117275,0.745,"ninein","ILMN_1724753",0.00176294,8.78e-05,4.4979509,1.3482,1.3041999,"ninein"
"622","NINJ1","203045_at",6.56e-15,5.6e-16,-8.97,25.4248362,-1.07,"ninjurin 1","ILMN_1815086",0.01126564,0.00136,-3.5157377,-1.2359,-0.9671981,"ninjurin 1"
"623","NIPAL4","230188_at",2.55e-32,2.96e-34,15.5,67.2444141,1.64,"NIPA like domain containing 4","ILMN_1713638",0.02073562,0.00325,-3.186023,-2.04837,-0.9145045,"NIPA like domain containing 4"
"624","NIPBL","213918_s_at",3.33e-16,2.48e-17,9.47,28.512539,0.982,"NIPBL, cohesin loading factor","ILMN_2264625",0.00401116,0.000298,4.0659503,0.18849,1.1724906,"NIPBL, cohesin loading factor"
"625","NKIRAS2","222105_s_at",1.2e-25,3.09e-27,13,51.1648886,0.95,"NFKB inhibitor interacting Ras like 2","ILMN_1653404",0.02831808,0.00505,-3.0151765,-2.45386,-0.6039684,"NFKB inhibitor interacting Ras like 2"
"626","NKTR","231235_at",2.94e-06,6.79e-07,-5.16,4.8703742,-0.602,"natural killer cell triggering receptor","ILMN_1721621",0.00885524,0.00095,3.6473459,-0.90208,1.4662452,"natural killer cell triggering receptor"
"627","NLRX1","219680_at",3.66e-43,1.27e-45,19.7,93.281428,2.4,"NLR family member X1","ILMN_1698752",0.00195418,0.000104,-4.4385745,1.18726,-0.7175653,"NLR family member X1"
"628","NMI","203964_at",1.9e-38,1.15e-40,17.8,81.9306479,1.14,"N-myc and STAT interactor","ILMN_1739541",0.00792088,0.000808,3.7066218,-0.75017,0.9702025,"N-myc and STAT interactor"
"629","NMT2","215069_at",1.1e-06,2.42e-07,-5.38,5.8722727,-0.743,"N-myristoyltransferase 2","ILMN_1656378",0.03144883,0.00589,2.9546359,-2.5947,0.6640085,"N-myristoyltransferase 2"
"630","NOC4L","218860_at",1.16e-07,2.25e-08,5.87,8.1842288,0.606,"nucleolar complex associated 4 homolog","ILMN_1733107",0.00114027,4.41e-05,-4.7386889,2.00443,-0.769861,"nucleolar complex associated 4 homolog"
"631","NOL3","1558738_at",1.25e-22,4.49e-24,-11.9,43.9234196,-1.68,"nucleolar protein 3","ILMN_1813925",0.02760731,0.00487,-3.0291042,-2.42124,-0.7095798,"nucleolar protein 3"
"632","NOL6","218199_s_at",6.61e-15,5.65e-16,8.97,25.4156271,0.937,"nucleolar protein 6","ILMN_2320250",0.03916417,0.00794,-2.8353728,-2.86745,-0.6659346,"nucleolar protein 6"
"633","NPM1","221923_s_at",2.63e-31,3.45e-33,15.1,64.7983331,0.851,"nucleophosmin","ILMN_1678775",0.00222985,0.000126,4.372109,1.00763,1.3348471,"nucleophosmin"
"634","NPRL3","210672_s_at",1.21e-10,1.68e-11,7.22,15.2459519,0.905,"NPR3 like, GATOR1 complex subunit","ILMN_2369580",0.00740203,0.000727,-3.7449219,-0.65153,-0.8185595,"NPR3 like, GATOR1 complex subunit"
"635","NR2C1","210530_s_at",0.0154,0.00611,2.78,-3.7567123,0.623,"nuclear receptor subfamily 2 group C member 1","ILMN_1728983",0.03262943,0.00619,2.9345886,-2.64098,0.812766,"nuclear receptor subfamily 2 group C member 1"
"636","NRBF2","223650_s_at",5.93e-22,2.31e-23,11.6,42.2958829,2.32,"nuclear receptor binding factor 2","ILMN_1719344",0.02647661,0.0046,3.051576,-2.36845,0.8409105,"nuclear receptor binding factor 2"
"637","NT5DC1","223177_at",5.94e-23,2.06e-24,12,44.6982028,0.818,"5'-nucleotidase domain containing 1","ILMN_1680673",0.0217643,0.00349,3.1593661,-2.11239,0.7460752,"5'-nucleotidase domain containing 1"
"638","NUDCD2","1558124_at",7.16e-10,1.09e-10,-6.89,13.4081653,-0.746,"NudC domain containing 2","ILMN_1751589",0.00556677,0.000484,3.8921711,-0.26902,0.7661448,"NudC domain containing 2"
"639","NUDT15","219347_at",1.27e-23,4.14e-25,12.3,46.2939927,0.749,"nudix hydrolase 15","ILMN_2172202",0.04598611,0.00988,2.7465229,-3.06639,0.7077886,"nudix hydrolase 15"
"640","NUDT21","213461_at",2.92e-14,2.67e-15,8.71,23.8777329,0.915,"nudix hydrolase 21","ILMN_1798886",0.03580861,0.00701,2.8855202,-2.75354,0.7384635,"nudix hydrolase 21"
"641","NUDT5","223100_s_at",5.12e-31,6.97e-33,15,64.0987865,1.17,"nudix hydrolase 5","ILMN_1711314",0.00292529,0.000189,4.2278176,0.61972,1.098563,"nudix hydrolase 5"
"642","NUMA1","214250_at",5.46e-20,2.67e-21,-10.9,37.5769153,-1.24,"nuclear mitotic apparatus protein 1","ILMN_2160005",0.0139303,0.00184,-3.4011099,-1.52245,-0.953387,"nuclear mitotic apparatus protein 1"
"643","NUP37","218622_at",2.75e-15,2.26e-16,9.12,26.3246027,0.917,"nucleoporin 37","ILMN_1771903",0.00647205,0.000604,3.812185,-0.47743,0.8513286,"nucleoporin 37"
"644","NUP50","218295_s_at",2.04e-31,2.65e-33,15.2,65.0605295,2.77,"nucleoporin 50","ILMN_1725612",0.0461226,0.00992,2.7447449,-3.07033,0.5871906,"nucleoporin 50"
"645","NUP62CL","220520_s_at",7.28e-18,4.47e-19,10.1,32.4946313,0.705,"nucleoporin 62 C-terminal like","ILMN_1756550",0.00548655,0.000476,3.8988481,-0.25155,0.7432731,"nucleoporin 62 C-terminal like"
"646","NUP88","202900_s_at",3.02e-25,8.15e-27,12.9,50.19911,0.638,"nucleoporin 88","ILMN_1734826",0.00815074,0.000844,3.6905739,-0.79139,0.9265333,"nucleoporin 88"
"647","NUPR1","209230_s_at",1.45e-12,1.61e-13,-8.03,19.8291412,-0.708,"nuclear protein 1, transcriptional regulator","ILMN_1810560",0.00933966,0.00103,3.6166995,-0.98025,0.9082908,"nuclear protein 1, transcriptional regulator"
"648","NUSAP1","219978_s_at",1.24e-13,1.23e-14,8.46,22.369208,1.54,"nucleolar and spindle associated protein 1","ILMN_1726720",0.00031556,5.74e-06,5.4455332,3.95026,1.3191854,"nucleolar and spindle associated protein 1"
"649","OARD1","238860_at",1.63e-16,1.18e-17,-9.59,29.2515483,-0.772,"O-acyl-ADP-ribose deacylase 1","ILMN_1804834",0.04645546,0.01,2.7406235,-3.07947,0.7247092,"O-acyl-ADP-ribose deacylase 1"
"650","OAS1","205552_s_at",2.11e-44,6.38e-47,20.2,96.2555378,4.8,"2'-5'-oligoadenylate synthetase 1","ILMN_2410826",0.00324477,0.00022,4.1745368,0.47729,1.2061049,"2'-5'-oligoadenylate synthetase 1"
"651","OAS2","204972_at",6.42e-46,1.6e-48,20.8,99.9208459,4.46,"2'-5'-oligoadenylate synthetase 2","ILMN_1674063",0.00058694,1.58e-05,5.0950289,2.98342,1.8368148,"2'-5'-oligoadenylate synthetase 2"
"652","OFD1","241751_at",2.49e-12,2.83e-13,-7.93,19.2699511,-0.768,"OFD1, centriole and centriolar satellite protein","ILMN_1785266",0.00309052,0.000207,4.1967919,0.53673,1.0015174,"OFD1, centriole and centriolar satellite protein"
"653","OGDH","201282_at",0.00136,0.00045,3.58,-1.3441913,0.627,"oxoglutarate dehydrogenase","ILMN_1733869",0.00886799,0.000954,-3.6456285,-0.90646,-0.9036922,"oxoglutarate dehydrogenase"
"654","OIP5","213599_at",4.3e-25,1.19e-26,12.8,49.8256037,1.59,"Opa interacting protein 5","ILMN_2196984",0.00090728,3.15e-05,4.856126,2.3263,0.8166493,"Opa interacting protein 5"
"655","OLFM2","223601_at",1.11e-15,8.79e-17,-9.27,27.2591127,-0.975,"olfactomedin 2","ILMN_2110271",0.01771024,0.00261,-3.2695202,-1.84614,-0.6096489,"olfactomedin 2"
"656","ORC5","211212_s_at",2.02e-15,1.63e-16,9.17,26.6462167,1.01,"origin recognition complex subunit 5","ILMN_1705093",0.02417959,0.00405,3.1015905,-2.25021,0.6434824,"origin recognition complex subunit 5"
"657","ORC6","219105_x_at",1.04e-09,1.6e-10,6.81,13.029464,0.769,"origin recognition complex subunit 6","ILMN_1731070",0.00684635,0.000656,3.7825011,-0.5544,0.9150481,"origin recognition complex subunit 6"
"658","OSBPL8","228986_at",9.55e-11,1.31e-11,-7.27,15.490931,-0.823,"oxysterol binding protein like 8","ILMN_2405078",0.00634024,0.000585,3.8239919,-0.44676,0.9254779,"oxysterol binding protein like 8"
"659","OVGP1","205432_at",7.19e-06,1.74e-06,-4.96,3.9602041,-1.16,"oviductal glycoprotein 1","ILMN_1734542",0.01045675,0.00121,3.557213,-1.13123,0.7515609,"oviductal glycoprotein 1"
"660","OXCT1","202780_at",6.3e-17,4.33e-18,9.75,30.2417055,0.661,"3-oxoacid CoA-transferase 1","ILMN_1813544",0.03498175,0.00681,2.8969908,-2.72732,0.8038946,"3-oxoacid CoA-transferase 1"
"661","P2RY2","206277_at",5.14e-20,2.51e-21,10.9,37.6377495,1.33,"purinergic receptor P2Y2","ILMN_2372915",0.00178581,9.02e-05,-4.4886843,1.32306,-0.9529364,"purinergic receptor P2Y2"
"662","PAK1IP1","218886_at",9.38e-23,3.33e-24,11.9,44.2206112,0.782,"PAK1 interacting protein 1","ILMN_1726064",5.747e-05,3.75e-07,6.397584,6.56101,1.7326551,"PAK1 interacting protein 1"
"663","PAK6","219461_at",1.1e-18,6.24e-20,10.4,34.4479338,1.01,"p21 (RAC1) activated kinase 6","ILMN_1708223",0.01940954,0.00295,-3.2233348,-1.95831,-0.7869991,"p21 (RAC1) activated kinase 6"
"664","PALM","203859_s_at",1.21e-16,8.61e-18,-9.64,29.5605335,-0.992,"paralemmin","ILMN_2387214",2.622e-05,7.7e-08,-6.9595628,8.07159,-1.53485,"paralemmin"
"665","PAOX","238333_s_at",9.76e-10,1.5e-10,6.83,13.0908702,2.26,"polyamine oxidase (exo-N4-amino)","ILMN_1765116",0.00255716,0.000154,-4.299571,0.81224,-0.5934306,"polyamine oxidase (exo-N4-amino)"
"666","PAPD4","1556277_a_at",3.78e-11,4.92e-12,-7.44,16.4541403,-0.914,"poly(A) RNA polymerase D4, non-canonical","ILMN_1681845",0.03385459,0.00651,2.9148639,-2.68636,0.8213147,"poly(A) RNA polymerase D4, non-canonical"
"667","PAPOLA","228569_at",3.26e-25,8.85e-27,-12.8,50.1166807,-0.722,"poly(A) polymerase alpha","ILMN_1798354",0.0443591,0.00939,2.767205,-3.02042,0.6849177,"poly(A) polymerase alpha"
"668","PARP14","224701_at",1.4e-28,2.57e-30,14.1,58.2190309,0.929,"poly(ADP-ribose) polymerase family member 14","ILMN_1691731",0.00530461,0.000453,3.9159879,-0.20668,0.9792602,"poly(ADP-ribose) polymerase family member 14"
"669","PAWR","204005_s_at",5.12e-24,1.59e-25,12.4,47.2416099,0.994,"pro-apoptotic WT1 regulator","ILMN_1806907",0.0068747,0.000662,3.7792446,-0.56283,1.2618564,"pro-apoptotic WT1 regulator"
"670","PBK","219148_at",3.15e-35,2.71e-37,16.6,74.205548,2.71,"PDZ binding kinase","ILMN_1673673",0.00114488,4.47e-05,4.7337926,1.99103,1.5388329,"PDZ binding kinase"
"671","PCGF6","224326_s_at",1.71e-09,2.7e-10,6.72,12.5145997,0.677,"polycomb group ring finger 6","ILMN_1656574",0.00466738,0.000371,3.9881759,-0.01702,0.9076419,"polycomb group ring finger 6"
"672","PCM1","228905_at",4.66e-22,1.79e-23,-11.7,42.5489924,-0.744,"pericentriolar material 1","ILMN_2042595",0.00052345,1.3e-05,5.1613167,3.16613,1.7566257,"pericentriolar material 1"
"673","PCNA","201202_at",3.69e-18,2.19e-19,10.2,33.2009003,0.589,"proliferating cell nuclear antigen","ILMN_1694177",0.01747459,0.00257,3.2756838,-1.83111,1.0767511,"proliferating cell nuclear antigen"
"674","PDCD2","213585_s_at",4.47e-13,4.7e-14,8.24,21.0429006,0.747,"programmed cell death 2","ILMN_1758915",0.021668,0.00346,3.1620895,-2.10586,0.6710026,"programmed cell death 2"
"675","PDCD5","219275_at",8.31e-20,4.14e-21,10.8,37.141201,0.981,"programmed cell death 5","ILMN_2228710",3.36e-06,2.34e-09,8.2450133,11.38952,1.8316383,"programmed cell death 5"
"676","PDCD6","203415_at",9.99e-24,3.22e-25,12.3,46.5445194,0.86,"programmed cell death 6","ILMN_1733931",0.03390024,0.00652,2.914182,-2.68792,0.6506291,"programmed cell death 6"
"677","PDCD6IP","222394_at",1.32e-18,7.56e-20,-10.4,34.2581252,-0.836,"programmed cell death 6 interacting protein","ILMN_1693259",0.04520325,0.00964,2.7564714,-3.0443,0.9924059,"programmed cell death 6 interacting protein"
"678","PDE5A","227088_at",5.96e-10,8.97e-11,-6.92,13.5982502,-0.835,"phosphodiesterase 5A","ILMN_1810836",0.01199132,0.00149,3.4814159,-1.32212,0.7341591,"phosphodiesterase 5A"
"679","PDPR","224902_at",0.0018,0.000609,-3.49,-1.6284168,-0.799,"pyruvate dehydrogenase phosphatase regulatory subunit","ILMN_1778013",0.02354437,0.00391,-3.1148969,-2.21858,-0.7071759,"pyruvate dehydrogenase phosphatase regulatory subunit"
"680","PDS5B","215888_at",2.1e-06,4.77e-07,-5.24,5.2128214,-0.841,"PDS5 cohesin associated factor B","ILMN_1746696",0.01579724,0.00222,3.3307046,-1.69637,0.6003449,"PDS5 cohesin associated factor B"
"681","PDSS1","220865_s_at",2.06e-29,3.41e-31,14.4,60.2290631,1.59,"prenyl (decaprenyl) diphosphate synthase, subunit 1","ILMN_1703324",0.02866723,0.00516,3.0067045,-2.47366,0.9804832,"prenyl (decaprenyl) diphosphate synthase, subunit 1"
"682","PDXK","202671_s_at",1.68e-13,1.69e-14,8.41,22.0536727,1.42,"pyridoxal (pyridoxine, vitamin B6) kinase","ILMN_1672504",0.03414256,0.00659,-2.9101537,-2.69717,-0.807629,"pyridoxal (pyridoxine, vitamin B6) kinase"
"683","PDZK1IP1","219630_at",2.61e-27,5.61e-29,13.6,55.1511745,2.08,"PDZK1 interacting protein 1","ILMN_1708580",0.03316741,0.00633,-2.9258095,-2.6612,-0.8053745,"PDZK1 interacting protein 1"
"684","PEG3","209242_at",4.32e-16,3.26e-17,-9.43,28.2427657,-1.21,"paternally expressed 3","ILMN_1675331",0.00086657,2.98e-05,-4.8749427,2.37795,-1.1790115,"paternally expressed 3"
"685","PELI3","235431_s_at",2.85e-07,5.82e-08,-5.68,7.2586185,-0.736,"pellino E3 ubiquitin protein ligase family member 3","ILMN_2176931",0.00845813,0.000889,-3.6717241,-0.83971,-0.5939669,"pellino E3 ubiquitin protein ligase family member 3"
"686","PEX14","1558915_a_at",9.11e-07,1.98e-07,5.43,6.0690885,0.902,"peroxisomal biogenesis factor 14","ILMN_1763634",0.00018686,2.76e-06,-5.6998658,4.6515,-0.8947378,"peroxisomal biogenesis factor 14"
"687","PEX16","221604_s_at",0.00974,0.00372,-2.94,-3.3059906,-0.662,"peroxisomal biogenesis factor 16","ILMN_1701466",0.0065778,0.00062,-3.8028491,-0.50166,-0.8744908,"peroxisomal biogenesis factor 16"
"688","PGAP1","244321_at",4.89e-07,1.03e-07,5.56,6.7049719,0.67,"post-GPI attachment to proteins 1","ILMN_2185665",0.0317555,0.00596,2.9496377,-2.60625,0.9585733,"post-GPI attachment to proteins 1"
"689","PGAP3","221811_at",1.35e-10,1.88e-11,-7.2,15.1368053,-0.589,"post-GPI attachment to proteins 3","ILMN_1805636",0.00220962,0.000123,-4.3784154,1.02465,-1.1199959,"post-GPI attachment to proteins 3"
"690","PGM2","223738_s_at",4.09e-33,4.38e-35,15.8,69.1453573,1.96,"phosphoglucomutase 2","ILMN_1673543",0.02959089,0.00538,2.9901766,-2.51221,1.0067741,"phosphoglucomutase 2"
"691","PHAX","234405_s_at",2.71e-14,2.48e-15,8.72,23.9519567,0.974,"phosphorylated adaptor for RNA export","ILMN_1728074",0.00181422,9.27e-05,4.479033,1.29688,1.3476545,"phosphorylated adaptor for RNA export"
"692","PHF3","217952_x_at",6.52e-18,3.97e-19,-10.1,32.6109324,-0.639,"PHD finger protein 3","ILMN_1798164",0.00100532,3.71e-05,4.7985664,2.16842,1.589448,"PHD finger protein 3"
"693","PHIP","244811_at",9.47e-14,9.24e-15,8.51,22.6512948,0.965,"pleckstrin homology domain interacting protein","ILMN_1788689",0.03781701,0.00754,2.8560416,-2.82064,1.0035557,"pleckstrin homology domain interacting protein"
"694","PHKB","238601_at",6.29e-20,3.1e-21,-10.9,37.4287464,-1.23,"phosphorylase kinase regulatory subunit beta","ILMN_1800447",0.01004187,0.00115,3.5774337,-1.08002,0.7964476,"phosphorylase kinase regulatory subunit beta"
"695","PHLDA3","235534_at",3.81e-11,4.97e-12,7.44,16.4451154,0.852,"pleckstrin homology like domain family A member 3","ILMN_1659106",0.04347318,0.00913,-2.7786733,-2.99484,-0.8346353,"pleckstrin homology like domain family A member 3"
"696","PHYH","203335_at",1.54e-28,2.84e-30,-14.1,58.1203043,-1.07,"phytanoyl-CoA 2-hydroxylase","ILMN_2282352",0.00290086,0.000187,4.2323842,0.63195,0.6577661,"phytanoyl-CoA 2-hydroxylase"
"697","PHYHD1","226846_at",1.12e-26,2.62e-28,-13.4,53.6192335,-1.5,"phytanoyl-CoA dioxygenase domain containing 1","ILMN_2183692",0.00069509,2.07e-05,-5.0010443,2.72461,-0.883283,"phytanoyl-CoA dioxygenase domain containing 1"
"698","PHYHIP","205325_at",7.87e-25,2.25e-26,-12.7,49.1876722,-3.34,"phytanoyl-CoA 2-hydroxylase interacting protein","ILMN_1713387",0.00095931,3.49e-05,-4.8200533,2.22733,-1.1344089,"phytanoyl-CoA 2-hydroxylase interacting protein"
"699","PIAS2","214442_s_at",4.08e-19,2.19e-20,10.6,35.4891572,1.61,"protein inhibitor of activated STAT 2","ILMN_1694799",0.02835497,0.00506,3.0143371,-2.45583,0.6240825,"protein inhibitor of activated STAT 2"
"700","PIK3C2G","215129_at",1.9e-12,2.13e-13,-7.98,19.5517733,-1.38,"phosphatidylinositol-4-phosphate 3-kinase catalytic subunit type 2 gamma","ILMN_1738993",0.03498175,0.00681,2.8970433,-2.7272,0.8254177,"phosphatidylinositol-4-phosphate 3-kinase catalytic subunit type 2 gamma"
"701","PIK3R2","1568629_s_at",1.17e-13,1.15e-14,8.47,22.4325057,0.853,"phosphoinositide-3-kinase regulatory subunit 2","ILMN_1726565",0.03241856,0.00614,-2.938203,-2.63265,-0.7608824,"phosphoinositide-3-kinase regulatory subunit 2"
"702","PKP3","209872_s_at",1.01e-16,7.09e-18,9.67,29.7529393,1.01,"plakophilin 3","ILMN_1753457",0.01436435,0.00192,-3.3859386,-1.56007,-0.8069331,"plakophilin 3"
"703","PLA2G4F","235958_at",4e-09,6.59e-10,6.55,11.6396993,0.598,"phospholipase A2 group IVF","ILMN_1744211",0.01323077,0.00172,-3.4278078,-1.45608,-0.9178979,"phospholipase A2 group IVF"
"704","PLAGL2","202924_s_at",1.13e-50,1.45e-53,22.9,111.4553097,3.87,"PLAG1 like zinc finger 2","ILMN_1786601",0.02664454,0.00464,-3.0481002,-2.37663,-0.7289791,"PLAG1 like zinc finger 2"
"705","PLCD1","205125_at",1.52e-36,1.12e-38,17.1,77.3711835,1.94,"phospholipase C delta 1","ILMN_1769394",0.00500788,0.000413,-3.9492498,-0.11943,-0.722528,"phospholipase C delta 1"
"706","PLGRKT","218992_at",6.64e-14,6.36e-15,8.57,23.0208497,0.858,"plasminogen receptor with a C-terminal lysine","ILMN_1709043",0.0029887,0.000196,4.2158089,0.58758,1.0807374,"plasminogen receptor with a C-terminal lysine"
"707","PLK4","204886_at",8.01e-15,6.91e-16,8.93,25.2167932,0.844,"polo like kinase 4","ILMN_1789123",0.0043583,0.000334,4.0252476,0.08079,1.3562382,"polo like kinase 4"
"708","PLLP","204519_s_at",3.33e-24,1.02e-25,-12.5,47.6876301,-2.19,"plasmolipin","ILMN_2082865",0.02987811,0.00547,-2.9837915,-2.52707,-0.8633923,"plasmolipin"
"709","PMEL","209848_s_at",2.58e-06,5.92e-07,5.19,5.0032621,0.849,"premelanosome protein","ILMN_1665994",2.78e-06,1.41e-09,-8.436841,11.86564,-3.0623019,"premelanosome protein"
"710","PMEPA1","222450_at",7.71e-15,6.64e-16,-8.94,25.2566407,-0.603,"prostate transmembrane protein, androgen induced 1","ILMN_1734276",0.01827817,0.00272,-3.2542191,-1.88338,-0.6605297,"prostate transmembrane protein, androgen induced 1"
"711","PNKP","218961_s_at",1.53e-13,1.53e-14,8.42,22.1557756,1.23,"polynucleotide kinase 3'-phosphatase","ILMN_1694111",0.00260576,0.000159,-4.2893816,0.78486,-0.8858833,"polynucleotide kinase 3'-phosphatase"
"712","PNPLA6","203718_at",3.11e-10,4.53e-11,7.04,14.2694321,0.848,"patatin like phospholipase domain containing 6","ILMN_1799614",0.00194205,0.000103,-4.4423926,1.1976,-0.9873144,"patatin like phospholipase domain containing 6"
"713","PNPLA7","228383_at",3.31e-14,3.06e-15,-8.69,23.7434946,-1.04,"patatin like phospholipase domain containing 7","ILMN_1662587",0.04201472,0.00872,-2.797613,-2.95245,-0.6449961,"patatin like phospholipase domain containing 7"
"714","POLB","203616_at",3.21e-32,3.78e-34,15.5,67.0002691,1.09,"DNA polymerase beta","ILMN_1767894",0.00091135,3.19e-05,4.8509606,2.31212,1.0360804,"DNA polymerase beta"
"715","POLE2","205909_at",1.33e-28,2.43e-30,14.1,58.2739251,1.99,"DNA polymerase epsilon 2, accessory subunit","ILMN_1774336",0.00018735,2.78e-06,5.6971466,4.64401,0.9084641,"DNA polymerase epsilon 2, accessory subunit"
"716","POLQ","219510_at",1.02e-26,2.36e-28,13.4,53.7227315,1.79,"DNA polymerase theta","ILMN_1740291",0.00685002,0.000658,3.7811358,-0.55794,1.2669832,"DNA polymerase theta"
"717","PON2","210830_s_at",8.36e-25,2.4e-26,12.7,49.1241231,1.11,"paraoxonase 2","ILMN_1714158",0.00747273,0.00074,3.7388863,-0.6671,0.963796,"paraoxonase 2"
"718","POR","208928_at",1.08e-30,1.52e-32,14.9,63.3248944,2.06,"cytochrome p450 oxidoreductase","ILMN_1677768",0.00976155,0.0011,-3.593535,-1.03916,-0.7815014,"cytochrome p450 oxidoreductase"
"719","POSTN","210809_s_at",1.09e-32,1.21e-34,-15.6,68.1308965,-1.04,"periostin","ILMN_1790761",0.00052026,1.28e-05,5.16761,3.18348,1.8725076,"periostin"
"720","POU2F3","215355_at",1.07e-15,8.42e-17,-9.27,27.3017289,-1.35,"POU class 2 homeobox 3","ILMN_1773613",0.00761327,0.00076,-3.7288118,-0.69307,-0.9949495,"POU class 2 homeobox 3"
"721","PPA2","1556285_s_at",4.61e-14,4.32e-15,8.63,23.4032337,0.81,"pyrophosphatase (inorganic) 2","ILMN_1687785",0.01497286,0.00205,3.3619955,-1.61928,1.0310182,"pyrophosphatase (inorganic) 2"
"722","PPHLN1","1555351_s_at",3.18e-10,4.64e-11,7.04,14.2465036,0.641,"periphilin 1","ILMN_2322842",0.00802872,0.000825,3.699019,-0.7697,0.8640981,"periphilin 1"
"723","PPIG","225902_at",3.73e-25,1.02e-26,-12.8,49.9758598,-0.589,"peptidylprolyl isomerase G","ILMN_1807611",0.00311115,0.000209,4.1931158,0.5269,3.2034788,"peptidylprolyl isomerase G"
"724","PPIL1","222500_at",3.33e-17,2.22e-18,9.86,30.9059114,0.889,"peptidylprolyl isomerase like 1","ILMN_2054392",0.00091093,3.19e-05,4.8516541,2.31402,0.9661389,"peptidylprolyl isomerase like 1"
"725","PPM1M","226074_at",8.46e-11,1.15e-11,-7.29,15.6157112,-0.811,"protein phosphatase, Mg2+/Mn2+ dependent 1M","ILMN_1657810",0.0188754,0.00285,-3.2366352,-1.92609,-0.7266138,"protein phosphatase, Mg2+/Mn2+ dependent 1M"
"726","PPP1R12A","201602_s_at",2.8e-12,3.21e-13,-7.91,19.1469424,-0.974,"protein phosphatase 1 regulatory subunit 12A","ILMN_1739622",0.01059526,0.00124,3.549659,-1.15033,1.2534392,"protein phosphatase 1 regulatory subunit 12A"
"727","PPP1R1B","225165_at",2.25e-22,8.32e-24,-11.8,43.3101777,-2.45,"protein phosphatase 1 regulatory inhibitor subunit 1B","ILMN_2304495",0.00450509,0.000352,-4.00725,0.03327,-1.0928549,"protein phosphatase 1 regulatory inhibitor subunit 1B"
"728","PPP1R2","202166_s_at",7.78e-21,3.46e-22,11.2,39.607598,1.58,"protein phosphatase 1 regulatory inhibitor subunit 2","ILMN_1683044",0.04538081,0.0097,2.7540169,-3.04976,0.6957585,"protein phosphatase 1 regulatory inhibitor subunit 2"
"729","PPP2R3C","239188_at",1.08e-05,2.66e-06,-4.86,3.5488503,-0.705,"protein phosphatase 2 regulatory subunit B''gamma","ILMN_1662617",0.0014158,6.23e-05,4.6178426,1.67433,1.2476067,"protein phosphatase 2 regulatory subunit B''gamma"
"730","PPP4R3B","224474_x_at",7.05e-08,1.34e-08,5.97,8.6891867,0.742,"protein phosphatase 4 regulatory subunit 3B","ILMN_1661650",0.04023481,0.00824,2.8204611,-2.9011,0.9315539,"protein phosphatase 4 regulatory subunit 3B"
"731","PRC1","218009_s_at",1.85e-27,3.9e-29,13.7,55.5122706,1.95,"protein regulator of cytokinesis 1","ILMN_1728934",0.0127071,0.00162,3.4490624,-1.40308,0.7452588,"protein regulator of cytokinesis 1"
"732","PRELID3B","229835_s_at",4.95e-36,3.9e-38,16.9,76.133973,1.3,"PRELI domain containing 3B","ILMN_1728168",0.0003568,7.14e-06,5.370348,3.74279,1.0796585,"PRELI domain containing 3B"
"733","PRICKLE3","217349_s_at",1.03e-15,8.11e-17,9.28,27.3391783,1.54,"prickle planar cell polarity protein 3","ILMN_1656942",0.00179145,9.07e-05,-4.4865459,1.31726,-0.6004321,"prickle planar cell polarity protein 3"
"734","PRIM1","205053_at",2.82e-19,1.49e-20,10.6,35.8705378,1.37,"primase (DNA) subunit 1","ILMN_2210129",2.843e-05,9.05e-08,6.9014127,7.91674,1.152601,"primase (DNA) subunit 1"
"735","PRMT3","213320_at",5.62e-19,3.08e-20,10.5,35.1495385,1.08,"protein arginine methyltransferase 3","ILMN_1662964",0.0037819,0.000274,4.0963541,0.26914,1.1220421,"protein arginine methyltransferase 3"
"736","PRMT9","228536_at",3.09e-11,3.99e-12,7.48,16.6607291,0.791,"protein arginine methyltransferase 9","ILMN_1778985",0.01611452,0.00229,3.3191477,-1.72476,0.8759814,"protein arginine methyltransferase 9"
"737","PRRC2C","211947_s_at",0.0287,0.012,2.54,-4.3660582,0.606,"proline rich coiled-coil 2C","ILMN_1743137",0.00626374,0.000576,3.8294782,-0.4325,1.078235,"proline rich coiled-coil 2C"
"738","PRSS8","202525_at",2.11e-22,7.8e-24,11.8,43.3740728,1.61,"protease, serine 8","ILMN_1796461",0.00343948,0.000239,-4.1445809,0.39741,-1.0398077,"protease, serine 8"
"739","PSD4","203317_at",8.37e-18,5.18e-19,10.1,32.3491447,0.995,"pleckstrin and Sec7 domain containing 4","ILMN_2154115",0.00014121,1.79e-06,-5.8506758,5.06645,-0.8912858,"pleckstrin and Sec7 domain containing 4"
"740","PSMA3","201532_at",6.68e-27,1.52e-28,13.5,54.1597642,0.604,"proteasome subunit alpha 3","ILMN_2318011",0.00010944,1.16e-06,6.0024874,5.48314,1.5760728,"proteasome subunit alpha 3"
"741","PSMA5","201274_at",1.65e-22,6.04e-24,11.8,43.6287065,0.896,"proteasome subunit alpha 5","ILMN_1759952",0.02712307,0.00477,3.0378918,-2.40062,0.8619526,"proteasome subunit alpha 5"
"742","PSMC2","201067_at",3.31e-06,7.68e-07,-5.14,4.7516292,-0.898,"proteasome 26S subunit, ATPase 2","ILMN_1768784",0.00792041,0.000807,3.7069999,-0.7492,0.9302072,"proteasome 26S subunit, ATPase 2"
"743","PSMD1","201198_s_at",6.63e-22,2.6e-23,11.6,42.1782606,1.08,"proteasome 26S subunit, non-ATPase 1","ILMN_1702837",0.004681,0.000373,3.9864592,-0.02154,1.165273,"proteasome 26S subunit, non-ATPase 1"
"744","PSMD10","1554577_a_at",0.000653,0.000206,3.8,-0.6073546,0.655,"proteasome 26S subunit, non-ATPase 10","ILMN_2383435",0.00055967,1.46e-05,5.1219225,3.05753,1.0050638,"proteasome 26S subunit, non-ATPase 10"
"745","PSMD12","202352_s_at",5.9e-40,2.9e-42,18.4,85.5902391,1.28,"proteasome 26S subunit, non-ATPase 12","ILMN_2368971",0.00691308,0.000667,3.7766593,-0.56952,1.0117574,"proteasome 26S subunit, non-ATPase 12"
"746","PSME3","209853_s_at",1.95e-40,9.08e-43,18.6,86.7468415,2.02,"proteasome activator subunit 3","ILMN_2346573",0.03623283,0.00711,-2.8793883,-2.76753,-0.7389759,"proteasome activator subunit 3"
"747","PSORS1C2","220635_at",3.71e-11,4.83e-12,7.44,16.4723614,2.36,"psoriasis susceptibility 1 candidate 2","ILMN_1653447",0.01704785,0.00248,-3.2897275,-1.79682,-1.4130187,"psoriasis susceptibility 1 candidate 2"
"748","PSPC1","226574_at",1.25e-20,5.65e-22,11.1,39.1200119,0.754,"paraspeckle component 1","ILMN_1724490",0.00194205,0.000103,4.4419345,1.19636,1.2954319,"paraspeckle component 1"
"749","PSTK","230129_at",2.08e-11,2.63e-12,7.55,17.0732884,0.781,"phosphoseryl-tRNA kinase","ILMN_1717707",0.01841458,0.00275,3.2501128,-1.89337,0.7423603,"phosphoseryl-tRNA kinase"
"750","PTGR1","228824_s_at",1.7e-12,1.91e-13,8,19.6615201,1.37,"prostaglandin reductase 1","ILMN_1704531",0.02590456,0.00448,3.0622316,-2.34334,0.7040386,"prostaglandin reductase 1"
"751","PTGS2","204748_at",0.00127,0.00042,3.6,-1.2802307,0.854,"prostaglandin-endoperoxide synthase 2","ILMN_2054297",0.00968477,0.00109,3.5972602,-1.02969,1.5983493,"prostaglandin-endoperoxide synthase 2"
"752","PTK6","1553114_a_at",4.94e-19,2.69e-20,10.5,35.2848938,0.768,"protein tyrosine kinase 6","ILMN_1764508",0.04724054,0.0103,-2.731513,-3.09963,-0.7042488,"protein tyrosine kinase 6"
"753","PTN","209465_x_at",1.19e-18,6.78e-20,-10.4,34.366454,-1.23,"pleiotrophin","ILMN_1813753",0.00014121,1.8e-06,5.8486435,5.06086,1.2126932,"pleiotrophin"
"754","PTPN13","243792_x_at",1.47e-06,3.26e-07,-5.32,5.5820779,-0.732,"protein tyrosine phosphatase, non-receptor type 13","ILMN_2374687",0.02447055,0.00412,3.0947909,-2.26634,1.3818988,"protein tyrosine phosphatase, non-receptor type 13"
"755","PTPN2","204935_at",1.05e-11,1.29e-12,7.67,17.773293,0.993,"protein tyrosine phosphatase, non-receptor type 2","ILMN_2400030",0.00685002,0.000658,3.7813267,-0.55744,1.8291995,"protein tyrosine phosphatase, non-receptor type 2"
"756","PTPN23","223150_s_at",0.00154,0.000515,3.54,-1.4718077,0.636,"protein tyrosine phosphatase, non-receptor type 23","ILMN_1654318",0.00192025,0.000101,-4.4498525,1.2178,-0.8436531,"protein tyrosine phosphatase, non-receptor type 23"
"757","PTRH2","218732_at",4.06e-21,1.74e-22,11.3,40.287079,1.06,"peptidyl-tRNA hydrolase 2","ILMN_2311548",0.00015901,2.14e-06,5.7887905,4.89628,1.232458,"peptidyl-tRNA hydrolase 2"
"758","PTS","209694_at",1.12e-21,4.52e-23,11.5,41.6280595,0.746,"6-pyruvoyltetrahydropterin synthase","ILMN_2162328",0.00357648,0.000254,4.1236447,0.34168,1.0652658,"6-pyruvoyltetrahydropterin synthase"
"759","PTTG1","203554_x_at",2.12e-40,9.89e-43,18.6,86.6613142,1.57,"pituitary tumor-transforming 1","ILMN_2042771",0.00167475,8e-05,4.5306854,1.4371,1.2158642,"pituitary tumor-transforming 1"
"760","PUM3","203712_at",5.52e-23,1.91e-24,12,44.7740064,1.18,"pumilio RNA binding family member 3","ILMN_1665483",0.00025943,4.32e-06,5.5439797,4.22184,1.9469846,"pumilio RNA binding family member 3"
"761","PUS7L","229751_s_at",3.25e-08,5.96e-09,6.13,9.4836067,0.704,"pseudouridylate synthase 7 like","ILMN_1747184",0.01422154,0.0019,3.3909525,-1.54764,1.0309599,"pseudouridylate synthase 7 like"
"762","PYGB","201481_s_at",1.96e-18,1.13e-19,-10.3,33.8547059,-0.877,"phosphorylase, glycogen; brain","ILMN_1778360",0.00055967,1.46e-05,-5.1227957,3.05994,-1.1318242,"phosphorylase, glycogen; brain"
"763","QSOX1","230523_at",3.66e-07,7.58e-08,5.62,7.0011662,0.636,"quiescin sulfhydryl oxidase 1","ILMN_2411282",0.03263276,0.0062,-2.934444,-2.64132,-0.6240025,"quiescin sulfhydryl oxidase 1"
"764","R3HDM4","221764_at",1.24e-15,9.81e-17,9.25,27.1497547,0.88,"R3H domain containing 4","ILMN_1808202",0.01419472,0.00189,-3.3920822,-1.54484,-1.0559836,"R3H domain containing 4"
"765","RAB11FIP4","225739_at",5.28e-11,7.01e-12,7.38,16.1067464,0.624,"RAB11 family interacting protein 4","ILMN_1681467",0.00149318,6.75e-05,-4.5902929,1.59926,-0.7432746,"RAB11 family interacting protein 4"
"766","RAB1A","207791_s_at",1.33e-06,2.95e-07,5.34,5.6782529,0.651,"RAB1A, member RAS oncogene family","ILMN_2118864",0.03157676,0.00592,2.9527133,-2.59914,0.5963714,"RAB1A, member RAS oncogene family"
"767","RAB23","229504_at",2.05e-05,5.23e-06,-4.71,2.8977507,-0.657,"RAB23, member RAS oncogene family","ILMN_1667417",0.00594425,0.000531,3.8587253,-0.35634,0.9370373,"RAB23, member RAS oncogene family"
"768","RAB2A","221960_s_at",1.75e-12,1.96e-13,8,19.6346748,0.771,"RAB2A, member RAS oncogene family","ILMN_1652394",0.01377287,0.00182,3.4070678,-1.50766,0.6423113,"RAB2A, member RAS oncogene family"
"769","RAB40C","227269_s_at",5.04e-06,1.2e-06,-5.04,4.3229302,-0.719,"RAB40C, member RAS oncogene family","ILMN_1712705",0.0121341,0.00151,-3.4749702,-1.33828,-0.9501589,"RAB40C, member RAS oncogene family"
"770","RABGGTA","203573_s_at",8.7e-39,5.03e-41,18,82.7540294,2.31,"Rab geranylgeranyltransferase alpha subunit","ILMN_2299221",0.00441749,0.000341,-4.018637,0.06333,-0.608127,"Rab geranylgeranyltransferase alpha subunit"
"771","RABL3","226089_at",1.95e-28,3.64e-30,14,57.8723083,2,"RAB, member of RAS oncogene family like 3","ILMN_1662306",0.00130646,5.5e-05,4.6616214,1.79377,1.0271446,"RAB, member of RAS oncogene family like 3"
"772","RAD50","208393_s_at",4.76e-13,5.01e-14,8.23,20.9799055,0.896,"RAD50 double strand break repair protein","ILMN_1755023",0.0006746,1.98e-05,5.016348,2.76673,1.5810497,"RAD50 double strand break repair protein"
"773","RAD54B","219494_at",6.53e-06,1.57e-06,4.98,4.0592994,0.6,"RAD54 homolog B (S. cerevisiae)","ILMN_1722127",0.01581792,0.00223,3.3298097,-1.69857,1.1362189,"RAD54 homolog B (S. cerevisiae)"
"774","RALGAPA1","1566272_at",6.96e-06,1.68e-06,-4.96,3.9934783,-0.64,"Ral GTPase activating protein catalytic alpha subunit 1","ILMN_2324574",0.04305071,0.00902,2.7836999,-2.9836,0.9784116,"Ral GTPase activating protein catalytic alpha subunit 1"
"775","RANBP1","202483_s_at",3.62e-08,6.67e-09,6.11,9.3737215,0.743,"RAN binding protein 1","ILMN_2109156",0.02966801,0.0054,2.9890107,-2.51492,0.762429,"RAN binding protein 1"
"776","RANGAP1","212125_at",2.69e-14,2.46e-15,8.73,23.9605524,1.49,"Ran GTPase activating protein 1","ILMN_1662198",0.04208226,0.00874,-2.7964123,-2.95514,-0.6919553,"Ran GTPase activating protein 1"
"777","RAP1GDS1","217457_s_at",7.78e-17,5.42e-18,9.71,30.0200735,0.828,"Rap1 GTPase-GDP dissociation stimulator 1","ILMN_2106167",0.00932758,0.00103,3.6176725,-0.97777,0.6896354,"Rap1 GTPase-GDP dissociation stimulator 1"
"778","RBCK1","207713_s_at",3.89e-07,8.08e-08,5.61,6.9394016,0.616,"RANBP2-type and C3HC4-type zinc finger containing 1","ILMN_1751330",0.0194835,0.00297,-3.2213795,-1.96304,-0.7371031,"RANBP2-type and C3HC4-type zinc finger containing 1"
"779","RBM28","218593_at",5.21e-12,6.15e-13,7.8,18.5051342,1.03,"RNA binding motif protein 28","ILMN_1793033",0.00462397,0.000365,3.9939026,-0.00193,1.1114394,"RNA binding motif protein 28"
"780","RBM39","227223_at",2.1e-11,2.66e-12,-7.55,17.0614412,-0.933,"RNA binding motif protein 39","ILMN_2411963",0.00191336,9.98e-05,4.4532592,1.22703,1.0351512,"RNA binding motif protein 39"
"781","RBM41","232860_x_at",6.39e-16,4.9e-17,9.36,27.8381122,0.768,"RNA binding motif protein 41","ILMN_1695717",0.01956606,0.00299,3.2185128,-1.96998,1.465811,"RNA binding motif protein 41"
"782","RBM45","228578_at",1.17e-16,8.29e-18,9.65,29.5983603,0.769,"RNA binding motif protein 45","ILMN_1680378",0.00197356,0.000105,4.4346999,1.17678,0.8359938,"RNA binding motif protein 45"
"783","REEP1","204365_s_at",1.33e-06,2.94e-07,5.34,5.6815187,1.08,"receptor accessory protein 1","ILMN_1733746",0.0213008,0.00338,3.1716802,-2.08285,1.1378826,"receptor accessory protein 1"
"784","REV1","222629_at",9.41e-07,2.04e-07,5.42,6.0356164,0.633,"REV1, DNA directed polymerase","ILMN_2395474",0.03170106,0.00595,2.9505272,-2.6042,1.4373427,"REV1, DNA directed polymerase"
"785","RFC4","204023_at",1.18e-19,5.98e-21,10.8,36.7755013,0.767,"replication factor C subunit 4","ILMN_2370365",0.00023442,3.78e-06,5.5907196,4.35073,1.3738741,"replication factor C subunit 4"
"786","RFESD","239142_at",3.4e-08,6.23e-09,-6.12,9.4402489,-0.735,"Rieske Fe-S domain containing","ILMN_2100458",0.00027444,4.68e-06,5.5162977,4.14549,1.2317646,"Rieske Fe-S domain containing"
"787","RGS20","210138_at",3.38e-55,2.22e-58,24.9,122.4490092,4.76,"regulator of G-protein signaling 20","ILMN_1738558",0.00740189,0.000727,3.7451134,-0.65104,1.2624071,"regulator of G-protein signaling 20"
"788","RHOC","200885_at",8.18e-14,7.93e-15,-8.53,22.8022713,-0.795,"ras homolog family member C","ILMN_1673305",0.00986482,0.00112,-3.5868971,-1.05601,-0.7792392,"ras homolog family member C"
"789","RHOG","203175_at",4.3e-22,1.65e-23,11.7,42.6318599,1.41,"ras homolog family member G","ILMN_1739792",0.00608755,0.000555,-3.8429583,-0.39742,-1.027699,"ras homolog family member G"
"790","RIF1","236620_at",2.02e-07,4.05e-08,-5.75,7.6130012,-0.608,"replication timing regulatory factor 1","ILMN_2149053",0.00357648,0.000254,4.1238211,0.34215,1.2353205,"replication timing regulatory factor 1"
"791","RIOK1","224450_s_at",5.28e-13,5.59e-14,8.21,20.8722107,0.599,"RIO kinase 1","ILMN_1797534",0.00557697,0.000486,3.8908748,-0.27241,0.7908352,"RIO kinase 1"
"792","RIOK2","218535_s_at",6.83e-16,5.27e-17,9.35,27.76649,1.21,"RIO kinase 2","ILMN_1655329",0.00352485,0.000249,4.1303154,0.35943,1.5493213,"RIO kinase 2"
"793","RIOK3","202129_s_at",3.98e-12,4.64e-13,7.85,18.7829381,0.791,"RIO kinase 3","ILMN_1724700",0.04275234,0.00894,2.7872951,-2.97556,0.9086878,"RIO kinase 3"
"794","RIPK4","221215_s_at",1.23e-14,1.08e-15,8.86,24.7719377,0.895,"receptor interacting serine/threonine kinase 4","ILMN_1680018",0.02057778,0.00322,-3.189255,-2.04059,-0.7195992,"receptor interacting serine/threonine kinase 4"
"795","RIT1","209882_at",3.08e-41,1.27e-43,18.9,88.7021676,3.35,"Ras like without CAAX 1","ILMN_1656335",0.0039594,0.000293,4.0727208,0.20644,0.8199745,"Ras like without CAAX 1"
"796","RMND5B","218262_at",1.67e-09,2.64e-10,6.72,12.5393601,0.685,"required for meiotic nuclear division 5 homolog B","ILMN_1737847",0.00293482,0.00019,-4.2260837,0.61508,-0.6668086,"required for meiotic nuclear division 5 homolog B"
"797","RND3","212724_at",4.14e-24,1.28e-25,12.4,47.4616916,0.705,"Rho family GTPase 3","ILMN_1759513",0.01255942,0.00159,3.4557604,-1.38634,1.2837354,"Rho family GTPase 3"
"798","RNF126","223332_x_at",1.08e-18,6.13e-20,10.4,34.4653395,0.837,"ring finger protein 126","ILMN_1669572",0.00528527,0.000449,-3.9197614,-0.1968,-0.6507007,"ring finger protein 126"
"799","RNF24","226542_at",2.9e-20,1.38e-21,-11,38.2359535,-1.38,"ring finger protein 24","ILMN_1717809",0.00448219,0.000348,-4.0110249,0.04324,-0.9673711,"ring finger protein 24"
"800","RNF26","224947_at",1.17e-08,2.03e-09,6.34,10.5351506,0.952,"ring finger protein 26","ILMN_1762787",0.00036524,7.43e-06,-5.3562746,3.70396,-1.0888681,"ring finger protein 26"
"801","RNF39","219916_s_at",1.08e-08,1.86e-09,6.36,10.6230882,0.819,"ring finger protein 39","ILMN_1730223",0.03041784,0.0056,-2.9741643,-2.54944,-1.1191637,"ring finger protein 39"
"802","RORA","226682_at",1.42e-14,1.26e-15,-8.84,24.6257053,-0.72,"RAR related orphan receptor A","ILMN_2322499",0.04610821,0.00992,2.7449669,-3.06984,1.0169935,"RAR related orphan receptor A"
"803","RORC","228806_at",2.68e-49,4.06e-52,-22.3,108.1427674,-1.92,"RAR related orphan receptor C","ILMN_1734366",0.0042853,0.000328,-4.0324472,0.09982,-0.7416798,"RAR related orphan receptor C"
"804","RPAIN","216962_at",1.17e-07,2.28e-08,5.87,8.1738589,0.816,"RPA interacting protein","ILMN_1770339",0.00039859,8.51e-06,5.309467,3.5748,1.320906,"RPA interacting protein"
"805","RPE","221770_at",1.76e-14,1.57e-15,8.8,24.4047599,0.91,"ribulose-5-phosphate-3-epimerase","ILMN_1699476",0.00261572,0.00016,4.2877467,0.78047,0.8091393,"ribulose-5-phosphate-3-epimerase"
"806","RPF2","225866_at",1.14e-13,1.13e-14,8.47,22.4549696,0.601,"ribosome production factor 2 homolog","ILMN_1664167",1.69e-06,3.75e-10,8.949925,13.11301,2.4484379,"ribosome production factor 2 homolog"
"807","RPL26L1","218830_at",3.88e-36,3e-38,16.9,76.3952485,0.755,"ribosomal protein L26 like 1","ILMN_2110532",6.268e-05,4.37e-07,6.3435095,6.41415,1.6948976,"ribosomal protein L26 like 1"
"808","RPL31","200962_at",3.74e-12,4.35e-13,-7.86,18.8462594,-1.56,"ribosomal protein L31","ILMN_1754195",0.00012128,1.35e-06,5.9481351,5.33409,1.6637248,"ribosomal protein L31"
"809","RPP38","205562_at",2.19e-13,2.23e-14,8.36,21.7791224,0.708,"ribonuclease P/MRP subunit p38","ILMN_1680386",0.00165467,7.82e-05,4.5385708,1.45853,1.0348026,"ribonuclease P/MRP subunit p38"
"810","RPP40","213427_at",1.58e-28,2.91e-30,14.1,58.0949113,1.4,"ribonuclease P/MRP subunit p40","ILMN_1810423",0.02467869,0.00417,3.0897222,-2.27836,0.6275836,"ribonuclease P/MRP subunit p40"
"811","RPRD1A","218209_s_at",1.89e-26,4.52e-28,13.3,53.0744733,2.22,"regulation of nuclear pre-mRNA domain containing 1A","ILMN_1764207",0.01744476,0.00256,3.2770167,-1.82786,0.7765444,"regulation of nuclear pre-mRNA domain containing 1A"
"812","RPRML","1554655_a_at",2.67e-10,3.85e-11,-7.07,14.429022,-0.862,"reprimo like","ILMN_1676504",0.04220628,0.00879,-2.7942499,-2.95999,-0.5927848,"reprimo like"
"813","RPS15A","229882_at",4.35e-14,4.06e-15,8.64,23.4640695,1.48,"ribosomal protein S15a","ILMN_2255310",0.0116824,0.00143,3.496913,-1.28323,1.332158,"ribosomal protein S15a"
"814","RPS6KA4","204632_at",2.67e-25,7.14e-27,12.9,50.3304377,1.2,"ribosomal protein S6 kinase A4","ILMN_1756204",0.0023551,0.000137,-4.3406336,0.92276,-0.9765186,"ribosomal protein S6 kinase A4"
"815","RRP15","219037_at",2.82e-16,2.08e-17,9.5,28.6866692,0.659,"ribosomal RNA processing 15 homolog","ILMN_1685661",0.00081815,2.74e-05,4.9039563,2.45764,1.2047086,"ribosomal RNA processing 15 homolog"
"816","RTCA","203594_at",2.66e-19,1.4e-20,10.7,35.931837,0.775,"RNA 3'-terminal phosphate cyclase","ILMN_2059294",0.00404417,0.000302,4.0616807,0.17718,0.8881456,"RNA 3'-terminal phosphate cyclase"
"817","RTP4","219684_at",2.26e-44,6.86e-47,20.2,96.1838264,4.1,"receptor transporter protein 4","ILMN_2173975",0.0284906,0.0051,3.011603,-2.46222,0.9104527,"receptor transporter protein 4"
"818","RUFY3","213939_s_at",1.98e-18,1.15e-19,-10.3,33.8396221,-0.659,"RUN and FYVE domain containing 3","ILMN_2262901",0.00886015,0.000951,3.6467976,-0.90348,0.9641804,"RUN and FYVE domain containing 3"
"819","RUVBL2","201459_at",9.33e-16,7.3e-17,9.3,27.4427786,0.668,"RuvB like AAA ATPase 2","ILMN_2120340",0.02447055,0.00412,-3.0944776,-2.26708,-0.6175753,"RuvB like AAA ATPase 2"
"820","RXRA","202426_s_at",7.63e-11,1.03e-11,7.31,15.72529,0.805,"retinoid X receptor alpha","ILMN_1687315",0.01484652,0.00202,-3.3665866,-1.60794,-0.9939538,"retinoid X receptor alpha"
"821","RYK","216976_s_at",0.000253,7.51e-05,-4.06,0.3472044,-0.664,"receptor-like tyrosine kinase","ILMN_1658526",0.02856962,0.00512,3.0094098,-2.46734,0.6792098,"receptor-like tyrosine kinase"
"822","S100A2","204268_at",4.45e-21,1.92e-22,11.3,40.1905398,0.802,"S100 calcium binding protein A2","ILMN_1725852",0.00452799,0.000354,4.0047751,0.02674,0.7591916,"S100 calcium binding protein A2"
"823","S100A8","202917_s_at",2.01e-35,1.69e-37,16.7,74.6756451,1.52,"S100 calcium binding protein A8","ILMN_1729801",0.01968822,0.00301,3.2150299,-1.9784,1.093257,"S100 calcium binding protein A8"
"824","S100P","204351_at",1.55e-14,1.37e-15,8.82,24.5374861,1.74,"S100 calcium binding protein P","ILMN_1801216",0.00557697,0.000486,3.8909589,-0.27219,0.9310712,"S100 calcium binding protein P"
"825","SAAL1","225614_at",9.8e-11,1.34e-11,7.26,15.4645651,0.607,"serum amyloid A like 1","ILMN_1658678",0.00616728,0.000565,3.836467,-0.41432,0.711822,"serum amyloid A like 1"
"826","SAP30L","226772_s_at",2.09e-14,1.88e-15,8.77,24.2250697,1.04,"SAP30 like","ILMN_1757781",0.02928268,0.00532,2.994838,-2.50135,0.6717155,"SAP30 like"
"827","SAR1B","223512_at",5.12e-20,2.5e-21,10.9,37.6418083,2.13,"secretion associated Ras related GTPase 1B","ILMN_1736888",0.01718912,0.00251,3.2851977,-1.80788,0.8075609,"secretion associated Ras related GTPase 1B"
"828","SCAF11","1570507_at",1.22e-07,2.38e-08,-5.86,8.1290047,-0.734,"SR-related CTD associated factor 11","ILMN_2069593",0.00826014,0.000858,3.6846478,-0.80659,1.486933,"SR-related CTD associated factor 11"
"829","SCAPER","216399_s_at",2.29e-21,9.59e-23,11.4,40.8817384,1.49,"S-phase cyclin A associated protein in the ER","ILMN_1811178",0.0029093,0.000188,4.2308098,0.62774,0.8260162,"S-phase cyclin A associated protein in the ER"
"830","SCARB1","1552256_a_at",4.27e-06,1.01e-06,-5.08,4.4898596,-0.703,"scavenger receptor class B member 1","ILMN_2183409",0.00016174,2.2e-06,-5.7777893,4.86601,-1.0107721,"scavenger receptor class B member 1"
"831","SCCPDH","201825_s_at",2.24e-12,2.54e-13,-7.95,19.3794601,-0.769,"saccharopine dehydrogenase (putative)","ILMN_1795839",0.01180001,0.00144,-3.4924319,-1.29449,-0.6300806,"saccharopine dehydrogenase (putative)"
"832","SCEL","232056_at",9.89e-17,6.95e-18,-9.67,29.7737077,-0.875,"sciellin","ILMN_1710325",0.00221645,0.000124,4.3767035,1.02002,2.1492927,"sciellin"
"833","SCGB2A1","205979_at",6.77e-22,2.66e-23,-11.6,42.1567214,-4.5,"secretoglobin family 2A member 1","ILMN_1732398",0.00762162,0.000761,3.7282307,-0.69457,1.1504016,"secretoglobin family 2A member 1"
"834","SCML1","222747_s_at",4.4e-08,8.17e-09,-6.07,9.1748052,-0.968,"sex comb on midleg-like 1 (Drosophila)","ILMN_1776653",0.02542568,0.00436,3.0722082,-2.31979,1.1374796,"sex comb on midleg-like 1 (Drosophila)"
"835","SDC4","202071_at",1.76e-22,6.44e-24,-11.8,43.5643891,-0.936,"syndecan 4","ILMN_1663042",0.00084252,2.86e-05,-4.8887679,2.41592,-1.1408111,"syndecan 4"
"836","SEC62","208942_s_at",2.21e-27,4.72e-29,-13.6,55.3231404,-0.73,"SEC62 homolog, preprotein translocation factor","ILMN_1762003",0.00749648,0.000743,3.7369983,-0.67197,0.8858428,"SEC62 homolog, preprotein translocation factor"
"837","SELM","226051_at",1.4e-06,3.12e-07,-5.33,5.6259069,-0.668,"selenoprotein M","ILMN_1651429",0.00738026,0.000724,-3.7464409,-0.64761,-1.1175221,"selenoprotein M"
"838","SELT","217811_at",2.16e-05,5.54e-06,4.69,2.8424632,0.65,"selenoprotein T","ILMN_1746368",0.00523713,0.000442,3.9251662,-0.18263,0.9430957,"selenoprotein T"
"839","SEMA4A","219259_at",1.11e-21,4.5e-23,11.5,41.6340736,1.09,"semaphorin 4A","ILMN_1702787",0.00285635,0.000183,-4.2392106,0.65024,-1.0452961,"semaphorin 4A"
"840","SEMA4B","234725_s_at",1.93e-25,5.11e-27,12.9,50.6639771,0.871,"semaphorin 4B","ILMN_1672589",0.01245046,0.00157,-3.4609021,-1.37349,-0.872243,"semaphorin 4B"
"841","SEPP1","229620_at",7.32e-10,1.11e-10,-6.88,13.3862617,-0.964,"selenoprotein P, plasma, 1","ILMN_1785071",0.00136233,5.83e-05,4.6412287,1.73811,1.3608987,"selenoprotein P, plasma, 1"
"842","SEPSECS","1553167_a_at",5.99e-18,3.64e-19,10.1,32.6989093,1.07,"Sep (O-phosphoserine) tRNA:Sec (selenocysteine) tRNA synthase","ILMN_1750092",0.02982205,0.00545,2.9852825,-2.5236,1.0905747,"Sep (O-phosphoserine) tRNA:Sec (selenocysteine) tRNA synthase"
"843","SEPTIN11","201307_at",6.87e-21,3.04e-22,-11.2,39.7365628,-1,"septin 11","ILMN_1788778",0.04943732,0.0109,2.7065962,-3.15455,0.8806102,"septin 11"
"844","SERINC2","224762_at",1.19e-12,1.3e-13,8.06,20.0366215,0.822,"serine incorporator 2","ILMN_2111932",0.00442938,0.000342,-4.0169185,0.05879,-0.8746761,"serine incorporator 2"
"845","SERPINB3","209719_x_at",2.26e-45,5.87e-48,20.6,98.6267003,5.51,"serpin family B member 3","ILMN_1703855",0.02797726,0.00497,3.0210238,-2.44018,0.9657831,"serpin family B member 3"
"846","SERPINB8","206034_at",2.31e-21,9.7e-23,11.4,40.869647,2.15,"serpin family B member 8","ILMN_1718960",0.04630057,0.00998,2.7426044,-3.07508,0.830939,"serpin family B member 8"
"847","SF1","1555749_at",0.0365,0.0157,-2.44,-4.6018315,-0.648,"splicing factor 1","ILMN_1712560",0.03231383,0.00611,-2.9401125,-2.62825,-0.6109512,"splicing factor 1"
"848","SF3B1","214305_s_at",7.98e-08,1.53e-08,-5.95,8.5635983,-0.685,"splicing factor 3b subunit 1","ILMN_1706075",0.01637366,0.00235,3.3105186,-1.74592,1.1708731,"splicing factor 3b subunit 1"
"849","SGK223","235085_at",4.32e-11,5.67e-12,7.41,16.3142482,0.753,"homolog of rat pragma of Rnd2","ILMN_1757872",0.00998753,0.00114,-3.5800793,-1.07331,-0.8071752,"homolog of rat pragma of Rnd2"
"850","SGSM1","230287_at",1.36e-24,4.02e-26,-12.6,48.6120739,-1.91,"small G protein signaling modulator 1","ILMN_1762207",0.00016646,2.29e-06,-5.76526,4.83154,-1.2550448,"small G protein signaling modulator 1"
"851","SH3BGRL3","221269_s_at",8.59e-19,4.82e-20,10.5,34.7040662,0.732,"SH3 domain binding glutamate rich protein like 3","ILMN_1737163",0.00641613,0.000596,-3.8170345,-0.46484,-1.1427502,"SH3 domain binding glutamate rich protein like 3"
"852","SH3GL3","205637_s_at",7.32e-21,3.25e-22,11.2,39.6699885,1.51,"SH3 domain containing GRB2 like 3, endophilin A3","ILMN_1760990",0.03280067,0.00624,2.9314711,-2.64817,0.9168341,"SH3 domain containing GRB2 like 3, endophilin A3"
"853","SHC1","201469_s_at",1.89e-31,2.44e-33,15.2,65.1424315,2.01,"SHC adaptor protein 1","ILMN_1721022",0.03204995,0.00604,-2.9443734,-2.61841,-0.7973669,"SHC adaptor protein 1"
"854","SHKBP1","224846_at",3.45e-10,5.05e-11,7.02,14.163056,0.859,"SH3KBP1 binding protein 1","ILMN_1765493",0.00216572,0.00012,-4.3886195,1.0522,-0.7024315,"SH3KBP1 binding protein 1"
"855","SHMT2","214095_at",1.9e-11,2.39e-12,7.57,17.1654007,0.868,"serine hydroxymethyltransferase 2","ILMN_1661264",0.04141507,0.00856,-2.8049265,-2.93604,-0.7629844,"serine hydroxymethyltransferase 2"
"856","SHROOM2","204967_at",2.1e-32,2.4e-34,15.5,67.4506356,2.51,"shroom family member 2","ILMN_1681777",0.0434227,0.00912,-2.7792416,-2.99357,-0.6283809,"shroom family member 2"
"857","SIRPG","220485_s_at",1.24e-17,7.8e-19,10,31.94184,1.61,"signal regulatory protein gamma","ILMN_1771801",0.01421275,0.00189,3.3913506,-1.54666,0.7018416,"signal regulatory protein gamma"
"858","SKA2","225686_at",2.88e-44,8.92e-47,20.2,95.9230228,1.75,"spindle and kinetochore associated complex subunit 2","ILMN_1807807",0.0004914,1.18e-05,5.1973254,3.26543,0.8082806,"spindle and kinetochore associated complex subunit 2"
"859","SLC1A3","202800_at",2.62e-16,1.93e-17,9.51,28.7602923,0.985,"solute carrier family 1 member 3","ILMN_1738552",0.00085651,2.94e-05,4.8800274,2.39191,0.7522134,"solute carrier family 1 member 3"
"860","SLC25A10","218275_at",1.94e-21,8.06e-23,11.4,41.0542544,0.771,"solute carrier family 25 member 10","ILMN_1804090",0.0005041,1.22e-05,-5.1832325,3.22656,-0.8300519,"solute carrier family 25 member 10"
"861","SLC25A29","225306_s_at",1.1e-06,2.42e-07,-5.38,5.8728888,-0.595,"solute carrier family 25 member 29","ILMN_2350801",0.00384178,0.000281,-4.0873475,0.24523,-0.6694337,"solute carrier family 25 member 29"
"862","SLC27A1","226728_at",6.18e-25,1.74e-26,-12.7,49.4426872,-1.29,"solute carrier family 27 member 1","ILMN_1787718",0.00065962,1.92e-05,-5.0280411,2.79892,-0.8724305,"solute carrier family 27 member 1"
"863","SLC29A4","1570124_at",1.65e-11,2.07e-12,-7.59,17.3090133,-1.57,"solute carrier family 29 member 4","ILMN_1801377",0.00858131,0.00091,-3.662974,-0.86212,-0.6352981,"solute carrier family 29 member 4"
"864","SLC2A1","201249_at",1.99e-33,2.08e-35,15.9,69.8836134,3.34,"solute carrier family 2 member 1","ILMN_1659027",0.03797142,0.00758,-2.8537489,-2.82584,-0.6822261,"solute carrier family 2 member 1"
"865","SLC30A5","1555334_s_at",2.08e-05,5.32e-06,4.7,2.8827842,0.912,"solute carrier family 30 member 5","ILMN_1664153",0.03730676,0.00739,2.8639264,-2.80273,0.8184759,"solute carrier family 30 member 5"
"866","SLC30A9","229500_at",2.64e-30,3.89e-32,14.7,62.3883608,2.55,"solute carrier family 30 member 9","ILMN_1799128",0.03333811,0.00638,2.922941,-2.6678,0.7293343,"solute carrier family 30 member 9"
"867","SLC35F6","204962_s_at",2.29e-24,6.86e-26,12.5,48.0812423,1.79,"solute carrier family 35 member F6///centromere protein A","ILMN_1812688",0.00125872,5.23e-05,-4.6790961,1.84149,-1.0314232,"solute carrier family 35 member F6"
"868","SLC38A10","230448_at",9.84e-16,7.72e-17,9.29,27.3877023,1.34,"solute carrier family 38 member 10","ILMN_2277419",0.00130646,5.49e-05,-4.6620126,1.79484,-0.7760381,"solute carrier family 38 member 10"
"869","SLC38A9","243709_at",4.18e-08,7.75e-09,-6.08,9.2267557,-0.996,"solute carrier family 38 member 9","ILMN_1773643",0.0025061,0.00015,4.3092393,0.83824,0.7156541,"solute carrier family 38 member 9"
"870","SLC39A6","1555460_a_at",1.28e-20,5.79e-22,11.1,39.094405,3.01,"solute carrier family 39 member 6","ILMN_1750394",0.01122796,0.00135,3.518209,-1.22967,1.1943261,"solute carrier family 39 member 6"
"871","SLC39A8","216504_s_at",0.000301,9.03e-05,-4.01,0.1725981,-0.87,"solute carrier family 39 member 8","ILMN_1695316",0.04780565,0.0104,2.7253726,-3.11319,0.6206374,"solute carrier family 39 member 8"
"872","SLC44A2","224609_at",3.83e-22,1.46e-23,11.7,42.7527402,0.854,"solute carrier family 44 member 2","ILMN_1771987",0.04635946,0.00999,-2.7419773,-3.07647,-0.7693152,"solute carrier family 44 member 2"
"873","SLC47A2","231068_at",3.35e-05,8.81e-06,4.59,2.3971316,1.02,"solute carrier family 47 member 2","ILMN_1693912",0.00083362,2.82e-05,4.8939846,2.43024,1.6783035,"solute carrier family 47 member 2"
"874","SLC6A8","213843_x_at",2.46e-08,4.44e-09,6.19,9.77152,0.886,"solute carrier family 6 member 8","ILMN_1806349",0.00124714,5.13e-05,-4.6857115,1.85957,-0.7814854,"solute carrier family 6 member 8"
"875","SLIRP","221434_s_at",1.23e-21,4.98e-23,11.5,41.5327966,0.708,"SRA stem-loop interacting RNA binding protein","ILMN_1661945",0.00080352,2.64e-05,4.9164864,2.49207,1.7107153,"SRA stem-loop interacting RNA binding protein"
"876","SLK","206875_s_at",1.61e-19,8.28e-21,10.7,36.4534842,0.605,"STE20 like kinase","ILMN_1700834",0.00258021,0.000157,4.2943018,0.79808,1.4319668,"STE20 like kinase"
"877","SMAD5-AS1","220263_at",0.00272,0.000946,-3.37,-2.0399189,-0.676,"SMAD5 antisense RNA 1","ILMN_1867725",0.01181831,0.00145,3.4911069,-1.29781,0.89029,"SMAD5 antisense RNA 1"
"878","SMARCA1","203875_at",3.41e-12,3.95e-13,-7.88,18.9419801,-0.644,"SWI/SNF related, matrix associated, actin dependent regulator of chromatin, subfamily a, member 1","ILMN_2376263",0.00173024,8.53e-05,4.5081435,1.37587,1.0303637,"SWI/SNF related, matrix associated, actin dependent regulator of chromatin, subfamily a, member 1"
"879","SMARCA5","202303_x_at",3.62e-15,3.01e-16,9.07,26.038777,0.683,"SWI/SNF related, matrix associated, actin dependent regulator of chromatin, subfamily a, member 5","ILMN_1713163",0.00974125,0.0011,3.5944652,-1.0368,0.7333803,"SWI/SNF related, matrix associated, actin dependent regulator of chromatin, subfamily a, member 5"
"880","SMARCC2","201320_at",2.13e-09,3.41e-10,-6.68,12.2872119,-0.644,"SWI/SNF related, matrix associated, actin dependent regulator of chromatin subfamily c member 2","ILMN_1773620",0.04279708,0.00896,-2.7864188,-2.97752,-0.8471591,"SWI/SNF related, matrix associated, actin dependent regulator of chromatin subfamily c member 2"
"881","SMC2","204240_s_at",1.9e-30,2.75e-32,14.8,62.7329737,2.16,"structural maintenance of chromosomes 2","ILMN_2411190",4.105e-05,2.17e-07,6.5903235,7.08245,1.5757994,"structural maintenance of chromosomes 2"
"882","SMC4","201663_s_at",2.8e-29,4.75e-31,14.4,59.8989641,2.25,"structural maintenance of chromosomes 4","ILMN_2330861",3.612e-05,1.56e-07,6.7066667,7.39559,1.7827555,"structural maintenance of chromosomes 4"
"883","SMIM11A","228239_at",1.39e-26,3.27e-28,-13.4,53.3975419,-0.687,"small integral membrane protein 11A","ILMN_2356311",9.68e-06,1.11e-08,7.6639505,9.91609,0.961497,"small integral membrane protein 11A"
"884","SMOX","210357_s_at",9.64e-40,4.86e-42,18.3,85.0770106,2.56,"spermine oxidase","ILMN_2367258",0.01840803,0.00275,-3.2503952,-1.89268,-0.6307849,"spermine oxidase"
"885","SMPD1","209420_s_at",7.73e-26,1.95e-27,13.1,51.6204115,0.905,"sphingomyelin phosphodiesterase 1","ILMN_1757370",0.00391005,0.000288,-4.078893,0.22281,-0.6381209,"sphingomyelin phosphodiesterase 1"
"886","SMYD2","212922_s_at",2.26e-18,1.32e-19,10.3,33.7055059,0.63,"SET and MYND domain containing 2","ILMN_1721605",0.00076315,2.44e-05,4.9443593,2.56868,0.7951538,"SET and MYND domain containing 2"
"887","SNRPA","201770_at",6.75e-10,1.02e-10,6.9,13.4692992,0.614,"small nuclear ribonucleoprotein polypeptide A","ILMN_1779399",0.00476248,0.000383,-3.9767059,-0.04723,-0.8427937,"small nuclear ribonucleoprotein polypeptide A"
"888","SNRPA1","242146_at",1.94e-07,3.88e-08,-5.76,7.6547092,-1.4,"small nuclear ribonucleoprotein polypeptide A'","ILMN_1715179",0.00595323,0.000533,3.857567,-0.35936,1.1547001,"small nuclear ribonucleoprotein polypeptide A'"
"889","SNRPD1","202691_at",2.04e-21,8.5e-23,11.4,41.0014988,0.852,"small nuclear ribonucleoprotein D1 polypeptide","ILMN_1768393",0.00233659,0.000136,4.3443149,0.93268,0.7555378,"small nuclear ribonucleoprotein D1 polypeptide"
"890","SNRPG","205644_s_at",4.74e-23,1.63e-24,12,44.9331501,0.618,"small nuclear ribonucleoprotein polypeptide G","ILMN_1683562",0.00015258,2e-06,5.8123082,4.96097,1.6993653,"small nuclear ribonucleoprotein polypeptide G"
"891","SNX16","219793_at",2.54e-21,1.07e-22,11.4,40.7734091,1.1,"sorting nexin 16","ILMN_1787415",0.04127085,0.00851,2.8072682,-2.93078,0.8840795,"sorting nexin 16"
"892","SNX33","229898_at",8.94e-15,7.75e-16,-8.92,25.104164,-0.588,"sorting nexin 33","ILMN_1736093",0.00159953,7.5e-05,-4.5533869,1.49881,-1.0096386,"sorting nexin 33"
"893","SOX9","202936_s_at",9.02e-14,8.78e-15,-8.52,22.7016422,-0.803,"SRY-box 9","ILMN_1805466",0.00705112,0.000684,-3.7670433,-0.5944,-0.7948782,"SRY-box 9"
"894","SP1","214732_at",5.45e-08,1.02e-08,6.03,8.9535735,0.84,"Sp1 transcription factor","ILMN_1676010",0.01421275,0.00189,-3.3913248,-1.54672,-0.6794782,"Sp1 transcription factor"
"895","SP100","210985_s_at",4.45e-16,3.36e-17,9.42,28.2127311,1.43,"SP100 nuclear antigen","ILMN_2390586",0.00571813,0.000502,3.8792129,-0.30288,1.1075647,"SP100 nuclear antigen"
"896","SP110","209762_x_at",5.38e-30,8.29e-32,14.6,61.6361617,1.54,"SP110 nuclear body protein","ILMN_2415144",0.0411394,0.00847,2.8090919,-2.92668,0.6901647,"SP110 nuclear body protein"
"897","SPA17","205406_s_at",2.99e-12,3.44e-13,7.9,19.0790594,0.768,"sperm autoantigenic protein 17","ILMN_1678423",3.947e-05,1.84e-07,6.6495187,7.24193,2.0725272,"sperm autoantigenic protein 17"
"898","SPAG16","219109_at",2.9e-25,7.81e-27,-12.9,50.2419204,-0.719,"sperm associated antigen 16","ILMN_1768732",0.03423768,0.00662,2.9082889,-2.70144,0.7145956,"sperm associated antigen 16"
"899","SPCS3","218817_at",3.2e-29,5.47e-31,14.3,59.7581899,2.63,"signal peptidase complex subunit 3","ILMN_1667707",0.04688051,0.0101,2.736041,-3.08961,0.6828736,"signal peptidase complex subunit 3"
"900","SPIN4","228654_at",6.92e-17,4.78e-18,9.73,30.1436272,1.35,"spindlin family member 4","ILMN_1684563",0.01054781,0.00123,3.5516347,-1.14534,0.8538226,"spindlin family member 4"
"901","SPINK7","223720_at",0.0127,0.00498,2.85,-3.571082,1.07,"serine peptidase inhibitor, Kazal type 7 (putative)","ILMN_1720984",0.00370627,0.000266,4.1072353,0.29805,1.4517504,"serine peptidase inhibitor, Kazal type 7 (putative)"
"902","SPRED1","244439_at",0.00102,0.000331,-3.66,-1.0573825,-0.652,"sprouty related EVH1 domain containing 1","ILMN_1804277",0.0087618,0.000934,3.6536473,-0.88597,0.7634242,"sprouty related EVH1 domain containing 1"
"903","SPTAN1","214925_s_at",5.9e-27,1.33e-28,-13.5,54.2902143,-1.96,"spectrin alpha, non-erythrocytic 1","ILMN_2095133",0.02141875,0.00341,-3.168228,-2.09113,-0.8506002,"spectrin alpha, non-erythrocytic 1"
"904","SPTBN2","205155_s_at",5.16e-09,8.59e-10,6.5,11.3801935,0.757,"spectrin beta, non-erythrocytic 2","ILMN_1667079",0.00069742,2.09e-05,-4.9976103,2.71516,-1.101405,"spectrin beta, non-erythrocytic 2"
"905","SQSTM1","213112_s_at",7.4e-14,7.14e-15,-8.55,22.9062763,-0.606,"sequestosome 1","ILMN_1662618",0.02712307,0.00477,-3.0378031,-2.40083,-0.6212507,"sequestosome 1"
"906","SREK1","243361_at",1.36e-08,2.39e-09,-6.31,10.3791413,-1.04,"splicing regulatory glutamic acid and lysine rich protein 1","ILMN_2373266",0.00047468,1.12e-05,5.2138022,3.31087,1.7816563,"splicing regulatory glutamic acid and lysine rich protein 1"
"907","SRGN","201858_s_at",6.39e-08,1.21e-08,5.99,8.7912836,1.22,"serglycin","ILMN_1760347",0.0001315,1.57e-06,5.8961598,5.19141,1.470269,"serglycin"
"908","SRM","201516_at",6.5e-26,1.63e-27,13.1,51.8017749,1.43,"spermidine synthase","ILMN_1661337",0.00747273,0.000739,-3.7389217,-0.66701,-0.9248467,"spermidine synthase"
"909","SRP72","208800_at",6.46e-12,7.71e-13,7.76,18.2823553,0.782,"signal recognition particle 72","ILMN_1683888",0.01611452,0.00229,3.3190462,-1.725,0.8051526,"signal recognition particle 72"
"910","SSBP1","214060_at",0.00053,0.000164,3.85,-0.3965686,0.677,"single stranded DNA binding protein 1","ILMN_1809478",0.00318619,0.000215,4.1817818,0.49663,1.1838416,"single stranded DNA binding protein 1"
"911","SSBP2","238484_s_at",1.13e-14,9.87e-16,-8.88,24.8641625,-1.35,"single stranded DNA binding protein 2","ILMN_1711608",0.01113662,0.00133,3.5233018,-1.21685,0.638125,"single stranded DNA binding protein 2"
"912","SSH3","219241_x_at",5.23e-10,7.83e-11,6.95,13.7318937,0.641,"slingshot protein phosphatase 3","ILMN_1755234",0.02446356,0.00411,-3.0951883,-2.2654,-0.6958708,"slingshot protein phosphatase 3"
"913","SSX2IP","203017_s_at",4.58e-10,6.79e-11,6.97,13.8715868,0.653,"SSX family member 2 interacting protein","ILMN_1720844",0.02134569,0.00339,3.1704195,-2.08587,0.8784289,"SSX family member 2 interacting protein"
"914","ST14","216905_s_at",8.55e-33,9.42e-35,15.7,68.3826589,1.3,"suppression of tumorigenicity 14","ILMN_1699887",0.01116782,0.00134,-3.5206631,-1.22349,-0.7360777,"suppression of tumorigenicity 14"
"915","ST3GAL3","225905_s_at",5.53e-12,6.55e-13,-7.79,18.4426475,-1.19,"ST3 beta-galactoside alpha-2,3-sialyltransferase 3","ILMN_1699472",0.00688087,0.000663,-3.7787309,-0.56416,-0.6138896,"ST3 beta-galactoside alpha-2,3-sialyltransferase 3"
"916","STAT1","AFFX-HUMISGF3A/M97935_MA_at",5.62e-35,4.95e-37,16.5,73.6052364,3.61,"signal transducer and activator of transcription 1","ILMN_1690105",0.00354559,0.000251,4.127479,0.35188,1.1446364,"signal transducer and activator of transcription 1"
"917","STK17B","205214_at",1.22e-15,9.72e-17,9.25,27.1588163,1.31,"serine/threonine kinase 17b","ILMN_1798543",0.01796682,0.00266,3.2630622,-1.86187,1.0435787,"serine/threonine kinase 17b"
"918","STMN1","200783_s_at",1.11e-19,5.63e-21,10.8,36.8366357,0.761,"stathmin 1","ILMN_1657796",0.00489149,0.000398,3.9624542,-0.08472,0.7007514,"stathmin 1"
"919","STOML1","33736_at",2.38e-09,3.82e-10,6.65,12.1741975,0.956,"stomatin like 1","ILMN_1801130",0.00511523,0.000427,-3.937966,-0.14905,-0.6160599,"stomatin like 1"
"920","STRBP","229513_at",1.45e-18,8.31e-20,-10.4,34.163916,-0.92,"spermatid perinuclear RNA binding protein","ILMN_1808783",0.01654537,0.00238,3.305253,-1.75883,0.9016983,"spermatid perinuclear RNA binding protein"
"921","STRN3","204496_at",2.83e-14,2.59e-15,8.72,23.9092355,0.723,"striatin 3","ILMN_1772946",0.01498242,0.00205,3.3613707,-1.62082,0.9839045,"striatin 3"
"922","STRN4","217903_at",6.62e-06,1.59e-06,4.98,4.0448335,0.815,"striatin 4","ILMN_1696190",0.00171244,8.34e-05,-4.5160647,1.39738,-0.7142194,"striatin 4"
"923","STX19","1555173_at",3.14e-24,9.58e-26,12.5,47.7484195,1.78,"syntaxin 19","ILMN_1775587",8.93e-06,9.33e-09,7.727218,10.07873,2.4180636,"syntaxin 19"
"924","SUB1","214512_s_at",2.14e-30,3.12e-32,14.8,62.6081012,1.06,"SUB1 homolog, transcriptional regulator","ILMN_1736054",0.00035481,7.04e-06,5.3749887,3.7556,1.2329639,"SUB1 homolog, transcriptional regulator"
"925","SUGT1","244368_x_at",7.74e-05,2.14e-05,-4.37,1.5453995,-0.666,"SGT1 homolog, MIS12 kinetochore complex assembly cochaperone","ILMN_2054725",0.00491269,0.000401,3.9598386,-0.0916,0.9470494,"SGT1 homolog, MIS12 kinetochore complex assembly cochaperone"
"926","SULT2B1","205759_s_at",2.45e-18,1.44e-19,10.3,33.6210483,1.93,"sulfotransferase family 2B member 1","ILMN_1763520",0.0320447,0.00603,-2.9448924,-2.61722,-0.6580889,"sulfotransferase family 2B member 1"
"927","SUN2","212144_at",7e-10,1.06e-10,-6.89,13.4327194,-0.779,"Sad1 and UNC84 domain containing 2","ILMN_2099301",0.02341141,0.00388,-3.1179041,-2.21142,-0.913843,"Sad1 and UNC84 domain containing 2"
"928","SUPT20H","216682_s_at",1.43e-12,1.59e-13,-8.03,19.8408072,-1.14,"SPT20 homolog, SAGA complex component","ILMN_1669555",0.00193586,0.000102,4.4445144,1.20335,0.9581886,"SPT20 homolog, SAGA complex component"
"929","SURF4","222977_at",3.01e-06,6.97e-07,5.16,4.8461637,0.629,"surfeit 4","ILMN_1690761",0.01495242,0.00204,-3.3629483,-1.61692,-0.8264207,"surfeit 4"
"930","SUSD2","227480_at",8.99e-13,9.76e-14,-8.11,20.3224435,-1.44,"sushi domain containing 2","ILMN_1693270",0.01012344,0.00116,-3.573485,-1.09003,-1.3630699,"sushi domain containing 2"
"931","SUV39H1","218619_s_at",8.79e-12,1.06e-12,7.71,17.9637871,0.95,"suppressor of variegation 3-9 homolog 1","ILMN_1781479",0.00025943,4.31e-06,-5.5455001,4.22603,-0.9357348,"suppressor of variegation 3-9 homolog 1"
"932","SYNE2","202761_s_at",5.15e-23,1.77e-24,-12,44.846948,-0.852,"spectrin repeat containing nuclear envelope protein 2","ILMN_1754579",0.02895649,0.00524,3.0007897,-2.48747,0.6625261,"spectrin repeat containing nuclear envelope protein 2"
"933","SYNGR1","204287_at",1.04e-10,1.43e-11,-7.25,15.4063591,-1.11,"synaptogyrin 1","ILMN_1810875",0.00353859,0.00025,-4.1286819,0.35508,-0.8439689,"synaptogyrin 1"
"934","SYT17","205613_at",3.3e-14,3.04e-15,-8.69,23.7496108,-0.927,"synaptotagmin 17","ILMN_1657760",0.01454432,0.00195,-3.3795491,-1.57589,-0.8135947,"synaptotagmin 17"
"935","SYT8","232802_at",4.17e-19,2.24e-20,-10.6,35.4652271,-1.69,"synaptotagmin 8","ILMN_1679836",0.00053636,1.37e-05,-5.1453264,3.12205,-1.4742654,"synaptotagmin 8"
"936","TAF13","227278_at",7.9e-17,5.51e-18,9.71,30.0042211,0.626,"TATA-box binding protein associated factor 13","ILMN_2061318",0.02966801,0.0054,2.9885051,-2.5161,0.7495156,"TATA-box binding protein associated factor 13"
"937","TAF1B","216941_s_at",4.04e-11,5.29e-12,7.43,16.3830708,1.08,"TATA-box binding protein associated factor, RNA polymerase I subunit B","ILMN_1667977",0.01143555,0.00139,3.5078868,-1.25565,1.1350246,"TATA-box binding protein associated factor, RNA polymerase I subunit B"
"938","TAGLN","205547_s_at",4.3e-18,2.56e-19,-10.2,33.04625,-1.42,"transgelin","ILMN_1778668",0.00508812,0.000424,-3.9405193,-0.14235,-0.7200326,"transgelin"
"939","TANK","210458_s_at",2.08e-20,9.66e-22,11.1,38.5866914,1.49,"TRAF family member associated NFKB activator","ILMN_1715069",0.0029887,0.000196,4.2155356,0.58685,1.1217416,"TRAF family member associated NFKB activator"
"940","TAOK2","204986_s_at",0.000834,0.000267,3.72,-0.8533108,0.624,"TAO kinase 2","ILMN_1701487",0.03071888,0.00569,-2.9683605,-2.56291,-0.6050718,"TAO kinase 2"
"941","TARS","201263_at",5.21e-23,1.8e-24,12,44.8345522,0.755,"threonyl-tRNA synthetase","ILMN_1685480",0.00935212,0.00104,3.6157509,-0.98266,1.1257919,"threonyl-tRNA synthetase"
"942","TBC1D10B","220947_s_at",2.5e-12,2.85e-13,7.93,19.2643876,0.797,"TBC1 domain family member 10B","ILMN_1668639",0.00207222,0.000113,-4.4101848,1.11047,-0.7310855,"TBC1 domain family member 10B"
"943","TBC1D15","230072_at",6.04e-20,2.98e-21,-10.9,37.4694819,-0.938,"TBC1 domain family member 15","ILMN_1803941",0.01512379,0.00208,3.3557824,-1.63461,1.0439887,"TBC1 domain family member 15"
"944","TBC1D16","222116_s_at",1.36e-13,1.35e-14,-8.44,22.2772857,-0.693,"TBC1 domain family member 16","ILMN_1758457",0.00497073,0.000408,-3.9536594,-0.10784,-0.8300496,"TBC1 domain family member 16"
"945","TBC1D2","222173_s_at",6.99e-17,4.84e-18,9.73,30.1321307,0.593,"TBC1 domain family member 2","ILMN_1769876",0.0142802,0.00191,-3.3889859,-1.55252,-0.7761408,"TBC1 domain family member 2"
"946","TBC1D31","214061_at",7.38e-12,8.85e-13,7.74,18.145645,0.864,"TBC1 domain family member 31","ILMN_1744240",0.00120736,4.88e-05,4.7031035,1.9071,1.2760374,"TBC1 domain family member 31"
"947","TBL3","209820_s_at",8.84e-10,1.35e-10,6.85,13.1932192,0.738,"transducin beta like 3","ILMN_2177413",5.97e-05,3.92e-07,-6.3815058,6.51737,-0.9466075,"transducin beta like 3"
"948","TCAIM","1555905_a_at",6.27e-11,8.41e-12,7.34,15.9271937,1.34,"T-cell activation inhibitor, mitochondrial","ILMN_1671387",0.04356849,0.00916,2.7775907,-2.99725,0.941361,"T-cell activation inhibitor, mitochondrial"
"949","TCEAL9","217975_at",3.13e-15,2.59e-16,9.09,26.1888213,0.6,"transcription elongation factor A like 9","ILMN_1679838",1.69e-06,5.88e-10,8.7743578,12.69051,2.2816159,"transcription elongation factor A like 9"
"950","TCEB1","202824_s_at",3.94e-39,2.2e-41,18.1,83.5767074,0.651,"transcription elongation factor B subunit 1","ILMN_2066020",0.00595323,0.000533,3.8573765,-0.35986,1.0041933,"transcription elongation factor B subunit 1"
"951","TCF12","233678_at",2.14e-10,3.06e-11,-7.11,14.6559474,-0.943,"transcription factor 12","ILMN_2314007",0.03233259,0.00612,2.9395693,-2.6295,0.8049318,"transcription factor 12"
"952","TDRD7","213361_at",5.99e-15,5.11e-16,8.98,25.516425,0.646,"tudor domain containing 7","ILMN_1705241",0.03475484,0.00675,2.9006088,-2.71904,0.8154778,"tudor domain containing 7"
"953","TEF","225840_at",2.43e-07,4.93e-08,-5.71,7.4202996,-0.841,"TEF, PAR bZIP transcription factor","ILMN_1706511",0.00066807,1.95e-05,-5.0218513,2.78188,-0.7870104,"TEF, PAR bZIP transcription factor"
"954","TEX264","233350_s_at",1.23e-05,3.05e-06,4.83,3.4173591,0.638,"testis expressed 264","ILMN_1781623",0.0046479,0.000368,-3.9910231,-0.00952,-0.821158,"testis expressed 264"
"955","TGFB1I1","209651_at",2.63e-10,3.79e-11,-7.08,14.4448443,-0.715,"transforming growth factor beta 1 induced transcript 1","ILMN_2389876",0.00222985,0.000125,-4.3729351,1.00985,-0.6376603,"transforming growth factor beta 1 induced transcript 1"
"956","THAP6","230169_at",1.63e-08,2.88e-09,-6.27,10.1942242,-0.852,"THAP domain containing 6","ILMN_1661424",0.03160961,0.00593,2.9519863,-2.60082,0.6413014,"THAP domain containing 6"
"957","THNSL1","222931_s_at",2.01e-05,5.13e-06,-4.71,2.9165769,-0.702,"threonine synthase like 1","ILMN_1782688",0.03123699,0.00585,2.9575209,-2.58802,0.5904862,"threonine synthase like 1"
"958","THRA","35846_at",4.07e-15,3.41e-16,-9.05,25.9154677,-0.788,"thyroid hormone receptor, alpha","ILMN_1718182",0.006086,0.000554,-3.8434326,-0.39619,-0.6278,"thyroid hormone receptor, alpha"
"959","THYN1","223711_s_at",5.59e-11,7.43e-12,-7.37,16.0486907,-0.684,"thymocyte nuclear protein 1","ILMN_2334042",0.00590562,0.000526,3.8627484,-0.34585,0.8407815,"thymocyte nuclear protein 1"
"960","TICAM1","213191_at",3.02e-07,6.19e-08,5.67,7.1987214,0.815,"toll like receptor adaptor molecule 1","ILMN_1724863",0.00406792,0.000305,-4.0585569,0.16891,-1.050538,"toll like receptor adaptor molecule 1"
"961","TIGAR","219099_at",6.32e-35,5.61e-37,16.5,73.4806863,3.03,"TP53 induced glycolysis regulatory phosphatase","ILMN_1791792",0.00472676,0.000378,3.9811844,-0.03543,0.6411004,"TP53 induced glycolysis regulatory phosphatase"
"962","TIMM22","222841_s_at",5.8e-13,6.17e-14,8.19,20.7754069,0.789,"translocase of inner mitochondrial membrane 22 homolog (yeast)","ILMN_1706959",0.00297459,0.000194,-4.2196912,0.59797,-0.9191648,"translocase of inner mitochondrial membrane 22 homolog (yeast)"
"963","TIMM8A","205217_at",3.31e-18,1.96e-19,10.2,33.3120122,1.2,"translocase of inner mitochondrial membrane 8 homolog A (yeast)","ILMN_1722239",0.00262965,0.000161,4.2841495,0.7708,0.6081553,"translocase of inner mitochondrial membrane 8 homolog A (yeast)"
"964","TIMM8B","223478_at",5.25e-14,4.95e-15,8.61,23.2679268,1.36,"translocase of inner mitochondrial membrane 8 homolog B","ILMN_1738938",0.0004836,1.15e-05,5.2057578,3.28868,1.018716,"translocase of inner mitochondrial membrane 8 homolog B"
"965","TIPIN","219258_at",8.87e-12,1.07e-12,7.7,17.9543835,0.855,"TIMELESS interacting protein","ILMN_1761939",0.03645667,0.00717,2.876214,-2.77476,1.3614247,"TIMELESS interacting protein"
"966","TIPRL","1554351_a_at",5.89e-13,6.27e-14,8.19,20.7594579,0.908,"TOR signaling pathway regulator","ILMN_1781457",0.00078796,2.57e-05,4.926022,2.51827,1.1131346,"TOR signaling pathway regulator"
"967","TLE2","204431_at",1.79e-13,1.8e-14,-8.4,21.9918976,-0.881,"transducin like enhancer of split 2","ILMN_1814917",0.01704785,0.00248,-3.2895987,-1.79713,-0.6396349,"transducin like enhancer of split 2"
"968","TM7SF2","210130_s_at",7.53e-11,1.02e-11,7.31,15.7389683,1.13,"transmembrane 7 superfamily member 2","ILMN_1690040",0.0202094,0.00314,-3.1999287,-2.01487,-0.752735,"transmembrane 7 superfamily member 2"
"969","TM9SF1","209149_s_at",3.62e-27,7.94e-29,13.6,54.8054958,1.55,"transmembrane 9 superfamily member 1","ILMN_1709334",0.00900445,0.000975,-3.6378224,-0.9264,-0.6533323,"transmembrane 9 superfamily member 1"
"970","TMED5","202195_s_at",2.16e-15,1.76e-16,9.16,26.5730104,1.01,"transmembrane p24 trafficking protein 5","ILMN_1803279",0.01470687,0.002,3.3716595,-1.5954,1.2114517,"transmembrane p24 trafficking protein 5"
"971","TMEM106B","222787_s_at",6.19e-09,1.04e-09,-6.47,11.1917616,-1.62,"transmembrane protein 106B","ILMN_1726288",0.03767263,0.00749,2.8587236,-2.81455,0.883086,"transmembrane protein 106B"
"972","TMEM117","223594_at",3.84e-23,1.31e-24,12.1,45.1518453,1.17,"transmembrane protein 117","ILMN_1809894",0.01555531,0.00217,3.3392143,-1.67543,0.850291,"transmembrane protein 117"
"973","TMEM159","213272_s_at",1.47e-06,3.26e-07,-5.32,5.5824271,-1.05,"transmembrane protein 159","ILMN_1655876",0.0396792,0.00808,-2.8281012,-2.88387,-0.7300607,"transmembrane protein 159"
"974","TMEM165","226827_at",6.46e-07,1.38e-07,5.5,6.4197231,0.981,"transmembrane protein 165","ILMN_1773935",0.00383296,0.000279,4.0892556,0.2503,0.9289172,"transmembrane protein 165"
"975","TMEM167A","226276_at",2.44e-17,1.6e-18,9.91,31.2291258,1.37,"transmembrane protein 167A","ILMN_1742813",0.00208313,0.000113,4.4080189,1.10461,0.6630655,"transmembrane protein 167A"
"976","TMEM185A","227880_s_at",2.76e-09,4.47e-10,6.62,12.0196649,1.06,"transmembrane protein 185A","ILMN_2140389",0.0238918,0.00398,-3.1077116,-2.23567,-0.737539,"transmembrane protein 185A"
"977","TMEM237","228255_at",3.53e-20,1.69e-21,-11,38.0299607,-0.838,"transmembrane protein 237","ILMN_1800958",0.00375012,0.000271,4.1007293,0.28076,0.9773315,"transmembrane protein 237"
"978","TMEM266","1552400_a_at",7.04e-06,1.7e-06,-4.96,3.9819642,-0.85,"transmembrane protein 266","ILMN_1808956",0.01063681,0.00125,-3.546848,-1.15743,-0.7220477,"transmembrane protein 266"
"979","TMEM54","225536_at",1.04e-26,2.41e-28,13.4,53.6996573,1.47,"transmembrane protein 54","ILMN_2059689",0.03049057,0.00563,-2.9723695,-2.5536,-0.7781977,"transmembrane protein 54"
"980","TMEM55A","226338_at",2.73e-09,4.42e-10,-6.63,12.031904,-0.829,"transmembrane protein 55A","ILMN_1752117",0.0094904,0.00106,3.6078379,-1.0028,0.6839678,"transmembrane protein 55A"
"981","TMEM57","218562_s_at",2e-43,6.77e-46,19.8,93.9083593,1.81,"transmembrane protein 57","ILMN_1718831",0.04593972,0.00986,2.7472189,-3.06485,0.827253,"transmembrane protein 57"
"982","TMEM91","229957_at",1.44e-15,1.15e-16,-9.22,26.992752,-0.73,"transmembrane protein 91","ILMN_2211065",0.02982971,0.00545,-2.9850529,-2.52413,-0.7813407,"transmembrane protein 91"
"983","TMOD3","223078_s_at",9.85e-20,4.95e-21,10.8,36.9636132,1.57,"tropomodulin 3","ILMN_1809484",0.03777335,0.00752,2.8569603,-2.81855,0.5913994,"tropomodulin 3"
"984","TMSB15B","214051_at",1.29e-09,2.01e-10,-6.77,12.8042185,-0.926,"thymosin beta 15B///thymosin beta 15a","ILMN_1740512",0.00110484,4.22e-05,4.7537355,2.04562,0.9839878,"thymosin beta 15B"
"985","TMX1","208097_s_at",4.43e-12,5.19e-13,7.83,18.6727446,0.634,"thioredoxin related transmembrane protein 1","ILMN_1691181",0.03069481,0.00568,2.9687763,-2.56194,0.6205809,"thioredoxin related transmembrane protein 1"
"986","TNFAIP8","229814_at",1.01e-06,2.2e-07,5.4,5.9627834,0.8,"TNF alpha induced protein 8","ILMN_2414325",0.01833597,0.00273,3.2525064,-1.88755,0.935551,"TNF alpha induced protein 8"
"987","TNFRSF21","214581_x_at",7.05e-25,2e-26,12.7,49.3047167,1.61,"TNF receptor superfamily member 21","ILMN_1699695",0.02748486,0.00484,3.0315085,-2.41561,1.0411976,"TNF receptor superfamily member 21"
"988","TNFSF10","214329_x_at",1.63e-17,1.05e-18,9.97,31.6502552,0.823,"tumor necrosis factor superfamily member 10","ILMN_1801307",0.0029887,0.000196,4.2152035,0.58596,1.2806008,"tumor necrosis factor superfamily member 10"
"989","TNNT2","215389_s_at",2.26e-23,7.5e-25,-12.2,45.7019623,-1.9,"troponin T2, cardiac type","ILMN_1664071",0.01393167,0.00185,3.4009319,-1.52289,0.6522375,"troponin T2, cardiac type"
"990","TNPO1","225766_s_at",7.16e-20,3.55e-21,10.9,37.2950175,1.49,"transportin 1","ILMN_1837935",0.02373454,0.00395,3.1107556,-2.22843,0.7213024,"transportin 1"
"991","TOLLIP","217930_s_at",5.37e-21,2.33e-22,11.3,39.9984033,1.44,"toll interacting protein","ILMN_1765523",0.02056733,0.00322,-3.1901286,-2.03848,-0.7066778,"toll interacting protein"
"992","TOM1","202807_s_at",1.1e-20,4.97e-22,11.2,39.2464485,1.63,"target of myb1 membrane trafficking protein","ILMN_2082314",0.0056498,0.000495,-3.8843679,-0.28941,-0.8590077,"target of myb1 membrane trafficking protein"
"993","TOP2A","201292_at",1.27e-31,1.61e-33,15.2,65.5555589,1.66,"topoisomerase (DNA) II alpha","ILMN_1686097",6.268e-05,4.36e-07,6.3437803,6.41489,1.4724369,"topoisomerase (DNA) II alpha"
"994","TPM2","227397_at",0.000275,8.22e-05,-4.04,0.2617489,-0.601,"tropomyosin 2 (beta)","ILMN_1789196",0.04221,0.0088,2.7939236,-2.96072,0.7784066,"tropomyosin 2 (beta)"
"995","TPP1","214195_at",3.14e-06,7.27e-07,-5.15,4.804737,-0.694,"tripeptidyl peptidase 1","ILMN_1729234",0.01520589,0.0021,-3.351998,-1.64394,-0.8642833,"tripeptidyl peptidase 1"
"996","TPR","228709_at",6.81e-08,1.29e-08,-5.98,8.7253521,-0.725,"translocated promoter region, nuclear basket protein","ILMN_1730999",7.836e-05,6.87e-07,6.1844785,5.98097,1.7831339,"translocated promoter region, nuclear basket protein"
"997","TPX2","210052_s_at",1.84e-35,1.54e-37,16.7,74.7688399,2.3,"TPX2, microtubule nucleation factor","ILMN_1796949",0.02113652,0.00334,3.1757472,-2.07308,0.6534443,"TPX2, microtubule nucleation factor"
"998","TRA2B","210180_s_at",7.22e-08,1.38e-08,5.97,8.6655821,0.687,"transformer 2 beta homolog (Drosophila)","ILMN_1742798",0.03467155,0.00672,2.901975,-2.71591,0.8753567,"transformer 2 beta homolog (Drosophila)"
"999","TRAF3IP2","215411_s_at",1.49e-21,6.1e-23,11.5,41.3313402,0.638,"TRAF3 interacting protein 2","ILMN_1701514",0.0014773,6.64e-05,-4.5955717,1.61364,-0.8399879,"TRAF3 interacting protein 2"
"1000","TRAF7","223029_s_at",4.09e-14,3.82e-15,8.65,23.526223,0.594,"TNF receptor associated factor 7","ILMN_2405991",0.01240232,0.00156,-3.4649223,-1.36343,-0.8206279,"TNF receptor associated factor 7"
"1001","TRAPPC11","233558_s_at",3.21e-19,1.7e-20,10.6,35.7376735,0.966,"trafficking protein particle complex 11","ILMN_1752086",0.03090161,0.00575,2.9640042,-2.573,1.0249705,"trafficking protein particle complex 11"
"1002","TRIM22","213293_s_at",1.79e-30,2.59e-32,14.8,62.7949615,1.12,"tripartite motif containing 22","ILMN_1779252",3.258e-05,1.22e-07,6.7939874,7.62974,1.44365,"tripartite motif containing 22"
"1003","TRIM25","206911_at",7.77e-19,4.34e-20,10.5,34.8096581,0.8,"tripartite motif containing 25","ILMN_1813625",0.04496083,0.00957,-2.7596123,-3.03732,-0.6594395,"tripartite motif containing 25"
"1004","TRIM26","202702_at",3.97e-14,3.7e-15,8.66,23.5579209,0.585,"tripartite motif containing 26","ILMN_1738704",0.00243363,0.000144,-4.3242996,0.87877,-0.8503362,"tripartite motif containing 26"
"1005","TRIOBP","243690_at",8.64e-05,2.41e-05,-4.34,1.4337636,-0.594,"TRIO and F-actin binding protein","ILMN_1735788",0.01718912,0.00251,-3.2851254,-1.80806,-0.7753307,"TRIO and F-actin binding protein"
"1006","TRIP11","209778_at",1.65e-20,7.58e-22,11.1,38.828063,0.827,"thyroid hormone receptor interactor 11","ILMN_1658144",0.00041383,9.03e-06,5.2887923,3.51775,1.6200682,"thyroid hormone receptor interactor 11"
"1007","TRIP13","204033_at",2.12e-36,1.6e-38,17,77.0184424,2.69,"thyroid hormone receptor interactor 13","ILMN_1796589",0.01373615,0.00181,3.4090607,-1.50271,0.7029061,"thyroid hormone receptor interactor 13"
"1008","TRMO","222195_s_at",5.49e-10,8.23e-11,6.94,13.6830288,0.782,"tRNA methyltransferase O","ILMN_1700028",0.01880259,0.00283,3.2387408,-1.92098,0.6106782,"tRNA methyltransferase O"
"1009","TRMT10C","223267_at",6.69e-21,2.95e-22,11.2,39.7647329,0.644,"tRNA methyltransferase 10C, mitochondrial RNase P subunit","ILMN_1672565",0.01491498,0.00204,3.3641792,-1.61388,1.3480252,"tRNA methyltransferase 10C, mitochondrial RNase P subunit"
"1010","TRMT13","232489_at",7.76e-12,9.33e-13,-7.73,18.0936276,-0.899,"tRNA methyltransferase 13 homolog","ILMN_1659786",0.00209523,0.000115,4.404694,1.09562,1.5988431,"tRNA methyltransferase 13 homolog"
"1011","TRNT1","222754_at",2.83e-12,3.25e-13,7.91,19.1341724,0.982,"tRNA nucleotidyl transferase 1","ILMN_1655924",0.00690347,0.000665,3.7773518,-0.56773,0.9032867,"tRNA nucleotidyl transferase 1"
"1012","TSC22D4","1554501_at",1.05e-07,2.05e-08,-5.89,8.277441,-0.6,"TSC22 domain family member 4","ILMN_1721636",0.00533317,0.000457,-3.9128,-0.21503,-0.6891093,"TSC22 domain family member 4"
"1013","TSEN15","225400_at",6.61e-12,7.89e-13,7.76,18.2594198,0.759,"tRNA splicing endonuclease subunit 15","ILMN_1734486",0.00427779,0.000326,4.0337729,0.10333,0.9196206,"tRNA splicing endonuclease subunit 15"
"1014","TSPAN4","209264_s_at",1.04e-05,2.55e-06,-4.87,3.5894226,-0.593,"tetraspanin 4","ILMN_1718607",0.00257091,0.000156,-4.2961556,0.80306,-0.8444963,"tetraspanin 4"
"1015","TTC1","201434_at",4.99e-21,2.16e-22,11.3,40.0740015,0.736,"tetratricopeptide repeat domain 1","ILMN_1743303",0.00078796,2.57e-05,4.9269325,2.52077,0.9934188,"tetratricopeptide repeat domain 1"
"1016","TTC14","225178_at",4.76e-12,5.6e-13,-7.82,18.5983027,-1.01,"tetratricopeptide repeat domain 14","ILMN_2390472",0.02147393,0.00342,3.1666357,-2.09496,1.2212837,"tetratricopeptide repeat domain 14"
"1017","TTC33","231479_at",2.1e-11,2.66e-12,-7.55,17.0624624,-0.916,"tetratricopeptide repeat domain 33","ILMN_1807088",0.04132818,0.00853,2.8061235,-2.93335,0.8890165,"tetratricopeptide repeat domain 33"
"1018","TTC37","1554029_a_at",2.35e-05,6.06e-06,-4.67,2.7563293,-0.789,"tetratricopeptide repeat domain 37","ILMN_1795911",0.00474188,0.00038,3.9791488,-0.04079,1.1866119,"tetratricopeptide repeat domain 37"
"1019","TTC38","218272_at",1.14e-17,7.15e-19,-10,32.0281577,-0.598,"tetratricopeptide repeat domain 38","ILMN_2059886",0.00802872,0.000824,-3.6995463,-0.76835,-0.9416856,"tetratricopeptide repeat domain 38"
"1020","TTC39B","236826_at",1.3e-11,1.61e-12,7.63,17.5547083,1.18,"tetratricopeptide repeat domain 39B","ILMN_1769290",0.03002915,0.00551,2.980733,-2.53418,0.9065841,"tetratricopeptide repeat domain 39B"
"1021","TTC8","226120_at",6.45e-10,9.74e-11,-6.91,13.5169506,-0.812,"tetratricopeptide repeat domain 8","ILMN_2401927",0.0273652,0.00481,3.0338811,-2.41004,0.7890928,"tetratricopeptide repeat domain 8"
"1022","TTK","204822_at",2.04e-36,1.54e-38,17.1,77.0586161,3.15,"TTK protein kinase","ILMN_1788166",0.0001315,1.56e-06,5.897174,5.1942,1.5743761,"TTK protein kinase"
"1023","TTLL12","216251_s_at",2.4e-11,3.06e-12,7.52,16.922388,0.601,"tubulin tyrosine ligase like 12","ILMN_1663113",0.00377314,0.000273,-4.0976702,0.27264,-1.0593567,"tubulin tyrosine ligase like 12"
"1024","TTPAL","219633_at",0.00202,0.000689,3.46,-1.7443949,0.61,"alpha tocopherol transfer protein like","ILMN_1744442",0.04683716,0.0101,-2.7366665,-3.08823,-0.6542429,"alpha tocopherol transfer protein like"
"1025","TUBB2B","209372_x_at",1.81e-08,3.21e-09,6.25,10.0890473,1.46,"tubulin beta 2B class IIb///tubulin beta 2A class IIa","ILMN_1680874",6.601e-05,5.02e-07,-6.2942795,6.28026,-1.5016689,"tubulin beta 2B class IIb"
"1026","TWSG1","219201_s_at",4.58e-11,6.03e-12,7.4,16.2539553,0.874,"twisted gastrulation BMP signaling modulator 1","ILMN_2214144",0.01553201,0.00217,3.3404527,-1.67239,1.0276901,"twisted gastrulation BMP signaling modulator 1"
"1027","TXNDC17","224511_s_at",7.38e-45,2.07e-47,20.4,97.3765731,1.43,"thioredoxin domain containing 17","ILMN_1659437",0.00257091,0.000156,4.2963074,0.80347,1.3578533,"thioredoxin domain containing 17"
"1028","TXNDC9","1554047_at",1.11e-06,2.43e-07,5.38,5.869529,0.753,"thioredoxin domain containing 9","ILMN_1731137",0.00020266,3.1e-06,5.6599463,4.54153,1.3423221,"thioredoxin domain containing 9"
"1029","TYMS","1554696_s_at",6.24e-25,1.76e-26,12.7,49.4310943,1.14,"thymidylate synthetase","ILMN_1806040",0.02542568,0.00436,3.0722709,-2.31964,0.7590675,"thymidylate synthetase"
"1030","TYSND1","238802_at",1.83e-14,1.64e-15,-8.79,24.3623537,-0.93,"trypsin domain containing 1","ILMN_2248725",0.00206587,0.000112,-4.4119065,1.11512,-0.6397401,"trypsin domain containing 1"
"1031","UBA6","218340_s_at",1.11e-10,1.53e-11,7.24,15.3369931,1.81,"ubiquitin like modifier activating enzyme 6","ILMN_1675085",0.0217643,0.00349,3.1591836,-2.11283,1.1035929,"ubiquitin like modifier activating enzyme 6"
"1032","UBALD1","225874_at",9.16e-10,1.41e-10,6.84,13.1560301,0.855,"UBA like domain containing 1","ILMN_1733863",0.00232505,0.000135,-4.3475674,0.94144,-0.7645235,"UBA like domain containing 1"
"1033","UBALD2","224783_at",2.36e-23,7.83e-25,12.2,45.6601908,1.23,"UBA like domain containing 2","ILMN_1775498",0.03730676,0.00739,-2.8638879,-2.80282,-0.5959707,"UBA like domain containing 2"
"1034","UBE2L3","200682_s_at",1.15e-25,2.95e-27,13,51.210787,0.754,"ubiquitin conjugating enzyme E2 L3","ILMN_1677877",0.00598157,0.000538,-3.8542588,-0.36798,-0.6931856,"ubiquitin conjugating enzyme E2 L3"
"1035","UBE2M","203109_at",1.53e-10,2.15e-11,7.18,15.0046576,0.934,"ubiquitin conjugating enzyme E2 M","ILMN_1701331",0.04989563,0.011,-2.7017413,-3.16522,-0.7820517,"ubiquitin conjugating enzyme E2 M"
"1036","UBE2T","223229_at",1.54e-20,7.04e-22,11.1,38.9005066,1.68,"ubiquitin conjugating enzyme E2 T","ILMN_1711470",2.61e-06,1.04e-09,8.5543654,12.15474,1.4159203,"ubiquitin conjugating enzyme E2 T"
"1037","UBE2W","222657_s_at",3.53e-10,5.18e-11,7.02,14.1381975,0.965,"ubiquitin conjugating enzyme E2 W (putative)","ILMN_1717420",0.0217643,0.00349,3.159192,-2.11281,0.621735,"ubiquitin conjugating enzyme E2 W (putative)"
"1038","UBE2Z","236107_at",1.15e-05,2.86e-06,-4.84,3.479392,-1.31,"ubiquitin conjugating enzyme E2 Z","ILMN_1692168",0.01369555,0.0018,-3.4105535,-1.499,-0.6849721,"ubiquitin conjugating enzyme E2 Z"
"1039","UBL4A","221746_at",7.87e-13,8.48e-14,8.14,20.4613777,0.66,"ubiquitin like 4A","ILMN_1742147",0.00243147,0.000144,-4.3249085,0.88041,-0.7568761,"ubiquitin like 4A"
"1040","UBXN4","212008_at",3.96e-19,2.12e-20,10.6,35.5184161,1.3,"UBX domain protein 4","ILMN_1781097",0.00221741,0.000124,4.376238,1.01877,1.2403174,"UBX domain protein 4"
"1041","UCHL3","204616_at",2.56e-38,1.57e-40,17.8,81.6206819,1.15,"ubiquitin C-terminal hydrolase L3","ILMN_1660111",0.00269554,0.000167,4.2719887,0.73815,1.0858173,"ubiquitin C-terminal hydrolase L3"
"1042","UCHL5","219960_s_at",9.33e-31,1.31e-32,14.9,63.4720974,1.46,"ubiquitin C-terminal hydrolase L5","ILMN_1731612",0.00232505,0.000135,4.3478549,0.94222,1.3095708,"ubiquitin C-terminal hydrolase L5"
"1043","UEVLD","220775_s_at",5.82e-21,2.54e-22,11.3,39.9142991,1.32,"UEV and lactate/malate dehyrogenase domains","ILMN_1711452",0.03147493,0.00589,2.9542022,-2.5957,0.6790213,"UEV and lactate/malate dehyrogenase domains"
"1044","UFM1","242669_at",5.2e-12,6.13e-13,-7.8,18.5075231,-0.857,"ubiquitin fold modifier 1","ILMN_1757646",0.01842719,0.00275,3.2497247,-1.89431,1.0427564,"ubiquitin fold modifier 1"
"1045","UGGT2","1558467_a_at",1.52e-07,3.01e-08,-5.81,7.902146,-0.874,"UDP-glucose glycoprotein glucosyltransferase 2","ILMN_1788387",0.00192025,0.000101,4.4500385,1.2183,0.6885447,"UDP-glucose glycoprotein glucosyltransferase 2"
"1046","UGP2","232180_at",2.28e-15,1.85e-16,-9.15,26.5192905,-0.725,"UDP-glucose pyrophosphorylase 2","ILMN_2389151",0.01049619,0.00122,3.5539982,-1.13936,1.0184907,"UDP-glucose pyrophosphorylase 2"
"1047","USP48","229812_at",3.15e-07,6.46e-08,5.66,7.1563263,0.942,"ubiquitin specific peptidase 48","ILMN_1777726",0.04702541,0.0102,2.7343139,-3.09343,0.94732,"ubiquitin specific peptidase 48"
"1048","UTP11","218235_s_at",1.18e-27,2.45e-29,13.7,55.9744844,0.824,"UTP11, small subunit processome component homolog (S. cerevisiae)","ILMN_2130838",2.585e-05,7.33e-08,6.9769779,8.11789,1.8491027,"UTP11, small subunit processome component homolog (S. cerevisiae)"
"1049","UTP14A","221514_at",1.64e-17,1.05e-18,9.97,31.6464803,0.73,"UTP14A small subunit processome component","ILMN_2095820",0.0014158,6.23e-05,4.6180254,1.67483,0.8562544,"UTP14A small subunit processome component"
"1050","VAC14","218169_at",2.55e-13,2.62e-14,8.33,21.6230484,0.72,"Vac14, PIKFYVE complex component","ILMN_1799024",0.00048456,1.15e-05,-5.20435,3.2848,-0.730148,"Vac14, PIKFYVE complex component"
"1051","VAMP2","201557_at",5.2e-18,3.13e-19,-10.2,32.8480417,-0.728,"vesicle associated membrane protein 2","ILMN_1713491",0.00348693,0.000246,-4.1349174,0.37168,-1.167254,"vesicle associated membrane protein 2"
"1052","VAMP4","211760_s_at",1.78e-07,3.55e-08,5.78,7.7413872,0.69,"vesicle associated membrane protein 4","ILMN_1804676",0.02966801,0.0054,2.9887596,-2.51551,1.2434821,"vesicle associated membrane protein 4"
"1053","VAPA","228480_at",3.1e-07,6.36e-08,-5.66,7.1719553,-0.612,"VAMP associated protein A","ILMN_1690822",0.00142095,6.27e-05,4.6157858,1.66873,0.6337484,"VAMP associated protein A"
"1054","VARS","201797_s_at",4.49e-19,2.43e-20,10.6,35.3849132,1.06,"valyl-tRNA synthetase","ILMN_1696601",0.00910853,0.000992,-3.6312453,-0.94318,-0.8925517,"valyl-tRNA synthetase"
"1055","VEZT","207263_x_at",2.37e-10,3.4e-11,-7.1,14.5506257,-0.655,"vezatin, adherens junctions transmembrane protein","ILMN_1774828",0.00222985,0.000125,4.3737702,1.01211,1.222258,"vezatin, adherens junctions transmembrane protein"
"1056","VIPR1","205019_s_at",1.24e-08,2.16e-09,6.33,10.4743495,0.768,"vasoactive intestinal peptide receptor 1","ILMN_2199389",0.02025927,0.00315,-3.1986147,-2.01803,-0.60252,"vasoactive intestinal peptide receptor 1"
"1057","VPS18","223346_at",4.69e-06,1.11e-06,5.06,4.3937489,0.694,"VPS18, CORVET/HOPS core subunit","ILMN_1721575",9.367e-05,9.22e-07,-6.0815975,5.6998,-0.9464742,"VPS18, CORVET/HOPS core subunit"
"1058","VPS37A","225378_at",5e-17,3.4e-18,9.79,30.4833774,0.6,"VPS37A, ESCRT-I subunit","ILMN_1711139",0.02304905,0.00379,3.1268172,-2.19019,1.0312962,"VPS37A, ESCRT-I subunit"
"1059","VPS37B","221704_s_at",5.53e-19,3.03e-20,10.5,35.1659175,1.12,"VPS37B, ESCRT-I subunit","ILMN_1710427",0.00040142,8.62e-06,-5.3051152,3.56279,-0.943509,"VPS37B, ESCRT-I subunit"
"1060","VPS9D1","205781_at",2.18e-15,1.78e-16,9.15,26.5627681,1.03,"VPS9 domain containing 1","ILMN_1693630",0.02099419,0.00331,-3.1793149,-2.0645,-0.6490758,"VPS9 domain containing 1"
"1061","VRK1","203856_at",6.55e-16,5.03e-17,9.36,27.8120856,0.7,"vaccinia related kinase 1","ILMN_1805828",0.00028952,5.01e-06,5.4927468,4.08052,1.3772714,"vaccinia related kinase 1"
"1062","VSNL1","203798_s_at",9.64e-26,2.46e-27,13,51.390726,2.31,"visinin like 1","ILMN_2151114",0.00030544,5.44e-06,5.4643644,4.00222,1.2460034,"visinin like 1"
"1063","VWA1","218731_s_at",7.02e-11,9.46e-12,7.32,15.8104659,1.05,"von Willebrand factor A domain containing 1","ILMN_1781636",0.00603743,0.000547,-3.8481114,-0.384,-0.673788,"von Willebrand factor A domain containing 1"
"1064","WASF2","224563_at",1.56e-05,3.95e-06,-4.77,3.1700417,-1.06,"WAS protein family member 2","ILMN_1684051",0.00977988,0.0011,-3.5921878,-1.04258,-1.1251092,"WAS protein family member 2"
"1065","WDR11","229694_at",0.0141,0.00555,-2.81,-3.6703737,-0.722,"WD repeat domain 11","ILMN_1662896",0.02428713,0.00407,3.0990346,-2.25627,0.8139636,"WD repeat domain 11"
"1066","WDR12","218512_at",1.69e-26,4.03e-28,13.3,53.1892938,1.22,"WD repeat domain 12","ILMN_2045729",0.00060351,1.65e-05,5.0801095,2.94232,1.0134858,"WD repeat domain 12"
"1067","WDR13","238782_at",7.05e-05,1.94e-05,-4.4,1.6396921,-0.66,"WD repeat domain 13","ILMN_1805512",0.00266668,0.000165,-4.2772127,0.75217,-1.0719256,"WD repeat domain 13"
"1068","WDR27","235576_at",2.5e-06,5.73e-07,5.2,5.0358351,0.903,"WD repeat domain 27","ILMN_1688160",0.00872001,0.000927,3.6562377,-0.87935,0.7018326,"WD repeat domain 27"
"1069","WDR35","226889_at",1.21e-13,1.2e-14,-8.46,22.3939705,-0.594,"WD repeat domain 35","ILMN_1789879",0.04739069,0.0103,2.7298826,-3.10323,0.8143127,"WD repeat domain 35"
"1070","WDR5","223308_s_at",3.99e-25,1.1e-26,12.8,49.9030218,1.2,"WD repeat domain 5","ILMN_1728626",0.0399954,0.00817,-2.8236205,-2.89397,-0.629911,"WD repeat domain 5"
"1071","WDR53","227814_at",2.63e-39,1.42e-41,18.2,84.0112575,1.51,"WD repeat domain 53","ILMN_1724986",0.00847562,0.000892,3.6704474,-0.84298,0.7094043,"WD repeat domain 53"
"1072","WDR60","229008_at",1.56e-11,1.95e-12,-7.6,17.3662761,-1.28,"WD repeat domain 60","ILMN_1793290",0.00043153,9.75e-06,5.2623396,3.44477,1.2669499,"WD repeat domain 60"
"1073","WDR61","215156_at",7.47e-22,2.94e-23,-11.6,42.055006,-1.35,"WD repeat domain 61","ILMN_1665887",0.03916417,0.00794,2.8351426,-2.86797,0.7482606,"WD repeat domain 61"
"1074","WDR66","230193_at",1.41e-10,1.97e-11,7.19,15.0871708,2.13,"WD repeat domain 66","ILMN_1800341",0.01064507,0.00125,3.5463514,-1.15869,1.6433229,"WD repeat domain 66"
"1075","WDSUB1","226668_at",1.44e-21,5.9e-23,-11.5,41.3647007,-0.72,"WD repeat, sterile alpha motif and U-box domain containing 1","ILMN_1735275",0.0060175,0.000544,3.8500815,-0.37887,0.8249764,"WD repeat, sterile alpha motif and U-box domain containing 1"
"1076","WFS1","202908_at",1.47e-26,3.48e-28,-13.3,53.3352875,-1.04,"wolframin ER transmembrane glycoprotein","ILMN_1759023",0.00019737,3e-06,-5.6713897,4.57306,-1.2793719,"wolframin ER transmembrane glycoprotein"
"1077","WIPI2","214699_x_at",2.07e-08,3.71e-09,6.22,9.9471168,0.722,"WD repeat domain, phosphoinositide interacting 2","ILMN_2321292",0.01731227,0.00254,-3.2805181,-1.81931,-0.6674013,"WD repeat domain, phosphoinositide interacting 2"
"1078","WTAP","210285_x_at",0.000602,0.000189,3.82,-0.5260164,0.615,"Wilms tumor 1 associated protein","ILMN_1748904",0.0386381,0.00778,2.8436015,-2.84883,0.8216277,"Wilms tumor 1 associated protein"
"1079","YEATS4","218911_at",9.5e-09,1.63e-09,6.38,10.7508356,0.634,"YEATS domain containing 4","ILMN_1801387",0.00047468,1.11e-05,5.2158357,3.31648,1.5511245,"YEATS domain containing 4"
"1080","YIF1B","226437_at",1.65e-10,2.32e-11,7.16,14.9273971,0.771,"Yip1 interacting factor homolog B, membrane trafficking protein","ILMN_2363668",0.01110508,0.00132,-3.5250683,-1.21239,-0.7961367,"Yip1 interacting factor homolog B, membrane trafficking protein"
"1081","YPEL3","232077_s_at",1.05e-11,1.29e-12,-7.67,17.772773,-0.969,"yippee like 3","ILMN_1791147",0.00936482,0.00104,-3.6145522,-0.98571,-0.8305849,"yippee like 3"
"1082","ZBTB16","205883_at",2.05e-29,3.38e-31,-14.4,60.2379632,-4.08,"zinc finger and BTB domain containing 16","ILMN_2305407",0.03777335,0.00753,-2.8567465,-2.81904,-1.1766706,"zinc finger and BTB domain containing 16"
"1083","ZBTB47","226500_at",2.42e-12,2.75e-13,-7.94,19.297875,-0.694,"zinc finger and BTB domain containing 47","ILMN_1699440",0.00340644,0.000236,-4.1487732,0.40858,-0.7398402,"zinc finger and BTB domain containing 47"
"1084","ZBTB8OS","228970_at",3.23e-27,7.06e-29,13.6,54.9226024,0.695,"zinc finger and BTB domain containing 8 opposite strand","ILMN_2057399",0.00136233,5.84e-05,4.6408803,1.73716,1.366728,"zinc finger and BTB domain containing 8 opposite strand"
"1085","ZC3H14","242443_at",9.81e-12,1.2e-12,-7.69,17.8488818,-0.608,"zinc finger CCCH-type containing 14","ILMN_2335669",0.01954555,0.00298,3.219039,-1.96871,1.0167822,"zinc finger CCCH-type containing 14"
"1086","ZC3H8","223506_at",2.18e-18,1.27e-19,10.3,33.741586,0.886,"zinc finger CCCH-type containing 8","ILMN_1657837",0.00766553,0.000768,3.7248666,-0.70323,0.6220357,"zinc finger CCCH-type containing 8"
"1087","ZCCHC6","242776_at",0.00363,0.00129,3.27,-2.327956,0.687,"zinc finger CCHC-type containing 6","ILMN_1779677",0.00155761,7.24e-05,4.5656612,1.53221,1.6474186,"zinc finger CCHC-type containing 6"
"1088","ZCCHC7","230332_at",5.23e-08,9.81e-09,-6.03,8.995793,-0.843,"zinc finger CCHC-type containing 7","ILMN_1744980",0.00078796,2.56e-05,4.9279044,2.52345,1.2065279,"zinc finger CCHC-type containing 7"
"1089","ZDHHC12","226088_at",1.15e-16,8.13e-18,9.65,29.6176959,0.715,"zinc finger DHHC-type containing 12","ILMN_1703370",0.00242637,0.000143,-4.3259459,0.8832,-1.0183995,"zinc finger DHHC-type containing 12"
"1090","ZDHHC9","235015_at",1.45e-09,2.27e-10,-6.75,12.684589,-0.809,"zinc finger DHHC-type containing 9","ILMN_1803824",0.03865777,0.00778,-2.8432563,-2.84962,-0.7353495,"zinc finger DHHC-type containing 9"
"1091","ZFAND2A","226650_at",1.37e-22,4.92e-24,11.9,43.8323589,1.12,"zinc finger AN1-type containing 2A","ILMN_1694671",0.00060038,1.63e-05,5.0839892,2.953,1.0451874,"zinc finger AN1-type containing 2A"
"1092","ZMYM2","226512_at",2.41e-15,1.97e-16,-9.14,26.4617273,-0.766,"zinc finger MYM-type containing 2","ILMN_1661636",0.00845813,0.000888,3.6718652,-0.83935,1.1154755,"zinc finger MYM-type containing 2"
"1093","ZNF165","206683_at",2.65e-35,2.24e-37,16.6,74.3939725,3.37,"zinc finger protein 165","ILMN_1806502",0.02998051,0.0055,2.9818332,-2.53162,1.2943756,"zinc finger protein 165"
"1094","ZNF182","235810_at",2.11e-12,2.38e-13,-7.96,19.442396,-1.21,"zinc finger protein 182","ILMN_2337835",0.02333124,0.00385,3.1206303,-2.20493,0.6809368,"zinc finger protein 182"
"1095","ZNF24","203247_s_at",0.000218,6.43e-05,-4.1,0.4954565,-0.608,"zinc finger protein 24","ILMN_1654357",0.02971796,0.00542,2.9876274,-2.51814,0.9002582,"zinc finger protein 24"
"1096","ZNF25","228185_at",2.75e-12,3.15e-13,-7.91,19.1659079,-0.622,"zinc finger protein 25","ILMN_1808765",0.00498453,0.00041,3.9517954,-0.11274,1.2544123,"zinc finger protein 25"
"1097","ZNF264","205917_at",5.53e-10,8.3e-11,-6.93,13.674179,-1.53,"zinc finger protein 264","ILMN_1795435",0.0385708,0.00775,-2.8448586,-2.84599,-0.7653597,"zinc finger protein 264"
"1098","ZNF277","215887_at",6.76e-09,1.14e-09,-6.45,11.1010251,-0.643,"zinc finger protein 277","ILMN_1681628",0.00047468,1.12e-05,5.2143558,3.3124,1.5905073,"zinc finger protein 277"
"1099","ZNF282","212892_at",6.94e-11,9.34e-12,7.33,15.8231483,1,"zinc finger protein 282","ILMN_1668185",0.00011405,1.24e-06,-5.9790337,5.41885,-1.1368626,"zinc finger protein 282"
"1100","ZNF302","228393_s_at",1.32e-29,2.12e-31,-14.5,60.7018135,-1.24,"zinc finger protein 302","ILMN_2307450",0.00335805,0.000231,4.1569242,0.43031,1.2064525,"zinc finger protein 302"
"1101","ZNF32","209538_at",1.03e-13,1.01e-14,-8.49,22.5596552,-0.629,"zinc finger protein 32","ILMN_1695362",0.00125766,5.2e-05,4.6810953,1.84696,0.8217738,"zinc finger protein 32"
"1102","ZNF33B","1558586_at",2.14e-12,2.41e-13,-7.96,19.4275134,-1.36,"zinc finger protein 33B","ILMN_1742935",0.00228713,0.000132,4.3554803,0.96277,1.3207998,"zinc finger protein 33B"
"1103","ZNF414","239145_at",8.83e-05,2.46e-05,4.34,1.4124497,0.609,"zinc finger protein 414","ILMN_1771093",0.00079968,2.61e-05,-4.9203667,2.50273,-0.7597134,"zinc finger protein 414"
"1104","ZNF415","205514_at",1.45e-11,1.8e-12,-7.61,17.4465067,-1.56,"zinc finger protein 415","ILMN_1664292",0.04106103,0.00844,2.8104497,-2.92363,0.7043566,"zinc finger protein 415"
"1105","ZNF451","1556060_a_at",1.22e-06,2.7e-07,-5.36,5.7658059,-1.11,"zinc finger protein 451","ILMN_1706734",0.0052255,0.00044,3.9266685,-0.17869,1.1870669,"zinc finger protein 451"
"1106","ZNF518A","244132_x_at",7.24e-15,6.22e-16,-8.95,25.32168,-0.789,"zinc finger protein 518A","ILMN_1742541",0.04719942,0.0102,2.7323829,-3.0977,0.9264746,"zinc finger protein 518A"
"1107","ZNF585A","229794_at",1.2e-07,2.35e-08,-5.86,8.1442107,-0.724,"zinc finger protein 585A","ILMN_1764415",3.36e-06,2.25e-09,8.2599727,11.42684,1.8464225,"zinc finger protein 585A"
"1108","ZNF644","229684_s_at",0.0142,0.00563,-2.8,-3.6818721,-0.585,"zinc finger protein 644","ILMN_1730118",0.00771707,0.000774,3.7220603,-0.71046,0.7957635,"zinc finger protein 644"
"1109","ZNF75A","242633_x_at",9.03e-18,5.61e-19,-10.1,32.2694248,-0.685,"zinc finger protein 75a","ILMN_1666552",0.02703223,0.00474,3.0400893,-2.39546,0.8209133,"zinc finger protein 75a"
"1110","ZNF768","218916_at",1.57e-14,1.39e-15,-8.82,24.5245339,-0.911,"zinc finger protein 768///zinc finger protein 747","ILMN_1791820",0.01588755,0.00224,-3.3272163,-1.70494,-0.6141349,"zinc finger protein 768"
"1111","ZSCAN31","222016_s_at",3.94e-19,2.11e-20,10.6,35.5246031,1.67,"zinc finger and SCAN domain containing 31","ILMN_1655748",0.00056469,1.48e-05,5.1174961,3.04534,1.1544354,"zinc finger and SCAN domain containing 31"
"1112","ZWINT","204026_s_at",4.03e-20,1.94e-21,11,37.892928,0.932,"ZW10 interacting kinetochore protein","ILMN_2362549",0.00645954,0.000602,3.8134657,-0.47411,0.6723859,"ZW10 interacting kinetochore protein"
"1113","ZZZ3","229325_at",2.64e-10,3.82e-11,-7.08,14.438399,-0.781,"zinc finger ZZ-type containing 3","ILMN_1653618",0.00756157,0.000753,3.7323875,-0.68386,1.0902561,"zinc finger ZZ-type containing 3"
