"","Gene.symbol","ID.VL","adj.P.Val.VL","P.Value.VL","t.VL","B.VL","logFC.VL","Gene.title.VL","ID.HS","adj.P.Val.HS","P.Value.HS","t.HS","B.HS","logFC.HS","Gene.title.HS"
"1","AAED1","ILMN_1717229",0.00592928,0.00053,3.8598374,-0.35344,1.082205,"AhpC/TSA antioxidant enzyme domain containing 1","227534_at",9.71e-06,1.03e-06,6.3673514,5.408758,0.94646776,"AhpC/TSA antioxidant enzyme domain containing 1"
"2","ABHD12","ILMN_2245305",0.01482068,0.00201,-3.3680685,-1.60428,-0.6510646,"abhydrolase domain containing 12","228124_at",0.000183,3.44e-05,-5.0059202,1.917958,-0.69958915,"abhydrolase domain containing 12"
"3","ABHD14A","ILMN_1794213",0.02097139,0.0033,-3.1799755,-2.06292,-0.6524567,"abhydrolase domain containing 14A","210006_at",7.07e-05,1.12e-05,5.4379756,3.036365,0.75641054,"abhydrolase domain containing 14A///aminoacylase 1"
"4","ABI3","ILMN_1755658",0.00661693,0.000625,-3.8001245,-0.50873,-0.7708603,"ABI family member 3","223615_at",1.62e-08,2.9e-10,9.9257746,13.571249,1.38397203,"ABI family member 3"
"5","ABLIM2","ILMN_1758825",0.00364409,0.00026,-4.1146462,0.31775,-0.8183847,"actin binding LIM protein family member 2","228132_at",0.00111,0.000287,-4.1958948,-0.171583,-0.79588965,"actin binding LIM protein family member 2"
"6","ACAA2","ILMN_1660199",0.01182584,0.00145,3.4899491,-1.30072,0.7129633,"acetyl-CoA acyltransferase 2","202002_at",1.71e-07,6.65e-09,8.4762988,10.449222,0.61052869,"acetyl-CoA acyltransferase 2"
"7","ACAT1","ILMN_1800008",0.03651638,0.00719,2.8750528,-2.77741,0.7069348,"acetyl-CoA acetyltransferase 1","1559239_s_at",0.000904,0.000225,-4.2894282,0.067615,-0.8693785,"acetyl-CoA acetyltransferase 1"
"8","ACER3","ILMN_1812552",0.00364409,0.00026,4.1144945,0.31734,0.6730827,"alkaline ceramidase 3","222689_at",4.84e-08,1.29e-09,9.2202897,12.087356,0.9405161,"alkaline ceramidase 3"
"9","ACP2","ILMN_2104830",0.00447043,0.000346,-4.0126975,0.04765,-0.6030181,"acid phosphatase 2, lysosomal","202767_at",1.04e-08,1.63e-10,10.2062109,14.142656,1.32693433,"acid phosphatase 2, lysosomal"
"10","ACP5","ILMN_2078599",0.02647422,0.0046,-3.0517231,-2.3681,-0.593246,"acid phosphatase 5, tartrate resistant","204638_at",5.38e-07,2.86e-08,7.8411987,8.991186,1.52187236,"acid phosphatase 5, tartrate resistant"
"11","ACSF2","ILMN_1711928",0.01060497,0.00124,-3.5482192,-1.15397,-0.6163694,"acyl-CoA synthetase family member 2","218844_at",0.00493,0.00166,-3.5138218,-1.87842,-0.64895525,"acyl-CoA synthetase family member 2"
"12","ACSL4","ILMN_1683598",0.00843835,0.000885,3.6732754,-0.83574,0.9656529,"acyl-CoA synthetase long-chain family member 4","202422_s_at",1.31e-05,1.49e-06,6.2211227,5.040047,0.8208624,"acyl-CoA synthetase long-chain family member 4"
"13","ACVR1B","ILMN_2243308",0.0493831,0.0109,-2.7074732,-3.15262,-0.6651741,"activin A receptor type 1B","208218_s_at",0.000619,0.000144,-4.4609683,0.5083,-0.71836458,"activin A receptor type 1B"
"14","ADAMTS1","ILMN_1673566",0.04405013,0.00931,2.7710073,-3.01194,0.9125307,"ADAM metallopeptidase with thrombospondin type 1 motif 1","222162_s_at",4.67e-06,4.24e-07,6.7223722,6.294974,1.31855105,"ADAM metallopeptidase with thrombospondin type 1 motif 1"
"15","ADAP1","ILMN_2047511",0.01652667,0.00237,-3.3060751,-1.75681,-1.0299766,"ArfGAP with dual PH domains 1","90265_at",5.99e-05,9.16e-06,5.513929,3.232368,0.79510902,"ArfGAP with dual PH domains 1"
"16","ADGRG1","ILMN_2352097",0.0447327,0.00951,-2.7621889,-3.03159,-0.8312674,"adhesion G protein-coupled receptor G1","206582_s_at",0.000102,1.73e-05,-5.2684947,2.598191,-0.61505364,"adhesion G protein-coupled receptor G1"
"17","AGAP6","ILMN_2209578",0.01641712,0.00236,3.3087262,-1.75032,1.1175358,"ArfGAP with GTPase domain, ankyrin repeat and PH domain 6","242393_x_at",0.00013,2.31e-05,-5.1585525,2.313502,-0.65202736,"ArfGAP with GTPase domain, ankyrin repeat and PH domain 6"
"18","AGFG2","ILMN_1703228",0.00059733,1.61e-05,-5.0876697,2.96314,-0.7365093,"ArfGAP with FG repeats 2","222362_at",4.96e-09,5.56e-11,-10.7460353,15.213746,-1.69429935,"ArfGAP with FG repeats 2"
"19","AGPS","ILMN_1698209",0.00413329,0.000311,4.0507371,0.1482,0.9182704,"alkylglycerone phosphate synthase","205401_at",3.16e-09,2.89e-11,11.0816721,15.860987,0.98595529,"alkylglycerone phosphate synthase"
"20","AGTPBP1","ILMN_1718071",0.01466597,0.00199,3.3731219,-1.59178,0.8705634,"ATP/GTP binding protein 1","242008_at",0.000405,8.75e-05,-4.6502388,0.996766,-0.9207674,NA
"21","AGTRAP","ILMN_2307656",0.01195114,0.00148,-3.4833377,-1.3173,-0.5929717,"angiotensin II receptor associated protein","225059_at",2.53e-07,1.09e-08,8.2583369,9.954987,1.01778527,"angiotensin II receptor associated protein"
"22","AHSA2","ILMN_1798308",0.02653862,0.00462,3.0499915,-2.37218,1.2324498,"AHA1, activator of heat shock 90kDa protein ATPase homolog 2 (yeast)","230148_at",2.98e-06,2.46e-07,-6.9432534,6.839386,-0.78939569,"AHA1, activator of heat shock 90kDa protein ATPase homolog 2 (yeast)"
"23","AIF1","ILMN_1792473",0.01097107,0.0013,3.5309648,-1.19753,0.8874445,"allograft inflammatory factor 1","213095_x_at",1.36e-07,4.86e-09,8.6154621,10.761388,1.16394457,"allograft inflammatory factor 1"
"24","AIM1L","ILMN_1669557",0.02700073,0.00473,-3.0407924,-2.39381,-0.7011367,"absent in melanoma 1-like","220289_s_at",0.000615,0.000143,-4.4636942,0.51532,-0.87820809,"absent in melanoma 1-like"
"25","AKR1B10","ILMN_1672148",1.813e-05,3.7e-08,7.2234893,8.76967,2.2752749,"aldo-keto reductase family 1 member B10","206561_s_at",0.00425,0.0014,3.5827111,-1.709959,1.77668876,"aldo-keto reductase family 1 member B10"
"26","AKTIP","ILMN_1665982",0.02832932,0.00505,3.0149113,-2.45448,0.7233242,"AKT interacting protein","223894_s_at",0.000226,4.41e-05,-4.9118036,1.674015,-0.6421899,"AKT interacting protein"
"27","ALDH7A1","ILMN_1687508",0.01126008,0.00135,3.5163811,-1.23428,0.7279067,"aldehyde dehydrogenase 7 family member A1","213591_at",5.8e-05,8.82e-06,-5.5284302,3.269759,-0.83353744,"aldehyde dehydrogenase 7 family member A1"
"28","ALG5","ILMN_1664449",0.02796462,0.00497,3.0215512,-2.43894,0.769476,"ALG5, dolichyl-phosphate beta-glucosyltransferase","222556_at",3.13e-06,2.61e-07,6.919145,6.780238,0.88403713,"ALG5, dolichyl-phosphate beta-glucosyltransferase"
"29","ALOXE3","ILMN_1678255",0.04127085,0.00851,-2.8074763,-2.93031,-0.8650142,"arachidonate lipoxygenase 3","207708_at",8.68e-08,2.72e-09,-8.8768085,11.340475,-2.00964312,"arachidonate lipoxygenase 3"
"30","ANGPTL4","ILMN_1707727",0.03819247,0.00765,-2.8504171,-2.83339,-0.616771,"angiopoietin like 4","221009_s_at",0.00175,0.000492,3.9891517,-0.696786,0.86478826,"angiopoietin like 4"
"31","ANK3","ILMN_2390609",0.04500497,0.00958,2.7590252,-3.03862,0.7044751,"ankyrin 3, node of Ranvier (ankyrin G)","206385_s_at",4.18e-08,1.06e-09,-9.3099542,12.279681,-1.24442441,"ankyrin 3, node of Ranvier (ankyrin G)"
"32","ANKRD10","ILMN_2115218",0.00519003,0.000435,3.9308214,-0.1678,0.6767634,"ankyrin repeat domain 10","239116_at",0.0251,0.0112,2.732871,-3.690684,0.58552422,"ankyrin repeat domain 10"
"33","ANKRD13C","ILMN_2148507",0.01225987,0.00153,3.4704137,-1.34969,0.7548847,"ankyrin repeat domain 13C","1556361_s_at",0.0083,0.00305,-3.2716426,-2.461203,-0.61391862,"ankyrin repeat domain 13C"
"34","ANLN","ILMN_1739645",0.00745713,0.000735,3.740931,-0.66183,2.0315686,"anillin actin binding protein","222608_s_at",0.00146,0.000397,-4.0713383,-0.488644,-0.74879019,"anillin actin binding protein"
"35","ANXA11","ILMN_1807003",0.04512854,0.00962,-2.7574369,-3.04216,-0.6702948,"annexin A11","228727_at",0.000263,5.27e-05,-4.8432767,1.496442,-0.79289033,"annexin A11"
"36","ANXA2R","ILMN_2098616",0.01789963,0.00265,3.2646166,-1.85808,1.0181266,"annexin A2 receptor","227877_at",5.69e-08,1.58e-09,9.1246408,11.88099,1.14091751,"annexin A2 receptor"
"37","APCDD1L","ILMN_1689431",0.01314738,0.0017,-3.4311783,-1.44768,-0.9571712,"APC down-regulated 1 like","235548_at",0.0234,0.0103,2.7695187,-3.610568,0.8090028,"APC down-regulated 1 like"
"38","APOD","ILMN_1780170",0.00047468,1.12e-05,-5.2140236,3.31148,-1.7934745,"apolipoprotein D","201525_at",0.0434,0.0214,-2.4509338,-4.28651,-0.59472934,"apolipoprotein D"
"39","APOE","ILMN_1740938",0.00605211,0.00055,-3.8463329,-0.38863,-1.2549723,"apolipoprotein E","212883_at",0.00269,0.000817,3.7923091,-1.191199,0.98180058,NA
"40","APOOL","ILMN_1777483",0.01816435,0.0027,3.2572367,-1.87605,1.2788763,"apolipoprotein O like","213289_at",0.000191,3.63e-05,-4.9863421,1.867211,-0.70300888,"apolipoprotein O like"
"41","AR","ILMN_1767351",0.03696277,0.0073,-2.8687712,-2.79171,-0.6705351,"androgen receptor","226197_at",0.00197,0.000564,-3.9358778,-0.831199,-0.84481639,"androgen receptor"
"42","ARF3","ILMN_1682938",0.00298034,0.000194,-4.2186942,0.5953,-0.9485949,"ADP ribosylation factor 3","211622_s_at",3.95e-06,3.48e-07,6.8026889,6.493577,0.75783611,"ADP ribosylation factor 3"
"43","ARFGAP3","ILMN_1731287",0.01038725,0.0012,3.5607159,-1.12237,0.8979759,"ADP ribosylation factor GTPase activating protein 3","202211_at",8.61e-07,5.15e-08,7.5919141,8.404142,0.68552428,"ADP ribosylation factor GTPase activating protein 3"
"44","ARG1","ILMN_1812281",0.02797078,0.00497,3.0213343,-2.43945,1.397024,"arginase 1","206177_s_at",0.00513,0.00174,-3.4956325,-1.922715,-0.99763775,"arginase 1"
"45","ARL6IP6","ILMN_1797964",0.02013612,0.00312,3.2019665,-2.00995,0.8952796,"ADP ribosylation factor like GTPase 6 interacting protein 6","225711_at",1.96e-05,2.42e-06,-6.0306438,4.556854,-0.62021576,"ADP ribosylation factor like GTPase 6 interacting protein 6"
"46","ARMC8","ILMN_1781151",0.01284059,0.00165,3.4439042,-1.41595,0.7398211,"armadillo repeat containing 8","236966_at",2.44e-05,3.14e-06,-5.9286804,4.29696,-1.36085451,"armadillo repeat containing 8"
"47","ARV1","ILMN_1800935",0.00918818,0.00101,3.6260375,-0.95645,0.8700429,"ARV1 homolog, fatty acid homeostasis modulator","238140_at",6.33e-05,9.79e-06,-5.4882451,3.166118,-1.30613358,"ARV1 homolog, fatty acid homeostasis modulator"
"48","ASCL2","ILMN_1723412",0.00454873,0.000357,-4.0014601,0.018,-0.9522263,"achaete-scute family bHLH transcription factor 2","229215_at",6.43e-05,9.96e-06,-5.4814102,3.148483,-0.68951616,"achaete-scute family bHLH transcription factor 2"
"49","ATF5","ILMN_1669113",0.00312559,0.00021,-4.1912109,0.52181,-0.7470307,"activating transcription factor 5","204998_s_at",9.94e-07,6.17e-08,7.5157088,8.223064,1.33987591,"activating transcription factor 5"
"50","ATG4C","ILMN_1700923",0.0031852,0.000215,4.1821532,0.49762,1.0630379,"autophagy related 4C cysteine peptidase","228190_at",4.85e-08,1.29e-09,9.21872,12.08398,0.59441033,"autophagy related 4C cysteine peptidase"
"51","ATG5","ILMN_1718265",0.01640022,0.00235,3.3092477,-1.74904,0.6566303,"autophagy related 5","210639_s_at",0.00012,2.09e-05,5.1977824,2.415116,0.58987019,"autophagy related 5"
"52","ATL2","ILMN_1716384",0.04161031,0.00861,2.8024384,-2.94163,0.871605,"atlastin GTPase 2","1553603_s_at",2.5e-06,1.98e-07,-7.0311483,7.054445,-0.71640786,"atlastin GTPase 2"
"53","ATP11B","ILMN_1658884",0.04925794,0.0108,2.7087023,-3.14992,0.8040641,"ATPase phospholipid transporting 11B (putative)","238811_at",0.00309,0.000958,-3.7303164,-1.345537,-0.77977322,"ATPase phospholipid transporting 11B (putative)"
"54","ATP5C1","ILMN_1701269",0.00702849,0.000682,3.7683984,-0.59089,1.3998656,"ATP synthase, H+ transporting, mitochondrial F1 complex, gamma polypeptide 1","214132_at",5.21e-05,7.74e-06,-5.5788311,3.399635,-0.75990451,"ATP synthase, H+ transporting, mitochondrial F1 complex, gamma polypeptide 1"
"55","ATP5H","ILMN_1666372",0.00668503,0.000633,3.7952649,-0.52133,1.1021988,"ATP synthase, H+ transporting, mitochondrial Fo complex subunit D","1555998_at",4.04e-06,3.58e-07,-6.791404,6.465716,-0.86690992,"ATP synthase, H+ transporting, mitochondrial Fo complex subunit D"
"56","ATP5S","ILMN_1679188",0.02354437,0.00391,3.1149346,-2.21849,0.7178415,"ATP synthase, H+ transporting, mitochondrial Fo complex subunit s (factor B)","239859_x_at",5.53e-06,5.21e-07,-6.6401027,6.0908,-0.63240341,"ATP synthase, H+ transporting, mitochondrial Fo complex subunit s (factor B)"
"57","ATP5SL","ILMN_1809027",0.04402023,0.0093,-2.7713794,-3.01111,-0.6123843,"ATP5S like","1557759_at",4.83e-05,7.08e-06,-5.6134625,3.488798,-1.09070612,"ATP5S like"
"58","ATP6V1C1","ILMN_1659801",0.01345506,0.00176,3.4192264,-1.47744,0.7456202,"ATPase H+ transporting V1 subunit C1","202872_at",2.44e-06,1.93e-07,7.0434778,7.084539,0.7362041,"ATPase H+ transporting V1 subunit C1"
"59","ATP8B4","ILMN_1783956",0.00167475,8e-05,4.5307931,1.43739,0.6779693,"ATPase phospholipid transporting 8B4 (putative)","220416_at",0.00434,0.00143,3.5726991,-1.734509,0.67330596,"ATPase phospholipid transporting 8B4 (putative)"
"60","ATP9A","ILMN_2089073",0.00836464,0.000872,-3.6785778,-0.82215,-0.8388448,"ATPase phospholipid transporting 9A (putative)","216129_at",1.13e-06,7.27e-08,-7.4466846,8.058402,-1.1276978,"ATPase phospholipid transporting 9A (putative)"
"61","ATPIF1","ILMN_1727332",0.00110484,4.22e-05,4.7539818,2.04629,1.3139001,"ATPase inhibitory factor 1","223339_at",1.51e-07,5.64e-09,-8.549441,10.613622,-0.64956162,"ATPase inhibitory factor 1"
"62","ATXN3","ILMN_2393497",0.01657895,0.00239,3.3040913,-1.76167,0.810649,"ataxin 3","217321_x_at",6.29e-05,9.71e-06,-5.4911939,3.173726,-0.58643062,"ataxin 3"
"63","AURKA","ILMN_2357438",0.01186649,0.00147,3.4868812,-1.30842,0.6681987,"aurora kinase A","208080_at",0.000359,7.6e-05,4.7039179,1.135602,0.76804333,"aurora kinase A"
"64","B3GALT4","ILMN_1690682",0.00407841,0.000306,-4.0566863,0.16395,-0.8842282,"beta-1,3-galactosyltransferase 4","216065_at",0.000238,4.69e-05,-4.8881974,1.612838,-0.5876829,"beta-1,3-galactosyltransferase 4"
"65","B3GALT6","ILMN_1739749",0.00275711,0.000173,-4.2600569,0.70613,-0.9067917,"beta-1,3-galactosyltransferase 6","1553959_a_at",0.000134,2.38e-05,5.1473649,2.284519,0.86764586,"beta-1,3-galactosyltransferase 6"
"66","B4GALT7","ILMN_1663541",0.01151699,0.0014,-3.5044894,-1.2642,-0.6077958,"beta-1,4-galactosyltransferase 7","53076_at",4.5e-06,4.07e-07,6.7394198,6.337189,1.01072118,"beta-1,4-galactosyltransferase 7"
"67","BACE2","ILMN_1669323",0.00787447,8e-04,-3.710017,-0.74144,-0.6372916,"beta-site APP-cleaving enzyme 2","217867_x_at",4.55e-06,4.12e-07,6.7343921,6.324742,0.83275592,"beta-site APP-cleaving enzyme 2"
"68","BAIAP2","ILMN_1699727",0.00778193,0.000784,-3.7175465,-0.72207,-0.9431352,"BAI1 associated protein 2","205294_at",0.000385,8.25e-05,-4.6724668,1.054244,-0.68610725,"BAI1 associated protein 2"
"69","BCAP29","ILMN_2342084",0.00242121,0.000143,4.32715,0.88644,1.359445,"B-cell receptor-associated protein 29","230150_at",4.44e-07,2.23e-08,-7.9484981,9.241335,-0.89924374,"B-cell receptor-associated protein 29"
"70","BCAR1","ILMN_1672596",0.0008274,2.79e-05,-4.8976087,2.4402,-0.7064719,"BCAR1, Cas family scaffolding protein","223116_at",1.45e-06,1e-07,7.313177,7.738188,0.58537578,"BCAR1, Cas family scaffolding protein"
"71","BCHE","ILMN_2176592",0.02245237,0.00364,3.1426499,-2.1524,1.1445752,"butyrylcholinesterase","205433_at",0.002,0.000575,-3.9288291,-0.848951,-1.35978516,"butyrylcholinesterase"
"72","BCL2L1","ILMN_1654118",0.00484829,0.000394,-3.966547,-0.07396,-1.0330706,"BCL2 like 1","212312_at",5.91e-05,9.01e-06,5.5201233,3.248341,0.66299707,"BCL2 like 1"
"73","BEX2","ILMN_2181892",0.03014888,0.00554,2.9786293,-2.53907,0.7258358,"brain expressed X-linked 2","224367_at",0.00203,0.000586,-3.9213686,-0.867732,-0.84866125,"brain expressed X-linked 2"
"74","BGN","ILMN_2206746",0.00548433,0.000475,-3.8992005,-0.25063,-1.1231488,"biglycan","201262_s_at",5.59e-06,5.27e-07,6.6350353,6.0782,1.40761685,"biglycan"
"75","BLCAP","ILMN_1675612",0.04267092,0.00892,-2.7882618,-2.9734,-0.6809371,"bladder cancer associated protein","1557522_x_at",2.85e-06,2.33e-07,-6.9649978,6.892674,-1.10911913,NA
"76","BOLA3","ILMN_1786658",3.947e-05,2e-07,6.6197382,7.16174,1.6121667,"bolA family member 3","227291_s_at",3.16e-05,4.29e-06,5.8078564,3.987975,0.64022238,"bolA family member 3"
"77","BTG3","ILMN_1707339",0.02335696,0.00386,3.1199703,-2.2065,0.9760454,"BTG anti-proliferation factor 3","215425_at",1.3e-06,8.71e-08,-7.3713661,7.878031,-1.34794136,"BTG anti-proliferation factor 3"
"78","BUB1","ILMN_2202948",0.03153793,0.00591,2.9533056,-2.59777,1.4362668,"BUB1 mitotic checkpoint serine/threonine kinase","209642_at",0.00199,0.000571,3.9314217,-0.842422,1.05361904,"BUB1 mitotic checkpoint serine/threonine kinase"
"79","C10orf99","ILMN_1802192",0.00071944,2.19e-05,4.9816844,2.67134,1.8205194,"chromosome 10 open reading frame 99","227736_at",0.0249,0.0111,2.7374663,-3.68067,1.23141362,"chromosome 10 open reading frame 99"
"80","C11orf96","ILMN_1677402",0.01658691,0.00239,-3.3037784,-1.76244,-0.7253861,"chromosome 11 open reading frame 96","227099_s_at",4.02e-06,3.55e-07,6.7941263,6.472438,1.37846956,"chromosome 11 open reading frame 96"
"81","C12orf29","ILMN_1792671",0.00977232,0.0011,3.5928281,-1.04095,1.1584999,"chromosome 12 open reading frame 29","213701_at",2.74e-06,2.22e-07,-6.9862318,6.944659,-0.71652297,"chromosome 12 open reading frame 29"
"82","C12orf4","ILMN_1751898",0.01201547,0.00149,3.479996,-1.32568,1.4195405,"chromosome 12 open reading frame 4","218374_s_at",3.98e-05,5.6e-06,5.7039751,3.721514,0.619497,"chromosome 12 open reading frame 4"
"83","C14orf37","ILMN_1796377",0.03117114,0.00583,2.9586006,-2.58552,0.5896138,"chromosome 14 open reading frame 37","1557176_a_at",1.22e-07,4.25e-09,8.6757157,10.895725,1.04496975,"chromosome 14 open reading frame 37"
"84","C15orf39","ILMN_1793729",3.258e-05,1.21e-07,-6.799112,7.64346,-1.4027833,"chromosome 15 open reading frame 39","215087_at",0.000345,7.26e-05,4.7211817,1.180274,1.18802381,"chromosome 15 open reading frame 39"
"85","C15orf41","ILMN_1747217",0.00809893,0.000836,3.6942462,-0.78196,0.7674878,"chromosome 15 open reading frame 41","224486_s_at",2.04e-07,8.26e-09,-8.3801397,10.231976,-0.70529408,"chromosome 15 open reading frame 41"
"86","C15orf59","ILMN_2141118",0.01460729,0.00197,-3.3757367,-1.58532,-0.8046121,"chromosome 15 open reading frame 59","230475_at",6.29e-05,9.73e-06,-5.4907723,3.172639,-0.69787664,"chromosome 15 open reading frame 59"
"87","C17orf62","ILMN_1750401",0.00170472,8.29e-05,-4.5183295,1.40353,-0.7748403,"chromosome 17 open reading frame 62","218130_at",1.36e-07,4.88e-09,8.613706,10.757465,1.31326341,"chromosome 17 open reading frame 62"
"88","C1GALT1C1","ILMN_1751234",0.00968477,0.00109,3.5972842,-1.02963,0.722402,"C1GALT1 specific chaperone 1","219283_at",1e-06,6.24e-08,7.5110746,8.212028,0.71641035,"C1GALT1 specific chaperone 1"
"89","C1orf106","ILMN_1713952",0.02812452,0.00501,-3.0179778,-2.44731,-0.8898249,"chromosome 1 open reading frame 106","219010_at",8.47e-07,5.05e-08,-7.5999704,8.423242,-1.43522365,"chromosome 1 open reading frame 106"
"90","C1orf53","ILMN_1661595",0.00153401,7.01e-05,4.5770367,1.56317,0.7336152,"chromosome 1 open reading frame 53","1558508_a_at",2.81e-06,2.29e-07,6.972383,6.910761,1.02091543,"chromosome 1 open reading frame 53"
"91","C21orf91","ILMN_1698166",0.00041778,9.21e-06,5.282055,3.49916,0.8684505,"chromosome 21 open reading frame 91","226109_at",2.23e-07,9.25e-09,-8.3306396,10.119652,-0.67231521,"chromosome 21 open reading frame 91"
"92","C22orf29","ILMN_1759595",0.01838979,0.00274,-3.2510076,-1.89119,-0.6770067,"chromosome 22 open reading frame 29","226204_at",4.98e-09,5.6e-11,-10.7425876,15.207024,-0.94388367,"chromosome 22 open reading frame 29///G protein subunit beta 1 like"
"93","C2orf40","ILMN_1676822",0.03492583,0.00679,2.8980377,-2.72493,0.7608111,"chromosome 2 open reading frame 40","223623_at",0.00137,0.000367,-4.1016233,-0.411722,-1.53407626,"chromosome 2 open reading frame 40"
"94","C2orf68","ILMN_1679771",0.00223872,0.000127,-4.3676704,0.99565,-0.9249999,"chromosome 2 open reading frame 68","221878_at",2.68e-06,2.16e-07,-6.9973722,6.971911,-0.62212921,"chromosome 2 open reading frame 68"
"95","C3orf14","ILMN_2224486",7.681e-05,6.31e-07,6.2146024,6.06316,1.5358308,"chromosome 3 open reading frame 14","236068_s_at",0.00436,0.00144,-3.571003,-1.738666,-0.6550656,"chromosome 3 open reading frame 14"
"96","C5","ILMN_1746819",0.00069509,2.08e-05,5.0000524,2.72188,1.2003836,"complement component 5","205500_at",2.67e-07,1.17e-08,-8.2281155,9.885949,-0.72448831,"complement component 5"
"97","C5orf46","ILMN_1718866",0.02105879,0.00333,3.1772852,-2.06938,1.1333679,"chromosome 5 open reading frame 46","1554195_a_at",0.000181,3.39e-05,-5.0121738,1.934167,-2.25469931,"chromosome 5 open reading frame 46"
"98","C9orf72","ILMN_1762508",0.00778191,0.000783,3.7179241,-0.7211,1.30686,"chromosome 9 open reading frame 72","1553133_at",0.00596,0.00208,3.4259898,-2.091559,0.76456569,"chromosome 9 open reading frame 72"
"99","CAB39L","ILMN_1783598",0.00098467,3.6e-05,4.8095376,2.1985,1.288323,"calcium binding protein 39 like","221003_s_at",1.63e-05,1.93e-06,-6.1201117,4.784201,-0.90842243,"calcium binding protein 39 like"
"100","CABLES1","ILMN_1653001",0.00259785,0.000158,-4.2907429,0.78852,-0.8709491,"Cdk5 and Abl enzyme substrate 1","225532_at",3.09e-07,1.4e-08,-8.1485541,9.703607,-0.81124544,"Cdk5 and Abl enzyme substrate 1"
"101","CALCOCO1","ILMN_1774427",0.00302598,2e-04,-4.2077163,0.56593,-0.7388694,"calcium binding and coiled-coil domain 1","209002_s_at",8.62e-09,1.27e-10,-10.3318699,14.395346,-0.81092682,"calcium binding and coiled-coil domain 1"
"102","CALD1","ILMN_1730487",6.55e-05,4.93e-07,6.3007273,6.2978,1.7774111,"caldesmon 1","201615_x_at",0.00135,0.000361,4.1083492,-0.394624,0.82482663,"caldesmon 1"
"103","CALM3","ILMN_1666385",0.02936098,0.00533,-2.9936791,-2.50405,-0.6899508,"calmodulin 3","200622_x_at",1.29e-09,7.97e-12,11.7647666,17.135436,1.01603002,"calmodulin 3///calmodulin 2///calmodulin 1"
"104","CAMK1D","ILMN_1751561",0.04896201,0.0108,-2.7118296,-3.14304,-0.8307746,"calcium/calmodulin dependent protein kinase ID","235626_at",4.03e-05,5.7e-06,-5.6974502,3.704754,-0.64189344,"calcium/calmodulin dependent protein kinase ID"
"105","CAMSAP3","ILMN_2273609",0.00030727,5.52e-06,-5.4594039,3.98853,-0.9685012,"calmodulin regulated spectrin associated protein family member 3","226494_at",2.72e-09,2.32e-11,-11.1960724,16.078386,-1.19692675,"calmodulin regulated spectrin associated protein family member 3"
"106","CAPN1","ILMN_1705261",0.03559523,0.00695,-2.8885194,-2.74669,-0.7817345,"calpain 1","232012_at",4.46e-06,4.03e-07,-6.7431701,6.346471,-0.97841008,"calpain 1"
"107","CAPN3","ILMN_1687971",0.03777335,0.00753,-2.8568072,-2.8189,-0.8047958,"calpain 3","210944_s_at",1.68e-07,6.44e-09,-8.490237,10.480606,-1.09557931,"calpain 3"
"108","CAPNS1","ILMN_1655418",0.00549889,0.000477,-3.897418,-0.2553,-1.0151797,"calpain small subunit 1","200001_at",8.79e-09,1.31e-10,10.3161769,14.363901,0.60915097,"calpain small subunit 1"
"109","CAPZA1","ILMN_1803742",0.0247481,0.00419,3.087919,-2.28263,0.6251015,"capping actin protein of muscle Z-line alpha subunit 1","241275_at",0.0124,0.00485,-3.0834748,-2.902294,-1.02587273,"capping actin protein of muscle Z-line alpha subunit 1"
"110","CARD18","ILMN_1692349",0.00156114,7.26e-05,4.5644915,1.52902,1.5865647,"caspase recruitment domain family member 18","231733_at",0.0264,0.0119,-2.7066192,-3.747716,-0.98371713,"caspase recruitment domain family member 18"
"111","CASK","ILMN_1654773",0.02540048,0.00435,3.0731625,-2.31754,0.8025206,"calcium/calmodulin dependent serine protein kinase","238698_at",1.31e-05,1.48e-06,6.2231253,5.04511,0.87991239,"calcium/calmodulin dependent serine protein kinase"
"112","CASP1","ILMN_2326512",0.00060351,1.65e-05,5.0807738,2.94415,1.0422397,"caspase 1","211366_x_at",1.15e-05,1.27e-06,6.2850437,5.201471,0.60193913,"caspase 1"
"113","CAST","ILMN_1672947",0.0386381,0.00778,2.8435604,-2.84893,0.9275201,"calpastatin","212580_at",0.00151,0.000414,4.0557386,-0.52822,0.59069548,"calpastatin"
"114","CASZ1","ILMN_1655191",0.03703235,0.00732,-2.8679166,-2.79365,-0.8491121,"castor zinc finger 1","220015_at",6.14e-06,5.92e-07,-6.588667,5.962774,-1.17214446,"castor zinc finger 1"
"115","CAV2","ILMN_1735220",0.03112247,0.00581,2.9599215,-2.58246,0.721353,"caveolin 2","203323_at",5.44e-05,8.16e-06,-5.5585217,3.347316,-0.60341965,"caveolin 2"
"116","CBLC","ILMN_1811729",0.02373454,0.00395,-3.1107355,-2.22848,-0.8641848,"Cbl proto-oncogene C","220638_s_at",0.000121,2.12e-05,-5.1916551,2.399247,-0.99529393,"Cbl proto-oncogene C"
"117","CBR4","ILMN_1813400",0.01850738,0.00277,3.2470542,-1.9008,0.871515,"carbonyl reductase 4","1553693_s_at",3.74e-06,3.26e-07,-6.8286885,6.557711,-1.46908098,"carbonyl reductase 4"
"118","CBX3","ILMN_1790625",7.757e-05,6.64e-07,6.19658,6.014,1.2084038,"chromobox 3","201091_s_at",1.65e-08,3e-10,9.9101805,13.539169,0.61112085,"chromobox 3"
"119","CCDC120","ILMN_1714710",0.01626226,0.00232,-3.3142892,-1.73668,-0.8810475,"coiled-coil domain containing 120","239403_at",0.000434,9.53e-05,-4.6177515,0.912796,-0.68680932,"coiled-coil domain containing 120"
"120","CCDC146","ILMN_1790555",0.00326562,0.000222,4.1712236,0.46845,1.9648785,"coiled-coil domain containing 146","227091_at",6.71e-10,2.69e-12,-12.3628143,18.205857,-1.57669378,"coiled-coil domain containing 146"
"121","CCDC15","ILMN_1783676",0.00559392,0.000489,3.8885671,-0.27844,1.4142952,"coiled-coil domain containing 15","220466_at",3.71e-05,5.17e-06,-5.7352626,3.801841,-0.65456802,"coiled-coil domain containing 15"
"122","CCDC90B","ILMN_2232166",2.959e-05,9.86e-08,6.8707931,7.83506,1.7950556,"coiled-coil domain containing 90B","1568834_s_at",0.000151,2.76e-05,-5.0906336,2.137519,-1.03140326,"coiled-coil domain containing 90B"
"123","CCDC92","ILMN_1731107",0.01862662,0.00279,-3.2440976,-1.90798,-0.6089091,"coiled-coil domain containing 92","218175_at",1.42e-06,9.77e-08,7.3233801,7.762739,0.72884761,"coiled-coil domain containing 92"
"124","CCNC","ILMN_2409395",0.00226726,0.00013,4.3603797,0.97598,1.268207,"cyclin C","1569126_at",0.000762,0.000184,-4.3666691,0.265758,-1.01284236,"cyclin C"
"125","CCP110","ILMN_1773200",0.00081815,2.74e-05,4.9045046,2.45914,1.2157451,"centriolar coiled-coil protein 110","1569353_at",0.000108,1.84e-05,-5.2451937,2.537878,-1.06989507,"centriolar coiled-coil protein 110"
"126","CD207","ILMN_1718754",0.0065555,0.000617,-3.8044637,-0.49747,-1.240696,"CD207 molecule","220428_at",6.54e-07,3.65e-08,-7.7376342,8.748294,-2.09693922,"CD207 molecule"
"127","CD247","ILMN_2377669",0.01848704,0.00277,3.2478537,-1.89886,0.7399362,"CD247 molecule","210031_at",9.24e-08,2.95e-09,8.84032,11.260185,1.5966805,"CD247 molecule"
"128","CD248","ILMN_1726589",2.406e-05,6.47e-08,-7.022136,8.23781,-1.5211157,"CD248 molecule","219025_at",0.00049,0.000109,4.5650448,0.776666,0.88990499,"CD248 molecule"
"129","CD276","ILMN_2365307",0.02329813,0.00384,-3.1214135,-2.20307,-0.970277,"CD276 molecule","224859_at",8.63e-07,5.16e-08,7.5904721,8.400723,0.97704388,"CD276 molecule"
"130","CD3D","ILMN_2325837",0.0205502,0.00321,3.1908151,-2.03683,1.3581754,"CD3d molecule","213539_at",1.51e-08,2.65e-10,9.9698856,13.661816,1.47425468,"CD3d molecule"
"131","CD4","ILMN_1727284",0.03856317,0.00775,-2.8450378,-2.84558,-0.8168116,"CD4 molecule","203547_at",1.29e-07,4.54e-09,8.6462546,10.830103,1.19682703,"CD4 molecule"
"132","CD74","ILMN_1761464",0.00600521,0.000541,-3.8520351,-0.37378,-0.9919386,"CD74 molecule","1567627_at",6.39e-05,9.89e-06,5.4842154,3.155721,0.61278123,"CD74 molecule"
"133","CD99L2","ILMN_2388142",0.0284906,0.00509,-3.0120051,-2.46128,-0.6440994,"CD99 molecule like 2","223041_at",3.24e-06,2.73e-07,6.9015156,6.736943,0.73742474,"CD99 molecule like 2"
"134","CDCA7","ILMN_1737184",0.00146018,6.5e-05,4.6031382,1.63426,0.8173628,"cell division cycle associated 7","224428_s_at",9.91e-05,1.67e-05,-5.2826099,2.63472,-0.71428295,"cell division cycle associated 7"
"135","CDH4","ILMN_1769891",0.01887394,0.00285,-3.2367906,-1.92571,-1.2961181,"cadherin 4","220227_at",3.57e-06,3.08e-07,-6.8521107,6.615421,-1.29677385,"cadherin 4"
"136","CDKN3","ILMN_1666305",0.00019122,2.87e-06,5.6858133,4.61279,1.5495985,"cyclin dependent kinase inhibitor 3","1555758_a_at",0.00055,0.000125,4.5137294,0.644267,0.91498821,"cyclin dependent kinase inhibitor 3"
"137","CEBPA","ILMN_1715715",0.01113662,0.00133,-3.5226483,-1.21849,-1.0553041,"CCAAT/enhancer binding protein alpha","204039_at",2e-06,1.5e-07,-7.1470004,7.336494,-0.87734569,"CCAAT/enhancer binding protein alpha"
"138","CENPN","ILMN_1720526",7.077e-05,5.53e-07,6.2609269,6.18944,1.6494195,"centromere protein N","222118_at",0.000315,6.51e-05,4.7627567,1.287892,1.04638015,"centromere protein N"
"139","CENPU","ILMN_1679438",0.00078796,2.56e-05,4.9277349,2.52298,1.3132447,"centromere protein U","229304_s_at",5.94e-06,5.69e-07,-6.6042812,6.001669,-0.6187148,"centromere protein U"
"140","CEP135","ILMN_1693766",0.00177345,8.88e-05,4.4942394,1.33813,1.3028062,"centrosomal protein 135","207286_at",1.37e-05,1.57e-06,-6.200773,4.988578,-0.7641945,"centrosomal protein 135"
"141","CEP44","ILMN_2213199",0.0061039,0.000557,3.8416548,-0.40081,1.2955779,"centrosomal protein 44","231850_x_at",1.92e-05,2.36e-06,-6.0403449,4.581538,-0.622009,"centrosomal protein 44"
"142","CEP95","ILMN_1686135",0.00205882,0.000111,4.4147187,1.12272,1.5073185,"centrosomal protein 95","225705_at",1.75e-06,1.26e-07,-7.2170152,7.506156,-0.6099017,"centrosomal protein 95"
"143","CFDP1","ILMN_1800837",0.00108039,4.09e-05,4.764933,2.07628,0.9616837,"craniofacial development protein 1","210701_at",5.67e-05,8.57e-06,-5.5393339,3.297868,-1.41285563,"craniofacial development protein 1"
"144","CHAD","ILMN_1700652",0.0034804,0.000245,-4.136333,0.37545,-0.9603273,"chondroadherin","206869_at",0.00121,0.000317,-4.1581166,-0.267937,-0.64749864,"chondroadherin"
"145","CHD6","ILMN_2209163",0.04800452,0.0105,2.7232542,-3.11787,0.971116,"chromodomain helicase DNA binding protein 6","234681_s_at",0.00188,0.000536,-3.9558335,-0.780898,-0.61467902,"chromodomain helicase DNA binding protein 6"
"146","CHEK1","ILMN_1664630",0.0039594,0.000293,4.072018,0.20458,0.8677599,"checkpoint kinase 1","205394_at",0.00418,0.00137,3.590317,-1.691293,0.71358192,"checkpoint kinase 1"
"147","CHPF","ILMN_1731353",7.836e-05,6.95e-07,-6.1804753,5.97004,-0.9973252,"chondroitin polymerizing factor","202175_at",3.25e-06,2.74e-07,6.8990879,6.730979,0.8299867,"chondroitin polymerizing factor"
"148","CHST12","ILMN_1735058",0.00311037,0.000208,-4.1934672,0.52784,-0.8520264,"carbohydrate (chondroitin 4) sulfotransferase 12","218927_s_at",0.000102,1.74e-05,5.2671603,2.594738,0.65423795,"carbohydrate (chondroitin 4) sulfotransferase 12"
"149","CHST14","ILMN_1743340",0.00248146,0.000148,-4.3153671,0.85473,-0.621952,"carbohydrate sulfotransferase 14","226314_at",1.11e-06,7.12e-08,7.4557374,8.080033,0.68929756,"carbohydrate sulfotransferase 14"
"150","CHST15","ILMN_1670926",0.01987836,0.00306,-3.2094675,-1.99184,-0.6841615,"carbohydrate (N-acetylgalactosamine 4-sulfate 6-O) sulfotransferase 15","244874_at",1e-07,3.28e-09,8.7921798,11.153979,1.39174376,"carbohydrate (N-acetylgalactosamine 4-sulfate 6-O) sulfotransferase 15"
"151","CIRBP","ILMN_1674661",0.03180275,0.00597,-2.9488389,-2.6081,-0.8041701,"cold inducible RNA binding protein","230142_s_at",2.95e-05,3.95e-06,-5.8396095,4.069279,-0.87242003,"cold inducible RNA binding protein"
"152","CISD2","ILMN_1796397",0.00787447,8e-04,3.7102562,-0.74083,0.6808604,"CDGSH iron sulfur domain 2","226686_at",4.47e-07,2.25e-08,7.9435824,9.229908,0.78811692,"CDGSH iron sulfur domain 2"
"153","CKAP2","ILMN_1674411",0.00033489,6.32e-06,5.4125976,3.85938,1.1254541,"cytoskeleton associated protein 2","234884_x_at",7.97e-09,1.13e-10,10.3909107,14.513363,3.44552784,"cytoskeleton associated protein 2///immunoglobulin lambda variable cluster///immunoglobulin lambda constant 1"
"154","CKB","ILMN_1671478",0.04538081,0.0097,-2.7540317,-3.04972,-0.7006301,"creatine kinase B","200884_at",1.69e-05,2.02e-06,-6.1026395,4.739856,-1.21789704,"creatine kinase B"
"155","CKLF","ILMN_1712389",0.01296987,0.00167,3.4382788,-1.42998,1.0235701,"chemokine like factor","223451_s_at",4.02e-08,1.01e-09,9.3347337,12.332639,0.98163187,"chemokine like factor"
"156","CLEC11A","ILMN_1807359",0.00466962,0.000371,-3.9877799,-0.01806,-0.846734,"C-type lectin domain family 11 member A","211709_s_at",1.59e-06,1.12e-07,7.2653699,7.622977,0.8550825,"C-type lectin domain family 11 member A"
"157","CLEC2B","ILMN_1784608",0.00178778,9.04e-05,4.4878983,1.32092,1.4717096,"C-type lectin domain family 2 member B","1556209_at",0.000131,2.33e-05,-5.156061,2.307048,-0.99406414,"C-type lectin domain family 2 member B"
"158","CLEC2D","ILMN_1711702",0.00468754,0.000374,3.9853729,-0.0244,1.0310271,"C-type lectin domain family 2 member D","235522_at",2.45e-05,3.15e-06,5.9273518,4.293568,1.18835575,"C-type lectin domain family 2 member D"
"159","CLIC3","ILMN_1796423",0.02338753,0.00387,-3.1185137,-2.20997,-0.9871354,"chloride intracellular channel 3","219529_at",2.55e-05,3.31e-06,-5.9079322,4.243976,-1.16051725,"chloride intracellular channel 3"
"160","CLIP1","ILMN_2404085",0.0168047,0.00243,3.2972632,-1.77839,1.2457949,"CAP-Gly domain containing linker protein 1","240444_x_at",0.00122,0.00032,-4.1550438,-0.275768,-0.62200167,"CAP-Gly domain containing linker protein 1"
"161","CLN6","ILMN_1776267",0.00176294,8.81e-05,-4.4970204,1.34567,-0.7065598,"ceroid-lipofuscinosis, neuronal 6, late infantile, variant","218161_s_at",2.93e-05,3.91e-06,5.8434004,4.078981,0.64030108,"ceroid-lipofuscinosis, neuronal 6, late infantile, variant"
"162","CLN8","ILMN_1701094",0.00747273,0.000739,-3.7390653,-0.66664,-0.8735994,"ceroid-lipofuscinosis, neuronal 8","229958_at",1.92e-06,1.42e-07,-7.1697628,7.391719,-0.82001861,"ceroid-lipofuscinosis, neuronal 8"
"163","CLPTM1L","ILMN_1752802",0.03843363,0.00771,-2.8470885,-2.84094,-0.7090688,"CLPTM1 like","229416_at",0.000188,3.55e-05,4.9944609,1.888255,0.90673143,"CLPTM1 like"
"164","CLUAP1","ILMN_2355042",0.00036795,7.52e-06,5.3523907,3.69324,1.0326354,"clusterin associated protein 1","235080_at",5.49e-05,8.25e-06,5.5542017,3.336185,0.81356986,"clusterin associated protein 1"
"165","CMAHP","ILMN_1704084",0.0125861,0.0016,3.4544307,-1.38967,1.5185436,"cytidine monophospho-N-acetylneuraminic acid hydroxylase, pseudogene","229604_at",0.00879,0.00327,3.2444926,-2.525526,0.7834136,"cytidine monophospho-N-acetylneuraminic acid hydroxylase, pseudogene"
"166","CMC2","ILMN_1783333",0.00034195,6.53e-06,5.4009513,3.82724,1.2522608,"C-X9-C motif containing 2","218447_at",1.38e-06,9.36e-08,7.3413907,7.806046,0.6161915,"C-X9-C motif containing 2"
"167","CMTM7","ILMN_1698934",0.04529454,0.00968,-2.7549831,-3.04761,-0.7434327,"CKLF like MARVEL transmembrane domain containing 7","226017_at",4.76e-09,5.22e-11,10.7779669,15.275933,1.53437744,"CKLF like MARVEL transmembrane domain containing 7"
"168","CNIH4","ILMN_1714759",0.01723831,0.00252,3.2829189,-1.81345,1.1323292,"cornichon family AMPA receptor auxiliary protein 4","243051_at",3.88e-08,9.61e-10,-9.3566873,12.379487,-1.81516698,"cornichon family AMPA receptor auxiliary protein 4"
"169","CNNM3","ILMN_1662328",0.00092019,3.24e-05,-4.8456447,2.29753,-1.0142607,"cyclin and CBS domain divalent metal cation transport mediator 3","241321_at",2.09e-06,1.59e-07,-7.1230208,7.278248,-0.74551814,NA
"170","CNPY2","ILMN_2123402",0.03262348,0.00619,2.934765,-2.64058,0.6371568,"canopy FGF signaling regulator 2","209796_s_at",6.56e-08,1.91e-09,9.038086,11.693169,0.68674437,"canopy FGF signaling regulator 2"
"171","COA1","ILMN_2081335",0.00545736,0.000472,3.9015977,-0.24436,0.9791292,"cytochrome c oxidase assembly factor 1 homolog","209445_x_at",1.25e-05,1.41e-06,6.2441554,5.098257,0.67181823,"cytochrome c oxidase assembly factor 1 homolog"
"172","COL5A2","ILMN_1729117",0.00625122,0.000575,3.8303983,-0.4301,0.923732,"collagen type V alpha 2 chain","221730_at",1.04e-09,5.79e-12,11.9383462,17.450388,1.85260115,"collagen type V alpha 2 chain"
"173","COL6A1","ILMN_1732151",0.0027068,0.000169,-4.2685354,0.72888,-0.898543,"collagen type VI alpha 1 chain","212091_s_at",2.72e-05,3.58e-06,5.878331,4.16833,1.0317082,"collagen type VI alpha 1 chain"
"174","COLGALT1","ILMN_1727043",0.02272474,0.0037,-3.1359813,-2.16833,-0.7755774,"collagen beta(1-O)galactosyltransferase 1","222644_s_at",2.66e-08,5.76e-10,9.5975334,12.889169,0.91255465,"collagen beta(1-O)galactosyltransferase 1"
"175","COMMD10","ILMN_1766505",6.417e-05,4.75e-07,6.3143417,6.33484,1.3976284,"COMM domain containing 10","218439_s_at",4e-05,5.65e-06,5.7008525,3.713493,0.66955281,"COMM domain containing 10"
"176","COMMD6","ILMN_1777378",0.00042331,9.39e-06,5.2751631,3.48015,1.537729,"COMM domain containing 6","240030_at",0.00195,0.000559,-3.9398187,-0.82127,-0.92103783,"COMM domain containing 6"
"177","COPB1","ILMN_1699112",0.03717396,0.00736,2.8657815,-2.79851,0.7687108,"coatomer protein complex subunit beta 1","233308_at",0.0145,0.00587,-3.0053018,-3.082098,-0.6769917,"coatomer protein complex subunit beta 1"
"178","CORO1A","ILMN_1713749",0.03116592,0.00582,-2.959082,-2.58441,-0.6536843,"coronin 1A","209083_at",2.54e-07,1.1e-08,8.2540769,9.945263,1.4241105,"coronin 1A"
"179","CORO1B","ILMN_2377019",0.00101876,3.77e-05,-4.7930108,2.1532,-0.8007956,"coronin 1B","64486_at",5.63e-07,3.02e-08,7.8177743,8.936373,0.69253392,"coronin 1B"
"180","COX20","ILMN_1808584",0.00519705,0.000436,3.9299089,-0.17019,0.7706598,"COX20, cytochrome c oxidase assembly factor","206848_at",8.26e-05,1.34e-05,-5.3661096,2.850687,-1.05677225,"COX20, cytochrome c oxidase assembly factor"
"181","CPA4","ILMN_1784294",0.00802417,0.000823,-3.6999403,-0.76734,-1.1159,"carboxypeptidase A4","205832_at",0.000429,9.39e-05,-4.6232311,0.926956,-0.95725625,"carboxypeptidase A4"
"182","CRIPT","ILMN_1813256",0.0012517,5.17e-05,4.6834651,1.85343,1.1584391,"CXXC repeat containing interactor of PDZ3 domain","239050_s_at",0.000305,6.27e-05,-4.7774747,1.326002,-0.58785846,"CXXC repeat containing interactor of PDZ3 domain"
"183","CRLS1","ILMN_1737685",0.02908714,0.00528,2.9977983,-2.49445,0.6871981,"cardiolipin synthase 1","241741_at",0.00129,0.000343,-4.1275757,-0.345716,-0.60095031,"cardiolipin synthase 1"
"184","CRYZL1","ILMN_1762115",0.00534096,0.000459,3.9118575,-0.2175,0.896108,"crystallin zeta like 1","1552347_at",6.07e-06,5.85e-07,-6.593547,5.974933,-0.74459371,"crystallin zeta like 1"
"185","CSAD","ILMN_2119692",0.01184068,0.00146,3.4886885,-1.30388,0.8597786,"cysteine sulfinic acid decarboxylase","221139_s_at",3.22e-06,2.71e-07,-6.9042904,6.74376,-0.78835116,"cysteine sulfinic acid decarboxylase"
"186","CSPP1","ILMN_2393994",0.00010878,1.13e-06,6.0116015,5.50812,1.3836982,"centrosome and spindle pole associated protein 1","242041_at",0.000164,3.04e-05,-5.0536531,2.041678,-0.98402652,"centrosome and spindle pole associated protein 1"
"187","CSRP2","ILMN_1660806",0.00136432,5.86e-05,4.6395594,1.73356,1.546698,"cysteine and glycine rich protein 2","211126_s_at",7.36e-06,7.38e-07,6.5005457,5.742785,0.88698424,"cysteine and glycine rich protein 2"
"188","CTNNBIP1","ILMN_2381168",0.01871916,0.00281,-3.2413133,-1.91474,-0.6086922,"catenin beta interacting protein 1","203081_at",3.88e-08,9.61e-10,-9.356643,12.379393,-1.67752794,"catenin beta interacting protein 1"
"189","CTSB","ILMN_2359742",0.01589841,0.00225,-3.3267414,-1.70611,-0.7811063,"cathepsin B","213274_s_at",2.13e-11,1.22e-14,15.678307,23.459008,1.94550781,"cathepsin B"
"190","CTSC","ILMN_2242463",0.01537691,0.00214,3.3456702,-1.65954,0.7334623,"cathepsin C","225647_s_at",2.54e-08,5.4e-10,9.6283233,12.953763,1.15357428,"cathepsin C"
"191","CTSD","ILMN_1674038",0.00174273,8.6e-05,-4.5052714,1.36807,-1.3002002,"cathepsin D","200766_at",9.67e-05,1.62e-05,5.2943195,2.66502,0.66805804,"cathepsin D"
"192","CXCL10","ILMN_1791759",3.28e-06,1.96e-09,8.3119596,11.55628,3.6225446,"C-X-C motif chemokine ligand 10","204533_at",6.51e-08,1.9e-09,9.0418641,11.701389,3.82697961,"C-X-C motif chemokine ligand 10"
"193","CXCL16","ILMN_1728478",0.0029093,0.000188,-4.2309081,0.628,-0.957479,"C-X-C motif chemokine ligand 16","223454_at",1.91e-08,3.65e-10,9.8150591,13.342792,0.67269173,"C-X-C motif chemokine ligand 16"
"194","CXCL8","ILMN_1666733",0.03938638,0.008,2.8324679,-2.87401,1.3750851,"C-X-C motif chemokine ligand 8","211506_s_at",4.47e-05,6.44e-06,5.6499343,3.582628,3.59963039,"C-X-C motif chemokine ligand 8"
"195","CYB5R4","ILMN_1688158",0.0124458,0.00157,3.4612576,-1.3726,1.1704299,"cytochrome b5 reductase 4","219079_at",5.92e-07,3.22e-08,7.7902562,8.871887,0.87916276,"cytochrome b5 reductase 4"
"196","CYBA","ILMN_1744604",0.01458174,0.00197,-3.3766412,-1.58308,-1.0311929,"cytochrome b-245 alpha chain","203028_s_at",6.19e-11,6.94e-14,14.5427924,21.780095,2.13611795,"cytochrome b-245 alpha chain"
"197","CYFIP2","ILMN_1677200",0.00391005,0.000288,-4.0789314,0.22291,-0.6093291,"cytoplasmic FMR1 interacting protein 2","215785_s_at",4.73e-08,1.25e-09,9.2338042,12.116414,1.47196846,"cytoplasmic FMR1 interacting protein 2"
"198","CYP27A1","ILMN_1704985",0.00211352,0.000116,-4.4000506,1.08308,-0.8768174,"cytochrome P450 family 27 subfamily A member 1","203979_at",0.000245,4.87e-05,4.874046,1.576166,0.75890629,"cytochrome P450 family 27 subfamily A member 1"
"199","CYP2C18","ILMN_1683121",0.0398258,0.00812,-2.82603,-2.88854,-0.8333443,"cytochrome P450 family 2 subfamily C member 18","215103_at",7.47e-06,7.52e-07,-6.4929652,5.723822,-1.31887076,"cytochrome P450 family 2 subfamily C member 18"
"200","CYP39A1","ILMN_1808650",0.04279359,0.00896,2.7866141,-2.97709,0.7881198,"cytochrome P450 family 39 subfamily A member 1","1553977_a_at",2.78e-06,2.26e-07,-6.9786964,6.926217,-1.55841725,"cytochrome P450 family 39 subfamily A member 1"
"201","DACT3","ILMN_1733851",0.00219506,0.000122,-4.3816819,1.03346,-0.7644616,"dishevelled binding antagonist of beta catenin 3","228228_at",0.000159,2.92e-05,5.0685727,2.080346,0.7799641,"dishevelled binding antagonist of beta catenin 3"
"202","DAG1","ILMN_1658425",0.00908678,0.000989,-3.6324593,-0.94008,-0.9910261,"dystroglycan 1","205417_s_at",5.51e-05,8.28e-06,-5.5526844,3.332275,-0.59266503,"dystroglycan 1"
"203","DAPL1","ILMN_1687556",1.196e-05,2.12e-08,7.4251594,9.29757,2.2752341,"death associated protein like 1","229290_at",0.000219,4.27e-05,-4.924336,1.706495,-1.077259,"death associated protein like 1"
"204","DBP","ILMN_1715555",0.00095159,3.44e-05,-4.8252459,2.24157,-0.9203447,"D-box binding PAR bZIP transcription factor","209783_at",8.96e-07,5.42e-08,7.5701034,8.352393,0.68853101,"D-box binding PAR bZIP transcription factor"
"205","DCAF7","ILMN_1682264",0.01679432,0.00243,-3.2978893,-1.77685,-0.7028122,"DDB1 and CUL4 associated factor 7","236134_at",0.000245,4.85e-05,-4.8752098,1.579182,-0.91416995,"DDB1 and CUL4 associated factor 7"
"206","DCT","ILMN_1701783",0.00012333,1.4e-06,-5.9364895,5.30213,-1.9981828,"dopachrome tautomerase","216513_at",1.23e-05,1.37e-06,-6.254003,5.123129,-1.3211935,"dopachrome tautomerase"
"207","DCUN1D1","ILMN_1810719",0.04016888,0.00822,2.8213826,-2.89902,0.6643302,"defective in cullin neddylation 1 domain containing 1","222679_s_at",0.00975,0.00368,-3.1960816,-2.639668,-0.62619175,"defective in cullin neddylation 1 domain containing 1"
"208","DCUN1D5","ILMN_1726839",0.02008463,0.00311,3.2035345,-2.00617,0.6875656,"defective in cullin neddylation 1 domain containing 5","239425_at",2.55e-07,1.11e-08,-8.2518766,9.94024,-0.96879659,"defective in cullin neddylation 1 domain containing 5"
"209","DEGS2","ILMN_1768772",0.00232505,0.000135,-4.3481335,0.94297,-1.0729582,"delta 4-desaturase, sphingolipid 2","236496_at",1.95e-05,2.41e-06,-6.0327112,4.562115,-1.45706555,"delta 4-desaturase, sphingolipid 2"
"210","DENND1A","ILMN_1753275",0.02992921,0.00548,-2.9830107,-2.52888,-0.7485285,"DENN domain containing 1A","219763_at",1.25e-07,4.4e-09,8.6601006,10.860959,1.40097007,"DENN domain containing 1A"
"211","DENND1B","ILMN_1862521",0.03695647,0.0073,2.8689993,-2.79119,1.3311888,"DENN domain containing 1B","1557309_at",0.00363,0.00116,3.6561022,-1.529328,0.66364234,"DENN domain containing 1B"
"212","DENND4A","ILMN_2041161",0.0168047,0.00243,3.2972896,-1.77832,0.7075343,"DENN domain containing 4A","214787_at",2.13e-05,2.68e-06,5.9915907,4.457409,0.85802529,"DENN domain containing 4A"
"213","DENR","ILMN_1760954",0.02527368,0.00432,3.0762405,-2.31026,0.7813449,"density regulated re-initiation and release factor","238982_at",2e-06,1.5e-07,-7.1461136,7.334341,-1.24103818,"density regulated re-initiation and release factor"
"214","DFFA","ILMN_2385220",0.01718912,0.00251,-3.28478,-1.8089,-0.605971,"DNA fragmentation factor subunit alpha","223518_at",7.35e-06,7.37e-07,6.5012078,5.74444,0.94593162,"DNA fragmentation factor subunit alpha"
"215","DHCR24","ILMN_1725510",0.01834686,0.00274,-3.2521528,-1.88841,-0.871868,"24-dehydrocholesterol reductase","200862_at",0.000152,2.78e-05,-5.0880287,2.130769,-0.7398936,"24-dehydrocholesterol reductase"
"216","DHCR7","ILMN_1815626",0.01337038,0.00174,-3.4222227,-1.46998,-0.9072952,"7-dehydrocholesterol reductase","201791_s_at",0.00663,0.00234,-3.3775138,-2.208353,-0.8591447,"7-dehydrocholesterol reductase"
"217","DHRS11","ILMN_1756701",0.00347364,0.000244,-4.1380312,0.37997,-0.7968395,"dehydrogenase/reductase 11","218756_s_at",0.000614,0.000142,-4.4643901,0.517112,-0.5959481,"dehydrogenase/reductase 11"
"218","DHX36","ILMN_2100000",0.02420297,0.00405,3.1009582,-2.25171,1.0136589,"DEAH-box helicase 36","1559039_at",0.000114,1.97e-05,-5.2196778,2.471816,-0.65199846,"DEAH-box helicase 36"
"219","DLGAP4","ILMN_1754842",0.00191336,9.99e-05,-4.452939,1.22616,-1.187052,"DLG associated protein 4","202570_s_at",1.81e-06,1.32e-07,-7.1998527,7.464624,-0.65646689,"DLG associated protein 4"
"220","DLGAP5","ILMN_1749829",0.00199197,0.000107,4.42956,1.16287,1.4671555,"DLG associated protein 5","203764_at",0.0191,0.00814,2.8691705,-3.389881,0.65542735,"DLG associated protein 5"
"221","DLX3","ILMN_1789357",0.03943869,0.00801,-2.8316055,-2.87596,-0.7379926,"distal-less homeobox 3","231778_at",5.71e-06,5.41e-07,-6.6246844,6.052453,-1.9097263,"distal-less homeobox 3"
"222","DMTN","ILMN_1671686",0.00052865,1.34e-05,-5.1531617,3.14365,-1.1283305,"dematin actin binding protein","204505_s_at",1.56e-06,1.1e-07,-7.2755516,7.647538,-0.84696274,"dematin actin binding protein"
"223","DNAJC10","ILMN_2151541",0.00654583,0.000616,3.8055835,-0.49457,1.0852167,"DnaJ heat shock protein family (Hsp40) member C10","221782_at",6.96e-09,9.37e-11,10.4824883,14.695524,0.97400745,"DnaJ heat shock protein family (Hsp40) member C10"
"224","DNAJC24","ILMN_1685930",0.03711638,0.00734,2.8666427,-2.79655,1.3152107,"DnaJ heat shock protein family (Hsp40) member C24","1570048_at",4.9e-05,7.2e-06,-5.6069765,3.472104,-0.8928582,"DnaJ heat shock protein family (Hsp40) member C24"
"225","DNAJC7","ILMN_1663616",0.02465208,0.00416,3.0904594,-2.27661,0.779056,"DnaJ heat shock protein family (Hsp40) member C7","1556053_at",0.000789,0.000192,-4.3503572,0.223872,-0.85469098,"DnaJ heat shock protein family (Hsp40) member C7"
"226","DNER","ILMN_1791679",0.0344453,0.00667,2.9050823,-2.70879,0.6048464,"delta/notch like EGF repeat containing","226281_at",0.0295,0.0136,-2.650702,-3.868176,-1.59949923,"delta/notch like EGF repeat containing"
"227","DNM1L","ILMN_1685260",0.0170945,0.00249,3.2883016,-1.8003,0.815597,"dynamin 1 like","237797_at",0.000168,3.13e-05,-5.0429479,2.013932,-0.6015525,"dynamin 1 like"
"228","DNM2","ILMN_2339377",0.00857937,0.000909,-3.663401,-0.86102,-0.6139392,"dynamin 2","1555895_at",1.15e-06,7.42e-08,7.4383654,8.038515,0.65279913,"dynamin 2"
"229","DOCK8","ILMN_1788931",0.01502001,0.00206,3.3601528,-1.62382,0.6920893,"dedicator of cytokinesis 8","239027_at",0.000405,8.75e-05,4.6501211,0.996462,1.08795421,"dedicator of cytokinesis 8"
"230","DPH3","ILMN_2349610",0.0001531,2.01e-06,5.8098132,4.9541,1.0267779,"diphthamide biosynthesis 3","225195_at",1.13e-05,1.24e-06,6.2938444,5.223666,0.75964663,"diphthamide biosynthesis 3"
"231","DPY19L1","ILMN_1791296",0.00405507,0.000303,4.0601606,0.17315,1.1683967,"dpy-19 like 1","1560916_a_at",2.74e-06,2.21e-07,6.9874572,6.947657,1.10753625,"dpy-19 like 1"
"232","DRAM1","ILMN_1669376",0.01337038,0.00174,3.4221616,-1.47013,0.7117502,"DNA damage regulated autophagy modulator 1","218627_at",5.98e-09,7.45e-11,10.5978276,14.923413,1.73824317,"DNA damage regulated autophagy modulator 1"
"233","DSC2","ILMN_1663119",0.04732274,0.0103,2.7305641,-3.10172,0.6912115,"desmocollin 2","204751_x_at",2.14e-05,2.68e-06,5.990305,4.454133,1.85002423,"desmocollin 2"
"234","DSP","ILMN_1677032",0.03479315,0.00675,2.9000671,-2.72028,1.1864715,"desmoplakin","200606_at",8.88e-06,9.25e-07,-6.410528,5.517232,-0.66401338,"desmoplakin"
"235","DST","ILMN_1703913",8.065e-05,7.38e-07,6.1593467,5.91235,1.5852599,"dystonin","204455_at",5.12e-07,2.68e-08,-7.8687291,9.055515,-1.20317647,"dystonin"
"236","DSTN","ILMN_1706426",0.03994979,0.00816,2.8241791,-2.89271,0.6536921,"destrin, actin depolymerizing factor","230933_at",0.00116,0.000302,-4.176288,-0.22161,-0.6330065,"destrin, actin depolymerizing factor"
"237","DTWD1","ILMN_1740861",0.00012333,1.41e-06,5.9345797,5.29689,1.7583784,"DTW domain containing 1","1555210_at",0.0132,0.00523,-3.052732,-2.973259,-0.68038992,"DTW domain containing 1"
"238","DUS4L","ILMN_1776858",0.0007185,2.18e-05,4.9827065,2.67415,0.926242,"dihydrouridine synthase 4 like","205761_s_at",2.14e-05,2.68e-06,-5.9902548,4.454005,-0.62349479,"dihydrouridine synthase 4 like"
"239","DYNC1I2","ILMN_1773847",0.00190916,9.93e-05,4.4550356,1.23184,1.1732293,"dynein cytoplasmic 1 intermediate chain 2","236698_at",0.0165,0.00681,-2.9435633,-3.222551,-0.59684407,"dynein cytoplasmic 1 intermediate chain 2"
"240","DYNC2LI1","ILMN_1811836",0.00042007,9.28e-06,5.2793779,3.49177,1.7057491,"dynein cytoplasmic 2 light intermediate chain 1","241757_x_at",1.3e-05,1.47e-06,-6.2266508,5.054022,-0.60201925,"dynein cytoplasmic 2 light intermediate chain 1"
"241","DYNLRB2","ILMN_1697317",0.00105357,3.95e-05,4.7771389,2.10971,0.7945236,"dynein light chain roadblock-type 2","238116_at",0.000117,2.03e-05,-5.2077685,2.440977,-1.13265618,"dynein light chain roadblock-type 2"
"242","DYNLT1","ILMN_1678766",0.00092809,3.29e-05,4.8404849,2.28337,1.1403182,"dynein light chain Tctex-type 1","201999_s_at",6.37e-07,3.53e-08,7.7510661,8.779876,0.68687175,"dynein light chain Tctex-type 1"
"243","ECM2","ILMN_2228938",0.04628739,0.00997,2.7429096,-3.0744,0.7921214,"extracellular matrix protein 2","1568779_a_at",3.14e-07,1.43e-08,8.1396573,9.683163,1.08269434,"extracellular matrix protein 2"
"244","EFCAB1","ILMN_1699562",0.00123291,5.05e-05,4.6914335,1.8752,1.0353824,"EF-hand calcium binding domain 1","220156_at",4.32e-05,6.2e-06,-5.6645386,3.620178,-1.06025298,"EF-hand calcium binding domain 1"
"245","EFHC1","ILMN_1755051",0.02610406,0.00452,3.0585649,-2.35199,0.9287619,"EF-hand domain containing 1","225656_at",1.83e-06,1.33e-07,-7.19542,7.45389,-0.99079301,"EF-hand domain containing 1"
"246","EFHC2","ILMN_1791302",0.00988946,0.00112,3.5856538,-1.05917,1.1658731,"EF-hand domain containing 2","220591_s_at",1.31e-06,8.76e-08,-7.3689754,7.872294,-1.06303784,"EF-hand domain containing 2"
"247","EFHD2","ILMN_1761463",0.01143308,0.00139,-3.5081198,-1.25507,-0.9608825,"EF-hand domain family member D2","222483_at",1.86e-07,7.34e-09,8.4322279,10.349812,1.38356748,"EF-hand domain family member D2"
"248","EFNA3","ILMN_1684256",0.00428258,0.000327,-4.0329066,0.10104,-0.7156274,"ephrin A3","210132_at",2.56e-07,1.11e-08,-8.2494831,9.934774,-1.39236899,"ephrin A3"
"249","EFNA4","ILMN_1755710",0.0065555,0.000617,-3.8044781,-0.49744,-0.663821,"ephrin A4","205107_s_at",1.57e-06,1.1e-07,-7.2734144,7.642383,-0.65658524,"ephrin A4"
"250","EIF3B","ILMN_2278729",0.00029547,5.17e-06,-5.4817349,4.05014,-0.724024,"eukaryotic translation initiation factor 3 subunit B","242550_at",1.3e-05,1.47e-06,-6.2281944,5.057924,-1.03887451,"eukaryotic translation initiation factor 3 subunit B"
"251","EIF3M","ILMN_2192693",0.00159953,7.5e-05,4.5534457,1.49897,1.1965091,"eukaryotic translation initiation factor 3 subunit M","215190_at",0.00164,0.000454,-4.0196127,-0.619749,-0.84328018,"eukaryotic translation initiation factor 3 subunit M"
"252","ELF2","ILMN_1691559",0.03755087,0.00746,2.8604268,-2.81068,0.7404123,"E74 like ETS transcription factor 2","242735_x_at",1.35e-06,9.17e-08,-7.3500748,7.826912,-1.22397817,"E74 like ETS transcription factor 2"
"253","ELF4","ILMN_1652082",0.00123291,5.05e-05,-4.6912571,1.87472,-0.7394373,"E74 like ETS transcription factor 4","31845_at",0.000205,3.93e-05,4.9556093,1.787552,0.68136004,"E74 like ETS transcription factor 4"
"254","ELL2","ILMN_1655930",0.01497286,0.00205,3.3620482,-1.61915,1.1276539,"elongation factor for RNA polymerase II 2","214446_at",2.12e-05,2.65e-06,5.9953135,4.466894,0.84350628,"elongation factor for RNA polymerase II 2"
"255","ELL3","ILMN_1771264",0.01045145,0.00121,3.5577175,-1.12995,0.7841118,"elongation factor for RNA polymerase II 3","219518_s_at",4.7e-10,1.51e-12,-12.690253,18.774708,-0.92277091,"elongation factor for RNA polymerase II 3"
"256","ELMO3","ILMN_1752665",0.03232586,0.00611,-2.9397562,-2.62907,-0.6635446,"engulfment and cell motility 3","219411_at",0.000587,0.000135,-4.4853385,0.571081,-0.89816292,"engulfment and cell motility 3"
"257","ELMOD2","ILMN_1765159",0.01049303,0.00122,3.5546659,-1.13767,1.1391813,"ELMO domain containing 2","1553928_at",1.42e-05,1.64e-06,6.183814,4.945656,0.91391469,"ELMO domain containing 2"
"258","ENOSF1","ILMN_1803676",0.03432238,0.00664,2.9068295,-2.70479,0.6088933,"enolase superfamily member 1","213645_at",0.000179,3.36e-05,-5.0153709,1.942454,-0.83180751,"enolase superfamily member 1"
"259","EPB41L3","ILMN_2109197",0.00484274,0.000392,3.9680516,-0.07,0.8626289,"erythrocyte membrane protein band 4.1 like 3","211776_s_at",7.26e-05,1.15e-05,5.4256152,3.004444,1.08564034,"erythrocyte membrane protein band 4.1 like 3"
"260","EPHB3","ILMN_1741346",0.00503629,0.000417,-3.9463523,-0.12704,-0.97812,"EPH receptor B3","204600_at",0.000478,0.000106,-4.5754048,0.803413,-0.5995254,"EPH receptor B3"
"261","EPHB6","ILMN_1802646",0.00807459,0.000831,-3.6962287,-0.77687,-1.0126717,"EPH receptor B6","204718_at",5.27e-08,1.44e-09,-9.1678349,11.974337,-1.9451695,"EPH receptor B6"
"262","EPS8L1","ILMN_1671600",0.03058336,0.00565,-2.9707443,-2.55738,-0.7188957,"EPS8 like 1","221655_x_at",9.37e-06,9.87e-07,-6.3844708,5.45179,-1.56814335,"EPS8 like 1"
"263","EPSTI1","ILMN_2388547",0.00014121,1.75e-06,5.8589728,5.08925,1.9459752,"epithelial stromal interaction 1 (breast)","227609_at",5.09e-09,5.77e-11,10.7267989,15.176221,2.58008998,"epithelial stromal interaction 1 (breast)"
"264","ERICH1","ILMN_2104696",0.0386381,0.00778,2.843666,-2.84869,0.6603254,"glutamate rich 1","236467_at",0.0117,0.00454,-3.110478,-2.839695,-0.60868465,"glutamate rich 1"
"265","ESPN","ILMN_1806710",0.00601367,0.000542,-3.8513267,-0.37562,-1.0437521,"espin","223549_s_at",4.19e-06,3.74e-07,-6.7739827,6.422677,-1.20926323,"espin"
"266","EVPL","ILMN_1727288",0.00298034,0.000194,-4.2184665,0.59469,-0.9588318,"envoplakin","204503_at",4.93e-06,4.54e-07,-6.695013,6.227157,-1.44982735,"envoplakin"
"267","EXOC3","ILMN_1789419",0.00727961,0.000712,-3.7524714,-0.63205,-0.8206508,"exocyst complex component 3","228847_at",2.04e-07,8.26e-09,-8.3801133,10.231916,-0.79220299,"exocyst complex component 3"
"268","FAAP20","ILMN_2097790",0.01592401,0.00225,-3.3255517,-1.70903,-0.8265696,"Fanconi anemia core complex associated protein 20","229113_s_at",2.86e-05,3.81e-06,5.8538995,4.105846,0.61782048,"Fanconi anemia core complex associated protein 20"
"269","FAM102B","ILMN_1786789",0.00383296,0.00028,4.0891373,0.24999,0.9688804,"family with sequence similarity 102 member B","226568_at",0.0361,0.0172,2.5481263,-4.0854,0.61350945,"family with sequence similarity 102 member B"
"270","FAM110A","ILMN_2323944",0.00931742,0.00103,-3.6185711,-0.97548,-1.049295,"family with sequence similarity 110 member A","226584_s_at",1.61e-08,2.88e-10,-9.9293923,13.578686,-1.09171762,"family with sequence similarity 110 member A"
"271","FAM162A","ILMN_1803647",0.01049047,0.00122,3.5551649,-1.13641,1.376063,"family with sequence similarity 162 member A","235850_at",4.04e-07,1.98e-08,-7.9995991,9.359926,-1.0751137,"family with sequence similarity 162 member A"
"272","FAM173A","ILMN_1773780",0.00190769,9.9e-05,-4.4558558,1.23406,-0.784913,"family with sequence similarity 173 member A","219709_x_at",2.83e-09,2.46e-11,11.1668809,16.023066,0.74217719,"family with sequence similarity 173 member A"
"273","FAM3C","ILMN_2368773",0.03609242,0.00708,2.881449,-2.76283,1.0535513,"family with sequence similarity 3 member C","236316_at",0.00846,0.00312,-3.2629561,-2.481806,-0.69285788,"family with sequence similarity 3 member C"
"274","FAM46B","ILMN_1808011",0.00379675,0.000275,-4.094469,0.26414,-0.8834514,"family with sequence similarity 46 member B","229518_at",0.0213,0.00921,-2.816812,-3.506341,-0.73428363,"family with sequence similarity 46 member B"
"275","FAM49B","ILMN_2122374",0.03952114,0.00804,2.8302032,-2.87912,0.8921621,"family with sequence similarity 49 member B","217916_s_at",3.53e-07,1.66e-08,8.0760618,9.53672,0.83315646,"family with sequence similarity 49 member B"
"276","FAM57A","ILMN_1673899",0.04323607,0.00907,-2.7813767,-2.9888,-0.8051916,"family with sequence similarity 57 member A","218898_at",4.82e-07,2.48e-08,-7.9020635,9.13327,-1.08249188,"family with sequence similarity 57 member A"
"277","FAM65A","ILMN_1680037",0.00192297,0.000101,-4.4484516,1.21401,-0.802622,"family with sequence similarity 65 member A","218029_at",5.93e-06,5.68e-07,6.6053084,6.004227,0.71405745,"family with sequence similarity 65 member A"
"278","FAM83A","ILMN_1670158",0.02057778,0.00322,-3.1896878,-2.03955,-1.0676805,"family with sequence similarity 83 member A","242944_at",0.0349,0.0165,2.5649933,-4.050024,0.69858107,"family with sequence similarity 83 member A"
"279","FAM83B","ILMN_1782863",0.02493074,0.00424,3.0836025,-2.29285,1.579679,"family with sequence similarity 83 member B","232202_at",2.72e-06,2.19e-07,-6.9906352,6.955432,-1.36917354,"family with sequence similarity 83 member B"
"280","FAM83H","ILMN_1751328",0.00551303,0.000479,-3.8960801,-0.25879,-0.9873598,"family with sequence similarity 83 member H","226129_at",8.58e-05,1.41e-05,-5.3479685,2.803786,-0.90352562,"family with sequence similarity 83 member H"
"281","FAM89B","ILMN_1804117",0.00304631,0.000202,-4.2038405,0.55557,-0.9749692,"family with sequence similarity 89 member B","212484_at",0.000123,2.15e-05,5.1862527,2.385255,0.72349414,"family with sequence similarity 89 member B"
"282","FAM96A","ILMN_1761981",0.00462675,0.000366,3.9933338,-0.00343,1.0726203,"family with sequence similarity 96 member A","224779_s_at",5.16e-08,1.41e-09,9.1784791,11.997301,0.63383947,"family with sequence similarity 96 member A"
"283","FBLN1","ILMN_1672536",0.04029876,0.00825,-2.8196867,-2.90284,-0.5982166,"fibulin 1","207835_at",0.000108,1.84e-05,-5.2451812,2.537846,-0.66424691,"fibulin 1"
"284","FBRSL1","ILMN_1760305",0.00065075,1.86e-05,-5.0375181,2.82501,-0.7454433,"fibrosin like 1","225704_at",6.64e-06,6.51e-07,-6.55084,5.868441,-0.67515128,"fibrosin like 1"
"285","FBXO3","ILMN_1749641",0.01097107,0.0013,3.5309729,-1.19751,0.9800787,"F-box protein 3","232851_at",1.64e-05,1.94e-06,-6.1180232,4.778902,-1.21877317,"F-box protein 3"
"286","FBXO4","ILMN_1656691",0.00529262,0.000451,3.9179136,-0.20164,0.5881812,"F-box protein 4","233366_at",0.00791,0.00288,-3.2948346,-2.406085,-0.83870259,"F-box protein 4"
"287","FCER1A","ILMN_1688423",0.01181831,0.00145,3.4907846,-1.29862,1.2565403,"Fc fragment of IgE receptor Ia","1562537_at",0.00108,0.000279,-4.2077309,-0.141362,-0.63756207,"Fc fragment of IgE receptor Ia"
"288","FCGBP","ILMN_2302757",0.01194808,0.00148,-3.4835826,-1.31669,-1.3111624,"Fc fragment of IgG binding protein","203240_at",7.76e-07,4.51e-08,-7.6471159,8.534841,-1.86075765,"Fc fragment of IgG binding protein"
"289","FEM1A","ILMN_1719985",0.02679419,0.00468,-3.0449076,-2.38414,-0.7476916,"fem-1 homolog A","228435_at",0.000234,4.61e-05,-4.8943211,1.628707,-0.67275535,"fem-1 homolog A"
"290","FER","ILMN_1789618",0.01679179,0.00242,3.2980771,-1.7764,1.046511,"FER tyrosine kinase","232064_at",0.000776,0.000188,-4.358072,0.243679,-0.66862288,"FER tyrosine kinase"
"291","FES","ILMN_1693650",0.00350561,0.000247,-4.1326088,0.36553,-0.810263,"FES proto-oncogene, tyrosine kinase","205418_at",0.000134,2.38e-05,5.146614,2.282574,0.79481387,"FES proto-oncogene, tyrosine kinase"
"292","FGFR1OP","ILMN_2411116",0.04463257,0.00947,2.764033,-3.02748,1.0039743,"FGFR1 oncogene partner","1568678_s_at",9.97e-08,3.25e-09,8.7960638,11.162559,0.65344124,"FGFR1 oncogene partner"
"293","FGFR1OP2","ILMN_1657436",0.0091401,0.001,3.6284667,-0.95026,1.0421942,"FGFR1 oncogene partner 2","1556283_s_at",7.97e-10,3.55e-12,12.2078108,17.932373,1.19719335,"FGFR1 oncogene partner 2"
"294","FHL1","ILMN_1805842",0.02255667,0.00366,-3.1403383,-2.15792,-1.2737341,"four and a half LIM domains 1","210298_x_at",0.0355,0.0169,-2.556123,-4.068646,-0.65819446,"four and a half LIM domains 1"
"295","FILIP1L","ILMN_1738578",0.00788137,0.000802,3.7095184,-0.74272,1.021074,"filamin A interacting protein 1 like","1554966_a_at",2.26e-05,2.87e-06,5.9644226,4.388156,0.58816671,"filamin A interacting protein 1 like"
"296","FNBP4","ILMN_2108938",0.0107429,0.00126,3.5418684,-1.17001,1.335202,"formin binding protein 4","229272_at",0.00973,0.00367,-3.1970609,-2.637366,-0.651176,"formin binding protein 4"
"297","FNTA","ILMN_1721704",0.00171692,8.42e-05,4.5126229,1.38803,0.977536,"farnesyltransferase, CAAX box, alpha","230808_at",0.00191,0.000546,-3.9486045,-0.799127,-0.68401696,"farnesyltransferase, CAAX box, alpha"
"298","FOXO4","ILMN_1712095",0.00077658,2.49e-05,-4.9369216,2.54823,-0.8423889,"forkhead box O4","205451_at",9.6e-07,5.89e-08,-7.5351598,8.269355,-0.73604707,"forkhead box O4"
"299","FXYD5","ILMN_1704286",0.02838886,0.00507,-3.0136493,-2.45743,-0.6982486,"FXYD domain containing ion transport regulator 5","218084_x_at",2.29e-08,4.7e-10,9.6941071,13.091344,1.01472687,"FXYD domain containing ion transport regulator 5"
"300","G6PC3","ILMN_2127477",0.00023035,3.69e-06,-5.5987058,4.37274,-1.0168798,"glucose-6-phosphatase catalytic subunit 3","44654_at",2.73e-09,2.33e-11,11.1933092,16.073154,0.96127438,"glucose-6-phosphatase catalytic subunit 3"
"301","GAA","ILMN_2410783",0.00102608,3.81e-05,-4.7891208,2.14254,-0.818484,"glucosidase alpha, acid","202812_at",1.53e-05,1.79e-06,6.1503547,4.860897,0.67436488,"glucosidase alpha, acid"
"302","GAS2L1","ILMN_2370535",0.00186736,9.63e-05,-4.465511,1.26022,-0.7794773,"growth arrest specific 2 like 1","31874_at",0.000267,5.39e-05,-4.8352385,1.475617,-0.59270923,"growth arrest specific 2 like 1"
"303","GBP1","ILMN_1701114",0.00035481,7.01e-06,5.3763767,3.75943,1.64122,"guanylate binding protein 1","231577_s_at",1.31e-06,8.76e-08,7.3687825,7.871831,2.05610138,"guanylate binding protein 1"
"304","GBP6","ILMN_1756953",0.00182847,9.39e-05,4.4745868,1.28482,1.2801267,"guanylate binding protein family member 6","1559606_at",0.0333,0.0157,2.5884658,-4.000567,0.70807921,"guanylate binding protein family member 6"
"305","GHR","ILMN_1775814",0.0060175,0.000545,3.8497729,-0.37967,0.7073674,"growth hormone receptor","205498_at",0.00352,0.00112,-3.6697039,-1.495726,-0.60238788,"growth hormone receptor"
"306","GJB3","ILMN_1789575",0.00384465,0.000281,-4.0868389,0.24389,-0.6094743,"gap junction protein beta 3","215243_s_at",4.61e-07,2.34e-08,-7.9276424,9.192834,-1.646215,"gap junction protein beta 3"
"307","GJB5","ILMN_1735365",0.02141536,0.0034,-3.1684093,-2.0907,-0.6018473,"gap junction protein beta 5","206156_at",3.13e-07,1.42e-08,-8.1425095,9.689718,-1.68525256,"gap junction protein beta 5"
"308","GK","ILMN_2393296",0.00475047,0.000382,3.977833,-0.04426,1.1190363,"glycerol kinase","215977_x_at",4.22e-07,2.09e-08,7.976713,9.306857,2.04622604,"glycerol kinase"
"309","GLB1L2","ILMN_2144401",0.02338753,0.00387,-3.1185189,-2.20996,-0.6413636,"galactosidase beta 1 like 2","213713_s_at",2.56e-05,3.33e-06,-5.9064687,4.240238,-1.00837239,"galactosidase beta 1 like 2"
"310","GLMP","ILMN_1698243",0.00087853,3.03e-05,-4.8691803,2.36213,-1.0856771,"glycosylated lysosomal membrane protein","1558693_s_at",4.82e-09,5.31e-11,10.7690644,15.258609,0.88723491,"glycosylated lysosomal membrane protein"
"311","GLRX3","ILMN_2056479",0.00241784,0.000142,4.3280797,0.88894,1.2021849,"glutaredoxin 3","230095_at",5.7e-07,3.08e-08,-7.8101764,8.918578,-0.98325044,"glutaredoxin 3"
"312","GLT8D1","ILMN_1713290",0.01556028,0.00218,3.3389592,-1.67606,0.5886229,"glycosyltransferase 8 domain containing 1","218147_s_at",2.5e-06,1.98e-07,7.0329011,7.058724,0.70401475,"glycosyltransferase 8 domain containing 1"
"313","GM2A","ILMN_2221046",0.01703692,0.00247,-3.2902957,-1.79543,-0.7020782,"GM2 ganglioside activator","215890_at",0.00201,0.000579,3.9262001,-0.85557,0.97190181,"GM2 ganglioside activator"
"314","GMFG","ILMN_1711617",0.0091213,0.000995,3.6302505,-0.94571,0.7239195,"glia maturation factor gamma","204220_at",8.78e-10,4.2e-12,12.1141374,17.765771,1.28974349,"glia maturation factor gamma"
"315","GMPPA","ILMN_1804476",0.01208338,0.00151,-3.477004,-1.33318,-0.734806,"GDP-mannose pyrophosphorylase A","218070_s_at",9.57e-10,4.85e-12,12.0355488,17.625219,0.90355539,"GDP-mannose pyrophosphorylase A"
"316","GNAI2","ILMN_1775762",0.00613415,0.000562,-3.8386122,-0.40873,-0.9662771,"G protein subunit alpha i2","201040_at",1.38e-08,2.38e-10,10.0224665,13.769437,0.75439492,"G protein subunit alpha i2"
"317","GNG10","ILMN_1757074",0.02158542,0.00344,3.1639204,-2.10147,0.6146292,"G protein subunit gamma 10","201921_at",7.79e-08,2.38e-09,8.9374813,11.473576,0.62516087,"G protein subunit gamma 10"
"318","GNL1","ILMN_1789457",0.00906161,0.000985,-3.6341647,-0.93573,-0.7230667,"G protein nucleolar 1 (putative)","228857_at",4.5e-05,6.5e-06,-5.6465721,3.573981,-0.79971491,"G protein nucleolar 1 (putative)"
"319","GNRH1","ILMN_1745991",0.03260595,0.00618,2.9351865,-2.63961,0.8296745,"gonadotropin releasing hormone 1","207987_s_at",7.36e-09,1.01e-10,-10.4438317,14.618763,-1.36106814,"gonadotropin releasing hormone 1"
"320","GOLGA4","ILMN_1776297",0.00021759,3.4e-06,5.6274378,4.45195,1.6565142,"golgin A4","215203_at",2.05e-06,1.54e-07,-7.1342751,7.305593,-1.7114034,"golgin A4"
"321","GON7","ILMN_1685781",0.00025141,4.13e-06,5.5600947,4.26628,1.1155313,"GON7, KEOPS complex subunit homolog","223273_at",5.92e-05,9.03e-06,5.5192681,3.246136,0.62945564,"GON7, KEOPS complex subunit homolog"
"322","GORAB","ILMN_1761911",0.00054188,1.39e-05,5.1384354,3.10305,1.1561817,"golgin, RAB6 interacting","226337_at",3.26e-06,2.75e-07,6.8983628,6.729197,0.62677817,"golgin, RAB6 interacting"
"323","GPATCH2","ILMN_1786036",0.0093507,0.00103,3.6160994,-0.98177,1.0844252,"G-patch domain containing 2","1556126_s_at",0.00166,0.000463,-4.0120794,-0.638813,-0.672285,NA
"324","GPC1","ILMN_1801516",0.00080352,2.64e-05,-4.9174902,2.49482,-1.1379326,"glypican 1","202756_s_at",0.000129,2.29e-05,-5.1616919,2.321635,-0.81775058,"glypican 1"
"325","GPCPD1","ILMN_1701111",0.01726474,0.00253,3.2820446,-1.81558,0.9412855,"glycerophosphocholine phosphodiesterase 1","230492_s_at",7.64e-07,4.44e-08,7.6544404,8.552153,1.22043181,"glycerophosphocholine phosphodiesterase 1"
"326","GPR180","ILMN_1738712",0.01490666,0.00203,3.364652,-1.61272,1.2696935,"G protein-coupled receptor 180","231871_at",3.66e-06,3.18e-07,6.8386743,6.582323,0.87424681,"G protein-coupled receptor 180"
"327","GPR87","ILMN_1656422",0.0160151,0.00227,3.3232616,-1.71466,0.6377695,"G protein-coupled receptor 87","219936_s_at",0.000425,9.3e-05,-4.6271389,0.937055,-1.04169165,"G protein-coupled receptor 87"
"328","GPRIN2","ILMN_1803217",0.00081036,2.7e-05,-4.9093683,2.47251,-1.1970586,"G protein regulated inducer of neurite outgrowth 2","1554541_a_at",2.98e-05,3.99e-06,-5.8358514,4.05966,-0.82555601,"G protein regulated inducer of neurite outgrowth 2"
"329","GPSM2","ILMN_2139816",0.00037182,7.68e-06,5.3450385,3.67295,1.423851,"G-protein signaling modulator 2","233058_at",0.000253,5.04e-05,-4.8604325,1.540891,-0.58862468,"G-protein signaling modulator 2"
"330","GPSM3","ILMN_1662799",0.00538712,0.000464,-3.9079257,-0.2278,-0.9445172,"G-protein signaling modulator 3","204265_s_at",2.64e-09,2.19e-11,11.2265676,16.136065,1.55734956,"G-protein signaling modulator 3"
"331","GRAMD1A","ILMN_1737157",0.00036923,7.59e-06,-5.3489117,3.68364,-0.6780901,"GRAM domain containing 1A","224807_at",1.19e-07,4.09e-09,8.6935284,10.935345,1.3134047,"GRAM domain containing 1A"
"332","GRINA","ILMN_1796490",0.01640022,0.00235,-3.30942,-1.74862,-0.9642555,"glutamate ionotropic receptor NMDA type subunit associated protein 1","212090_at",5.5e-07,2.94e-08,7.8296806,8.964243,0.90621207,"glutamate ionotropic receptor NMDA type subunit associated protein 1"
"333","GRN","ILMN_1724250",0.0054312,0.000468,-3.9043666,-0.23711,-1.1178189,"granulin","216041_x_at",3.61e-07,1.71e-08,8.0619831,9.504227,0.79772438,"granulin"
"334","GSN","ILMN_1801043",0.01999895,0.00309,-3.2061605,-1.99983,-0.6998708,"gelsolin","214040_s_at",0.017,0.0071,-2.9261382,-3.261936,-0.6359075,"gelsolin"
"335","GSTA3","ILMN_2227817",0.01947956,0.00296,3.221582,-1.96255,0.9689269,"glutathione S-transferase alpha 3","222102_at",2.58e-06,2.05e-07,-7.0171621,7.020285,-2.33847669,"glutathione S-transferase alpha 3"
"336","GTF2A2","ILMN_1753719",0.00054347,1.4e-05,5.1367484,3.0984,1.192176,"general transcription factor IIA subunit 2","243985_at",0.00276,0.000841,-3.7811403,-1.219058,-0.62369078,"general transcription factor IIA subunit 2"
"337","GTF2F2","ILMN_1745798",0.00262577,0.000161,4.2849571,0.77297,1.286188,"general transcription factor IIF subunit 2","209595_at",1.11e-06,7.1e-08,-7.4567167,8.082373,-0.72541633,"general transcription factor IIF subunit 2"
"338","GTF2H5","ILMN_1739497",0.00118222,4.69e-05,4.7168161,1.94459,1.3030345,"general transcription factor IIH subunit 5","1558934_a_at",0.00255,0.000766,-3.8174572,-1.128391,-0.74953122,"general transcription factor IIH subunit 5"
"339","GTF2IRD2","ILMN_1680501",0.0050616,0.000419,3.9441193,-0.1329,0.6768814,"GTF2I repeat domain containing 2","1557289_s_at",0.00433,0.00143,-3.5744139,-1.730306,-0.94060005,"GTF2I repeat domain containing 2"
"340","GTF3C3","ILMN_1789508",0.01577534,0.00222,3.331496,-1.69442,0.738304,"general transcription factor IIIC subunit 3","1555439_at",0.000246,4.89e-05,-4.8720894,1.571096,-0.77711524,"general transcription factor IIIC subunit 3"
"341","HDAC11","ILMN_1684690",0.00103419,3.85e-05,-4.7854493,2.13248,-0.8006541,"histone deacetylase 11","227679_at",2.11e-06,1.61e-07,-7.1169905,7.263589,-0.90039002,"histone deacetylase 11"
"342","HDAC5","ILMN_1810856",0.0001348,1.64e-06,-5.8800996,5.1473,-0.825996,"histone deacetylase 5","202455_at",2.4e-06,1.88e-07,-7.053213,7.108288,-0.73398737,"histone deacetylase 5"
"343","HERC4","ILMN_1678922",0.0091213,0.000996,3.6300171,-0.94631,1.1100641,"HECT and RLD domain containing E3 ubiquitin protein ligase 4","208054_at",0.0023,0.000677,-3.8654449,-1.008236,-0.71823131,"HECT and RLD domain containing E3 ubiquitin protein ligase 4"
"344","HEYL","ILMN_1654324",0.00466075,0.00037,-3.9893588,-0.0139,-0.6780016,"hes related family bHLH transcription factor with YRPW motif-like","226828_s_at",1.47e-06,1.02e-07,7.3067973,7.72283,1.30069157,"hes related family bHLH transcription factor with YRPW motif-like"
"345","HINT3","ILMN_1779076",0.02872193,0.00518,3.0054383,-2.47662,0.7118212,"histidine triad nucleotide binding protein 3","226533_at",0.000125,2.21e-05,-5.1759345,2.358529,-1.3003545,"histidine triad nucleotide binding protein 3"
"346","HIST1H2BJ","ILMN_1658702",0.00119136,4.74e-05,4.7132389,1.93481,1.0198248,"histone cluster 1, H2bj","214502_at",0.00341,0.00107,3.6855593,-1.45651,0.61284746,"histone cluster 1, H2bj"
"347","HLA-DQB1","ILMN_1661266",0.04390573,0.00926,-2.7728224,-3.00789,-0.8992816,"major histocompatibility complex, class II, DQ beta 1","211654_x_at",0.00384,0.00124,3.6296593,-1.594542,0.60405498,"major histocompatibility complex, class II, DQ beta 1"
"348","HNMT","ILMN_1751789",0.00015258,1.99e-06,5.8128086,4.96234,1.2453684,"histamine N-methyltransferase","204110_at",0.0073,0.00262,3.3326661,-2.315845,0.70666584,"histamine N-methyltransferase"
"349","HNRNPA2B1","ILMN_1886493",0.02801911,0.00499,3.0202182,-2.44206,1.3894969,"heterogeneous nuclear ribonucleoprotein A2/B1","225107_at",1.62e-05,1.92e-06,-6.1216768,4.788172,-0.64610425,"heterogeneous nuclear ribonucleoprotein A2/B1"
"350","HNRNPA3","ILMN_1761083",0.00242121,0.000143,4.3269938,0.88602,0.7982266,"heterogeneous nuclear ribonucleoprotein A3","211930_at",1.99e-05,2.46e-06,-6.023988,4.539915,-0.62264626,"heterogeneous nuclear ribonucleoprotein A3"
"351","HOOK1","ILMN_1741406",0.03593172,0.00703,2.883843,-2.75737,0.7152501,"hook microtubule tethering protein 1","225792_at",4.02e-05,5.68e-06,-5.6988548,3.708362,-0.91822667,"hook microtubule tethering protein 1"
"352","HPCAL1","ILMN_1764850",0.00449896,0.00035,-4.0089823,0.03785,-0.7779237,"hippocalcin like 1","212552_at",2.38e-06,1.86e-07,7.0571808,7.117964,0.82128793,"hippocalcin like 1"
"353","HPGD","ILMN_2166457",0.01415316,0.00188,3.393745,-1.54072,1.1928294,"hydroxyprostaglandin dehydrogenase 15-(NAD)","203914_x_at",0.00864,0.0032,-3.2532419,-2.504821,-0.62304584,"hydroxyprostaglandin dehydrogenase 15-(NAD)"
"354","HS3ST6","ILMN_1710416",6.268e-05,4.42e-07,-6.339224,6.40251,-1.2660522,"heparan sulfate-glucosamine 3-sulfotransferase 6","239547_at",1.59e-08,2.84e-10,-9.9357866,13.591827,-1.63418127,"heparan sulfate-glucosamine 3-sulfotransferase 6"
"355","HSCB","ILMN_1771921",3.258e-05,1.21e-07,6.7979641,7.64039,0.9026902,"HscB mitochondrial iron-sulfur cluster cochaperone","223647_x_at",5.5e-05,8.27e-06,5.5533367,3.333956,0.59600167,"HscB mitochondrial iron-sulfur cluster cochaperone"
"356","HSP90B1","ILMN_2096116",0.00122083,4.96e-05,4.697845,1.89273,1.4903969,"heat shock protein 90 beta family member 1","216450_x_at",1.17e-05,1.3e-06,6.2756613,5.177801,0.7500374,"heat shock protein 90 beta family member 1"
"357","HSPA12A","ILMN_2081087",0.00935212,0.00104,3.6156442,-0.98293,0.8516198,"heat shock protein family A (Hsp70) member 12A","214434_at",3.75e-05,5.22e-06,-5.7311056,3.791172,-0.69916567,"heat shock protein family A (Hsp70) member 12A"
"358","HSPB11","ILMN_1681340",7.884e-05,7.1e-07,6.1730583,5.94979,1.5313585,"heat shock protein family B (small) member 11","214163_at",0.00295,0.00091,-3.7507205,-1.294818,-0.58520134,"heat shock protein family B (small) member 11"
"359","IDNK","ILMN_1791306",0.02891873,0.00523,3.0015953,-2.48559,0.5956364,"IDNK, gluconokinase","239086_at",3.72e-06,3.25e-07,-6.8307763,6.562858,-0.86075101,"IDNK, gluconokinase"
"360","IDUA","ILMN_1703041",0.00757216,0.000755,-3.731331,-0.68658,-0.6833367,"iduronidase, alpha-L-","205059_s_at",0.00206,0.000597,3.9145133,-0.884982,0.65086624,"iduronidase, alpha-L-"
"361","IER5L","ILMN_1755620",0.00074057,2.31e-05,-4.9626875,2.61908,-0.6444854,"immediate early response 5 like","226552_at",0.00124,0.000326,4.1472811,-0.295544,0.90656841,"immediate early response 5 like"
"362","IFI27","ILMN_2058782",0.00115248,4.53e-05,4.7292003,1.97847,2.4209813,"interferon alpha inducible protein 27","202411_at",0.000372,7.93e-05,4.687783,1.093859,1.12703023,"interferon alpha inducible protein 27"
"363","IFI6","ILMN_1687384",0.00175869,8.72e-05,4.5003163,1.35462,1.7761612,"interferon alpha inducible protein 6","204415_at",2.2e-07,9.06e-09,8.3394975,10.139777,1.42487165,"interferon alpha inducible protein 6"
"364","IFIH1","ILMN_1781373",0.02227709,0.00359,3.1475758,-2.14062,1.4961139,"interferon induced with helicase C domain 1","216020_at",5.84e-05,8.89e-06,5.5253744,3.261881,0.7290456,"interferon induced with helicase C domain 1"
"365","IFIT2","ILMN_1739428",0.02856362,0.00512,3.0096013,-2.4669,0.9894957,"interferon induced protein with tetratricopeptide repeats 2","217502_at",0.0154,0.00631,2.9754196,-3.150254,0.7183423,"interferon induced protein with tetratricopeptide repeats 2"
"366","IFIT3","ILMN_1701789",0.00180017,9.15e-05,4.483469,1.30891,1.2616743,"interferon induced protein with tetratricopeptide repeats 3","204747_at",1.38e-05,1.58e-06,6.1973881,4.980013,1.1574455,"interferon induced protein with tetratricopeptide repeats 3"
"367","IFITM1","ILMN_1801246",0.04179289,0.00865,2.800471,-2.94604,0.8471206,"interferon induced transmembrane protein 1","214022_s_at",1.21e-06,7.88e-08,7.4131169,7.978104,0.77739142,"interferon induced transmembrane protein 1"
"368","IFNGR1","ILMN_1675939",0.00548832,0.000476,3.8983182,-0.25294,1.1685715,"interferon gamma receptor 1","242903_at",0.00843,0.00311,-3.26474,-2.477577,-0.82854387,"interferon gamma receptor 1"
"369","IFNLR1","ILMN_1680805",0.00157202,7.33e-05,-4.5613153,1.52038,-0.6719468,"interferon lambda receptor 1","244261_at",7.1e-05,1.12e-05,-5.4365325,3.032639,-0.72955725,"interferon lambda receptor 1"
"370","IGFLR1","ILMN_1786426",0.02019739,0.00313,-3.2004026,-2.01372,-0.8312389,"IGF like family receptor 1","219690_at",9.25e-09,1.39e-10,10.2854892,14.302318,1.45223781,"IGF like family receptor 1"
"371","IGSF9","ILMN_1693941",0.00983635,0.00111,-3.588934,-1.05084,-0.6987428,"immunoglobulin superfamily member 9","229276_at",1.46e-07,5.39e-09,-8.569329,10.658197,-1.42076935,"immunoglobulin superfamily member 9"
"372","IL17RA","ILMN_1728724",0.02192252,0.00352,-3.1553974,-2.1219,-0.5850308,"interleukin 17 receptor A","229295_at",5.8e-05,8.81e-06,5.528809,3.270736,0.96335638,"interleukin 17 receptor A"
"373","IL17RE","ILMN_2409876",0.00017346,2.42e-06,-5.7459438,4.77837,-0.7804542,"interleukin 17 receptor E","229401_at",5.27e-07,2.78e-08,-7.8528062,9.018321,-1.33280283,"interleukin 17 receptor E"
"374","IL18BP","ILMN_2334296",0.03180635,0.00598,-2.9485844,-2.60869,-0.6984518,"interleukin 18 binding protein","222868_s_at",8.31e-08,2.57e-09,8.902278,11.39641,1.69189855,"interleukin 18 binding protein"
"375","IL18R1","ILMN_1781700",0.02077345,0.00326,3.1852011,-2.05035,1.127875,"interleukin 18 receptor 1","206618_at",0.000772,0.000187,4.3607354,0.250519,0.8285444,"interleukin 18 receptor 1"
"376","IL22RA1","ILMN_1666175",0.04209429,0.00875,-2.7961041,-2.95583,-0.6422679,"interleukin 22 receptor subunit alpha 1","220056_at",6.5e-07,3.62e-08,-7.7408923,8.755957,-1.83020892,"interleukin 22 receptor subunit alpha 1"
"377","IL6ST","ILMN_1849013",0.02998051,0.0055,2.9818001,-2.5317,1.035688,"interleukin 6 signal transducer","234474_x_at",0.0181,0.0076,-2.8976257,-3.326131,-0.64808228,"interleukin 6 signal transducer"
"378","INF2","ILMN_2393450",0.0214395,0.00341,-3.1676145,-2.09261,-0.7899327,"inverted formin, FH2 and WH2 domain containing","224469_s_at",4.55e-05,6.59e-06,5.6408291,3.55921,0.7347196,"inverted formin, FH2 and WH2 domain containing"
"379","IPO11","ILMN_1684746",0.0498139,0.011,2.7028795,-3.16272,0.637689,"importin 11","1557770_at",6.49e-06,6.32e-07,-6.5622352,5.896875,-0.65913128,"importin 11"
"380","IQCK","ILMN_2081883",0.02282802,0.00373,3.1329326,-2.1756,0.5996616,"IQ motif containing K","216135_at",8.69e-06,9.01e-07,-6.4210016,5.543517,-0.59899311,"IQ motif containing K"
"381","IRAK1BP1","ILMN_1779639",0.0001263,1.47e-06,5.9185483,5.25289,0.8581546,"interleukin 1 receptor associated kinase 1 binding protein 1","1557174_a_at",0.00497,0.00168,-3.5100624,-1.887582,-0.65011232,"interleukin 1 receptor associated kinase 1 binding protein 1"
"382","ISG15","ILMN_2054019",0.01153505,0.0014,3.5036028,-1.26642,0.8600667,"ISG15 ubiquitin-like modifier","205483_s_at",7.09e-10,2.96e-12,12.3096825,18.11242,1.83881579,"ISG15 ubiquitin-like modifier"
"383","ITGB1","ILMN_1714820",0.00992061,0.00113,3.5839003,-1.06362,1.08335,"integrin subunit beta 1","1553530_a_at",0.00785,0.00286,3.298516,-2.397322,0.714118,"integrin subunit beta 1"
"384","ITGB4","ILMN_2317543",0.00361945,0.000258,-4.1183988,0.32773,-0.8321501,"integrin subunit beta 4","204990_s_at",0.00171,0.000481,-3.9980085,-0.6744,-0.74570536,"integrin subunit beta 4"
"385","ITM2C","ILMN_2366041",0.03084151,0.00573,-2.9656762,-2.56913,-0.6949633,"integral membrane protein 2C","221004_s_at",1.71e-09,1.2e-11,11.543776,16.729302,1.98324265,"integral membrane protein 2C"
"386","ITPR2","ILMN_1736103",0.0182247,0.00271,3.2558453,-1.87943,1.0093266,"inositol 1,4,5-trisphosphate receptor type 2","202660_at",7.28e-05,1.16e-05,-5.4243221,3.001105,-0.68896881,"inositol 1,4,5-trisphosphate receptor type 2"
"387","IWS1","ILMN_1747241",0.0049867,0.000411,3.9512054,-0.11429,1.7095435,"IWS1, SUPT6H interacting protein","1562110_at",0.00518,0.00176,-3.4910223,-1.933929,-0.78227328,"IWS1, SUPT6H interacting protein"
"388","JAG2","ILMN_1764729",0.03621865,0.00711,-2.8796464,-2.76694,-0.6821692,"jagged 2","32137_at",7.09e-07,4.05e-08,-7.6934581,8.644256,-0.89445212,"jagged 2"
"389","JAK2","ILMN_1683178",0.02005734,0.0031,3.2044257,-2.00402,0.8764393,"Janus kinase 2","205842_s_at",0.00557,0.00192,3.4576118,-2.015044,0.61163274,"Janus kinase 2"
"390","JAML","ILMN_1778723",0.02746962,0.00484,3.0318363,-2.41484,0.6879555,"junction adhesion molecule like","228094_at",2.07e-05,2.58e-06,6.0051179,4.491869,0.8921065,"junction adhesion molecule like"
"391","JMJD4","ILMN_1692896",0.00104625,3.9e-05,-4.780951,2.12015,-0.8310277,"jumonji domain containing 4","222671_s_at",2.2e-05,2.77e-06,5.9776666,4.421923,0.65165827,"jumonji domain containing 4"
"392","JUP","ILMN_2366864",0.01141292,0.00138,-3.5089277,-1.25303,-0.857366,"junction plakoglobin","201015_s_at",6.31e-05,9.75e-06,-5.489974,3.170579,-0.92985726,"junction plakoglobin"
"393","KAZN","ILMN_1798458",0.01747459,0.00257,-3.2757195,-1.83102,-0.8358931,"kazrin, periplakin interacting protein","213478_at",0.00238,0.000705,-3.8499199,-1.047152,-0.70286387,"kazrin, periplakin interacting protein"
"394","KCNK7","ILMN_2304577",0.02733179,0.00481,-3.0344701,-2.40866,-0.9539093,"potassium two pore domain channel subfamily K member 7","220412_x_at",1.34e-07,4.76e-09,-8.6251708,10.783067,-1.61275511,"potassium two pore domain channel subfamily K member 7"
"395","KCTD21","ILMN_1809708",0.01566887,0.0022,3.3349912,-1.68583,0.7110179,"potassium channel tetramerization domain containing 21","229873_at",3.92e-05,5.5e-06,5.7109086,3.73932,0.68924839,"potassium channel tetramerization domain containing 21"
"396","KDELR1","ILMN_2130411",0.01138175,0.00138,-3.5100957,-1.2501,-0.863426,"KDEL endoplasmic reticulum protein retention receptor 1","200922_at",1.75e-08,3.26e-10,9.8702116,13.456801,0.70717307,"KDEL endoplasmic reticulum protein retention receptor 1"
"397","KDF1","ILMN_1676322",0.01242866,0.00157,-3.4626027,-1.36924,-0.6544894,"keratinocyte differentiation factor 1","236058_at",0.000333,6.95e-05,-4.738067,1.223977,-1.18492883,"keratinocyte differentiation factor 1"
"398","KIAA0101","ILMN_2285996",0.00048316,1.14e-05,5.2068017,3.29156,1.4250509,"KIAA0101","202503_s_at",0.00437,0.00144,3.5696458,-1.741992,0.63104461,"KIAA0101"
"399","KIAA1551","ILMN_1726289",0.01222368,0.00153,3.4716636,-1.34656,1.6685755,"KIAA1551","218614_at",8.18e-06,8.38e-07,6.4499386,5.616082,0.74035261,"KIAA1551"
"400","KIF16B","ILMN_1772786",0.00499588,0.000412,3.950328,-0.11659,0.941518,"kinesin family member 16B","219570_at",2.46e-05,3.17e-06,-5.9251021,4.287825,-0.62120287,"kinesin family member 16B"
"401","KIF21A","ILMN_1681249",0.00356024,0.000252,4.1257628,0.34731,1.068534,"kinesin family member 21A","226003_at",8.72e-09,1.29e-10,-10.3244701,14.380523,-1.20396888,"kinesin family member 21A"
"402","KIF2A","ILMN_1734476",0.01088346,0.00129,3.5354918,-1.18611,1.0229719,"kinesin family member 2A","203087_s_at",5.61e-07,3.01e-08,7.8193703,8.94011,0.65128559,"kinesin family member 2A"
"403","KLC3","ILMN_1702738",0.00283907,0.000182,-4.2421961,0.65824,-0.9144749,"kinesin light chain 3","1570402_at",5.79e-09,7.02e-11,-10.6277488,14.982254,-1.65835059,"kinesin light chain 3"
"404","KLHL22","ILMN_1705390",0.00460396,0.000363,-3.9962322,0.00421,-0.7334055,"kelch like family member 22","49329_at",1.53e-07,5.73e-09,8.5423886,10.597802,0.63305175,"kelch like family member 22"
"405","KRT15","ILMN_1770612",0.04222257,0.0088,-2.7937062,-2.96121,-1.120825,"keratin 15","204734_at",0.006,0.00209,-3.4229173,-2.09898,-0.90669826,"keratin 15"
"406","KRT77","ILMN_1801428",0.00277904,0.000175,-4.2558305,0.69479,-1.3467105,"keratin 77","237120_at",0.000188,3.54e-05,-4.9953825,1.890644,-2.78535566,"keratin 77"
"407","KRT80","ILMN_1705814",0.02809041,0.005,-3.018673,-2.44568,-0.9514515,"keratin 80","231849_at",1.66e-06,1.18e-07,-7.2446397,7.57293,-1.53852925,"keratin 80"
"408","KRT9","ILMN_1792568",0.01453172,0.00195,3.3803276,-1.57396,2.2640846,"keratin 9","208188_at",0.0123,0.00481,-3.0875466,-2.89287,-0.71013491,"keratin 9"
"409","LACTB","ILMN_1703335",0.02799904,0.00498,3.0206089,-2.44115,0.8041302,"lactamase beta","226354_at",9.84e-05,1.65e-05,5.2864145,2.644566,0.64001143,"lactamase beta"
"410","LAD1","ILMN_1701581",0.00121642,4.93e-05,-4.6999634,1.89852,-0.6171894,"ladinin 1","216641_s_at",0.000272,5.49e-05,-4.8281693,1.457303,-0.83179076,"ladinin 1"
"411","LAMA3","ILMN_1688892",0.00395554,0.000292,4.0738052,0.20931,0.6932783,"laminin subunit alpha 3","203726_s_at",4.56e-05,6.61e-06,-5.6400993,3.557333,-0.97587392,"laminin subunit alpha 3"
"412","LAMB4","ILMN_1792301",0.00075551,2.39e-05,4.9513654,2.58794,1.3866809,"laminin subunit beta 4","216622_at",1.23e-06,8.08e-08,-7.4025692,7.952843,-1.47547275,"laminin subunit beta 4"
"413","LAP3","ILMN_1683792",0.00404417,0.000302,4.0618175,0.17754,0.9027078,"leucine aminopeptidase 3","217933_s_at",8.5e-09,1.23e-10,10.3450019,14.421635,1.04681246,"leucine aminopeptidase 3"
"414","LARP7","ILMN_2392717",0.0004865,1.16e-05,5.2022372,3.27897,3.2398133,"La ribonucleoprotein domain family member 7","241385_at",0.00467,0.00156,-3.5393147,-1.816208,-0.65921462,"La ribonucleoprotein domain family member 7"
"415","LGALS3BP","ILMN_1659688",0.00238535,0.00014,-4.3350822,0.9078,-1.060257,"galectin 3 binding protein","200923_at",1.7e-07,6.6e-09,8.479836,10.457189,1.1992605,"galectin 3 binding protein"
"416","LGI3","ILMN_1737162",0.00292529,0.000189,-4.2280442,0.62033,-2.5530397,"leucine rich repeat LGI family member 3","238061_at",1.02e-05,1.1e-06,-6.3433989,5.348502,-0.70741099,"leucine rich repeat LGI family member 3"
"417","LIMA1","ILMN_1704369",0.00141571,6.21e-05,4.6190494,1.67762,0.9995065,"LIM domain and actin binding 1","222456_s_at",0.00456,0.00152,-3.5503406,-1.789253,-0.59709305,"LIM domain and actin binding 1"
"418","LIMCH1","ILMN_2139761",0.00884468,0.000948,3.6481244,-0.90009,0.8417959,"LIM and calponin homology domains 1","232457_at",1.71e-05,2.05e-06,-6.0956533,4.722117,-0.66110233,"LIM and calponin homology domains 1"
"419","LIME1","ILMN_2183687",0.01703692,0.00248,-3.2901344,-1.79582,-0.8124629,"Lck interacting transmembrane adaptor 1","219541_at",3.2e-05,4.35e-06,5.8022374,3.97358,0.74602233,"Lck interacting transmembrane adaptor 1"
"420","LINC01315","ILMN_1865056",0.00750115,0.000744,3.7365887,-0.67303,0.7219707,"long intergenic non-protein coding RNA 1315","229930_at",4.81e-06,4.41e-07,-6.7068787,6.25658,-1.01346597,"long intergenic non-protein coding RNA 1315"
"421","LOC100505664","ILMN_1856484",0.02436143,0.00409,3.0974914,-2.25994,1.0114815,"uncharacterized LOC100505664","231089_at",1.79e-05,2.17e-06,-6.0738158,4.666643,-1.9877687,"uncharacterized LOC100505664"
"422","LPAR1","ILMN_1701441",0.0269822,0.00472,3.0415054,-2.39213,0.7993056,"lysophosphatidic acid receptor 1","204038_s_at",0.00147,0.000399,4.0697132,-0.492768,0.63561637,"lysophosphatidic acid receptor 1"
"423","LRG1","ILMN_1805228",0.03528456,0.00688,-2.8926322,-2.73729,-0.9888964,"leucine rich alpha-2-glycoprotein 1","228648_at",0.0358,0.017,2.5520301,-4.077225,1.0755858,"leucine rich alpha-2-glycoprotein 1"
"424","LRP10","ILMN_1670272",0.02066991,0.00324,-3.187364,-2.04514,-0.892868,"LDL receptor related protein 10","227252_at",0.000113,1.95e-05,-5.2238471,2.482612,-0.6134802,"LDL receptor related protein 10"
"425","LRRC15","ILMN_1709717",0.02051005,0.0032,-3.1919326,-2.03414,-0.6874917,"leucine rich repeat containing 15","213909_at",1.92e-08,3.7e-10,9.8083992,13.328998,1.90343897,"leucine rich repeat containing 15"
"426","LRRC8D","ILMN_1763409",0.01116553,0.00134,3.5208933,-1.22291,0.8620351,"leucine rich repeat containing 8 family member D","218684_at",1.14e-06,7.3e-08,7.4449906,8.054354,0.63342636,"leucine rich repeat containing 8 family member D"
"427","LSS","ILMN_1715024",0.01375815,0.00181,-3.4078935,-1.50561,-0.8332417,"lanosterol synthase (2,3-oxidosqualene-lanosterol cyclase)","211018_at",2.47e-06,1.95e-07,-7.0388212,7.073175,-0.88232134,"lanosterol synthase (2,3-oxidosqualene-lanosterol cyclase)"
"428","LTB4R","ILMN_1747251",0.01921826,0.00292,-3.2278733,-1.94732,-0.8485531,"leukotriene B4 receptor","210128_s_at",0.0294,0.0135,-2.6537421,-3.861663,-0.64939727,"leukotriene B4 receptor"
"429","LTBP4","ILMN_1665219",0.0091213,0.000996,-3.6298924,-0.94663,-0.824274,"latent transforming growth factor beta binding protein 4","204442_x_at",5.43e-06,5.1e-07,-6.6487857,6.112384,-0.84935657,"latent transforming growth factor beta binding protein 4"
"430","LTN1","ILMN_1760360",0.01122205,0.00135,3.5185583,-1.22879,0.9909094,"listerin E3 ubiquitin protein ligase 1","233818_at",0.000103,1.74e-05,-5.2669221,2.594121,-0.85858305,"listerin E3 ubiquitin protein ligase 1"
"431","LUC7L","ILMN_1765371",0.03783426,0.00755,2.8556028,-2.82163,0.5941107,"LUC7 like","1557066_at",0.00951,0.00358,-3.2079406,-2.611773,-0.78633618,"LUC7 like"
"432","LUC7L3","ILMN_2299072",0.00474218,0.000381,3.9789038,-0.04144,1.4228132,"LUC7 like 3 pre-mRNA splicing factor","241792_x_at",2.89e-05,3.85e-06,-5.8492407,4.093926,-0.69995039,"LUC7 like 3 pre-mRNA splicing factor"
"433","LXN","ILMN_1723962",3.432e-05,1.37e-07,6.7546688,7.5244,1.7823255,"latexin","218729_at",6.12e-05,9.4e-06,5.5039313,3.206584,0.97352663,"latexin"
"434","LY96","ILMN_1724533",0.00152053,6.91e-05,4.5816487,1.57572,1.1136603,"lymphocyte antigen 96","206584_at",1.54e-11,4.52e-15,16.3596976,24.412801,1.66178168,"lymphocyte antigen 96"
"435","LYAR","ILMN_1764362",6.879e-05,5.27e-07,6.2775201,6.23463,1.8227289,"Ly1 antibody reactive","223414_s_at",2.17e-06,1.67e-07,7.1032331,7.230131,0.66241706,"Ly1 antibody reactive"
"436","LYNX1","ILMN_1722670",0.04090837,0.00841,-2.8122492,-2.91958,-0.7463808,"Ly6/neurotoxin 1","226305_at",0.000138,2.47e-05,-5.1324939,2.24599,-1.02148283,"Ly6/neurotoxin 1"
"437","LYRM5","ILMN_1744534",0.00706789,0.000687,3.7656211,-0.59807,0.955075,"LYR motif containing 5","231640_at",0.00132,0.000351,-4.1190424,-0.367428,-0.70274685,"LYR motif containing 5"
"438","LYZ","ILMN_1815205",0.00205459,0.000111,4.4160892,1.12643,1.348751,"lysozyme","1555745_a_at",5.7e-06,5.4e-07,6.6255449,6.054594,2.35344604,"lysozyme"
"439","MACROD1","ILMN_1740960",0.02004549,0.00309,-3.2050137,-2.0026,-0.7517425,"MACRO domain containing 1","219188_s_at",0.000152,2.78e-05,-5.0883029,2.131479,-0.59368669,"MACRO domain containing 1"
"440","MAN2B1","ILMN_1759341",0.00014121,1.79e-06,-5.8495663,5.0634,-0.9964409,"mannosidase alpha class 2B member 1","209166_s_at",7.66e-07,4.45e-08,7.6530557,8.548881,1.01966977,"mannosidase alpha class 2B member 1"
"441","MAP1S","ILMN_1796336",5.69e-05,3.68e-07,-6.4037922,6.57785,-1.1203666,"microtubule associated protein 1S","218522_s_at",0.00016,2.95e-05,5.0647342,2.070398,0.59188653,"microtubule associated protein 1S"
"442","MAP4K5","ILMN_1759030",0.03170106,0.00595,2.9505608,-2.60412,1.0214518,"mitogen-activated protein kinase kinase kinase kinase 5","211081_s_at",5.62e-05,8.48e-06,-5.5435419,3.308714,-0.7170734,"mitogen-activated protein kinase kinase kinase kinase 5"
"443","MAPK6","ILMN_1757287",0.02853719,0.00511,3.0105103,-2.46477,1.0945355,"mitogen-activated protein kinase 6","243831_at",0.000548,0.000125,-4.5148134,0.647063,-0.63557224,"mitogen-activated protein kinase 6"
"444","MAPKAPK2","ILMN_1774844",0.01560396,0.00219,-3.3370952,-1.68065,-0.6386772,"mitogen-activated protein kinase-activated protein kinase 2","201461_s_at",8.12e-07,4.78e-08,7.6228382,8.477409,1.13325427,"mitogen-activated protein kinase-activated protein kinase 2"
"445","MAPKAPK5","ILMN_1699082",0.00273437,0.000171,4.2635453,0.71549,0.8348961,"mitogen-activated protein kinase-activated protein kinase 5","228925_at",4.11e-05,5.83e-06,-5.6884626,3.681664,-0.66560677,NA
"446","MAPRE3","ILMN_1734290",0.01909335,0.00289,-3.2308671,-1.94007,-0.7800458,"microtubule associated protein RP/EB family member 3","203842_s_at",7.01e-06,6.96e-07,-6.5240098,5.801441,-0.79962183,"microtubule associated protein RP/EB family member 3"
"447","MAPT","ILMN_2310814",0.01049619,0.00122,-3.5539228,-1.13955,-1.081688,"microtubule associated protein tau","203928_x_at",2.07e-05,2.59e-06,-6.0047537,4.490941,-0.92208825,"microtubule associated protein tau"
"448","MARCKSL1","ILMN_1714433",0.00563025,0.000493,-3.8860276,-0.28508,-1.0332941,"MARCKS like 1","200644_at",2.66e-06,2.14e-07,7.0008445,6.980402,1.33537523,"MARCKS like 1"
"449","MARK3","ILMN_1704795",0.01882615,0.00284,3.2378847,-1.92306,0.5857559,"microtubule affinity regulating kinase 3","232537_x_at",0.000803,0.000196,-4.3427711,0.204399,-1.02470169,"microtubule affinity regulating kinase 3"
"450","MBNL2","ILMN_2364272",0.02008463,0.00311,3.2035462,-2.00614,1.1372328,"muscleblind like splicing regulator 2","232138_at",0.00015,2.73e-05,-5.0948889,2.148547,-1.26203653,"muscleblind like splicing regulator 2"
"451","MCCC1","ILMN_1760174",0.04363668,0.00918,2.7767333,-2.99917,0.7064118,"methylcrotonoyl-CoA carboxylase 1","218440_at",0.000685,0.000162,-4.4162432,0.393184,-0.74999577,"methylcrotonoyl-CoA carboxylase 1"
"452","MCM10","ILMN_2413898",0.00641613,0.000597,3.8165418,-0.46612,1.06093,"minichromosome maintenance 10 replication initiation factor","223570_at",0.00217,0.000633,3.8916544,-0.942449,0.59615556,"minichromosome maintenance 10 replication initiation factor"
"453","MCRIP1","ILMN_1733799",0.00052035,1.29e-05,-5.1656624,3.17811,-0.975178,"MAPK regulated corepressor interacting protein 1","225329_at",3.66e-07,1.75e-08,8.0533707,9.484337,0.85168733,"MAPK regulated corepressor interacting protein 1"
"454","MCTS1","ILMN_1751816",0.0012517,5.17e-05,4.6832109,1.85274,1.0693913,"MCTS1, re-initiation and release factor","230235_at",4.85e-06,4.46e-07,-6.702834,6.246552,-0.88120466,"MCTS1, re-initiation and release factor"
"455","MCUB","ILMN_1801766",0.0043803,0.000337,4.0225201,0.07359,1.0176872,"mitochondrial calcium uniporter dominant negative beta subunit","218802_at",2.37e-06,1.86e-07,7.0584226,7.120992,0.76480165,"mitochondrial calcium uniporter dominant negative beta subunit"
"456","ME2","ILMN_1675186",0.00968477,0.00109,3.5973386,-1.0295,0.7368579,"malic enzyme 2","210154_at",4.95e-06,4.56e-07,6.6933001,6.222909,0.94879071,"malic enzyme 2"
"457","METRN","ILMN_1712583",0.02013612,0.00312,-3.2019764,-2.00993,-1.0147141,"meteorin, glial cell differentiation regulator","219051_x_at",1.88e-09,1.4e-11,11.4609487,16.575577,0.87321765,"meteorin, glial cell differentiation regulator"
"458","METTL14","ILMN_2124523",0.04854258,0.0106,2.7174138,-3.13074,0.8083068,"methyltransferase like 14","241689_at",9.07e-05,1.51e-05,-5.3227705,2.738621,-0.84249885,"methyltransferase like 14"
"459","MFSD13A","ILMN_1808566",0.00802417,0.000823,-3.6999336,-0.76736,-0.6446566,"major facilitator superfamily domain containing 13A","219745_at",2.97e-06,2.45e-07,-6.9455501,6.845017,-0.88515103,"major facilitator superfamily domain containing 13A"
"460","MFSD8","ILMN_2123119",0.01027991,0.00118,3.5662211,-1.10843,0.9347711,"major facilitator superfamily domain containing 8","243407_at",8.65e-07,5.17e-08,-7.589535,8.3985,-0.97670785,"major facilitator superfamily domain containing 8"
"461","MGAT1","ILMN_1761912",0.01267408,0.00162,-3.4505235,-1.39943,-0.8517241,"mannosyl (alpha-1,3-)-glycoprotein beta-1,2-N-acetylglucosaminyltransferase","201126_s_at",9.86e-09,1.52e-10,10.2409201,14.21266,0.66330281,"mannosyl (alpha-1,3-)-glycoprotein beta-1,2-N-acetylglucosaminyltransferase"
"462","MGAT4A","ILMN_1755643",0.03398368,0.00654,2.9129368,-2.69078,0.9097932,"mannosyl (alpha-1,3-)-glycoprotein beta-1,4-N-acetylglucosaminyltransferase, isozyme A","219797_at",4.27e-10,1.25e-12,12.7980779,18.959436,2.11657105,"mannosyl (alpha-1,3-)-glycoprotein beta-1,4-N-acetylglucosaminyltransferase, isozyme A"
"463","MIB2","ILMN_2385178",0.01131325,0.00137,-3.5134067,-1.24176,-0.9353675,"mindbomb E3 ubiquitin protein ligase 2","226644_at",2.55e-06,2.02e-07,-7.0232555,7.035171,-0.6856371,"mindbomb E3 ubiquitin protein ligase 2"
"464","MIR99AHG","ILMN_1690703",1.196e-05,2.14e-08,7.422163,9.28977,1.6120014,"mir-99a-let-7c cluster host gene","239999_at",7.67e-05,1.23e-05,-5.4000283,2.938347,-1.59638087,"mir-99a-let-7c cluster host gene"
"465","MKL1","ILMN_1651767",0.00748793,0.000742,-3.737637,-0.67032,-0.6371761,"megakaryoblastic leukemia (translocation) 1","215291_at",2.02e-06,1.51e-07,7.1423431,7.325187,0.83898258,"megakaryoblastic leukemia (translocation) 1"
"466","MLEC","ILMN_1657495",0.00907087,0.000987,-3.633439,-0.93758,-0.8952371,"malectin","200616_s_at",4.71e-07,2.41e-08,7.9151444,9.163741,0.60969112,"malectin"
"467","MLKL","ILMN_1667825",0.00080352,2.66e-05,4.9144987,2.4866,1.184108,"mixed lineage kinase domain like","238025_at",2.66e-08,5.74e-10,9.5991084,12.892477,1.38651591,"mixed lineage kinase domain like"
"468","MLLT10","ILMN_2399310",0.03252314,0.00616,2.9365082,-2.63656,0.9497577,"myeloid/lymphoid or mixed-lineage leukemia; translocated to, 10","1563321_s_at",0.000121,2.11e-05,-5.1934601,2.403922,-0.63593682,"myeloid/lymphoid or mixed-lineage leukemia; translocated to, 10"
"469","MLPH","ILMN_1795342",0.00137679,5.96e-05,-4.6334146,1.7168,-1.0383166,"melanophilin","218211_s_at",0.00657,0.00232,-3.3812596,-2.199351,-0.82458991,"melanophilin"
"470","MMAB","ILMN_1689156",0.00192524,0.000101,-4.4474368,1.21126,-0.6591321,"methylmalonic aciduria (cobalamin deficiency) cblB type","242082_at",0.000204,3.91e-05,-4.9578047,1.793242,-0.60903277,"methylmalonic aciduria (cobalamin deficiency) cblB type"
"471","MMP28","ILMN_1791508",0.01485651,0.00202,-3.3661958,-1.6089,-0.8822728,"matrix metallopeptidase 28","239273_s_at",3.69e-08,8.99e-10,-9.3877669,12.445699,-1.37093856,"matrix metallopeptidase 28"
"472","MOB3B","ILMN_1717046",0.01125392,0.00135,3.5170448,-1.23261,0.8774496,"MOB kinase activator 3B","1563521_at",0.000126,2.22e-05,-5.1740639,2.353684,-0.83635518,"MOB kinase activator 3B"
"473","MRPL39","ILMN_1726391",0.00022151,3.49e-06,5.617957,4.42581,1.4302055,"mitochondrial ribosomal protein L39","236910_at",0.00223,0.000655,-3.8780889,-0.976513,-0.64529904,"mitochondrial ribosomal protein L39"
"474","MRPS25","ILMN_1798826",0.00281227,0.000178,4.2488668,0.67612,0.8046194,"mitochondrial ribosomal protein S25","226848_at",1.36e-06,9.22e-08,-7.3477575,7.821345,-0.93036864,NA
"475","MSL3","ILMN_1670723",0.01235824,0.00155,3.466842,-1.35863,0.6539324,"male-specific lethal 3 homolog (Drosophila)","214009_at",2.26e-06,1.75e-07,7.0825914,7.179887,0.6561423,"male-specific lethal 3 homolog (Drosophila)"
"476","MTHFD2","ILMN_1674706",0.01080056,0.00127,3.5391045,-1.17699,0.6707065,"methylenetetrahydrofolate dehydrogenase (NADP+ dependent) 2, methenyltetrahydrofolate cyclohydrolase","201761_at",3.3e-07,1.52e-08,8.112513,9.620724,1.0643115,"methylenetetrahydrofolate dehydrogenase (NADP+ dependent) 2, methenyltetrahydrofolate cyclohydrolase"
"477","MTUS1","ILMN_2346727",0.0247481,0.00419,3.0877717,-2.28298,1.1300195,"microtubule associated tumor suppressor 1","239576_at",2.37e-05,3.03e-06,-5.9431721,4.333948,-1.63562991,"microtubule associated tumor suppressor 1"
"478","MUM1","ILMN_1764764",0.01415316,0.00188,-3.3940155,-1.54005,-0.818893,"melanoma associated antigen (mutated) 1","229033_s_at",3.96e-05,5.57e-06,-5.7062473,3.727349,-1.19886926,"melanoma associated antigen (mutated) 1"
"479","MVP","ILMN_2344373",0.00033757,6.43e-06,-5.4063174,3.84205,-1.0682604,"major vault protein","202180_s_at",8.36e-05,1.37e-05,5.3599655,2.834804,0.77638619,"major vault protein"
"480","MYH14","ILMN_2392370",0.00027504,4.72e-06,-5.5136902,4.1383,-0.9322224,"myosin, heavy chain 14, non-muscle","217545_at",5.36e-05,8.01e-06,-5.5653689,3.364958,-0.60356888,"myosin, heavy chain 14, non-muscle"
"481","MYNN","ILMN_1672287",0.00111829,4.31e-05,4.7463621,2.02543,1.0222897,"myoneurin","237510_at",0.000193,3.66e-05,-4.9825198,1.857304,-0.7935314,"myoneurin"
"482","MYO1B","ILMN_2093027",0.00850503,0.000896,3.6687261,-0.84739,0.8350216,"myosin IB","212365_at",7.38e-08,2.24e-09,8.9659998,11.535965,1.39532665,"myosin IB"
"483","MYO1G","ILMN_1692295",0.02041422,0.00318,-3.1942196,-2.02863,-0.7261222,"myosin IG","227799_at",7.52e-07,4.35e-08,7.662839,8.571995,0.92930405,"myosin IG"
"484","MYO5A","ILMN_1698225",0.00282125,0.00018,4.2460767,0.66864,1.0600667,"myosin VA","204527_at",0.000354,7.48e-05,4.7100074,1.151358,0.59008444,"myosin VA"
"485","MYRFL","ILMN_1787199",0.00044235,1.01e-05,5.2492123,3.40855,0.997608,"myelin regulatory factor-like","1556267_at",1.76e-06,1.27e-07,-7.2155883,7.502705,-1.78393949,"myelin regulatory factor-like"
"486","N4BP2L2","ILMN_1737561",0.00985508,0.00112,3.5876332,-1.05414,1.784281,"NEDD4 binding protein 2 like 2","202259_s_at",5.66e-05,8.56e-06,-5.5401059,3.299857,-0.80331253,"NEDD4 binding protein 2 like 2"
"487","NACA","ILMN_2167616",0.00457754,0.00036,3.9987459,0.01084,1.3003338,"nascent polypeptide-associated complex alpha subunit","222018_at",0.000218,4.23e-05,-4.9278931,1.715715,-0.72710035,"nascent polypeptide-associated complex alpha subunit"
"488","NAPB","ILMN_2181125",0.02124704,0.00337,3.1727734,-2.08022,0.7186019,"NSF attachment protein beta","1570441_at",0.00268,0.000815,-3.793428,-1.188407,-0.70911469,"NSF attachment protein beta"
"489","NASP","ILMN_2348975",0.01512637,0.00208,3.355582,-1.6351,0.6003221,"nuclear autoantigenic sperm protein","242918_at",0.00259,0.000779,-3.810991,-1.144551,-0.88078056,"nuclear autoantigenic sperm protein"
"490","NBN","ILMN_1734833",0.00141739,6.25e-05,4.6170568,1.67219,0.9044484,"nibrin","202906_s_at",4.23e-05,6.04e-06,5.6748946,3.646798,0.73484994,"nibrin"
"491","NCAPH2","ILMN_1715908",0.00517139,0.000433,-3.932542,-0.16329,-0.6198589,"non-SMC condensin II complex subunit H2","40640_at",0.00344,0.00109,3.6814075,-1.466783,0.61580877,"non-SMC condensin II complex subunit H2"
"492","NCBP2","ILMN_2412564",0.00014826,1.93e-06,5.8249427,4.99571,0.6835964,"nuclear cap binding protein subunit 2","201521_s_at",1.06e-07,3.52e-09,8.7600243,11.082861,0.83114976,"nuclear cap binding protein subunit 2"
"493","NCKAP1","ILMN_2322552",0.034725,0.00674,2.901156,-2.71779,1.2011178,"NCK associated protein 1","217465_at",0.00246,0.000735,-3.833813,-1.087483,-0.88121825,"NCK associated protein 1"
"494","NCOR2","ILMN_1698419",0.02487997,0.00423,-3.0845094,-2.2907,-0.8431992,"nuclear receptor corepressor 2","236025_at",0.00328,0.00103,-3.7026412,-1.414202,-0.60677617,"nuclear receptor corepressor 2"
"495","NDRG2","ILMN_2361603",0.03224041,0.00609,-2.9412453,-2.62563,-0.8478309,"NDRG family member 2","206453_s_at",0.000514,0.000116,-4.5432311,0.720367,-0.68281929,"NDRG family member 2"
"496","NDUFB2","ILMN_2117330",0.02358998,0.00392,3.113915,-2.22092,0.9375519,"NADH:ubiquinone oxidoreductase subunit B2","240391_at",0.000647,0.000151,-4.441332,0.457742,-0.66940276,"NADH:ubiquinone oxidoreductase subunit B2"
"497","NDUFS4","ILMN_1812312",5.55e-05,3.48e-07,6.4235725,6.6315,1.7637283,"NADH:ubiquinone oxidoreductase subunit S4","1555057_at",9.38e-07,5.72e-08,-7.5470546,8.297639,-1.06327989,"NADH:ubiquinone oxidoreductase subunit S4"
"498","NECTIN1","ILMN_1744815",0.03370358,0.00647,-2.9173787,-2.68058,-0.7238673,"nectin cell adhesion molecule 1","225211_at",0.00177,0.000499,-3.983903,-0.710047,-0.7740496,"nectin cell adhesion molecule 1"
"499","NECTIN2","ILMN_2337336",0.00345604,0.000241,-4.1413525,0.38881,-0.7312585,"nectin cell adhesion molecule 2","225418_at",8.42e-06,8.66e-07,6.4364954,5.582381,0.73020072,"nectin cell adhesion molecule 2"
"500","NELL2","ILMN_1725417",0.00106353,4.01e-05,4.7720187,2.09568,2.1110639,"neural EGFL like 2","203413_at",0.000251,5e-05,4.8640464,1.550255,1.4540487,"neural EGFL like 2"
"501","NFIC","ILMN_1814402",0.00969111,0.00109,-3.596856,-1.03072,-0.6465621,"nuclear factor I C","226895_at",8.82e-05,1.46e-05,-5.3357155,2.772101,-0.59317453,"nuclear factor I C"
"502","NFIX","ILMN_1694325",0.01443615,0.00193,-3.3832267,-1.56678,-1.0373865,"nuclear factor I X","227400_at",7.67e-05,1.23e-05,-5.400407,2.939325,-0.73380818,"nuclear factor I X"
"503","NGDN","ILMN_2324998",0.04030674,0.00826,2.8195087,-2.90324,0.7962558,"neuroguidin","216263_s_at",5.82e-06,5.57e-07,-6.6133025,6.024129,-0.95850574,"neuroguidin"
"504","NIPAL4","ILMN_1713638",0.02073562,0.00325,-3.186023,-2.04837,-0.9145045,"NIPA like domain containing 4","230188_at",0.000959,0.000241,-4.2625834,-0.001124,-1.09900782,"NIPA like domain containing 4"
"505","NIPBL","ILMN_2264625",0.00401116,0.000298,4.0659503,0.18849,1.1724906,"NIPBL, cohesin loading factor","242352_at",0.0229,0.0101,-2.7791389,-3.589443,-0.64409353,"NIPBL, cohesin loading factor"
"506","NKTR","ILMN_1721621",0.00885524,0.00095,3.6473459,-0.90208,1.4662452,"natural killer cell triggering receptor","1570342_at",0.00168,0.000468,-4.0083067,-0.648357,-0.68212442,"natural killer cell triggering receptor"
"507","NMI","ILMN_1739541",0.00792088,0.000808,3.7066218,-0.75017,0.9702025,"N-myc and STAT interactor","203964_at",3.98e-06,3.52e-07,6.7985235,6.483295,0.63497655,"N-myc and STAT interactor"
"508","NMT2","ILMN_1656378",0.03144883,0.00589,2.9546359,-2.5947,0.6640085,"N-myristoyltransferase 2","215069_at",0.000215,4.16e-05,-4.9341235,1.731863,-0.9873343,"N-myristoyltransferase 2"
"509","NMU","ILMN_2162253",0.03635672,0.00714,2.8777077,-2.77136,0.8752277,"neuromedin U","206023_at",7.11e-06,7.08e-07,-6.5170422,5.784029,-1.61836032,"neuromedin U"
"510","NOL3","ILMN_1813925",0.02760731,0.00487,-3.0291042,-2.42124,-0.7095798,"nucleolar protein 3","221566_s_at",5.47e-07,2.92e-08,-7.8327009,8.971309,-0.74109573,"nucleolar protein 3"
"511","NRBF2","ILMN_1719344",0.02647661,0.0046,3.051576,-2.36845,0.8409105,"nuclear receptor binding factor 2","221803_s_at",7.03e-06,6.98e-07,6.5227495,5.798292,0.62230718,"nuclear receptor binding factor 2"
"512","NRG4","ILMN_1804662",0.01242866,0.00157,3.4622131,-1.37021,0.875432,"neuregulin 4","242426_at",5.51e-06,5.18e-07,-6.6423029,6.09627,-1.16166722,"neuregulin 4"
"513","NRSN2","ILMN_1770911",0.00569875,5e-04,-3.8808469,-0.29861,-0.7979971,"neurensin 2","218359_at",5.36e-07,2.85e-08,7.8432401,8.99596,0.80781353,"neurensin 2"
"514","NSMCE4A","ILMN_1679134",0.00146984,6.57e-05,4.5992781,1.62374,1.2977949,"NSE4 homolog A, SMC5-SMC6 complex component","228506_at",5.43e-06,5.09e-07,-6.6489607,6.112819,-1.03688018,"NSE4 homolog A, SMC5-SMC6 complex component"
"515","NT5DC1","ILMN_1680673",0.0217643,0.00349,3.1593661,-2.11239,0.7460752,"5'-nucleotidase domain containing 1","235830_at",1.23e-05,1.37e-06,-6.2534513,5.121736,-0.61200187,"5'-nucleotidase domain containing 1"
"516","NT5DC2","ILMN_1708743",0.01126008,0.00135,-3.516475,-1.23404,-0.7962042,"5'-nucleotidase domain containing 2","218051_s_at",1.34e-06,9.02e-08,7.3568551,7.843197,0.67588548,"5'-nucleotidase domain containing 2"
"517","NUCB1","ILMN_1722634",0.02191821,0.00352,-3.1558681,-2.12077,-0.7809528,"nucleobindin 1","200646_s_at",8.61e-07,5.14e-08,7.5921511,8.404704,0.6105136,"nucleobindin 1"
"518","NUDT5","ILMN_1711314",0.00292529,0.000189,4.2278176,0.61972,1.098563,"nudix hydrolase 5","222824_at",1.1e-05,1.2e-06,-6.3059775,5.254253,-0.60120793,"nudix hydrolase 5"
"519","NUMA1","ILMN_2160005",0.0139303,0.00184,-3.4011099,-1.52245,-0.953387,"nuclear mitotic apparatus protein 1","1554663_a_at",0.00025,4.96e-05,-4.8664122,1.556385,-0.7963328,"nuclear mitotic apparatus protein 1"
"520","NUP54","ILMN_2061405",0.01718912,0.00251,3.2849127,-1.80858,0.997163,"nucleoporin 54","215213_at",0.000357,7.55e-05,-4.7065554,1.142426,-0.86020825,"nucleoporin 54"
"521","NUP62CL","ILMN_1756550",0.00548655,0.000476,3.8988481,-0.25155,0.7432731,"nucleoporin 62 C-terminal like","232960_at",0.00165,0.00046,-4.0150332,-0.631339,-0.83133909,"nucleoporin 62 C-terminal like"
"522","OAS1","ILMN_2410826",0.00324477,0.00022,4.1745368,0.47729,1.2061049,"2'-5'-oligoadenylate synthetase 1","205552_s_at",0.000359,7.6e-05,4.7038405,1.135402,0.82581831,"2'-5'-oligoadenylate synthetase 1"
"523","OAS2","ILMN_1674063",0.00058694,1.58e-05,5.0950289,2.98342,1.8368148,"2'-5'-oligoadenylate synthetase 2","204972_at",5.04e-08,1.37e-09,9.1932476,12.029138,1.83556287,"2'-5'-oligoadenylate synthetase 2"
"524","OFD1","ILMN_1785266",0.00309052,0.000207,4.1967919,0.53673,1.0015174,"OFD1, centriole and centriolar satellite protein","241751_at",8.19e-05,1.33e-05,-5.3700055,2.860758,-1.08421672,"OFD1, centriole and centriolar satellite protein"
"525","OGDH","ILMN_1733869",0.00886799,0.000954,-3.6456285,-0.90646,-0.9036922,"oxoglutarate dehydrogenase","1554152_a_at",0.000459,0.000102,-4.5927608,0.848234,-0.62232245,"oxoglutarate dehydrogenase"
"526","OGFOD3","ILMN_1665289",0.01200943,0.00149,-3.4803322,-1.32484,-0.5966246,"2-oxoglutarate and iron dependent oxygenase domain containing 3","53071_s_at",0.000151,2.76e-05,5.0908486,2.138077,0.68589592,"2-oxoglutarate and iron dependent oxygenase domain containing 3"
"527","OPA3","ILMN_1652819",0.00346409,0.000243,-4.1393968,0.3836,-0.8044731,"optic atrophy 3 (autosomal recessive, with chorea and spastic paraplegia)","238630_at",5.88e-05,8.95e-06,5.5226674,3.254901,0.72505703,"optic atrophy 3 (autosomal recessive, with chorea and spastic paraplegia)"
"528","OSBPL9","ILMN_2313851",0.03579349,0.007,2.8858213,-2.75285,0.7346604,"oxysterol binding protein like 9","242994_at",2.34e-06,1.83e-07,-7.0648168,7.13658,-0.71359828,NA
"529","OSTC","ILMN_1776005",0.02031441,0.00316,3.1969581,-2.02203,1.1006159,"oligosaccharyltransferase complex non-catalytic subunit","223001_at",6.16e-10,2.38e-12,12.4319388,18.326942,0.86917783,"oligosaccharyltransferase complex non-catalytic subunit"
"530","OVGP1","ILMN_1734542",0.01045675,0.00121,3.557213,-1.13123,0.7515609,"oviductal glycoprotein 1","205432_at",8.47e-05,1.39e-05,-5.3541799,2.819846,-0.70426136,"oviductal glycoprotein 1"
"531","OXCT1","ILMN_1813544",0.03498175,0.00681,2.8969908,-2.72732,0.8038946,"3-oxoacid CoA-transferase 1","202780_at",2.53e-06,2.01e-07,-7.0263703,7.042778,-0.72478987,"3-oxoacid CoA-transferase 1"
"532","OXR1","ILMN_1737462",0.00198558,0.000106,4.4313402,1.16769,1.4470986,"oxidation resistance 1","235205_at",0.00249,0.000746,3.8276784,-1.102832,0.60406983,"oxidation resistance 1"
"533","P3H3","ILMN_1705682",0.03037313,0.00559,-2.9749581,-2.54759,-0.808935,"prolyl 3-hydroxylase 3","204854_at",2.66e-08,5.77e-10,9.5965896,12.887187,1.29775598,"prolyl 3-hydroxylase 3"
"534","PAK6","ILMN_1708223",0.01940954,0.00295,-3.2233348,-1.95831,-0.7869991,"p21 (RAC1) activated kinase 6","1555310_a_at",0.000425,9.29e-05,-4.6275454,0.938106,-1.1810686,"p21 (RAC1) activated kinase 6"
"535","PAOX","ILMN_1765116",0.00255716,0.000154,-4.299571,0.81224,-0.5934306,"polyamine oxidase (exo-N4-amino)","50400_at",0.00015,2.74e-05,5.0937026,2.145473,0.89085469,"polyamine oxidase (exo-N4-amino)"
"536","PAPD4","ILMN_1681845",0.03385459,0.00651,2.9148639,-2.68636,0.8213147,"poly(A) RNA polymerase D4, non-canonical","238706_at",0.000151,2.77e-05,-5.0897357,2.135192,-1.01902939,"poly(A) RNA polymerase D4, non-canonical"
"537","PAPOLA","ILMN_1798354",0.0443591,0.00939,2.767205,-3.02042,0.6849177,"poly(A) polymerase alpha","228569_at",1.31e-06,8.75e-08,-7.369572,7.873725,-0.64234984,"poly(A) polymerase alpha"
"538","PAQR7","ILMN_1746618",0.03584503,0.00701,-2.8849686,-2.7548,-0.6656582,"progestin and adipoQ receptor family member 7","242123_at",1.67e-06,1.19e-07,-7.2428733,7.568663,-0.78647578,"progestin and adipoQ receptor family member 7"
"539","PARD6G","ILMN_1724877",0.00112887,4.36e-05,-4.7426351,2.01523,-0.6333124,"par-6 family cell polarity regulator gamma","227204_at",4.43e-08,1.14e-09,-9.2765495,12.208157,-1.08857217,"par-6 family cell polarity regulator gamma"
"540","PARP14","ILMN_1691731",0.00530461,0.000453,3.9159879,-0.20668,0.9792602,"poly(ADP-ribose) polymerase family member 14","224701_at",0.000131,2.33e-05,5.1561156,2.307189,0.60816052,"poly(ADP-ribose) polymerase family member 14"
"541","PAWR","ILMN_1806907",0.0068747,0.000662,3.7792446,-0.56283,1.2618564,"pro-apoptotic WT1 regulator","226223_at",1.91e-06,1.41e-07,-7.1721212,7.397437,-0.73495775,"pro-apoptotic WT1 regulator"
"542","PCF11","ILMN_1798602",0.02411561,0.00403,3.1031696,-2.24646,0.8763143,"PCF11 cleavage and polyadenylation factor subunit","227622_at",4.83e-06,4.43e-07,-6.7050859,6.252135,-0.60670545,"PCF11 cleavage and polyadenylation factor subunit"
"543","PCM1","ILMN_2042595",0.00052345,1.3e-05,5.1613167,3.16613,1.7566257,"pericentriolar material 1","228905_at",1.57e-06,1.1e-07,-7.2747934,7.645709,-0.86194142,"pericentriolar material 1"
"544","PCMTD1","ILMN_1737426",0.00724752,0.000708,3.7548201,-0.62598,1.2629788,"protein-L-isoaspartate (D-aspartate) O-methyltransferase domain containing 1","238114_at",2.69e-06,2.17e-07,-6.9950759,6.966295,-0.78718979,"protein-L-isoaspartate (D-aspartate) O-methyltransferase domain containing 1"
"545","PCNP","ILMN_1807994",0.00886567,0.000953,3.6462338,-0.90492,0.9343302,"PEST proteolytic signal containing nuclear protein","237577_at",0.0047,0.00157,-3.5371173,-1.821576,-0.71630473,"PEST proteolytic signal containing nuclear protein"
"546","PDCD5","ILMN_2228710",3.36e-06,2.34e-09,8.2450133,11.38952,1.8316383,"programmed cell death 5","227751_at",1.24e-06,8.18e-08,-7.3973453,7.940327,-1.07439439,"programmed cell death 5"
"547","PDCD6","ILMN_1733931",0.03390024,0.00652,2.914182,-2.68792,0.6506291,"programmed cell death 6","222152_at",1.56e-06,1.09e-07,-7.277699,7.652716,-0.9812746,"programmed cell death 6"
"548","PDCD6IP","ILMN_1693259",0.04520325,0.00964,2.7564714,-3.0443,0.9924059,"programmed cell death 6 interacting protein","222394_at",0.00013,2.31e-05,-5.1578689,2.311731,-0.66880185,"programmed cell death 6 interacting protein"
"549","PDLIM7","ILMN_2396639",9.75e-06,1.18e-08,7.6420609,9.8597,1.5805499,"PDZ and LIM domain 7","214121_x_at",2.13e-11,1.29e-14,15.6427039,23.408099,1.83293486,"PDZ and LIM domain 7"
"550","PDS5B","ILMN_1746696",0.01579724,0.00222,3.3307046,-1.69637,0.6003449,"PDS5 cohesin associated factor B","215888_at",0.000145,2.62e-05,-5.1102863,2.188447,-0.89031086,"PDS5 cohesin associated factor B"
"551","PDSS1","ILMN_1703324",0.02866723,0.00516,3.0067045,-2.47366,0.9804832,"prenyl (decaprenyl) diphosphate synthase, subunit 1","236298_at",3.09e-07,1.4e-08,-8.1488577,9.704304,-0.92326767,"prenyl (decaprenyl) diphosphate synthase, subunit 1"
"552","PDXK","ILMN_1672504",0.03414256,0.00659,-2.9101537,-2.69717,-0.807629,"pyridoxal (pyridoxine, vitamin B6) kinase","218018_at",2.24e-08,4.6e-10,9.7046771,13.113396,1.46520697,"pyridoxal (pyridoxine, vitamin B6) kinase"
"553","PEX1","ILMN_1748109",0.02863128,0.00514,3.0080498,-2.47052,1.0485486,"peroxisomal biogenesis factor 1","215023_s_at",2.08e-06,1.58e-07,-7.1258437,7.285108,-0.69395121,"peroxisomal biogenesis factor 1"
"554","PGAP1","ILMN_2185665",0.0317555,0.00596,2.9496377,-2.60625,0.9585733,"post-GPI attachment to proteins 1","213469_at",6.93e-09,9.29e-11,-10.4867312,14.703938,-1.21012737,"post-GPI attachment to proteins 1"
"555","PGM3","ILMN_1693620",0.00826014,0.000858,3.6845777,-0.80677,1.0057115,"phosphoglucomutase 3","221788_at",4.68e-06,4.26e-07,6.7212336,6.292153,0.7023538,"phosphoglucomutase 3"
"556","PHC2","ILMN_1808047",0.00548832,0.000476,-3.8984794,-0.25252,-0.6325735,"polyhomeotic homolog 2","200919_at",7.61e-07,4.41e-08,7.6569708,8.558132,0.9253065,"polyhomeotic homolog 2"
"557","PHF20L1","ILMN_1732985",0.00212221,0.000117,4.3976556,1.0766,1.4423357,"PHD finger protein 20-like 1","1554472_a_at",0.000617,0.000143,4.4623709,0.511912,0.6730819,"PHD finger protein 20-like 1"
"558","PHKB","ILMN_1800447",0.01004187,0.00115,3.5774337,-1.08002,0.7964476,"phosphorylase kinase regulatory subunit beta","242248_at",0.0162,0.00671,-2.9500072,-3.207957,-0.72286616,"phosphorylase kinase regulatory subunit beta"
"559","PHYHD1","ILMN_2183692",0.00069509,2.07e-05,-5.0010443,2.72461,-0.883283,"phytanoyl-CoA dioxygenase domain containing 1","226846_at",4.68e-06,4.26e-07,-6.7209662,6.291491,-0.9391406,"phytanoyl-CoA dioxygenase domain containing 1"
"560","PHYHIP","ILMN_1713387",0.00095931,3.49e-05,-4.8200533,2.22733,-1.1344089,"phytanoyl-CoA 2-hydroxylase interacting protein","205325_at",3.47e-08,8.22e-10,-9.4297839,12.535004,-2.46920292,"phytanoyl-CoA 2-hydroxylase interacting protein"
"561","PIAS2","ILMN_1694799",0.02835497,0.00506,3.0143371,-2.45583,0.6240825,"protein inhibitor of activated STAT 2","235107_at",1.33e-06,8.91e-08,-7.3618336,7.855151,-0.78697669,"protein inhibitor of activated STAT 2"
"562","PIGK","ILMN_1772743",0.00119136,4.75e-05,4.7125522,1.93293,0.9961976,"phosphatidylinositol glycan anchor biosynthesis class K","209707_at",3.96e-06,3.49e-07,6.8008844,6.489123,0.63403918,"phosphatidylinositol glycan anchor biosynthesis class K"
"563","PIK3C2B","ILMN_2117323",0.00887085,0.000955,-3.6453404,-0.9072,-1.0201729,"phosphatidylinositol-4-phosphate 3-kinase catalytic subunit type 2 beta","204484_at",3.74e-06,3.27e-07,-6.8280487,6.556134,-0.84121271,"phosphatidylinositol-4-phosphate 3-kinase catalytic subunit type 2 beta"
"564","PIK3C2G","ILMN_1738993",0.03498175,0.00681,2.8970433,-2.7272,0.8254177,"phosphatidylinositol-4-phosphate 3-kinase catalytic subunit type 2 gamma","215129_at",5.95e-07,3.24e-08,-7.7879394,8.866453,-1.87427987,"phosphatidylinositol-4-phosphate 3-kinase catalytic subunit type 2 gamma"
"565","PKNOX2","ILMN_1807689",0.03750529,0.00745,-2.8610146,-2.80934,-0.8261732,"PBX/knotted 1 homeobox 2","222171_s_at",1.76e-05,2.12e-06,-6.081958,4.687331,-0.60051383,"PBX/knotted 1 homeobox 2"
"566","PKP3","ILMN_1753457",0.01436435,0.00192,-3.3859386,-1.56007,-0.8069331,"plakophilin 3","209873_s_at",2.55e-05,3.31e-06,-5.9080153,4.244189,-1.11335748,"plakophilin 3"
"567","PLA2G4F","ILMN_1744211",0.01323077,0.00172,-3.4278078,-1.45608,-0.9178979,"phospholipase A2 group IVF","235958_at",0.000351,7.42e-05,-4.712985,1.159063,-0.92368939,"phospholipase A2 group IVF"
"568","PLBD2","ILMN_1734184",2.788e-05,8.46e-08,-6.9256095,7.98122,-1.1610574,"phospholipase B domain containing 2","228845_at",0.000432,9.46e-05,4.6206112,0.920186,0.5918429,"phospholipase B domain containing 2"
"569","PLD3","ILMN_1666976",0.00222985,0.000125,-4.3733056,1.01085,-0.93748,"phospholipase D family member 3","201050_at",4.42e-07,2.21e-08,7.9510956,9.247371,0.82704466,"phospholipase D family member 3"
"570","PLLP","ILMN_2082865",0.02987811,0.00547,-2.9837915,-2.52707,-0.8633923,"plasmolipin","204519_s_at",5.94e-05,9.07e-06,-5.5175819,3.241788,-1.77493247,"plasmolipin"
"571","PLOD2","ILMN_1771599",0.00171532,8.38e-05,4.5143724,1.39278,1.2710127,"procollagen-lysine,2-oxoglutarate 5-dioxygenase 2","202619_s_at",1.73e-06,1.24e-07,7.2253674,7.526355,1.87941035,"procollagen-lysine,2-oxoglutarate 5-dioxygenase 2"
"572","PLOD3","ILMN_1774836",0.00064877,1.85e-05,-5.0397801,2.83124,-1.1382503,"procollagen-lysine,2-oxoglutarate 5-dioxygenase 3","202185_at",3.08e-06,2.56e-07,6.9271151,6.7998,0.89371721,"procollagen-lysine,2-oxoglutarate 5-dioxygenase 3"
"573","PLPP2","ILMN_1710170",0.03946494,0.00803,-2.8308788,-2.8776,-0.6862908,"phospholipid phosphatase 2","209529_at",5.71e-07,3.08e-08,-7.8096246,8.917285,-0.93480721,"phospholipid phosphatase 2"
"574","PLS1","ILMN_2074044",0.00179656,9.11e-05,4.4852018,1.31361,0.8542077,"plastin 1","205190_at",0.000972,0.000245,-4.2567788,-0.015978,-0.77890575,"plastin 1"
"575","PM20D2","ILMN_1766000",0.04559972,0.00977,2.7512941,-3.0558,1.2115029,"peptidase M20 domain containing 2","225421_at",5.99e-08,1.69e-09,-9.0940495,11.814725,-0.63627557,"peptidase M20 domain containing 2"
"576","PMEL","ILMN_1665994",2.78e-06,1.41e-09,-8.436841,11.86564,-3.0623019,"premelanosome protein","209848_s_at",0.000119,2.07e-05,-5.2012145,2.424005,-0.87558225,"premelanosome protein"
"577","PMEPA1","ILMN_1734276",0.01827817,0.00272,-3.2542191,-1.88338,-0.6605297,"prostate transmembrane protein, androgen induced 1","222449_at",9.71e-08,3.15e-09,8.8114329,11.196493,1.10418211,"prostate transmembrane protein, androgen induced 1"
"578","PMPCB","ILMN_1728660",0.01335361,0.00174,3.4230197,-1.468,0.6816848,"peptidase, mitochondrial processing beta subunit","1570542_a_at",2.57e-05,3.34e-06,-5.9055197,4.237813,-0.6763997,"peptidase, mitochondrial processing beta subunit"
"579","PNPLA7","ILMN_1662587",0.04201472,0.00872,-2.797613,-2.95245,-0.6449961,"patatin like phospholipase domain containing 7","228383_at",7.41e-06,7.44e-07,-6.4974056,5.73493,-0.91018035,"patatin like phospholipase domain containing 7"
"580","PON2","ILMN_1714158",0.00747273,0.00074,3.7388863,-0.6671,0.963796,"paraoxonase 2","242700_at",0.000325,6.75e-05,-4.7494068,1.253331,-0.77840242,"paraoxonase 2"
"581","POSTN","ILMN_1790761",0.00052026,1.28e-05,5.16761,3.18348,1.8725076,"periostin","1555778_a_at",7.53e-07,4.36e-08,7.6620327,8.57009,1.44377611,"periostin"
"582","POU2F3","ILMN_1773613",0.00761327,0.00076,-3.7288118,-0.69307,-0.9949495,"POU class 2 homeobox 3","207109_at",3.3e-07,1.52e-08,-8.1129717,9.62178,-1.56480531,"POU class 2 homeobox 3"
"583","POU3F1","ILMN_2086981",0.00908554,0.000989,-3.6326776,-0.93952,-1.2050997,"POU class 3 homeobox 1","210475_at",1.04e-07,3.46e-09,-8.768098,11.100731,-1.23364606,"POU class 3 homeobox 1"
"584","PPA2","ILMN_1687785",0.01497286,0.00205,3.3619955,-1.61928,1.0310182,"pyrophosphatase (inorganic) 2","1559496_at",2.06e-06,1.56e-07,-7.1304343,7.296263,-1.75462637,"pyrophosphatase (inorganic) 2"
"585","PPIL1","ILMN_2054392",0.00091093,3.19e-05,4.8516541,2.31402,0.9661389,"peptidylprolyl isomerase like 1","222500_at",1.59e-06,1.12e-07,7.2680866,7.629531,0.7269106,"peptidylprolyl isomerase like 1"
"586","PPM1M","ILMN_1657810",0.0188754,0.00285,-3.2366352,-1.92609,-0.7266138,"protein phosphatase, Mg2+/Mn2+ dependent 1M","226074_at",0.000338,7.07e-05,4.7313242,1.206524,0.63395773,"protein phosphatase, Mg2+/Mn2+ dependent 1M"
"587","PPP1R13L","ILMN_1669390",0.00567519,0.000498,-3.8825458,-0.29417,-0.9910527,"protein phosphatase 1 regulatory subunit 13 like","218849_s_at",1.22e-07,4.23e-09,-8.6780472,10.900914,-1.54927357,"protein phosphatase 1 regulatory subunit 13 like"
"588","PPP1R16A","ILMN_1757882",0.01601528,0.00227,-3.3229951,-1.71531,-0.7918941,"protein phosphatase 1 regulatory subunit 16A","225203_at",4.71e-08,1.25e-09,-9.2354404,12.11993,-1.32736606,"protein phosphatase 1 regulatory subunit 16A"
"589","PPP1R18","ILMN_1732967",0.01811038,0.00269,-3.2592373,-1.87118,-0.7176387,"protein phosphatase 1 regulatory subunit 18","224927_at",1.43e-06,9.79e-08,7.3225559,7.760756,1.25179259,"protein phosphatase 1 regulatory subunit 18"
"590","PPP1R2","ILMN_1683044",0.04538081,0.0097,2.7540169,-3.04976,0.6957585,"protein phosphatase 1 regulatory inhibitor subunit 2","202166_s_at",4.85e-05,7.11e-06,5.6114123,3.483522,0.67700638,"protein phosphatase 1 regulatory inhibitor subunit 2"
"591","PPP2R3C","ILMN_1662617",0.0014158,6.23e-05,4.6178426,1.67433,1.2476067,"protein phosphatase 2 regulatory subunit B''gamma","218852_at",1.96e-08,3.82e-10,9.7939844,13.299121,0.76737902,"protein phosphatase 2 regulatory subunit B''gamma"
"592","PPP4R3B","ILMN_1661650",0.04023481,0.00824,2.8204611,-2.9011,0.9315539,"protein phosphatase 4 regulatory subunit 3B","1568627_at",1.7e-05,2.04e-06,-6.0982741,4.728772,-0.62184726,"protein phosphatase 4 regulatory subunit 3B"
"593","PRKCZ","ILMN_2386982",0.04319522,0.00906,-2.7820327,-2.98733,-0.5967919,"protein kinase C zeta","202178_at",0.000561,0.000128,-4.5055683,0.623225,-0.59925979,"protein kinase C zeta"
"594","PRR5","ILMN_2409754",0.00204626,0.00011,-4.4181646,1.13204,-0.6879111,"proline rich 5","47069_at",4.61e-05,6.69e-06,5.6351535,3.544611,0.69205497,"proline rich 5"
"595","PRSS16","ILMN_1692020",0.00078573,2.54e-05,-4.9308998,2.53168,-0.8862094,"protease, serine 16","208165_s_at",0.00194,0.000555,-3.942647,-0.814143,-0.61619317,"protease, serine 16"
"596","PRSS8","ILMN_1796461",0.00343948,0.000239,-4.1445809,0.39741,-1.0398077,"protease, serine 8","202525_at",0.00302,0.000933,-3.7408044,-1.319477,-1.0574914,"protease, serine 8"
"597","PSD4","ILMN_2154115",0.00014121,1.79e-06,-5.8506758,5.06645,-0.8912858,"pleckstrin and Sec7 domain containing 4","236616_at",2.55e-08,5.42e-10,-9.6261282,12.949163,-1.65656239,"pleckstrin and Sec7 domain containing 4"
"598","PSMA3","ILMN_2318011",0.00010944,1.16e-06,6.0024874,5.48314,1.5760728,"proteasome subunit alpha 3","232648_at",0.00118,0.000309,-4.167436,-0.244182,-0.8354619,"proteasome subunit alpha 3"
"599","PSMD6","ILMN_1779633",0.02769433,0.00491,3.0265605,-2.42721,0.8668371,"proteasome 26S subunit, non-ATPase 6","1555884_at",4.39e-05,6.31e-06,-5.6577574,3.602744,-0.95230223,"proteasome 26S subunit, non-ATPase 6"
"600","PSORS1C2","ILMN_1653447",0.01704785,0.00248,-3.2897275,-1.79682,-1.4130187,"psoriasis susceptibility 1 candidate 2","220635_at",0.00757,0.00274,-3.3152513,-2.357435,-1.3323833,"psoriasis susceptibility 1 candidate 2"
"601","PSPC1","ILMN_1724490",0.00194205,0.000103,4.4419345,1.19636,1.2954319,"paraspeckle component 1","243997_x_at",1.29e-05,1.45e-06,-6.2310198,5.065066,-1.18118683,NA
"602","PTEN","ILMN_1701134",0.01744476,0.00256,3.2769764,-1.82795,0.8944999,"phosphatase and tensin homolog","233254_x_at",4.54e-05,6.58e-06,-5.6418555,3.56185,-0.72635269,"phosphatase and tensin homolog"
"603","PTGS2","ILMN_2054297",0.00968477,0.00109,3.5972602,-1.02969,1.5983493,"prostaglandin-endoperoxide synthase 2","204748_at",0.00351,0.00112,3.6710439,-1.492414,1.22179571,"prostaglandin-endoperoxide synthase 2"
"604","PTK6","ILMN_1764508",0.04724054,0.0103,-2.731513,-3.09963,-0.7042488,"protein tyrosine kinase 6","206482_at",2.36e-06,1.85e-07,-7.0603576,7.12571,-1.39083289,"protein tyrosine kinase 6"
"605","PTK7","ILMN_1662166",0.00245228,0.000146,-4.3204236,0.86834,-0.7390866,"protein tyrosine kinase 7 (inactive)","207011_s_at",1.81e-05,2.2e-06,6.0681867,4.652336,0.98290308,"protein tyrosine kinase 7 (inactive)"
"606","PTP4A3","ILMN_2359710",0.01184068,0.00146,-3.4885504,-1.30423,-0.7968074,"protein tyrosine phosphatase type IVA, member 3","209695_at",8.92e-08,2.81e-09,8.8620458,11.308013,2.31626016,"protein tyrosine phosphatase type IVA, member 3"
"607","PTPN13","ILMN_2374687",0.02447055,0.00412,3.0947909,-2.26634,1.3818988,"protein tyrosine phosphatase, non-receptor type 13","204201_s_at",5.7e-10,2.14e-12,-12.4902138,18.428605,-1.15586796,"protein tyrosine phosphatase, non-receptor type 13"
"608","PTPN2","ILMN_2400030",0.00685002,0.000658,3.7813267,-0.55744,1.8291995,"protein tyrosine phosphatase, non-receptor type 2","204935_at",7.31e-06,7.32e-07,6.5037829,5.75088,1.20826883,"protein tyrosine phosphatase, non-receptor type 2"
"609","PTPN4","ILMN_1793549",0.00780317,0.000788,3.7158473,-0.72645,1.3675541,"protein tyrosine phosphatase, non-receptor type 4","232161_x_at",3.72e-06,3.24e-07,-6.8310235,6.563467,-0.82116782,"protein tyrosine phosphatase, non-receptor type 4"
"610","PTPRZ1","ILMN_1676616",0.00293518,0.00019,4.2254967,0.61351,1.4554165,"protein tyrosine phosphatase, receptor type Z1","204469_at",3.38e-05,4.63e-06,-5.7782184,3.912024,-1.3746531,"protein tyrosine phosphatase, receptor type Z1"
"611","QPRT","ILMN_1700268",0.00081036,2.7e-05,-4.9089545,2.47137,-1.2105508,"quinolinate phosphoribosyltransferase","204044_at",3.65e-06,3.16e-07,6.8410994,6.588298,1.14149761,"quinolinate phosphoribosyltransferase"
"612","QSOX1","ILMN_2411282",0.03263276,0.0062,-2.934444,-2.64132,-0.6240025,"quiescin sulfhydryl oxidase 1","201482_at",1.01e-07,3.3e-09,8.7893463,11.147718,1.02603208,"quiescin sulfhydryl oxidase 1"
"613","RAB11FIP4","ILMN_1681467",0.00149318,6.75e-05,-4.5902929,1.59926,-0.7432746,"RAB11 family interacting protein 4","225746_at",1.11e-06,7.13e-08,-7.4549003,8.078034,-0.85538271,"RAB11 family interacting protein 4"
"614","RAB23","ILMN_1667417",0.00594425,0.000531,3.8587253,-0.35634,0.9370373,"RAB23, member RAS oncogene family","220955_x_at",0.00229,0.000674,3.8671344,-1.003999,0.79244938,"RAB23, member RAS oncogene family"
"615","RAB3IP","ILMN_1803197",0.0131888,0.00171,3.4292835,-1.4524,0.9559316,"RAB3A interacting protein","231399_at",0.000749,0.00018,-4.374249,0.285229,-0.59731366,"RAB3A interacting protein"
"616","RAB40C","ILMN_1712705",0.0121341,0.00151,-3.4749702,-1.33828,-0.9501589,"RAB40C, member RAS oncogene family","227269_s_at",1.07e-08,1.7e-10,-10.1877576,14.105374,-1.11734925,"RAB40C, member RAS oncogene family"
"617","RABAC1","ILMN_2207363",0.04240725,0.00885,-2.7915494,-2.96604,-0.7686813,"Rab acceptor 1","203136_at",5.19e-10,1.84e-12,12.5769024,18.579136,0.91916637,"Rab acceptor 1"
"618","RABL3","ILMN_1662306",0.00130646,5.5e-05,4.6616214,1.79377,1.0271446,"RAB, member of RAS oncogene family like 3","226089_at",9.22e-06,9.68e-07,6.3923264,5.471526,0.72567975,"RAB, member of RAS oncogene family like 3"
"619","RAD50","ILMN_1755023",0.0006746,1.98e-05,5.016348,2.76673,1.5810497,"RAD50 double strand break repair protein","238656_at",3.88e-06,3.41e-07,-6.8103077,6.512378,-0.84772956,"RAD50 double strand break repair protein"
"620","RALGAPA1","ILMN_2324574",0.04305071,0.00902,2.7836999,-2.9836,0.9784116,"Ral GTPase activating protein catalytic alpha subunit 1","213049_at",5.01e-09,5.65e-11,-10.7380416,15.198158,-0.81478645,"Ral GTPase activating protein catalytic alpha subunit 1"
"621","RAPGEFL1","ILMN_1758613",0.02259868,0.00367,-3.139194,-2.16065,-0.9293443,"Rap guanine nucleotide exchange factor like 1","218657_at",9.25e-09,1.39e-10,-10.2855591,14.302459,-1.71821676,"Rap guanine nucleotide exchange factor like 1"
"622","RBM25","ILMN_1768117",3.947e-05,1.99e-07,6.6204335,7.16362,1.9446793,"RNA binding motif protein 25","1557081_at",0.00123,0.000325,-4.148416,-0.292653,-0.90281684,"RNA binding motif protein 25"
"623","RBM38","ILMN_2404049",0.00018183,2.63e-06,-5.7161826,4.69644,-0.7180445,"RNA binding motif protein 38","212430_at",5.77e-06,5.49e-07,6.6186578,6.037457,0.76479982,"RNA binding motif protein 38"
"624","RBM39","ILMN_2411963",0.00191336,9.98e-05,4.4532592,1.22703,1.0351512,"RNA binding motif protein 39","227223_at",0.00396,0.00129,-3.6151357,-1.630298,-0.79933519,"RNA binding motif protein 39"
"625","RBM41","ILMN_1695717",0.01956606,0.00299,3.2185128,-1.96998,1.465811,"RNA binding motif protein 41","219754_at",0.000126,2.22e-05,-5.174003,2.353526,-0.71174537,"RNA binding motif protein 41"
"626","RBM6","ILMN_1738239",0.01811038,0.00269,3.2588807,-1.87205,0.9176174,"RNA binding motif protein 6","1556672_a_at",1.94e-05,2.38e-06,-6.0366207,4.572063,-1.60796936,"RNA binding motif protein 6"
"627","RDX","ILMN_1708611",8.495e-05,8.03e-07,6.129948,5.83202,1.5208444,"radixin","244739_at",8.57e-05,1.41e-05,5.3484655,2.805071,0.91743714,"radixin"
"628","RELB","ILMN_1811258",0.03423042,0.00661,-2.9087191,-2.70046,-0.6294357,"RELB proto-oncogene, NF-kB subunit","205205_at",1.61e-05,1.9e-06,6.1263115,4.79993,0.65514947,"RELB proto-oncogene, NF-kB subunit"
"629","RFESD","ILMN_2100458",0.00027444,4.68e-06,5.5162977,4.14549,1.2317646,"Rieske Fe-S domain containing","239142_at",4.79e-05,7.01e-06,-5.6170163,3.497944,-0.73456415,"Rieske Fe-S domain containing"
"630","RGS2","ILMN_2197365",0.01497286,0.00205,3.3618853,-1.61955,1.2572716,"regulator of G-protein signaling 2","202388_at",0.00591,0.00206,3.4299133,-2.082079,0.58998368,"regulator of G-protein signaling 2"
"631","RHOC","ILMN_1673305",0.00986482,0.00112,-3.5868971,-1.05601,-0.7792392,"ras homolog family member C","235742_at",6.25e-05,9.65e-06,-5.4938374,3.180546,-0.82603494,"ras homolog family member C"
"632","RHOG","ILMN_1739792",0.00608755,0.000555,-3.8429583,-0.39742,-1.027699,"ras homolog family member G","203175_at",9.9e-07,6.13e-08,7.518457,8.229607,0.94604577,"ras homolog family member G"
"633","RIF1","ILMN_2149053",0.00357648,0.000254,4.1238211,0.34215,1.2353205,"replication timing regulatory factor 1","226821_at",2.03e-05,2.52e-06,-6.0157747,4.519006,-0.73583595,"replication timing regulatory factor 1"
"634","RIOK3","ILMN_1724700",0.04275234,0.00894,2.7872951,-2.97556,0.9086878,"RIO kinase 3","215588_x_at",1.35e-06,9.11e-08,-7.352722,7.833271,-0.74089258,"RIO kinase 3"
"635","RIPK4","ILMN_1680018",0.02057778,0.00322,-3.189255,-2.04059,-0.7195992,"receptor interacting serine/threonine kinase 4","221215_s_at",0.00353,0.00112,-3.6687169,-1.498166,-0.96809016,"receptor interacting serine/threonine kinase 4"
"636","RIT1","ILMN_1656335",0.0039594,0.000293,4.0727208,0.20644,0.8199745,"Ras like without CAAX 1","209882_at",2.99e-08,6.72e-10,9.5248138,12.736104,1.02315517,"Ras like without CAAX 1"
"637","RNF39","ILMN_1730223",0.03041784,0.0056,-2.9741643,-2.54944,-1.1191637,"ring finger protein 39","219916_s_at",5.74e-06,5.46e-07,-6.6211261,6.0436,-1.59344148,"ring finger protein 39"
"638","RORA","ILMN_2322499",0.04610821,0.00992,2.7449669,-3.06984,1.0169935,"RAR related orphan receptor A","226682_at",6.59e-09,8.67e-11,-10.5216212,14.773035,-1.55030353,"RAR related orphan receptor A"
"639","RORC","ILMN_1734366",0.0042853,0.000328,-4.0324472,0.09982,-0.7416798,"RAR related orphan receptor C","228806_at",2.99e-05,4.01e-06,-5.8336654,4.054065,-1.33695779,"RAR related orphan receptor C"
"640","RPAIN","ILMN_1770339",0.00039859,8.51e-06,5.309467,3.5748,1.320906,"RPA interacting protein","1558719_s_at",2.05e-06,1.55e-07,-7.1338507,7.304562,-1.09365711,"RPA interacting protein"
"641","RPL14","ILMN_1726460",6.392e-05,4.67e-07,6.3201999,6.35078,1.8557038,"ribosomal protein L14","229544_at",2.02e-06,1.52e-07,-7.1414048,7.322909,-0.66375602,NA
"642","RPP25","ILMN_1695271",0.00490156,4e-04,-3.9608715,-0.08888,-0.7558614,"ribonuclease P/MRP subunit p25","219143_s_at",4.12e-05,5.85e-06,5.686885,3.677611,0.60839026,"ribonuclease P/MRP subunit p25"
"643","RPRD1A","ILMN_1764207",0.01744476,0.00256,3.2770167,-1.82786,0.7765444,"regulation of nuclear pre-mRNA domain containing 1A","228566_at",6.88e-05,1.08e-05,-5.4506538,3.0691,-0.80514952,"regulation of nuclear pre-mRNA domain containing 1A"
"644","RPRML","ILMN_1676504",0.04220628,0.00879,-2.7942499,-2.95999,-0.5927848,"reprimo like","1554655_a_at",7.71e-06,7.8e-07,-6.4782178,5.686916,-0.94346011,"reprimo like"
"645","RPS15A","ILMN_2255310",0.0116824,0.00143,3.496913,-1.28323,1.332158,"ribosomal protein S15a","235309_at",0.00366,0.00117,-3.6521673,-1.539042,-0.78476644,"ribosomal protein S15a"
"646","RSRP1","ILMN_1749915",0.02648608,0.0046,3.0513245,-2.36904,0.9805794,"arginine and serine rich protein 1","209006_s_at",0.00106,0.000272,-4.2171693,-0.117253,-0.74101402,"arginine and serine rich protein 1"
"647","RSU1","ILMN_1721657",0.02611758,0.00452,3.0582506,-2.35273,0.9027206,"Ras suppressor protein 1","1569543_at",0.00594,0.00207,-3.4277052,-2.087415,-0.59991067,"Ras suppressor protein 1"
"648","RTP4","ILMN_2173975",0.0284906,0.0051,3.011603,-2.46222,0.9104527,"receptor transporter protein 4","219684_at",2.42e-08,5.05e-10,9.6601235,13.020343,1.47769866,"receptor transporter protein 4"
"649","RUFY3","ILMN_2262901",0.00886015,0.000951,3.6467976,-0.90348,0.9641804,"RUN and FYVE domain containing 3","210251_s_at",0.000212,4.08e-05,-4.9408177,1.749213,-0.60153401,"RUN and FYVE domain containing 3"
"650","RWDD2A","ILMN_1722156",0.00200756,0.000108,4.4255205,1.15194,0.8852314,"RWD domain containing 2A","213555_at",2e-07,8.04e-09,8.3920111,10.258864,1.02566151,"RWD domain containing 2A"
"651","RXRA","ILMN_1687315",0.01484652,0.00202,-3.3665866,-1.60794,-0.9939538,"retinoid X receptor alpha","202449_s_at",5.6e-09,6.68e-11,-10.6524779,15.030797,-0.90327217,"retinoid X receptor alpha"
"652","RYR1","ILMN_1682062",0.00188229,9.75e-05,-4.461367,1.24899,-0.8509201,"ryanodine receptor 1","205485_at",3.18e-07,1.46e-08,-8.1319487,9.665442,-1.25234976,"ryanodine receptor 1"
"653","S100A8","ILMN_1729801",0.01968822,0.00301,3.2150299,-1.9784,1.093257,"S100 calcium binding protein A8","214370_at",0.000716,0.000171,4.3954757,0.33978,0.92942154,"S100 calcium binding protein A8"
"654","S100P","ILMN_1801216",0.00557697,0.000486,3.8909589,-0.27219,0.9310712,"S100 calcium binding protein P","204351_at",0.0459,0.0229,2.4210507,-4.347379,1.07976097,"S100 calcium binding protein P"
"655","S1PR3","ILMN_1703531",0.00282125,0.000179,4.2467058,0.67033,0.6039879,"sphingosine-1-phosphate receptor 3","228176_at",0.00143,0.000388,4.0809588,-0.464221,1.27213122,"sphingosine-1-phosphate receptor 3"
"656","SAMD4B","ILMN_1753467",0.00489149,0.000399,-3.962266,-0.08522,-0.8842927,"sterile alpha motif domain containing 4B","229871_at",0.000161,2.97e-05,-5.0619631,2.063216,-1.04452882,"sterile alpha motif domain containing 4B"
"657","SAP30L","ILMN_1757781",0.02928268,0.00532,2.994838,-2.50135,0.6717155,"SAP30 like","232135_at",0.000118,2.05e-05,-5.2046988,2.433028,-0.77787162,"SAP30 like"
"658","SAR1B","ILMN_1736888",0.01718912,0.00251,3.2851977,-1.80788,0.8075609,"secretion associated Ras related GTPase 1B","1554482_a_at",0.00162,0.00045,4.0232127,-0.610636,0.60992557,"secretion associated Ras related GTPase 1B"
"659","SAT1","ILMN_1753342",0.03971384,0.00809,2.8276508,-2.88488,0.7293506,"spermidine/spermine N1-acetyltransferase 1","213988_s_at",5.09e-08,1.39e-09,9.1866098,12.014833,1.38474277,"spermidine/spermine N1-acetyltransferase 1"
"660","SCAF11","ILMN_2069593",0.00826014,0.000858,3.6846478,-0.80659,1.486933,"SR-related CTD associated factor 11","232597_x_at",4.32e-05,6.2e-06,-5.6648979,3.621102,-0.59329966,"SR-related CTD associated factor 11"
"661","SCAPER","ILMN_1811178",0.0029093,0.000188,4.2308098,0.62774,0.8260162,"S-phase cyclin A associated protein in the ER","215848_at",0.0099,0.00375,-3.1885789,-2.657293,-0.80305847,"S-phase cyclin A associated protein in the ER"
"662","SCARB1","ILMN_2183409",0.00016174,2.2e-06,-5.7777893,4.86601,-1.0107721,"scavenger receptor class B member 1","232421_at",0.016,0.0066,-2.9566016,-3.193007,-0.59842274,"scavenger receptor class B member 1"
"663","SCEL","ILMN_1710325",0.00221645,0.000124,4.3767035,1.02002,2.1492927,"sciellin","232056_at",2.26e-06,1.74e-07,-7.0841508,7.183684,-1.6306119,"sciellin"
"664","SCFD1","ILMN_1800543",0.00137083,5.91e-05,4.6366871,1.72572,1.4805791,"sec1 family domain containing 1","233229_at",0.000923,0.000231,-4.2800741,0.043655,-1.05227539,"sec1 family domain containing 1"
"665","SCML1","ILMN_1776653",0.02542568,0.00436,3.0722082,-2.31979,1.1374796,"sex comb on midleg-like 1 (Drosophila)","222747_s_at",6.59e-05,1.03e-05,-5.4698395,3.118624,-0.59087961,"sex comb on midleg-like 1 (Drosophila)"
"666","SCNN1A","ILMN_1713995",0.01758164,0.00259,-3.2727191,-1.83834,-0.9004027,"sodium channel epithelial 1 alpha subunit","203453_at",6.46e-06,6.29e-07,-6.564344,5.902135,-1.29662343,"sodium channel epithelial 1 alpha subunit"
"667","SCNN1B","ILMN_1740917",0.00706726,0.000687,-3.7658396,-0.59751,-0.9508892,"sodium channel epithelial 1 beta subunit","205464_at",2.79e-05,3.7e-06,-5.8651908,4.134729,-1.32515988,"sodium channel epithelial 1 beta subunit"
"668","SDC4","ILMN_1663042",0.00084252,2.86e-05,-4.8887679,2.41592,-1.1408111,"syndecan 4","202071_at",1.45e-05,1.68e-06,-6.174406,4.921834,-0.84071835,"syndecan 4"
"669","SDF4","ILMN_2378257",0.00529262,0.000451,-3.9178512,-0.2018,-0.8849366,"stromal cell derived factor 4","221972_s_at",4.73e-07,2.43e-08,7.9113674,9.154945,0.68064548,"stromal cell derived factor 4"
"670","SDSL","ILMN_1750674",0.04553071,0.00975,-2.7521967,-3.0538,-0.713581,"serine dehydratase like","228274_at",1.69e-06,1.2e-07,7.236972,7.554405,1.06703508,"serine dehydratase like"
"671","SEC11C","ILMN_1701681",0.00731015,0.000717,3.7503928,-0.63741,1.0010143,"SEC11 homolog C, signal peptidase complex subunit","223299_at",6.11e-08,1.73e-09,9.0830483,11.790863,1.55905706,"SEC11 homolog C, signal peptidase complex subunit"
"672","SEC14L5","ILMN_1687268",0.00880759,0.000941,-3.6507172,-0.89346,-0.6066818,"SEC14 like lipid binding 5","210169_at",8.16e-07,4.81e-08,-7.6199811,8.470645,-0.95192637,"SEC14 like lipid binding 5"
"673","SEC61G","ILMN_2367020",0.0184816,0.00276,3.2483454,-1.89766,0.9350245,"Sec61 translocon gamma subunit","203484_at",1.32e-09,8.25e-12,11.7458042,17.100815,0.72130924,"Sec61 translocon gamma subunit"
"674","SELM","ILMN_1651429",0.00738026,0.000724,-3.7464409,-0.64761,-1.1175221,"selenoprotein M","226051_at",1.25e-08,2.07e-10,10.0904877,13.908118,1.45248916,"selenoprotein M"
"675","SELT","ILMN_1746368",0.00523713,0.000442,3.9251662,-0.18263,0.9430957,"selenoprotein T","217811_at",7.28e-05,1.16e-05,5.4243215,3.001103,0.69381665,"selenoprotein T"
"676","SEMA3F","ILMN_1761540",0.00895501,0.000968,-3.6405197,-0.91951,-0.8604972,"semaphorin 3F","35666_at",0.000153,2.81e-05,-5.0841147,2.120626,-0.67031925,"semaphorin 3F"
"677","SEPP1","ILMN_1785071",0.00136233,5.83e-05,4.6412287,1.73811,1.3608987,"selenoprotein P, plasma, 1","229620_at",0.00107,0.000276,-4.2117783,-0.131025,-0.6998611,"selenoprotein P, plasma, 1"
"678","SEPTIN10","ILMN_1691864",0.00193367,0.000102,4.4452409,1.20531,1.2308348,"septin 10","214720_x_at",4.85e-05,7.11e-06,-5.611894,3.484761,-0.76730258,"septin 10"
"679","SEPTIN11","ILMN_1788778",0.04943732,0.0109,2.7065962,-3.15455,0.8806102,"septin 11","214293_at",0.000351,7.42e-05,4.7131035,1.15937,0.70095592,"septin 11"
"680","SEPTIN9","ILMN_1769118",0.02343654,0.00389,-3.1172972,-2.21287,-0.8615079,"septin 9","1559025_at",0.00155,0.000425,-4.0453873,-0.554464,-0.6772499,"septin 9"
"681","SERPINB3","ILMN_1703855",0.02797726,0.00497,3.0210238,-2.44018,0.9657831,"serpin family B member 3","209720_s_at",0.026,0.0117,2.7144654,-3.730702,1.26082522,"serpin family B member 3"
"682","SERPINB8","ILMN_1718960",0.04630057,0.00998,2.7426044,-3.07508,0.830939,"serpin family B member 8","206034_at",2.44e-05,3.14e-06,-5.929217,4.29833,-0.95871833,"serpin family B member 8"
"683","SERPINE2","ILMN_1655595",0.0337003,0.00646,-2.9177132,-2.67981,-0.7386223,"serpin family E member 2","227487_s_at",0.00188,0.000537,3.9550448,-0.782888,1.29266488,"serpin family E member 2"
"684","SERTAD3","ILMN_1801934",0.01275933,0.00163,-3.446711,-1.40895,-0.6456019,"SERTA domain containing 3","219382_at",0.00436,0.00144,3.5706695,-1.739483,0.95269531,"SERTA domain containing 3"
"685","SEZ6L2","ILMN_2413779",0.00529262,0.000451,-3.9182748,-0.20069,-0.6129391,"seizure related 6 homolog like 2","233337_s_at",6.91e-05,1.09e-05,5.4479074,3.062009,1.36066564,"seizure related 6 homolog like 2"
"686","SF1","ILMN_1712560",0.03231383,0.00611,-2.9401125,-2.62825,-0.6109512,"splicing factor 1","210172_at",0.00873,0.00324,-3.2478281,-2.517635,-1.07268695,"splicing factor 1"
"687","SGSM1","ILMN_1762207",0.00016646,2.29e-06,-5.76526,4.83154,-1.2550448,"small G protein signaling modulator 1","230287_at",3.73e-11,2.83e-14,-15.120333,22.648479,-1.59293089,"small G protein signaling modulator 1"
"688","SHC1","ILMN_1721022",0.03204995,0.00604,-2.9443734,-2.61841,-0.7973669,"SHC adaptor protein 1","201469_s_at",2.18e-05,2.74e-06,5.9819917,4.432947,0.86133303,"SHC adaptor protein 1"
"689","SHKBP1","ILMN_1765493",0.00216572,0.00012,-4.3886195,1.0522,-0.7024315,"SH3KBP1 binding protein 1","224846_at",1.63e-05,1.93e-06,6.1196875,4.783125,0.82586853,"SH3KBP1 binding protein 1"
"690","SHMT2","ILMN_1661264",0.04141507,0.00856,-2.8049265,-2.93604,-0.7629844,"serine hydroxymethyltransferase 2","214095_at",3.97e-05,5.59e-06,5.7050108,3.724174,0.60702566,"serine hydroxymethyltransferase 2"
"691","SHPRH","ILMN_1722423",0.04857996,0.0106,2.7168623,-3.13196,1.0064961,"SNF2 histone linker PHD RING helicase","226366_at",2.9e-05,3.86e-06,-5.8482025,4.09127,-0.62068276,"SNF2 histone linker PHD RING helicase"
"692","SIL1","ILMN_2399392",0.01454812,0.00196,-3.3787615,-1.57784,-0.6388223,"SIL1 nucleotide exchange factor","218436_at",6.74e-07,3.79e-08,7.7212567,8.709754,0.69777884,"SIL1 nucleotide exchange factor"
"693","SIRPG","ILMN_1771801",0.01421275,0.00189,3.3913506,-1.54666,0.7018416,"signal regulatory protein gamma","220485_s_at",1.18e-10,1.73e-13,13.9740161,20.894187,2.12409305,"signal regulatory protein gamma"
"694","SLC1A3","ILMN_1738552",0.00085651,2.94e-05,4.8800274,2.39191,0.7522134,"solute carrier family 1 member 3","202800_at",9.03e-07,5.47e-08,7.5662785,8.343311,0.93165373,"solute carrier family 1 member 3"
"695","SLC1A5","ILMN_1707720",0.00650265,0.000609,-3.809704,-0.48387,-0.878253,"solute carrier family 1 member 5","208916_at",0.000392,8.43e-05,4.6644498,1.033511,0.64409051,"solute carrier family 1 member 5"
"696","SLC25A29","ILMN_2350801",0.00384178,0.000281,-4.0873475,0.24523,-0.6694337,"solute carrier family 25 member 29","232280_at",9.16e-07,5.56e-08,-7.5590107,8.32605,-1.14033982,"solute carrier family 25 member 29"
"697","SLC29A4","ILMN_1801377",0.00858131,0.00091,-3.662974,-0.86212,-0.6352981,"solute carrier family 29 member 4","1570124_at",0.0185,0.00784,-2.8845554,-3.355453,-0.61332494,"solute carrier family 29 member 4"
"698","SLC35A2","ILMN_1798885",0.0091213,0.000995,-3.6301273,-0.94603,-0.6173228,"solute carrier family 35 member A2","207440_at",1e-07,3.27e-09,8.7937431,11.157433,0.81579638,"solute carrier family 35 member A2"
"699","SLC35A3","ILMN_1653429",0.01294966,0.00167,3.4394343,-1.4271,1.0760191,"solute carrier family 35 member A3","209865_at",9.75e-07,6.01e-08,-7.5265151,8.248787,-0.72284358,"solute carrier family 35 member A3"
"700","SLC35B3","ILMN_1682910",0.00608755,0.000555,3.8429456,-0.39745,0.8543015,"solute carrier family 35 member B3","231003_at",0.00406,0.00132,-3.6045823,-1.656251,-0.6005673,"solute carrier family 35 member B3"
"701","SLC35C1","ILMN_1680104",0.00309052,0.000206,-4.1968936,0.537,-0.7162226,"solute carrier family 35 member C1","222647_at",1.18e-06,7.68e-08,7.4238309,8.003749,0.85494528,"solute carrier family 35 member C1"
"702","SLC38A10","ILMN_2277419",0.00130646,5.49e-05,-4.6620126,1.79484,-0.7760381,"solute carrier family 38 member 10","230448_at",2.57e-06,2.04e-07,7.0191752,7.025203,1.38469149,"solute carrier family 38 member 10"
"703","SLC38A9","ILMN_1773643",0.0025061,0.00015,4.3092393,0.83824,0.7156541,"solute carrier family 38 member 9","243709_at",0.0024,0.000713,-3.8452967,-1.058732,-1.12195241,"solute carrier family 38 member 9"
"704","SLC39A8","ILMN_1695316",0.04780565,0.0104,2.7253726,-3.11319,0.6206374,"solute carrier family 39 member 8","219869_s_at",1.07e-07,3.58e-09,8.7530826,11.06749,2.29815095,"solute carrier family 39 member 8"
"705","SLC43A2","ILMN_1787127",0.00522056,0.000439,-3.9275258,-0.17644,-0.892606,"solute carrier family 43 member 2","228918_at",2.7e-07,1.19e-08,8.2192909,9.865767,1.89268659,"solute carrier family 43 member 2"
"706","SLC47A2","ILMN_1693912",0.00083362,2.82e-05,4.8939846,2.43024,1.6783035,"solute carrier family 47 member 2","231068_at",0.0169,0.00704,-2.9300275,-3.253155,-0.75761023,"solute carrier family 47 member 2"
"707","SLC48A1","ILMN_1778144",0.00489783,0.000399,-3.9615095,-0.08721,-1.026642,"solute carrier family 48 member 1","218416_s_at",2.95e-07,1.33e-08,-8.1729352,9.759576,-0.6326319,"solute carrier family 48 member 1"
"708","SLC52A2","ILMN_2041577",0.04606492,0.00991,-2.7454452,-3.06878,-0.63456,"solute carrier family 52 member 2","222155_s_at",0.000361,7.66e-05,4.7007894,1.127508,0.60197517,"solute carrier family 52 member 2"
"709","SLC6A9","ILMN_1714445",0.04872232,0.0107,-2.7146834,-3.13676,-0.7842037,"solute carrier family 6 member 9","207043_s_at",0.000486,0.000108,-4.5687454,0.78622,-0.71626131,"solute carrier family 6 member 9"
"710","SLK","ILMN_1700834",0.00258021,0.000157,4.2943018,0.79808,1.4319668,"STE20 like kinase","206874_s_at",3.16e-07,1.44e-08,-8.1362938,9.675432,-0.86813034,"STE20 like kinase"
"711","SLMAP","ILMN_1783120",0.00250009,0.00015,4.3106941,0.84216,1.2730314,"sarcolemma associated protein","1562095_at",6.76e-06,6.66e-07,-6.5415614,5.845279,-0.94505511,"sarcolemma associated protein"
"712","SMAD5-AS1","ILMN_1867725",0.01181831,0.00145,3.4911069,-1.29781,0.89029,"SMAD5 antisense RNA 1","220263_at",2.03e-07,8.2e-09,-8.3836681,10.239969,-1.89006303,"SMAD5 antisense RNA 1"
"713","SMARCC2","ILMN_1773620",0.04279708,0.00896,-2.7864188,-2.97752,-0.8471591,"SWI/SNF related, matrix associated, actin dependent regulator of chromatin subfamily c member 2","1561973_at",0.00016,2.96e-05,-5.0644447,2.069648,-1.26643262,"SWI/SNF related, matrix associated, actin dependent regulator of chromatin subfamily c member 2"
"714","SMIM8","ILMN_1693323",0.02395219,0.004,3.1061542,-2.23937,0.607335,"small integral membrane protein 8","236178_at",0.000424,9.27e-05,-4.6283424,0.940165,-0.59511724,"small integral membrane protein 8"
"715","SMYD2","ILMN_1721605",0.00076315,2.44e-05,4.9443593,2.56868,0.7951538,"SET and MYND domain containing 2","212921_at",1.65e-08,3e-10,-9.9098914,13.538574,-1.2727389,"SET and MYND domain containing 2"
"716","SND1","ILMN_1775111",0.00479504,0.000387,-3.9727123,-0.05774,-0.8796307,"staphylococcal nuclease and tudor domain containing 1","201622_at",2.7e-05,3.54e-06,5.8825384,4.179086,0.59099837,"staphylococcal nuclease and tudor domain containing 1"
"717","SNRPA1","ILMN_1715179",0.00595323,0.000533,3.857567,-0.35936,1.1547001,"small nuclear ribonucleoprotein polypeptide A'","242146_at",0.000211,4.08e-05,-4.9415009,1.750984,-1.68420415,"small nuclear ribonucleoprotein polypeptide A'"
"718","SNRPB2","ILMN_1690706",0.00069509,2.07e-05,5.0016251,2.7262,1.1883422,"small nuclear ribonucleoprotein polypeptide B2","1561965_at",0.00634,0.00223,-3.3978091,-2.159531,-0.6689969,"small nuclear ribonucleoprotein polypeptide B2"
"719","SNX2","ILMN_1691575",0.00041656,9.16e-06,5.2838521,3.50412,1.3257511,"sorting nexin 2","232049_at",8.91e-05,1.47e-05,-5.3311468,2.760285,-0.69495165,"sorting nexin 2"
"720","SNX21","ILMN_1768282",0.00895501,0.000968,-3.6405199,-0.91951,-1.0553271,"sorting nexin family member 21","1553961_s_at",5.52e-07,2.96e-08,-7.8270006,8.957971,-0.8676047,"sorting nexin family member 21"
"721","SNX24","ILMN_2085236",0.03201601,0.00602,2.9456665,-2.61543,0.7544467,"sorting nexin 24","222716_s_at",4.67e-06,4.25e-07,-6.7223053,6.294808,-0.89534693,"sorting nexin 24"
"722","SNX33","ILMN_1736093",0.00159953,7.5e-05,-4.5533869,1.49881,-1.0096386,"sorting nexin 33","229898_at",2.86e-05,3.8e-06,-5.8548467,4.108269,-0.74161631,"sorting nexin 33"
"723","SOSTDC1","ILMN_1715463",0.00073518,2.29e-05,4.9668985,2.63066,1.3386526,"sclerostin domain containing 1","213456_at",0.000969,0.000244,-4.2583347,-0.011997,-1.22732406,"sclerostin domain containing 1"
"724","SP1","ILMN_1676010",0.01421275,0.00189,-3.3913248,-1.54672,-0.6794782,"Sp1 transcription factor","224754_at",0.00044,9.66e-05,-4.6123942,0.898953,-0.94351925,"Sp1 transcription factor"
"725","SP110","ILMN_2415144",0.0411394,0.00847,2.8090919,-2.92668,0.6901647,"SP110 nuclear body protein","209762_x_at",1.07e-07,3.59e-09,8.7516041,11.064215,0.96539107,"SP110 nuclear body protein"
"726","SPAG16","ILMN_1768732",0.03423768,0.00662,2.9082889,-2.70144,0.7145956,"sperm associated antigen 16","219109_at",1.68e-07,6.48e-09,-8.4879489,10.475456,-0.99301879,"sperm associated antigen 16"
"727","SPCS3","ILMN_1667707",0.04688051,0.0101,2.736041,-3.08961,0.6828736,"signal peptidase complex subunit 3","222753_s_at",2.27e-10,4.93e-13,13.3403484,19.869483,1.73608937,"signal peptidase complex subunit 3"
"728","SPI1","ILMN_2392043",0.01294966,0.00167,-3.4394354,-1.4271,-0.9570044,"Spi-1 proto-oncogene","205312_at",1.5e-05,1.75e-06,6.1590631,4.882967,1.00792251,"Spi-1 proto-oncogene"
"729","SPINK5","ILMN_1690017",0.00651344,0.000611,3.8085251,-0.48693,1.4447032,"serine peptidase inhibitor, Kazal type 5","205185_at",0.00155,0.000425,-4.045573,-0.553993,-0.81303067,"serine peptidase inhibitor, Kazal type 5"
"730","SPINT1","ILMN_1724946",0.00017346,2.41e-06,-5.7469181,4.78105,-0.9956982,"serine peptidase inhibitor, Kunitz type 1","202826_at",0.000308,6.35e-05,-4.7724572,1.313009,-0.98383817,"serine peptidase inhibitor, Kunitz type 1"
"731","SPPL3","ILMN_1657405",0.0007235,2.22e-05,-4.9774723,2.65975,-0.9582463,"signal peptide peptidase like 3","1554564_a_at",1.83e-05,2.23e-06,-6.062406,4.637642,-0.67418375,"signal peptide peptidase like 3"
"732","SPSB1","ILMN_1714170",0.00195328,0.000104,-4.4390643,1.18859,-0.8221109,"splA/ryanodine receptor domain and SOCS box containing 1","219677_at",4.28e-05,6.12e-06,5.6694474,3.632797,0.97654907,"splA/ryanodine receptor domain and SOCS box containing 1"
"733","SPTAN1","ILMN_2095133",0.02141875,0.00341,-3.168228,-2.09113,-0.8506002,"spectrin alpha, non-erythrocytic 1","214925_s_at",4.11e-06,3.66e-07,-6.782369,6.443399,-1.5756282,"spectrin alpha, non-erythrocytic 1"
"734","SPTBN2","ILMN_1667079",0.00069742,2.09e-05,-4.9976103,2.71516,-1.101405,"spectrin beta, non-erythrocytic 2","205155_s_at",4.42e-07,2.21e-08,-7.9515555,9.24844,-1.18292211,"spectrin beta, non-erythrocytic 2"
"735","SRC","ILMN_1729987",0.02605995,0.00451,-3.0595614,-2.34964,-0.6515159,"SRC proto-oncogene, non-receptor tyrosine kinase","213324_at",0.000382,8.18e-05,4.6758101,1.062891,0.67236492,"SRC proto-oncogene, non-receptor tyrosine kinase"
"736","SREK1","ILMN_2373266",0.00047468,1.12e-05,5.2138022,3.31087,1.7816563,"splicing regulatory glutamic acid and lysine rich protein 1","238781_at",0.0015,0.000409,-4.0600247,-0.517349,-0.61480959,"splicing regulatory glutamic acid and lysine rich protein 1"
"737","SRGN","ILMN_1760347",0.0001315,1.57e-06,5.8961598,5.19141,1.470269,"serglycin","201858_s_at",2.31e-08,4.78e-10,9.6864072,13.075271,1.77771881,"serglycin"
"738","SRI","ILMN_2400219",0.0100554,0.00115,3.5766158,-1.08209,0.6770313,"sorcin","208921_s_at",1.01e-07,3.32e-09,8.7870621,11.142669,0.63499154,"sorcin"
"739","SRM","ILMN_1661337",0.00747273,0.000739,-3.7389217,-0.66701,-0.9248467,"spermidine synthase","201516_at",1.85e-09,1.35e-11,11.481488,16.613775,1.20780367,"spermidine synthase"
"740","SRSF3","ILMN_1723212",0.03204995,0.00604,2.9442882,-2.61861,0.6307294,"serine and arginine rich splicing factor 3","237485_at",0.00214,0.000623,-3.897861,-0.926854,-0.99999884,"serine and arginine rich splicing factor 3"
"741","SSBP1","ILMN_1809478",0.00318619,0.000215,4.1817818,0.49663,1.1838416,"single stranded DNA binding protein 1","1562442_a_at",0.00505,0.00171,-3.5026248,-1.905697,-0.60519525,"single stranded DNA binding protein 1"
"742","SSBP2","ILMN_1711608",0.01113662,0.00133,3.5233018,-1.21685,0.638125,"single stranded DNA binding protein 2","238483_at",1.51e-05,1.77e-06,-6.1546351,4.871746,-0.6899674,"single stranded DNA binding protein 2"
"743","SSBP4","ILMN_2327346",0.00204755,0.00011,-4.4176187,1.13057,-0.8913422,"single stranded DNA binding protein 4","229269_x_at",2.42e-05,3.11e-06,5.9324883,4.306681,0.66640079,"single stranded DNA binding protein 4"
"744","SSH3","ILMN_1755234",0.02446356,0.00411,-3.0951883,-2.2654,-0.6958708,"slingshot protein phosphatase 3","51192_at",0.00074,0.000178,-4.3798187,0.29954,-0.59072138,"slingshot protein phosphatase 3"
"745","SSX2IP","ILMN_1720844",0.02134569,0.00339,3.1704195,-2.08587,0.8784289,"SSX family member 2 interacting protein","203019_x_at",9.83e-05,1.65e-05,-5.2868833,2.645778,-0.61733686,"SSX family member 2 interacting protein"
"746","ST3GAL6","ILMN_1781560",0.02425787,0.00406,3.0998544,-2.25433,0.8228106,"ST3 beta-galactoside alpha-2,3-sialyltransferase 6","213335_s_at",1.53e-06,1.06e-07,-7.2879278,7.677375,-0.71982316,"ST3 beta-galactoside alpha-2,3-sialyltransferase 6"
"747","STAG1","ILMN_2151048",0.00412108,0.00031,4.0522649,0.15225,1.2094932,"stromal antigen 1","232588_at",9.13e-05,1.52e-05,-5.319801,2.73094,-0.97997009,"stromal antigen 1"
"748","STAMBP","ILMN_2391355",0.00685002,0.000658,3.7811143,-0.55799,0.9431881,"STAM binding protein","227515_at",2.27e-05,2.88e-06,-5.9631412,4.384889,-0.61902073,"STAM binding protein"
"749","STARD3NL","ILMN_2228873",0.03280193,0.00624,2.9312957,-2.64857,0.8679397,"STARD3 N-terminal like","223065_s_at",1.36e-08,2.32e-10,10.0341902,13.793382,1.01989387,"STARD3 N-terminal like"
"750","STAT1","ILMN_1690105",0.00354559,0.000251,4.127479,0.35188,1.1446364,"signal transducer and activator of transcription 1","209969_s_at",1.64e-05,1.95e-06,6.1157691,4.773182,1.98366367,"signal transducer and activator of transcription 1"
"751","STAT5A","ILMN_1753547",0.00880759,0.000942,-3.6505587,-0.89387,-0.9639021,"signal transducer and activator of transcription 5A","203010_at",0.000311,6.43e-05,4.7677126,1.300724,0.70007318,"signal transducer and activator of transcription 5A"
"752","STK17B","ILMN_1798543",0.01796682,0.00266,3.2630622,-1.86187,1.0435787,"serine/threonine kinase 17b","217503_at",0.000232,4.55e-05,4.8992447,1.641467,1.09659296,"serine/threonine kinase 17b"
"753","STRBP","ILMN_1808783",0.01654537,0.00238,3.305253,-1.75883,0.9016983,"spermatid perinuclear RNA binding protein","233251_at",0.00269,0.000817,-3.7927276,-1.190155,-0.85927037,"spermatid perinuclear RNA binding protein"
"754","STX19","ILMN_1775587",8.93e-06,9.33e-09,7.727218,10.07873,2.4180636,"syntaxin 19","1555173_at",6.63e-06,6.49e-07,-6.5518352,5.870925,-1.59906832,"syntaxin 19"
"755","SUB1","ILMN_1736054",0.00035481,7.04e-06,5.3749887,3.7556,1.2329639,"SUB1 homolog, transcriptional regulator","214512_s_at",1.4e-07,5.09e-09,8.5952655,10.716248,0.73117003,"SUB1 homolog, transcriptional regulator"
"756","SUGT1","ILMN_2054725",0.00491269,0.000401,3.9598386,-0.0916,0.9470494,"SGT1 homolog, MIS12 kinetochore complex assembly cochaperone","228045_at",2.13e-06,1.63e-07,-7.1112092,7.249532,-0.88883108,"SGT1 homolog, MIS12 kinetochore complex assembly cochaperone"
"757","SULT2B1","ILMN_1763520",0.0320447,0.00603,-2.9448924,-2.61722,-0.6580889,"sulfotransferase family 2B member 1","205759_s_at",0.000582,0.000134,-4.4888852,0.580221,-1.17611784,"sulfotransferase family 2B member 1"
"758","SUPT20H","ILMN_1669555",0.00193586,0.000102,4.4445144,1.20335,0.9581886,"SPT20 homolog, SAGA complex component","216717_at",0.000404,8.75e-05,-4.6504548,0.997325,-0.9294204,"SPT20 homolog, SAGA complex component"
"759","SURF4","ILMN_1690761",0.01495242,0.00204,-3.3629483,-1.61692,-0.8264207,"surfeit 4","222977_at",9.44e-05,1.58e-05,5.3050077,2.692672,0.71480555,"surfeit 4"
"760","SUSD2","ILMN_1693270",0.01012344,0.00116,-3.573485,-1.09003,-1.3630699,"sushi domain containing 2","234310_s_at",6.71e-06,6.59e-07,-6.5456191,5.85541,-0.70135408,"sushi domain containing 2"
"761","SYNE2","ILMN_1754579",0.02895649,0.00524,3.0007897,-2.48747,0.6625261,"spectrin repeat containing nuclear envelope protein 2","202761_s_at",4.65e-08,1.22e-09,-9.2454861,12.141511,-1.29394247,"spectrin repeat containing nuclear envelope protein 2"
"762","SYNGR1","ILMN_1810875",0.00353859,0.00025,-4.1286819,0.35508,-0.8439689,"synaptogyrin 1","204287_at",5.08e-08,1.38e-09,-9.1878483,12.017502,-1.58148331,"synaptogyrin 1"
"763","SYT17","ILMN_1657760",0.01454432,0.00195,-3.3795491,-1.57589,-0.8135947,"synaptotagmin 17","205613_at",2.55e-06,2.03e-07,-7.0216593,7.031272,-1.06071392,"synaptotagmin 17"
"764","SYT8","ILMN_1679836",0.00053636,1.37e-05,-5.1453264,3.12205,-1.4742654,"synaptotagmin 8","232802_at",4.65e-05,6.76e-06,-5.6311483,3.534307,-0.76163338,"synaptotagmin 8"
"765","SYTL1","ILMN_1750785",0.0098324,0.00111,-3.5894064,-1.04964,-0.8970745,"synaptotagmin like 1","227134_at",3.74e-05,5.21e-06,-5.7317126,3.79273,-0.85149754,"synaptotagmin like 1"
"766","TAF13","ILMN_2061318",0.02966801,0.0054,2.9885051,-2.5161,0.7495156,"TATA-box binding protein associated factor 13","205966_at",0.00826,0.00304,3.2740138,-2.455574,0.64642883,"TATA-box binding protein associated factor 13"
"767","TAGLN","ILMN_1778668",0.00508812,0.000424,-3.9405193,-0.14235,-0.7200326,"transgelin","1555724_s_at",3.44e-07,1.61e-08,8.0898592,9.568538,1.42867164,"transgelin"
"768","TAOK2","ILMN_1701487",0.03071888,0.00569,-2.9683605,-2.56291,-0.6050718,"TAO kinase 2","204986_s_at",0.000361,7.66e-05,4.7010133,1.128087,0.76759528,"TAO kinase 2"
"769","TAPBP","ILMN_1742450",0.03459718,0.0067,-2.9030361,-2.71348,-0.921194,"TAP binding protein (tapasin)","1555565_s_at",2.3e-07,9.59e-09,8.3146202,10.08323,0.93021035,"TAP binding protein (tapasin)"
"770","TCEAL9","ILMN_1679838",1.69e-06,5.88e-10,8.7743578,12.69051,2.2816159,"transcription elongation factor A like 9","217975_at",1.11e-05,1.21e-06,6.3038208,5.248817,0.59723699,"transcription elongation factor A like 9"
"771","TCF12","ILMN_2314007",0.03233259,0.00612,2.9395693,-2.6295,0.8049318,"transcription factor 12","215611_at",2.69e-05,3.53e-06,-5.8829543,4.180149,-1.30069811,"transcription factor 12"
"772","TECR","ILMN_1720799",0.01356469,0.00178,-3.415047,-1.48783,-1.0330695,"trans-2,3-enoyl-CoA reductase","1569392_at",0.000119,2.08e-05,-5.1985972,2.417226,-0.63257471,"trans-2,3-enoyl-CoA reductase"
"773","TEF","ILMN_1706511",0.00066807,1.95e-05,-5.0218513,2.78188,-0.7870104,"TEF, PAR bZIP transcription factor","225840_at",0.00752,0.00272,-3.3187614,-2.34906,-0.82119079,"TEF, PAR bZIP transcription factor"
"774","TEX261","ILMN_1692272",0.00053636,1.37e-05,-5.1446749,3.12025,-0.5914796,"testis expressed 261","212084_at",1.12e-05,1.22e-06,6.3011513,5.242088,0.74667016,"testis expressed 261"
"775","TGFB1I1","ILMN_2389876",0.00222985,0.000125,-4.3729351,1.00985,-0.6376603,"transforming growth factor beta 1 induced transcript 1","209651_at",2.69e-05,3.53e-06,5.8838092,4.182334,0.71575868,"transforming growth factor beta 1 induced transcript 1"
"776","THAP6","ILMN_1661424",0.03160961,0.00593,2.9519863,-2.60082,0.6413014,"THAP domain containing 6","230169_at",2.63e-05,3.44e-06,-5.8933095,4.206616,-0.63500975,"THAP domain containing 6"
"777","TIGAR","ILMN_1791792",0.00472676,0.000378,3.9811844,-0.03543,0.6411004,"TP53 induced glycolysis regulatory phosphatase","219099_at",9.64e-05,1.62e-05,5.2955893,2.668305,0.98343301,"TP53 induced glycolysis regulatory phosphatase"
"778","TIMM8A","ILMN_1722239",0.00262965,0.000161,4.2841495,0.7708,0.6081553,"translocase of inner mitochondrial membrane 8 homolog A (yeast)","210800_at",2.83e-06,2.31e-07,-6.9699394,6.904777,-1.3455888,"translocase of inner mitochondrial membrane 8 homolog A (yeast)"
"779","TIMP2","ILMN_1721876",0.00252089,0.000152,-4.3062864,0.8303,-1.2893705,"TIMP metallopeptidase inhibitor 2","203167_at",8.76e-05,1.44e-05,5.338495,2.779289,0.70623575,"TIMP metallopeptidase inhibitor 2"
"780","TLK1","ILMN_1811029",0.01290173,0.00165,3.441839,-1.4211,0.9141487,"tousled like kinase 1","220702_at",0.00171,0.000481,-3.9979947,-0.674435,-1.04066058,NA
"781","TM2D1","ILMN_1763670",0.00052865,1.34e-05,5.1530864,3.14344,0.8943742,"TM2 domain containing 1","1558802_at",4.5e-05,6.5e-06,-5.6461338,3.572854,-0.93987379,"TM2 domain containing 1"
"782","TM7SF2","ILMN_1690040",0.0202094,0.00314,-3.1999287,-2.01487,-0.752735,"transmembrane 7 superfamily member 2","210130_s_at",0.00107,0.000275,-4.2126274,-0.128856,-0.85095126,"transmembrane 7 superfamily member 2"
"783","TM9SF1","ILMN_1709334",0.00900445,0.000975,-3.6378224,-0.9264,-0.6533323,"transmembrane 9 superfamily member 1","209149_s_at",3e-08,6.76e-10,9.5217237,12.729584,1.10073263,"transmembrane 9 superfamily member 1"
"784","TMED5","ILMN_1803279",0.01470687,0.002,3.3716595,-1.5954,1.2114517,"transmembrane p24 trafficking protein 5","202195_s_at",4.67e-08,1.23e-09,9.242083,12.134202,1.10818618,"transmembrane p24 trafficking protein 5"
"785","TMEM158","ILMN_1792455",0.00450509,0.000352,-4.0071857,0.0331,-0.9678061,"transmembrane protein 158 (gene/pseudogene)","213338_at",7.88e-05,1.27e-05,5.3876541,2.906372,1.54731881,"transmembrane protein 158 (gene/pseudogene)"
"786","TMEM159","ILMN_1655876",0.0396792,0.00808,-2.8281012,-2.88387,-0.7300607,"transmembrane protein 159","213272_s_at",0.000508,0.000114,-4.5487261,0.734547,-0.93874448,"transmembrane protein 159"
"787","TMEM167A","ILMN_1742813",0.00208313,0.000113,4.4080189,1.10461,0.6630655,"transmembrane protein 167A","226276_at",1.62e-07,6.18e-09,8.5084713,10.521625,0.79852831,"transmembrane protein 167A"
"788","TMEM237","ILMN_1800958",0.00375012,0.000271,4.1007293,0.28076,0.9773315,"transmembrane protein 237","1553956_at",1.59e-05,1.87e-06,-6.1318091,4.813875,-0.71055143,"transmembrane protein 237"
"789","TMEM266","ILMN_1808956",0.01063681,0.00125,-3.546848,-1.15743,-0.7220477,"transmembrane protein 266","1552400_a_at",0.000837,0.000206,-4.324149,0.15662,-1.05815501,"transmembrane protein 266"
"790","TMEM267","ILMN_1694798",0.03098253,0.00577,2.9625476,-2.57638,0.5942533,"transmembrane protein 267","238635_at",0.000138,2.47e-05,-5.1336239,2.248918,-0.63168548,"transmembrane protein 267"
"791","TMEM38B","ILMN_1669940",0.00053333,1.35e-05,5.1490494,3.13231,0.7703816,"transmembrane protein 38B","222736_s_at",4.72e-05,6.88e-06,5.6241142,3.516209,0.76975972,"transmembrane protein 38B"
"792","TMEM8A","ILMN_1741371",0.0143193,0.00191,-3.3876784,-1.55576,-0.823277,"transmembrane protein 8A","221882_s_at",1.55e-07,5.81e-09,8.5358593,10.58315,1.44360583,"transmembrane protein 8A"
"793","TMEM91","ILMN_2211065",0.02982971,0.00545,-2.9850529,-2.52413,-0.7813407,"transmembrane protein 91","229957_at",0.02,0.00858,-2.8470344,-3.439253,-0.58728051,"transmembrane protein 91"
"794","TMOD3","ILMN_1809484",0.03777335,0.00752,2.8569603,-2.81855,0.5913994,"tropomodulin 3","242316_at",0.000132,2.34e-05,-5.1530832,2.299334,-0.88764852,"tropomodulin 3"
"795","TMPRSS6","ILMN_1725014",0.0351434,0.00685,-2.8946405,-2.7327,-1.6021086,"transmembrane protease, serine 6","214955_at",2.34e-06,1.82e-07,-7.0659238,7.139278,-0.63859172,"transmembrane protease, serine 6"
"796","TMSB15B","ILMN_1740512",0.00110484,4.22e-05,4.7537355,2.04562,0.9839878,"thymosin beta 15B","205347_s_at",5.83e-05,8.87e-06,5.5260533,3.263631,1.56514715,"thymosin beta 15B///thymosin beta 15a"
"797","TMTC3","ILMN_2119555",0.03538236,0.00691,2.8912212,-2.74052,1.0927326,"transmembrane and tetratricopeptide repeat containing 3","226604_at",3.53e-05,4.87e-06,-5.7584702,3.861385,-0.59431951,"transmembrane and tetratricopeptide repeat containing 3"
"798","TNFRSF21","ILMN_1699695",0.02748486,0.00484,3.0315085,-2.41561,1.0411976,"TNF receptor superfamily member 21","214581_x_at",0.00468,0.00156,3.5387548,-1.817576,0.84900622,"TNF receptor superfamily member 21"
"799","TNNT2","ILMN_1664071",0.01393167,0.00185,3.4009319,-1.52289,0.6522375,"troponin T2, cardiac type","215389_s_at",1.38e-08,2.39e-10,-10.0212766,13.767005,-1.49710373,"troponin T2, cardiac type"
"800","TNPO1","ILMN_1837935",0.02373454,0.00395,3.1107556,-2.22843,0.7213024,"transportin 1","225765_at",1.8e-07,7.05e-09,8.4500098,10.389954,0.70727605,"transportin 1"
"801","TNS4","ILMN_1716370",0.00076315,2.44e-05,-4.9440731,2.56789,-0.6838695,"tensin 4","222265_at",2.39e-06,1.88e-07,-7.0534034,7.108752,-0.82900997,"tensin 4"
"802","TOM1L1","ILMN_1802642",0.00150329,6.81e-05,4.5868127,1.58978,1.3014663,"target of myb1 like 1 membrane trafficking protein","204485_s_at",0.000199,3.8e-05,-4.9680799,1.819875,-0.60639016,"target of myb1 like 1 membrane trafficking protein"
"803","TOR4A","ILMN_1813641",0.01866143,0.0028,-3.2430058,-1.91063,-1.119778,"torsin family 4 member A","219620_x_at",5.18e-06,4.82e-07,6.6714983,6.168804,0.91203639,"torsin family 4 member A"
"804","TOX2","ILMN_2082209",0.03067362,0.00567,-2.9693678,-2.56057,-0.6301373,"TOX high mobility group box family member 2","228737_at",3.8e-07,1.83e-08,8.0324097,9.435886,1.52140988,"TOX high mobility group box family member 2"
"805","TPD52L1","ILMN_2337923",0.00399461,0.000297,4.0679025,0.19367,0.8111,"tumor protein D52-like 1","203786_s_at",0.00668,0.00236,-3.3742287,-2.216246,-0.67494889,"tumor protein D52-like 1"
"806","TPM2","ILMN_1789196",0.04221,0.0088,2.7939236,-2.96072,0.7784066,"tropomyosin 2 (beta)","212654_at",3.34e-07,1.54e-08,8.1064641,9.606797,0.96433506,"tropomyosin 2 (beta)"
"807","TRAF3IP2","ILMN_1701514",0.0014773,6.64e-05,-4.5955717,1.61364,-0.8399879,"TRAF3 interacting protein 2","202987_at",0.0118,0.00459,-3.1060108,-2.850068,-0.62205159,"TRAF3 interacting protein 2"
"808","TRIM22","ILMN_1779252",3.258e-05,1.22e-07,6.7939874,7.62974,1.44365,"tripartite motif containing 22","213293_s_at",5.24e-06,4.89e-07,6.6657091,6.154429,0.72824022,"tripartite motif containing 22"
"809","TRIOBP","ILMN_1735788",0.01718912,0.00251,-3.2851254,-1.80806,-0.7753307,"TRIO and F-actin binding protein","1552334_at",9.59e-06,1.01e-06,-6.3735725,5.424399,-0.96979138,"TRIO and F-actin binding protein"
"810","TRMT13","ILMN_1659786",0.00209523,0.000115,4.404694,1.09562,1.5988431,"tRNA methyltransferase 13 homolog","232489_at",5.78e-06,5.51e-07,-6.6175492,6.034699,-1.47107399,"tRNA methyltransferase 13 homolog"
"811","TRNT1","ILMN_1655924",0.00690347,0.000665,3.7773518,-0.56773,0.9032867,"tRNA nucleotidyl transferase 1","223814_at",8.86e-06,9.23e-07,6.4114789,5.519619,0.97185035,"tRNA nucleotidyl transferase 1"
"812","TRPV2","ILMN_2049536",0.00169479,8.22e-05,-4.5211631,1.41122,-1.053858,"transient receptor potential cation channel subfamily V member 2","219282_s_at",3.36e-06,2.85e-07,6.8837746,6.693338,1.01276758,"transient receptor potential cation channel subfamily V member 2"
"813","TRPV6","ILMN_1674533",0.02047069,0.0032,-3.1927922,-2.03207,-0.7327419,"transient receptor potential cation channel subfamily V member 6","206827_s_at",1.32e-06,8.81e-08,-7.3667127,7.866863,-1.22593083,"transient receptor potential cation channel subfamily V member 6"
"814","TSC22D4","ILMN_1721636",0.00533317,0.000457,-3.9128,-0.21503,-0.6891093,"TSC22 domain family member 4","1554501_at",0.000135,2.42e-05,-5.1413478,2.26893,-0.60222052,"TSC22 domain family member 4"
"815","TSEN15","ILMN_1734486",0.00427779,0.000326,4.0337729,0.10333,0.9196206,"tRNA splicing endonuclease subunit 15","230257_s_at",2e-07,8.04e-09,8.3922074,10.259309,0.84722115,"tRNA splicing endonuclease subunit 15"
"816","TSPAN33","ILMN_1749403",0.00224023,0.000128,-4.3664393,0.99233,-1.0770874,"tetraspanin 33","225775_at",0.00024,4.74e-05,4.8839821,1.601914,0.6962059,"tetraspanin 33"
"817","TTC32","ILMN_2083588",0.00391397,0.000288,4.0782947,0.22122,0.9383911,"tetratricopeptide repeat domain 32","226838_at",7.99e-07,4.69e-08,-7.6314188,8.497716,-0.69638366,"tetratricopeptide repeat domain 32"
"818","TTC37","ILMN_1795911",0.00474188,0.00038,3.9791488,-0.04079,1.1866119,"tetratricopeptide repeat domain 37","1554029_a_at",0.000412,8.94e-05,-4.6420391,0.975568,-1.11114344,"tetratricopeptide repeat domain 37"
"819","TTC39B","ILMN_1769290",0.03002915,0.00551,2.980733,-2.53418,0.9065841,"tetratricopeptide repeat domain 39B","242477_at",0.00707,0.00253,-3.3476591,-2.279971,-0.63399116,"tetratricopeptide repeat domain 39B"
"820","TTLL12","ILMN_1663113",0.00377314,0.000273,-4.0976702,0.27264,-1.0593567,"tubulin tyrosine ligase like 12","216251_s_at",0.000151,2.76e-05,-5.0908852,2.138172,-0.58882191,"tubulin tyrosine ligase like 12"
"821","TTPAL","ILMN_1744442",0.04683716,0.0101,-2.7366665,-3.08823,-0.6542429,"alpha tocopherol transfer protein like","228031_at",3.35e-08,7.83e-10,-9.4526412,12.583486,-0.66833111,"alpha tocopherol transfer protein like"
"822","TTYH3","ILMN_1692731",0.00060082,1.64e-05,-5.0831021,2.95056,-0.8371709,"tweety family member 3","224674_at",1.77e-10,3.54e-13,13.538884,20.194933,1.65911878,"tweety family member 3"
"823","TUBB2B","ILMN_1680874",6.601e-05,5.02e-07,-6.2942795,6.28026,-1.5016689,"tubulin beta 2B class IIb","214023_x_at",0.0146,0.00591,3.0023592,-3.088824,0.8402949,"tubulin beta 2B class IIb"
"824","TUBE1","ILMN_1764398",0.00748747,0.000741,3.7379852,-0.66943,0.6350157,"tubulin epsilon 1","230891_at",3.19e-05,4.33e-06,-5.8035858,3.977035,-1.13544222,"tubulin epsilon 1"
"825","TWF2","ILMN_1703305",0.03854598,0.00774,-2.8453167,-2.84495,-0.6577669,"twinfilin actin binding protein 2","202009_at",6.59e-07,3.68e-08,7.7334383,8.738423,0.79929988,"twinfilin actin binding protein 2"
"826","TWSG1","ILMN_2214144",0.01553201,0.00217,3.3404527,-1.67239,1.0276901,"twisted gastrulation BMP signaling modulator 1","219201_s_at",9.23e-08,2.94e-09,8.8413481,11.26245,1.06996369,"twisted gastrulation BMP signaling modulator 1"
"827","TXNDC17","ILMN_1659437",0.00257091,0.000156,4.2963074,0.80347,1.3578533,"thioredoxin domain containing 17","224511_s_at",6.22e-05,9.58e-06,5.4966302,3.18775,0.65077199,"thioredoxin domain containing 17"
"828","TXNDC9","ILMN_1731137",0.00020266,3.1e-06,5.6599463,4.54153,1.3423221,"thioredoxin domain containing 9","1554047_at",0.00538,0.00184,3.4738704,-1.975605,0.70779106,"thioredoxin domain containing 9"
"829","TYMS","ILMN_1806040",0.02542568,0.00436,3.0722709,-2.31964,0.7590675,"thymidylate synthetase","217684_at",2.58e-06,2.05e-07,-7.0170929,7.020116,-1.09415856,"thymidylate synthetase"
"830","TYSND1","ILMN_2248725",0.00206587,0.000112,-4.4119065,1.11512,-0.6397401,"trypsin domain containing 1","238802_at",1.2e-07,4.15e-09,-8.6863996,10.919494,-1.15462763,"trypsin domain containing 1"
"831","UAP1L1","ILMN_1653712",0.0006538,1.89e-05,-5.0326036,2.81148,-0.8079425,"UDP-N-acetylglucosamine pyrophosphorylase 1 like 1","214755_at",0.000931,0.000233,4.2762289,0.033808,0.67352413,"UDP-N-acetylglucosamine pyrophosphorylase 1 like 1"
"832","UBA6","ILMN_1675085",0.0217643,0.00349,3.1591836,-2.11283,1.1035929,"ubiquitin like modifier activating enzyme 6","1555441_at",0.0015,0.000411,4.0580736,-0.522298,0.79827881,"ubiquitin like modifier activating enzyme 6"
"833","UBE2Z","ILMN_1692168",0.01369555,0.0018,-3.4105535,-1.499,-0.6849721,"ubiquitin conjugating enzyme E2 Z","236107_at",0.002,0.000576,-3.9283446,-0.850171,-0.91556702,"ubiquitin conjugating enzyme E2 Z"
"834","UCP2","ILMN_1685625",0.00898297,0.000971,-3.639206,-0.92286,-1.0685858,"uncoupling protein 2","208997_s_at",4.67e-06,4.26e-07,6.7213185,6.292364,1.18478495,"uncoupling protein 2"
"835","UGGT2","ILMN_1788387",0.00192025,0.000101,4.4500385,1.2183,0.6885447,"UDP-glucose glycoprotein glucosyltransferase 2","218801_at",4.25e-05,6.07e-06,5.6730944,3.642171,0.58822846,"UDP-glucose glycoprotein glucosyltransferase 2"
"836","UGP2","ILMN_2389151",0.01049619,0.00122,3.5539982,-1.13936,1.0184907,"UDP-glucose pyrophosphorylase 2","232180_at",0.0011,0.000284,-4.2002073,-0.160573,-0.75230281,"UDP-glucose pyrophosphorylase 2"
"837","VAPA","ILMN_1690822",0.00142095,6.27e-05,4.6157858,1.66873,0.6337484,"VAMP associated protein A","242780_at",1.63e-06,1.16e-07,-7.2534492,7.594205,-0.75581559,"VAMP associated protein A"
"838","VEZT","ILMN_1774828",0.00222985,0.000125,4.3737702,1.01211,1.222258,"vezatin, adherens junctions transmembrane protein","207263_x_at",6.38e-05,9.87e-06,-5.4851412,3.15811,-0.68713156,"vezatin, adherens junctions transmembrane protein"
"839","VIMP","ILMN_1803744",0.01502549,0.00206,3.3598785,-1.6245,0.8128288,"VCP interacting membrane selenoprotein","223209_s_at",5.69e-06,5.39e-07,6.6265367,6.057061,0.76363308,"VCP interacting membrane selenoprotein"
"840","VIPR1","ILMN_2199389",0.02025927,0.00315,-3.1986147,-2.01803,-0.60252,"vasoactive intestinal peptide receptor 1","205019_s_at",5.45e-06,5.12e-07,-6.6470025,6.107952,-1.52622807,"vasoactive intestinal peptide receptor 1"
"841","VPS18","ILMN_1721575",9.367e-05,9.22e-07,-6.0815975,5.6998,-0.9464742,"VPS18, CORVET/HOPS core subunit","223346_at",0.000163,3.01e-05,5.0571173,2.050657,0.87712699,"VPS18, CORVET/HOPS core subunit"
"842","VPS26A","ILMN_2344850",0.03777335,0.00752,2.8570213,-2.81841,0.7924517,"VPS26, retromer complex component A","243316_x_at",0.000994,0.000252,-4.2467821,-0.041553,-0.72663579,"VPS26, retromer complex component A"
"843","VPS9D1","ILMN_1693630",0.02099419,0.00331,-3.1793149,-2.0645,-0.6490758,"VPS9 domain containing 1","205781_at",0.000518,0.000117,4.5406009,0.713581,0.62099548,"VPS9 domain containing 1"
"844","VWA1","ILMN_1781636",0.00603743,0.000547,-3.8481114,-0.384,-0.673788,"von Willebrand factor A domain containing 1","225983_s_at",8.59e-05,1.41e-05,5.347651,2.802965,1.11736094,"von Willebrand factor A domain containing 1"
"845","WASF2","ILMN_1684051",0.00977988,0.0011,-3.5921878,-1.04258,-1.1251092,"WAS protein family member 2","224563_at",0.0139,0.00561,-3.0241475,-3.038948,-0.60098359,"WAS protein family member 2"
"846","WDR11","ILMN_1662896",0.02428713,0.00407,3.0990346,-2.25627,0.8139636,"WD repeat domain 11","229694_at",0.00116,0.000303,-4.1760304,-0.222267,-0.94602248,"WD repeat domain 11"
"847","WDR13","ILMN_1805512",0.00266668,0.000165,-4.2772127,0.75217,-1.0719256,"WD repeat domain 13","238782_at",5.71e-05,8.66e-06,-5.5355417,3.288092,-0.93513133,"WD repeat domain 13"
"848","WDR61","ILMN_1665887",0.03916417,0.00794,2.8351426,-2.86797,0.7482606,"WD repeat domain 61","237208_at",0.0043,0.00142,-3.5771191,-1.723674,-0.79869945,"WD repeat domain 61"
"849","WDSUB1","ILMN_1735275",0.0060175,0.000544,3.8500815,-0.37887,0.8249764,"WD repeat, sterile alpha motif and U-box domain containing 1","226668_at",3.98e-05,5.61e-06,-5.7033046,3.719792,-0.63080936,"WD repeat, sterile alpha motif and U-box domain containing 1"
"850","WISP3","ILMN_1712360",0.00054028,1.38e-05,5.1412613,3.11084,1.7402769,"WNT1 inducible signaling pathway protein 3","210861_s_at",0.0217,0.00944,-2.806534,-3.529071,-1.00397342,"WNT1 inducible signaling pathway protein 3"
"851","WNT4","ILMN_1666392",0.01082851,0.00128,-3.5376788,-1.18059,-0.85025,"Wnt family member 4","208606_s_at",4.15e-07,2.05e-08,-7.9841424,9.324092,-1.49653599,"Wnt family member 4"
"852","WTAP","ILMN_1748904",0.0386381,0.00778,2.8436015,-2.84883,0.8216277,"Wilms tumor 1 associated protein","210285_x_at",7.4e-05,1.18e-05,5.416548,2.981024,0.68793973,"Wilms tumor 1 associated protein"
"853","YIF1A","ILMN_1712975",0.0142802,0.00191,-3.3890518,-1.55235,-0.7798338,"Yip1 interacting factor homolog A, membrane trafficking protein","202418_at",1.2e-07,4.14e-09,8.687799,10.922606,0.75714259,"Yip1 interacting factor homolog A, membrane trafficking protein"
"854","YIF1B","ILMN_2363668",0.01110508,0.00132,-3.5250683,-1.21239,-0.7961367,"Yip1 interacting factor homolog B, membrane trafficking protein","226437_at",3.02e-09,2.72e-11,11.1133397,15.921328,0.86490647,"Yip1 interacting factor homolog B, membrane trafficking protein"
"855","YPEL3","ILMN_1791147",0.00936482,0.00104,-3.6145522,-0.98571,-0.8305849,"yippee like 3","232077_s_at",0.00532,0.00182,-3.4788159,-1.963596,-0.65582726,"yippee like 3"
"856","ZBTB16","ILMN_2305407",0.03777335,0.00753,-2.8567465,-2.81904,-1.1766706,"zinc finger and BTB domain containing 16","205883_at",0.00581,0.00202,-3.4376663,-2.063335,-1.30458114,"zinc finger and BTB domain containing 16"
"857","ZBTB3","ILMN_1689189",0.00346012,0.000242,-4.1404272,0.38635,-0.6693268,"zinc finger and BTB domain containing 3","220391_at",1.67e-05,1.99e-06,-6.108035,4.753553,-0.64804158,"zinc finger and BTB domain containing 3"
"858","ZC3H14","ILMN_2335669",0.01954555,0.00298,3.219039,-1.96871,1.0167822,"zinc finger CCCH-type containing 14","242443_at",0.000109,1.88e-05,-5.2380274,2.519326,-0.67693443,"zinc finger CCCH-type containing 14"
"859","ZC3H8","ILMN_1657837",0.00766553,0.000768,3.7248666,-0.70323,0.6220357,"zinc finger CCCH-type containing 8","239644_at",4.3e-06,3.86e-07,-6.7603229,6.388907,-0.8655251,"zinc finger CCCH-type containing 8"
"860","ZCCHC11","ILMN_2373099",0.01482068,0.00201,3.3682981,-1.60371,0.9645579,"zinc finger CCHC-type containing 11","217594_at",9.96e-07,6.18e-08,-7.5148542,8.221029,-1.09210723,"zinc finger CCHC-type containing 11"
"861","ZCCHC6","ILMN_1779677",0.00155761,7.24e-05,4.5656612,1.53221,1.6474186,"zinc finger CCHC-type containing 6","238800_s_at",0.00131,0.00035,-4.1198985,-0.36525,-0.66031884,"zinc finger CCHC-type containing 6"
"862","ZCCHC7","ILMN_1744980",0.00078796,2.56e-05,4.9279044,2.52345,1.2065279,"zinc finger CCHC-type containing 7","230332_at",1.59e-06,1.12e-07,-7.2653919,7.62303,-1.52317499,"zinc finger CCHC-type containing 7"
"863","ZDHHC24","ILMN_1687626",0.00064574,1.84e-05,-5.0426152,2.83904,-0.7994744,"zinc finger DHHC-type containing 24","205634_x_at",4.67e-07,2.38e-08,7.9206158,9.17648,0.60654054,"zinc finger DHHC-type containing 24"
"864","ZFAND6","ILMN_1778803",0.001994,0.000107,4.4285496,1.16013,1.0371869,"zinc finger AN1-type containing 6","239757_at",7.98e-06,8.14e-07,-6.4611195,5.644098,-1.32341354,"zinc finger AN1-type containing 6"
"865","ZMYM2","ILMN_1661636",0.00845813,0.000888,3.6718652,-0.83935,1.1154755,"zinc finger MYM-type containing 2","210281_s_at",0.00012,2.09e-05,-5.1962734,2.411208,-0.81017659,"zinc finger MYM-type containing 2"
"866","ZNF22","ILMN_1798533",0.00299322,0.000197,4.212946,0.57992,0.7624476,"zinc finger protein 22","218006_s_at",0.00486,0.00163,3.5211302,-1.860601,0.68317108,"zinc finger protein 22"
"867","ZNF24","ILMN_1654357",0.02971796,0.00542,2.9876274,-2.51814,0.9002582,"zinc finger protein 24","1554045_at",0.000125,2.19e-05,5.1791298,2.366806,0.70340725,"zinc finger protein 24"
"868","ZNF275","ILMN_2243553",0.01066259,0.00125,-3.5455859,-1.16062,-0.6036528,"zinc finger protein 275","225382_at",1.36e-07,4.87e-09,8.6153154,10.76106,1.43595472,"zinc finger protein 275"
"869","ZNF277","ILMN_1681628",0.00047468,1.12e-05,5.2143558,3.3124,1.5905073,"zinc finger protein 277","1555193_a_at",0.00537,0.00184,-3.4747559,-1.973455,-0.597077,"zinc finger protein 277"
"870","ZNF302","ILMN_2307450",0.00335805,0.000231,4.1569242,0.43031,1.2064525,"zinc finger protein 302","228393_s_at",0.00039,8.38e-05,-4.666893,1.039829,-0.6009063,"zinc finger protein 302"
"871","ZNF33B","ILMN_1742935",0.00228713,0.000132,4.3554803,0.96277,1.3207998,"zinc finger protein 33B","1558586_at",8.62e-05,1.42e-05,-5.345919,2.798486,-0.76611207,"zinc finger protein 33B"
"872","ZNF362","ILMN_1686968",0.00748793,0.000742,-3.7375968,-0.67043,-0.8925326,"zinc finger protein 362","214915_at",0.000168,3.12e-05,-5.0432543,2.014726,-0.81408127,"zinc finger protein 362"
"873","ZNF395","ILMN_1772876",0.02235208,0.00361,-3.1456066,-2.14533,-0.8138886,"zinc finger protein 395","222536_s_at",0.000312,6.45e-05,-4.7665991,1.297841,-0.59234389,"zinc finger protein 395"
"874","ZNF451","ILMN_1706734",0.0052255,0.00044,3.9266685,-0.17869,1.1870669,"zinc finger protein 451","1556060_a_at",0.012,0.00469,-3.0971901,-2.87053,-0.64646526,"zinc finger protein 451"
"875","ZNF518A","ILMN_1742541",0.04719942,0.0102,2.7323829,-3.0977,0.9264746,"zinc finger protein 518A","244132_x_at",0.000446,9.82e-05,-4.6063567,0.883354,-1.1571996,"zinc finger protein 518A"
"876","ZNF585A","ILMN_1764415",3.36e-06,2.25e-09,8.2599727,11.42684,1.8464225,"zinc finger protein 585A","243790_at",0.000673,0.000158,-4.4241723,0.413582,-0.79065597,"zinc finger protein 585A"
"877","ZNF644","ILMN_1730118",0.00771707,0.000774,3.7220603,-0.71046,0.7957635,"zinc finger protein 644","229684_s_at",0.0102,0.00387,-3.1762007,-2.686332,-0.74108683,"zinc finger protein 644"
"878","ZNF668","ILMN_1739236",0.00115125,4.52e-05,-4.7300141,1.9807,-0.8273511,"zinc finger protein 668","219047_s_at",1.86e-05,2.27e-06,6.0560719,4.621538,0.68099425,"zinc finger protein 668"
"879","ZNF689","ILMN_1759008",0.01317738,0.00171,-3.4297511,-1.45124,-0.8055484,"zinc finger protein 689","227294_at",5.78e-06,5.51e-07,6.6170593,6.033479,0.595425,"zinc finger protein 689"
"880","ZNF789","ILMN_1789364",0.01313858,0.0017,3.4320042,-1.44563,0.7921889,"zinc finger protein 789","235231_at",6.74e-06,6.62e-07,-6.543568,5.850289,-0.78240219,"zinc finger protein 789"
"881","ZNHIT6","ILMN_1668540",0.0386894,0.0078,2.8424304,-2.85148,0.6681987,"zinc finger HIT-type containing 6","233005_at",2.39e-06,1.88e-07,-7.0534567,7.108882,-1.02570495,"zinc finger HIT-type containing 6"
"882","ZYX","ILMN_2371169",0.00171244,8.36e-05,-4.5153264,1.39537,-0.9189318,"zyxin","200808_s_at",6.15e-06,5.94e-07,6.587337,5.95946,0.97108722,"zyxin"
